#
# There is insufficient memory for the Java Runtime Environment to continue.
# Native memory allocation (mmap) failed to map 65536 bytes for Failed to commit metaspace.
# Possible reasons:
#   The system is out of physical RAM or swap space
#   The process is running with CompressedOops enabled, and the Java Heap may be blocking the growth of the native heap
# Possible solutions:
#   Reduce memory load on the system
#   Increase physical memory or swap space
#   Check if swap backing store is full
#   Decrease Java heap size (-Xmx/-Xms)
#   Decrease number of Java threads
#   Decrease Java thread stack sizes (-Xss)
#   Set larger code cache with -XX:ReservedCodeCacheSize=
#   JVM is running with Unscaled Compressed Oops mode in which the Java heap is
#     placed in the first 4GB address space. The Java Heap base address is the
#     maximum limit for the native heap growth. Please use -XX:HeapBaseMinAddress
#     to set the Java Heap base and to place the Java Heap above 4GB virtual address.
# This output file may be truncated or incomplete.
#
#  Out of Memory Error (virtualSpaceNode.cpp:112), pid=19116, tid=14796
#
# JRE version: Java(TM) SE Runtime Environment (21.0.11+9) (build 21.0.11+9-LTS-211)
# Java VM: Java HotSpot(TM) 64-Bit Server VM (21.0.11+9-LTS-211, mixed mode, emulated-client, sharing, tiered, compressed oops, compressed class ptrs, g1 gc, windows-amd64)
# No core dump will be written. Minidumps are not enabled by default on client versions of Windows
#

---------------  S U M M A R Y ------------

Command Line: -Dcom.sun.management.jmxremote -Dcom.sun.management.jmxremote.port=50499 -Dcom.sun.management.jmxremote.authenticate=false -Dcom.sun.management.jmxremote.ssl=false -Djava.rmi.server.hostname=localhost -Dspring.jmx.enabled=true -Dmanagement.endpoints.jmx.exposure.include=* -Dspring.application.admin.enabled=true -Dspring.output.ansi.enabled=always -XX:TieredStopAtLevel=1 -Dspring.boot.project.name=Gateway -Dfile.encoding=UTF-8 -Dstdout.encoding=UTF-8 -Dstderr.encoding=UTF-8 -XX:+ShowCodeDetailsInExceptionMessages com.whoami.launch.GatewayApplication

Host: Intel(R) Core(TM) i7-5600U CPU @ 2.60GHz, 4 cores, 7G,  Windows 10 , 64 bit Build 18362 (10.0.18362.1110)
Time: Wed Jun 24 00:27:58 2026 India Standard Time elapsed time: 21.368005 seconds (0d 0h 0m 21s)

---------------  T H R E A D  ---------------

Current thread (0x0000020a75b07150):  JavaThread "main"             [_thread_in_vm, id=14796, stack(0x0000002fa4e00000,0x0000002fa4f00000) (1024K)]

Stack: [0x0000002fa4e00000,0x0000002fa4f00000]
Native frames: (J=compiled Java code, j=interpreted, Vv=VM code, C=native code)
V  [jvm.dll+0x6d0ef9]
V  [jvm.dll+0x860126]
V  [jvm.dll+0x86261e]
V  [jvm.dll+0x862cf3]
V  [jvm.dll+0x282bc6]
V  [jvm.dll+0x85beae]
V  [jvm.dll+0x674de4]
V  [jvm.dll+0x1e7dc8]
V  [jvm.dll+0x1e7b8e]
V  [jvm.dll+0x67770f]
V  [jvm.dll+0x677542]
V  [jvm.dll+0x6757be]
V  [jvm.dll+0x67fa18]
V  [jvm.dll+0x218dee]
V  [jvm.dll+0x219295]
V  [jvm.dll+0x219c9b]
V  [jvm.dll+0x20edae]
V  [jvm.dll+0x5b2c4f]
V  [jvm.dll+0x7da0f6]
V  [jvm.dll+0x475ba8]
V  [jvm.dll+0x47b7f8]
C  [java.dll+0x1818]

Java frames: (J=compiled Java code, j=interpreted, Vv=VM code)
J 1410  java.lang.ClassLoader.defineClass1(Ljava/lang/ClassLoader;Ljava/lang/String;[BIILjava/security/ProtectionDomain;Ljava/lang/String;)Ljava/lang/Class; java.base@21.0.11 (0 bytes) @ 0x0000020a781ef691 [0x0000020a781ef5c0+0x00000000000000d1]
J 1602 c1 java.lang.ClassLoader.defineClass(Ljava/lang/String;[BIILjava/security/ProtectionDomain;)Ljava/lang/Class; java.base@21.0.11 (43 bytes) @ 0x0000020a7824d6fc [0x0000020a7824d5e0+0x000000000000011c]
J 1592 c1 jdk.internal.loader.BuiltinClassLoader.defineClass(Ljava/lang/String;Ljdk/internal/loader/Resource;)Ljava/lang/Class; java.base@21.0.11 (121 bytes) @ 0x0000020a78249014 [0x0000020a78248ac0+0x0000000000000554]
J 1589 c1 jdk.internal.loader.BuiltinClassLoader.findClassOnClassPathOrNull(Ljava/lang/String;)Ljava/lang/Class; java.base@21.0.11 (64 bytes) @ 0x0000020a78246934 [0x0000020a78246660+0x00000000000002d4]
J 1350 c1 jdk.internal.loader.BuiltinClassLoader.loadClassOrNull(Ljava/lang/String;Z)Ljava/lang/Class; java.base@21.0.11 (143 bytes) @ 0x0000020a781d14fc [0x0000020a781d1100+0x00000000000003fc]
J 1494 c1 jdk.internal.loader.ClassLoaders$AppClassLoader.loadClass(Ljava/lang/String;Z)Ljava/lang/Class; java.base@21.0.11 (40 bytes) @ 0x0000020a7821610c [0x0000020a782160c0+0x000000000000004c]
J 1482 c1 java.lang.ClassLoader.loadClass(Ljava/lang/String;)Ljava/lang/Class; java.base@21.0.11 (7 bytes) @ 0x0000020a78210014 [0x0000020a7820ffc0+0x0000000000000054]
v  ~StubRoutines::call_stub 0x0000020a77db100d
J 1410  java.lang.ClassLoader.defineClass1(Ljava/lang/ClassLoader;Ljava/lang/String;[BIILjava/security/ProtectionDomain;Ljava/lang/String;)Ljava/lang/Class; java.base@21.0.11 (0 bytes) @ 0x0000020a781ef691 [0x0000020a781ef5c0+0x00000000000000d1]
J 1602 c1 java.lang.ClassLoader.defineClass(Ljava/lang/String;[BIILjava/security/ProtectionDomain;)Ljava/lang/Class; java.base@21.0.11 (43 bytes) @ 0x0000020a7824d6fc [0x0000020a7824d5e0+0x000000000000011c]
J 1592 c1 jdk.internal.loader.BuiltinClassLoader.defineClass(Ljava/lang/String;Ljdk/internal/loader/Resource;)Ljava/lang/Class; java.base@21.0.11 (121 bytes) @ 0x0000020a78249014 [0x0000020a78248ac0+0x0000000000000554]
J 1589 c1 jdk.internal.loader.BuiltinClassLoader.findClassOnClassPathOrNull(Ljava/lang/String;)Ljava/lang/Class; java.base@21.0.11 (64 bytes) @ 0x0000020a78246934 [0x0000020a78246660+0x00000000000002d4]
J 1350 c1 jdk.internal.loader.BuiltinClassLoader.loadClassOrNull(Ljava/lang/String;Z)Ljava/lang/Class; java.base@21.0.11 (143 bytes) @ 0x0000020a781d14fc [0x0000020a781d1100+0x00000000000003fc]
J 1494 c1 jdk.internal.loader.ClassLoaders$AppClassLoader.loadClass(Ljava/lang/String;Z)Ljava/lang/Class; java.base@21.0.11 (40 bytes) @ 0x0000020a7821610c [0x0000020a782160c0+0x000000000000004c]
J 1482 c1 java.lang.ClassLoader.loadClass(Ljava/lang/String;)Ljava/lang/Class; java.base@21.0.11 (7 bytes) @ 0x0000020a78210014 [0x0000020a7820ffc0+0x0000000000000054]
v  ~StubRoutines::call_stub 0x0000020a77db100d
j  org.springframework.web.reactive.result.method.AbstractHandlerMethodMapping.<clinit>()V+0
v  ~StubRoutines::call_stub 0x0000020a77db100d
j  org.springframework.web.reactive.config.WebFluxConfigurationSupport.createRequestMappingHandlerMapping()Lorg/springframework/web/reactive/result/method/annotation/RequestMappingHandlerMapping;+0
j  org.springframework.boot.autoconfigure.web.reactive.WebFluxAutoConfiguration$EnableWebFluxConfiguration.createRequestMappingHandlerMapping()Lorg/springframework/web/reactive/result/method/annotation/RequestMappingHandlerMapping;+24
j  org.springframework.web.reactive.config.WebFluxConfigurationSupport.requestMappingHandlerMapping(Lorg/springframework/web/reactive/accept/RequestedContentTypeResolver;)Lorg/springframework/web/reactive/result/method/annotation/RequestMappingHandlerMapping;+1
j  java.lang.invoke.LambdaForm$DMH+0x0000020a0a1b0000.invokeVirtual(Ljava/lang/Object;Ljava/lang/Object;Ljava/lang/Object;)Ljava/lang/Object;+11 java.base@21.0.11
j  java.lang.invoke.LambdaForm$MH+0x0000020a0a114400.invoke(Ljava/lang/Object;Ljava/lang/Object;Ljava/lang/Object;)Ljava/lang/Object;+52 java.base@21.0.11
J 4160 c1 jdk.internal.reflect.DirectMethodHandleAccessor.invoke(Ljava/lang/Object;[Ljava/lang/Object;)Ljava/lang/Object; java.base@21.0.11 (92 bytes) @ 0x0000020a7866db7c [0x0000020a7866d820+0x000000000000035c]
J 4169 c1 java.lang.reflect.Method.invoke(Ljava/lang/Object;[Ljava/lang/Object;)Ljava/lang/Object; java.base@21.0.11 (108 bytes) @ 0x0000020a78670e54 [0x0000020a78670c80+0x00000000000001d4]
j  org.springframework.beans.factory.support.SimpleInstantiationStrategy.instantiate(Lorg/springframework/beans/factory/support/RootBeanDefinition;Ljava/lang/String;Lorg/springframework/beans/factory/BeanFactory;Ljava/lang/Object;Ljava/lang/reflect/Method;[Ljava/lang/Object;)Ljava/lang/Object;+30
j  org.springframework.beans.factory.support.ConstructorResolver.instantiate(Ljava/lang/String;Lorg/springframework/beans/factory/support/RootBeanDefinition;Ljava/lang/Object;Ljava/lang/reflect/Method;[Ljava/lang/Object;)Ljava/lang/Object;+18
j  org.springframework.beans.factory.support.ConstructorResolver.instantiateUsingFactoryMethod(Ljava/lang/String;Lorg/springframework/beans/factory/support/RootBeanDefinition;[Ljava/lang/Object;)Lorg/springframework/beans/BeanWrapper;+1438
j  org.springframework.beans.factory.support.AbstractAutowireCapableBeanFactory.instantiateUsingFactoryMethod(Ljava/lang/String;Lorg/springframework/beans/factory/support/RootBeanDefinition;[Ljava/lang/Object;)Lorg/springframework/beans/BeanWrapper;+11
j  org.springframework.beans.factory.support.AbstractAutowireCapableBeanFactory.createBeanInstance(Ljava/lang/String;Lorg/springframework/beans/factory/support/RootBeanDefinition;[Ljava/lang/Object;)Lorg/springframework/beans/BeanWrapper;+89
j  org.springframework.beans.factory.support.AbstractAutowireCapableBeanFactory.doCreateBean(Ljava/lang/String;Lorg/springframework/beans/factory/support/RootBeanDefinition;[Ljava/lang/Object;)Ljava/lang/Object;+34
j  org.springframework.beans.factory.support.AbstractAutowireCapableBeanFactory.createBean(Ljava/lang/String;Lorg/springframework/beans/factory/support/RootBeanDefinition;[Ljava/lang/Object;)Ljava/lang/Object;+153
j  org.springframework.beans.factory.support.AbstractBeanFactory.lambda$doGetBean$0(Ljava/lang/String;Lorg/springframework/beans/factory/support/RootBeanDefinition;[Ljava/lang/Object;)Ljava/lang/Object;+4
j  org.springframework.beans.factory.support.AbstractBeanFactory$$Lambda+0x0000020a0a23c708.getObject()Ljava/lang/Object;+16
j  org.springframework.beans.factory.support.DefaultSingletonBeanRegistry.getSingleton(Ljava/lang/String;Lorg/springframework/beans/factory/ObjectFactory;)Ljava/lang/Object;+114
J 3328 c1 org.springframework.beans.factory.support.AbstractBeanFactory.doGetBean(Ljava/lang/String;Ljava/lang/Class;[Ljava/lang/Object;Z)Ljava/lang/Object; (740 bytes) @ 0x0000020a7850e634 [0x0000020a7850dfa0+0x0000000000000694]
J 3031 c1 org.springframework.beans.factory.support.AbstractBeanFactory.getBean(Ljava/lang/String;Ljava/lang/Class;)Ljava/lang/Object; (9 bytes) @ 0x0000020a7848a294 [0x0000020a7848a240+0x0000000000000054]
j  org.springframework.context.support.AbstractApplicationContext.getBean(Ljava/lang/String;Ljava/lang/Class;)Ljava/lang/Object;+10
j  org.springframework.security.config.web.server.ServerHttpSecurity.getBeanOrNull(Ljava/lang/String;Ljava/lang/Class;)Ljava/lang/Object;+15
j  org.springframework.security.config.web.server.ServerHttpSecurity$AuthorizeExchangeSpec.getPathPatternParser()Lorg/springframework/web/util/pattern/PathPatternParser;+20
j  org.springframework.security.config.web.server.AbstractServerWebExchangeMatcherRegistry.parsePatterns([Ljava/lang/String;)Ljava/util/List;+1
j  org.springframework.security.config.web.server.AbstractServerWebExchangeMatcherRegistry.pathMatchers(Lorg/springframework/http/HttpMethod;[Ljava/lang/String;)Ljava/lang/Object;+2
j  com.whoami.launch.SecurityConfig.lambda$securityWebFilterChain$0(Lorg/springframework/security/config/web/server/ServerHttpSecurity$AuthorizeExchangeSpec;)V+13
j  com.whoami.launch.SecurityConfig$$Lambda+0x0000020a0a4c32c0.customize(Ljava/lang/Object;)V+4
j  org.springframework.security.config.web.server.ServerHttpSecurity.authorizeExchange(Lorg/springframework/security/config/Customizer;)Lorg/springframework/security/config/web/server/ServerHttpSecurity;+24
j  com.whoami.launch.SecurityConfig.securityWebFilterChain(Lorg/springframework/security/config/web/server/ServerHttpSecurity;)Lorg/springframework/security/web/server/SecurityWebFilterChain;+14
j  com.whoami.launch.SecurityConfig$$SpringCGLIB$$0.CGLIB$securityWebFilterChain$0(Lorg/springframework/security/config/web/server/ServerHttpSecurity;)Lorg/springframework/security/web/server/SecurityWebFilterChain;+2
j  com.whoami.launch.SecurityConfig$$SpringCGLIB$$FastClass$$1.invoke(ILjava/lang/Object;[Ljava/lang/Object;)Ljava/lang/Object;+95
j  org.springframework.cglib.proxy.MethodProxy.invokeSuper(Ljava/lang/Object;[Ljava/lang/Object;)Ljava/lang/Object;+19
j  org.springframework.context.annotation.ConfigurationClassEnhancer$BeanMethodInterceptor.intercept(Ljava/lang/Object;Ljava/lang/reflect/Method;[Ljava/lang/Object;Lorg/springframework/cglib/proxy/MethodProxy;)Ljava/lang/Object;+181
j  com.whoami.launch.SecurityConfig$$SpringCGLIB$$0.securityWebFilterChain(Lorg/springframework/security/config/web/server/ServerHttpSecurity;)Lorg/springframework/security/web/server/SecurityWebFilterChain;+36
j  java.lang.invoke.LambdaForm$DMH+0x0000020a0a1b0000.invokeVirtual(Ljava/lang/Object;Ljava/lang/Object;Ljava/lang/Object;)Ljava/lang/Object;+11 java.base@21.0.11
j  java.lang.invoke.LambdaForm$MH+0x0000020a0a114400.invoke(Ljava/lang/Object;Ljava/lang/Object;Ljava/lang/Object;)Ljava/lang/Object;+52 java.base@21.0.11
J 4160 c1 jdk.internal.reflect.DirectMethodHandleAccessor.invoke(Ljava/lang/Object;[Ljava/lang/Object;)Ljava/lang/Object; java.base@21.0.11 (92 bytes) @ 0x0000020a7866db7c [0x0000020a7866d820+0x000000000000035c]
J 4169 c1 java.lang.reflect.Method.invoke(Ljava/lang/Object;[Ljava/lang/Object;)Ljava/lang/Object; java.base@21.0.11 (108 bytes) @ 0x0000020a78670e54 [0x0000020a78670c80+0x00000000000001d4]
j  org.springframework.beans.factory.support.SimpleInstantiationStrategy.instantiate(Lorg/springframework/beans/factory/support/RootBeanDefinition;Ljava/lang/String;Lorg/springframework/beans/factory/BeanFactory;Ljava/lang/Object;Ljava/lang/reflect/Method;[Ljava/lang/Object;)Ljava/lang/Object;+30
j  org.springframework.beans.factory.support.ConstructorResolver.instantiate(Ljava/lang/String;Lorg/springframework/beans/factory/support/RootBeanDefinition;Ljava/lang/Object;Ljava/lang/reflect/Method;[Ljava/lang/Object;)Ljava/lang/Object;+18
j  org.springframework.beans.factory.support.ConstructorResolver.instantiateUsingFactoryMethod(Ljava/lang/String;Lorg/springframework/beans/factory/support/RootBeanDefinition;[Ljava/lang/Object;)Lorg/springframework/beans/BeanWrapper;+1438
j  org.springframework.beans.factory.support.AbstractAutowireCapableBeanFactory.instantiateUsingFactoryMethod(Ljava/lang/String;Lorg/springframework/beans/factory/support/RootBeanDefinition;[Ljava/lang/Object;)Lorg/springframework/beans/BeanWrapper;+11
j  org.springframework.beans.factory.support.AbstractAutowireCapableBeanFactory.createBeanInstance(Ljava/lang/String;Lorg/springframework/beans/factory/support/RootBeanDefinition;[Ljava/lang/Object;)Lorg/springframework/beans/BeanWrapper;+89
j  org.springframework.beans.factory.support.AbstractAutowireCapableBeanFactory.doCreateBean(Ljava/lang/String;Lorg/springframework/beans/factory/support/RootBeanDefinition;[Ljava/lang/Object;)Ljava/lang/Object;+34
j  org.springframework.beans.factory.support.AbstractAutowireCapableBeanFactory.createBean(Ljava/lang/String;Lorg/springframework/beans/factory/support/RootBeanDefinition;[Ljava/lang/Object;)Ljava/lang/Object;+153
j  org.springframework.beans.factory.support.AbstractBeanFactory.lambda$doGetBean$0(Ljava/lang/String;Lorg/springframework/beans/factory/support/RootBeanDefinition;[Ljava/lang/Object;)Ljava/lang/Object;+4
j  org.springframework.beans.factory.support.AbstractBeanFactory$$Lambda+0x0000020a0a23c708.getObject()Ljava/lang/Object;+16
j  org.springframework.beans.factory.support.DefaultSingletonBeanRegistry.getSingleton(Ljava/lang/String;Lorg/springframework/beans/factory/ObjectFactory;)Ljava/lang/Object;+114
J 3328 c1 org.springframework.beans.factory.support.AbstractBeanFactory.doGetBean(Ljava/lang/String;Ljava/lang/Class;[Ljava/lang/Object;Z)Ljava/lang/Object; (740 bytes) @ 0x0000020a7850e634 [0x0000020a7850dfa0+0x0000000000000694]
j  org.springframework.beans.factory.support.AbstractBeanFactory.getBean(Ljava/lang/String;)Ljava/lang/Object;+5
j  org.springframework.beans.factory.config.DependencyDescriptor.resolveCandidate(Ljava/lang/String;Ljava/lang/Class;Lorg/springframework/beans/factory/BeanFactory;)Ljava/lang/Object;+2
j  org.springframework.beans.factory.support.DefaultListableBeanFactory.addCandidateEntry(Ljava/util/Map;Ljava/lang/String;Lorg/springframework/beans/factory/config/DependencyDescriptor;Ljava/lang/Class;)V+12
j  org.springframework.beans.factory.support.DefaultListableBeanFactory.findAutowireCandidates(Ljava/lang/String;Ljava/lang/Class;Lorg/springframework/beans/factory/config/DependencyDescriptor;)Ljava/util/Map;+179
j  org.springframework.beans.factory.support.DefaultListableBeanFactory.resolveMultipleBeanCollection(Lorg/springframework/beans/factory/config/DependencyDescriptor;Ljava/lang/String;Ljava/util/Set;Lorg/springframework/beans/TypeConverter;)Ljava/lang/Object;+34
j  org.springframework.beans.factory.support.DefaultListableBeanFactory.resolveMultipleBeans(Lorg/springframework/beans/factory/config/DependencyDescriptor;Ljava/lang/String;Ljava/util/Set;Lorg/springframework/beans/TypeConverter;)Ljava/lang/Object;+320
j  org.springframework.beans.factory.support.DefaultListableBeanFactory.doResolveDependency(Lorg/springframework/beans/factory/config/DependencyDescriptor;Ljava/lang/String;Ljava/util/Set;Lorg/springframework/beans/TypeConverter;)Ljava/lang/Object;+211
j  org.springframework.beans.factory.support.DefaultListableBeanFactory.resolveDependency(Lorg/springframework/beans/factory/config/DependencyDescriptor;Ljava/lang/String;Ljava/util/Set;Lorg/springframework/beans/TypeConverter;)Ljava/lang/Object;+117
j  org.springframework.beans.factory.annotation.AutowiredAnnotationBeanPostProcessor$AutowiredMethodElement.resolveMethodArguments(Ljava/lang/reflect/Method;Ljava/lang/Object;Ljava/lang/String;)[Ljava/lang/Object;+135
j  org.springframework.beans.factory.annotation.AutowiredAnnotationBeanPostProcessor$AutowiredMethodElement.inject(Ljava/lang/Object;Ljava/lang/String;Lorg/springframework/beans/PropertyValues;)V+80
j  org.springframework.beans.factory.annotation.InjectionMetadata.inject(Ljava/lang/Object;Ljava/lang/String;Lorg/springframework/beans/PropertyValues;)V+68
j  org.springframework.beans.factory.annotation.AutowiredAnnotationBeanPostProcessor.postProcessProperties(Lorg/springframework/beans/PropertyValues;Ljava/lang/Object;Ljava/lang/String;)Lorg/springframework/beans/PropertyValues;+17
j  org.springframework.beans.factory.support.AbstractAutowireCapableBeanFactory.populateBean(Ljava/lang/String;Lorg/springframework/beans/factory/support/RootBeanDefinition;Lorg/springframework/beans/BeanWrapper;)V+280
j  org.springframework.beans.factory.support.AbstractAutowireCapableBeanFactory.doCreateBean(Ljava/lang/String;Lorg/springframework/beans/factory/support/RootBeanDefinition;[Ljava/lang/Object;)Ljava/lang/Object;+220
j  org.springframework.beans.factory.support.AbstractAutowireCapableBeanFactory.createBean(Ljava/lang/String;Lorg/springframework/beans/factory/support/RootBeanDefinition;[Ljava/lang/Object;)Ljava/lang/Object;+153
j  org.springframework.beans.factory.support.AbstractBeanFactory.lambda$doGetBean$0(Ljava/lang/String;Lorg/springframework/beans/factory/support/RootBeanDefinition;[Ljava/lang/Object;)Ljava/lang/Object;+4
j  org.springframework.beans.factory.support.AbstractBeanFactory$$Lambda+0x0000020a0a23c708.getObject()Ljava/lang/Object;+16
j  org.springframework.beans.factory.support.DefaultSingletonBeanRegistry.getSingleton(Ljava/lang/String;Lorg/springframework/beans/factory/ObjectFactory;)Ljava/lang/Object;+114
J 3328 c1 org.springframework.beans.factory.support.AbstractBeanFactory.doGetBean(Ljava/lang/String;Ljava/lang/Class;[Ljava/lang/Object;Z)Ljava/lang/Object; (740 bytes) @ 0x0000020a7850e634 [0x0000020a7850dfa0+0x0000000000000694]
j  org.springframework.beans.factory.support.AbstractBeanFactory.getBean(Ljava/lang/String;)Ljava/lang/Object;+5
j  org.springframework.beans.factory.support.DefaultListableBeanFactory.preInstantiateSingletons()V+152
j  org.springframework.context.support.AbstractApplicationContext.finishBeanFactoryInitialization(Lorg/springframework/beans/factory/config/ConfigurableListableBeanFactory;)V+130
j  org.springframework.context.support.AbstractApplicationContext.refresh()V+94
j  org.springframework.boot.web.reactive.context.ReactiveWebServerApplicationContext.refresh()V+1
j  org.springframework.boot.SpringApplication.refresh(Lorg/springframework/context/ConfigurableApplicationContext;)V+1
j  org.springframework.boot.SpringApplication.refreshContext(Lorg/springframework/context/ConfigurableApplicationContext;)V+16
j  org.springframework.boot.SpringApplication.run([Ljava/lang/String;)Lorg/springframework/context/ConfigurableApplicationContext;+110
j  org.springframework.boot.SpringApplication.run([Ljava/lang/Class;[Ljava/lang/String;)Lorg/springframework/context/ConfigurableApplicationContext;+9
j  org.springframework.boot.SpringApplication.run(Ljava/lang/Class;[Ljava/lang/String;)Lorg/springframework/context/ConfigurableApplicationContext;+9
j  com.whoami.launch.GatewayApplication.main([Ljava/lang/String;)V+3
v  ~StubRoutines::call_stub 0x0000020a77db100d

Compiled method (n/a)   21460 1410     n 0       java.lang.ClassLoader::defineClass1 (native)
 total in heap  [0x0000020a781ef410,0x0000020a781efa70] = 1632
 relocation     [0x0000020a781ef570,0x0000020a781ef5a8] = 56
 main code      [0x0000020a781ef5c0,0x0000020a781efa6f] = 1199
 stub code      [0x0000020a781efa6f,0x0000020a781efa70] = 1

[Constant Pool (empty)]

[MachCode]
[Entry Point]
  # {method} {0x0000020a0943a530} 'defineClass1' '(Ljava/lang/ClassLoader;Ljava/lang/String;[BIILjava/security/ProtectionDomain;Ljava/lang/String;)Ljava/lang/Class;' in 'java/lang/ClassLoader'
  # parm0:    rdx:rdx   = 'java/lang/ClassLoader'
  # parm1:    r8:r8     = 'java/lang/String'
  # parm2:    r9:r9     = '[B'
  # parm3:    rdi       = int
  # parm4:    rsi       = int
  # parm5:    rcx:rcx   = 'java/security/ProtectionDomain'
  # parm6:    [sp+0xa0]   = 'java/lang/String'  (sp of caller)
  0x0000020a781ef5c0: 448b 5208 | 49bb 0000 | 0009 0a02 | 0000 4d03 | d349 3bc2 | 0f84 0600 

  0x0000020a781ef5d8: ;   {runtime_call ic_miss_stub}
  0x0000020a781ef5d8: 0000 e9a1 | f1c0 ff90 
[Verified Entry Point]
  0x0000020a781ef5e0: 8984 2400 | 80ff ff55 | 488b ec48 | 81ec 9000 | 0000 6690 | 4181 7f20 | 0300 0000 

  0x0000020a781ef5fc: ;   {runtime_call StubRoutines (final stubs)}
  0x0000020a781ef5fc: 7405 e85d | 57bf ff48 | 837d 1000 | 488d 4510 | 480f 4445 | 1048 8944 | 2440 4889 | 4c24 7048 
  0x0000020a781ef61c: 83f9 0048 | 8d44 2470 | 480f 4444 | 2470 4889 | 4424 3848 | 8974 2430 | 4889 7c24 | 284c 894c 
  0x0000020a781ef63c: 2458 4983 | f900 488d | 4424 5848 | 0f44 4424 | 5848 8944 | 2420 4c89 | 4424 5049 | 83f8 004c 
  0x0000020a781ef65c: 8d4c 2450 | 4c0f 444c | 2450 4889 | 5424 4848 | 83fa 004c | 8d44 2448 | 4c0f 4444 

  0x0000020a781ef678: ;   {oop(a 'java/lang/Class'{0x000000008230dd08} = 'java/lang/ClassLoader')}
  0x0000020a781ef678: 2448 49be | 08dd 3082 | 0000 0000 | 4c89 7424 | 784c 8d74 | 2478 498b | d6c5 f877 

  0x0000020a781ef694: ;   {internal_word}
  0x0000020a781ef694: 49ba 91f6 | 1e78 0a02 | 0000 4d89 | 97a8 0300 | 0049 89a7 | a003 0000 

  0x0000020a781ef6ac: ;   {external_word}
  0x0000020a781ef6ac: 49ba e328 | 116b fa7f | 0000 4180 | 3a00 0f84 | 4e00 0000 | 5241 5041 

  0x0000020a781ef6c4: ;   {metadata({method} {0x0000020a0943a530} 'defineClass1' '(Ljava/lang/ClassLoader;Ljava/lang/String;[BIILjava/security/ProtectionDomain;Ljava/lang/String;)Ljava/lang/Class;' in 'java/lang/ClassLoader')}
  0x0000020a781ef6c4: 5148 ba28 | a543 090a | 0200 0049 | 8bcf 4883 | ec20 40f6 | c40f 0f84 | 1900 0000 | 4883 ec08 
  0x0000020a781ef6e4: ;   {runtime_call}
  0x0000020a781ef6e4: 48b8 b07c | c16a fa7f | 0000 ffd0 | 4883 c408 | e90c 0000 

  0x0000020a781ef6f8: ;   {runtime_call}
  0x0000020a781ef6f8: 0048 b8b0 | 7cc1 6afa | 7f00 00ff | d048 83c4 | 2041 5941 | 585a 498d | 8fc0 0300 | 0041 c787 
  0x0000020a781ef718: 4c04 0000 | 0400 0000 

  0x0000020a781ef720: ;   {runtime_call}
  0x0000020a781ef720: 48b8 d016 | 1d9c fa7f | 0000 ffd0 | c5f8 7741 | c787 4c04 | 0000 0500 | 0000 f083 | 4424 c000 
  0x0000020a781ef740: 493b af50 | 0400 000f | 870e 0000 | 0041 83bf | 4804 0000 | 000f 842b | 0000 00c5 | f877 4889 
  0x0000020a781ef760: 45f8 498b | cf4c 8be4 | 4883 ec20 | 4883 e4f0 

  0x0000020a781ef770: ;   {runtime_call}
  0x0000020a781ef770: 48b8 801e | 8d6a fa7f | 0000 ffd0 | 498b e44d | 33e4 488b | 45f8 41c7 | 874c 0400 | 0008 0000 
  0x0000020a781ef790: 0041 83bf | c804 0000 | 020f 84a3 

  0x0000020a781ef79c: ;   {external_word}
  0x0000020a781ef79c: 0200 0049 | bae3 2811 | 6bfa 7f00 | 0041 803a | 000f 844c | 0000 0048 

  0x0000020a781ef7b4: ;   {metadata({method} {0x0000020a0943a530} 'defineClass1' '(Ljava/lang/ClassLoader;Ljava/lang/String;[BIILjava/security/ProtectionDomain;Ljava/lang/String;)Ljava/lang/Class;' in 'java/lang/ClassLoader')}
  0x0000020a781ef7b4: 8945 f848 | ba28 a543 | 090a 0200 | 0049 8bcf | 4883 ec20 | 40f6 c40f | 0f84 1900 | 0000 4883 
  0x0000020a781ef7d4: ;   {runtime_call}
  0x0000020a781ef7d4: ec08 48b8 | b07c c16a | fa7f 0000 | ffd0 4883 | c408 e90c 

  0x0000020a781ef7e8: ;   {runtime_call}
  0x0000020a781ef7e8: 0000 0048 | b8b0 7cc1 | 6afa 7f00 | 00ff d048 | 83c4 2048 | 8b45 f849 | c787 a003 | 0000 0000 
  0x0000020a781ef808: 0000 49c7 | 87a8 0300 | 0000 0000 | 00c5 f877 | 4885 c00f | 84fe 0100 | 00a8 030f | 8508 0000 
  0x0000020a781ef828: 0048 8b00 | e9ee 0100 | 00a8 010f | 8509 0000 | 0048 8b40 | fee9 dd01 | 0000 488b | 40ff 4180 
  0x0000020a781ef848: 7f40 000f | 84ce 0100 | 0048 83f8 | 000f 84c4 | 0100 0049 | 8b4f 2848 | 83f9 000f | 8414 0000 
  0x0000020a781ef868: 0048 83e9 | 0849 894f | 2849 034f | 3848 8901 | e9a2 0100 | 0048 81ec | d000 0000 | 4889 0424 
  0x0000020a781ef888: 4889 4c24 | 0848 8954 | 2410 4889 | 7424 1848 | 897c 2420 | 4c89 4424 | 284c 894c | 2430 4c89 
  0x0000020a781ef8a8: 5424 384c | 895c 2440 | c5fb 1144 | 2450 c5fb | 114c 2458 | c5fb 1154 | 2460 c5fb | 115c 2468 
  0x0000020a781ef8c8: c5fb 1164 | 2470 c5fb | 116c 2478 | c5fb 11b4 | 2480 0000 | 00c5 fb11 | bc24 8800 | 0000 c57b 
  0x0000020a781ef8e8: ;   {no_reloc}
  0x0000020a781ef8e8: 1184 2490 | 0000 00c5 | 7b11 8c24 | 9800 0000 | c57b 1194 | 24a0 0000 | 00c5 7b11 | 9c24 a800 
  0x0000020a781ef908: 0000 c57b | 11a4 24b0 | 0000 00c5 | 7b11 ac24 | b800 0000 | c57b 11b4 | 24c0 0000 | 00c5 7b11 
  0x0000020a781ef928: bc24 c800 | 0000 498b | d748 8bc8 | 4883 ec20 | 40f6 c40f | 0f84 1900 | 0000 4883 

  0x0000020a781ef944: ;   {runtime_call}
  0x0000020a781ef944: ec08 48b8 | d06c 806a | fa7f 0000 | ffd0 4883 | c408 e90c 

  0x0000020a781ef958: ;   {runtime_call}
  0x0000020a781ef958: 0000 0048 | b8d0 6c80 | 6afa 7f00 | 00ff d048 | 83c4 20c5 | 7b10 bc24 | c800 0000 | c57b 10b4 
  0x0000020a781ef978: 24c0 0000 | 00c5 7b10 | ac24 b800 | 0000 c57b | 10a4 24b0 | 0000 00c5 | 7b10 9c24 | a800 0000 
  0x0000020a781ef998: c57b 1094 | 24a0 0000 | 00c5 7b10 | 8c24 9800 | 0000 c57b | 1084 2490 | 0000 00c5 | fb10 bc24 
  0x0000020a781ef9b8: 8800 0000 | c5fb 10b4 | 2480 0000 | 00c5 fb10 | 6c24 78c5 | fb10 6424 | 70c5 fb10 | 5c24 68c5 
  0x0000020a781ef9d8: fb10 5424 | 60c5 fb10 | 4c24 58c5 | fb10 4424 | 504c 8b5c | 2440 4c8b | 5424 384c | 8b4c 2430 
  0x0000020a781ef9f8: 4c8b 4424 | 2848 8b7c | 2420 488b | 7424 1848 | 8b54 2410 | 488b 4c24 | 0848 8b04 | 2448 81c4 
  0x0000020a781efa18: d000 0000 | c5f8 7749 | 8b8f 3004 | 0000 c781 | 0001 0000 | 0000 0000 | c949 837f | 0800 0f85 
  0x0000020a781efa38: 0100 0000 

  0x0000020a781efa3c: ;   {runtime_call StubRoutines (initial stubs)}
  0x0000020a781efa3c: c3e9 be14 | bcff c5f8 | 7748 8945 | f84c 8be4 | 4883 ec20 | 4883 e4f0 

  0x0000020a781efa54: ;   {runtime_call}
  0x0000020a781efa54: 48b8 10b4 | c16a fa7f | 0000 ffd0 | 498b e44d | 33e4 488b | 45f8 e930 | fdff fff4 
[/MachCode]


Compiled method (c1)   21499 1602       1       java.lang.ClassLoader::defineClass (43 bytes)
 total in heap  [0x0000020a7824d410,0x0000020a7824d9d0] = 1472
 relocation     [0x0000020a7824d570,0x0000020a7824d5e0] = 112
 main code      [0x0000020a7824d5e0,0x0000020a7824d7a0] = 448
 stub code      [0x0000020a7824d7a0,0x0000020a7824d818] = 120
 metadata       [0x0000020a7824d818,0x0000020a7824d848] = 48
 scopes data    [0x0000020a7824d848,0x0000020a7824d900] = 184
 scopes pcs     [0x0000020a7824d900,0x0000020a7824d9a0] = 160
 dependencies   [0x0000020a7824d9a0,0x0000020a7824d9a8] = 8
 nul chk table  [0x0000020a7824d9a8,0x0000020a7824d9d0] = 40

[Constant Pool (empty)]

[MachCode]
[Entry Point]
  # {method} {0x0000020a0943a8b0} 'defineClass' '(Ljava/lang/String;[BIILjava/security/ProtectionDomain;)Ljava/lang/Class;' in 'java/lang/ClassLoader'
  # this:     rdx:rdx   = 'java/lang/ClassLoader'
  # parm0:    r8:r8     = 'java/lang/String'
  # parm1:    r9:r9     = '[B'
  # parm2:    rdi       = int
  # parm3:    rsi       = int
  # parm4:    rcx:rcx   = 'java/security/ProtectionDomain'
  #           [sp+0xc0]  (sp of caller)
  0x0000020a7824d5e0: 448b 5208 | 49bb 0000 | 0009 0a02 | 0000 4d03 | d34c 3bd0 

  0x0000020a7824d5f4: ;   {runtime_call ic_miss_stub}
  0x0000020a7824d5f4: 0f85 8611 | bbff 660f | 1f44 0000 
[Verified Entry Point]
  0x0000020a7824d600: 8984 2400 | 80ff ff55 | 4881 ecb0 | 0000 0090 | 4181 7f20 | 0300 0000 

  0x0000020a7824d618: ;   {runtime_call StubRoutines (final stubs)}
  0x0000020a7824d618: 7405 e841 | 77b9 ff48 | 8954 2478 | 89b4 2494 | 0000 0089 | bc24 9000 | 0000 4c89 | 8c24 8800 
  0x0000020a7824d638: 0000 498b | d84c 8bc3 | 4c8b c948 | 8bca 488b | d148 899c | 2480 0000 | 0066 0f1f 

  0x0000020a7824d654: ;   {optimized virtual_call}
  0x0000020a7824d654: 4400 00e8 

  0x0000020a7824d658: ; ImmutableOopMap {[120]=Oop [128]=Oop [136]=Oop }
                      ;*invokevirtual preDefineClass {reexecute=0 rethrow=0 return_oop=0}
                      ; - java.lang.ClassLoader::defineClass@4 (line 1025)
  0x0000020a7824d658: 6482 ffff 

  0x0000020a7824d65c: ;   {other}
  0x0000020a7824d65c: 0f1f 8400 | 4c02 0000 | 4889 8424 | 9800 0000 

  0x0000020a7824d66c: ; implicit exception: dispatches to 0x0000020a7824d74a
  0x0000020a7824d66c: 448b 4010 | 4d85 c00f | 850f 0000 

  0x0000020a7824d678: ;   {oop(nullptr)}
  0x0000020a7824d678: 0048 bb00 | 0000 0000 | 0000 00e9 | 3f00 0000 

  0x0000020a7824d688: ; implicit exception: dispatches to 0x0000020a7824d74f
  0x0000020a7824d688: 458b 400c | 4d85 c00f | 850f 0000 

  0x0000020a7824d694: ;   {oop(nullptr)}
  0x0000020a7824d694: 0048 bb00 | 0000 0000 | 0000 00e9 | 2300 0000 

  0x0000020a7824d6a4: ; implicit exception: dispatches to 0x0000020a7824d754
  0x0000020a7824d6a4: 418b 5038 

  0x0000020a7824d6a8: ; implicit exception: dispatches to 0x0000020a7824d759
  0x0000020a7824d6a8: 483b 020f 

  0x0000020a7824d6ac: ;   {optimized virtual_call}
  0x0000020a7824d6ac: 1f40 00e8 

  0x0000020a7824d6b0: ; ImmutableOopMap {[120]=Oop [128]=Oop [136]=Oop [152]=Oop }
                      ;*invokevirtual toExternalForm {reexecute=0 rethrow=0 return_oop=0}
                      ; - java.net.URL::toExternalForm@5 (line 1203)
                      ; - java.net.URL::toString@1 (line 1189)
                      ; - java.lang.ClassLoader::defineClassSourceLocation@22 (line 927)
                      ; - java.lang.ClassLoader::defineClass@12 (line 1026)
  0x0000020a7824d6b0: cce8 fbff 

  0x0000020a7824d6b4: ;   {other}
  0x0000020a7824d6b4: 0f1f 8400 | a402 0001 | 488b d848 | 8b84 2498 | 0000 008b | b424 9400 | 0000 8bbc | 2490 0000 
  0x0000020a7824d6d4: 004c 8b8c | 2488 0000 | 004c 8b84 | 2480 0000 | 0048 8b54 | 2478 4c8b | da49 8bd3 | 488b c848 
  0x0000020a7824d6f4: ;   {static_call}
  0x0000020a7824d6f4: 891c 24e8 

  0x0000020a7824d6f8: ; ImmutableOopMap {[120]=Oop [152]=Oop }
                      ;*invokestatic defineClass1 {reexecute=0 rethrow=0 return_oop=0}
                      ; - java.lang.ClassLoader::defineClass@27 (line 1027)
  0x0000020a7824d6f8: e41e faff 

  0x0000020a7824d6fc: ;   {other}
  0x0000020a7824d6fc: 0f1f 8400 | ec02 0002 | 4c8b c04c | 8b8c 2498 | 0000 0048 | 8b54 2478 | 4889 8424 | a000 0000 
  0x0000020a7824d71c: ;   {optimized virtual_call}
  0x0000020a7824d71c: 6666 90e8 

  0x0000020a7824d720: ; ImmutableOopMap {[160]=Oop }
                      ;*invokevirtual postDefineClass {reexecute=0 rethrow=0 return_oop=0}
                      ; - java.lang.ClassLoader::defineClass@37 (line 1028)
  0x0000020a7824d720: 5c9b ffff 

  0x0000020a7824d724: ;   {other}
  0x0000020a7824d724: 0f1f 8400 | 1403 0003 | 488b 8424 | a000 0000 | 4881 c4b0 | 0000 005d 

  0x0000020a7824d73c: ;   {poll_return}
  0x0000020a7824d73c: 493b a750 | 0400 000f | 8715 0000 

  0x0000020a7824d748: ;   {runtime_call throw_null_pointer_exception Runtime1 stub}
  0x0000020a7824d748: 00c3 e831 

  0x0000020a7824d74c: ; ImmutableOopMap {rax=Oop [120]=Oop [128]=Oop [136]=Oop [152]=Oop }
                      ;*invokevirtual getCodeSource {reexecute=0 rethrow=0 return_oop=0}
                      ; - java.lang.ClassLoader::defineClassSourceLocation@1 (line 924)
                      ; - java.lang.ClassLoader::defineClass@12 (line 1026)
                      ;   {runtime_call throw_null_pointer_exception Runtime1 stub}
  0x0000020a7824d74c: 25c6 ffe8 

  0x0000020a7824d750: ; ImmutableOopMap {rax=Oop [120]=Oop [128]=Oop [136]=Oop [152]=Oop }
                      ;*invokevirtual getLocation {reexecute=0 rethrow=0 return_oop=0}
                      ; - java.lang.ClassLoader::defineClassSourceLocation@12 (line 926)
                      ; - java.lang.ClassLoader::defineClass@12 (line 1026)
  0x0000020a7824d750: 2c25 c6ff 

  0x0000020a7824d754: ;   {runtime_call throw_null_pointer_exception Runtime1 stub}
  0x0000020a7824d754: e827 25c6 

  0x0000020a7824d758: ; ImmutableOopMap {r8=Oop [120]=Oop [128]=Oop [136]=Oop [152]=Oop }
                      ;*invokevirtual toString {reexecute=0 rethrow=0 return_oop=0}
                      ; - java.lang.ClassLoader::defineClassSourceLocation@22 (line 927)
                      ; - java.lang.ClassLoader::defineClass@12 (line 1026)
                      ;   {runtime_call throw_null_pointer_exception Runtime1 stub}
  0x0000020a7824d758: ffe8 2225 

  0x0000020a7824d75c: ; ImmutableOopMap {r8=Oop rdx=Oop [120]=Oop [128]=Oop [136]=Oop [152]=Oop }
                      ;*invokevirtual toExternalForm {reexecute=0 rethrow=0 return_oop=0}
                      ; - java.net.URL::toExternalForm@5 (line 1203)
                      ; - java.net.URL::toString@1 (line 1189)
                      ; - java.lang.ClassLoader::defineClassSourceLocation@22 (line 927)
                      ; - java.lang.ClassLoader::defineClass@12 (line 1026)
                      ;   {internal_word}
  0x0000020a7824d75c: c6ff 49ba | 3cd7 2478 | 0a02 0000 | 4d89 9768 

  0x0000020a7824d76c: ;   {runtime_call SafepointBlob}
  0x0000020a7824d76c: 0400 00e9 | 8c7f bbff | 498b 8700 | 0500 0049 | c787 0005 | 0000 0000 | 0000 49c7 | 8708 0500 
  0x0000020a7824d78c: 0000 0000 | 0048 81c4 | b000 0000 

  0x0000020a7824d798: ;   {runtime_call unwind_exception Runtime1 stub}
  0x0000020a7824d798: 5de9 e215 | c6ff f4f4 
[Stub Code]
  0x0000020a7824d7a0: ;   {no_reloc}
  0x0000020a7824d7a0: 0f1f 4400 

  0x0000020a7824d7a4: ;   {static_stub}
  0x0000020a7824d7a4: 0048 bb00 | 0000 0000 

  0x0000020a7824d7ac: ;   {runtime_call}
  0x0000020a7824d7ac: 0000 00e9 | fbff ffff 

  0x0000020a7824d7b4: ;   {static_stub}
  0x0000020a7824d7b4: 48bb 0000 | 0000 0000 

  0x0000020a7824d7bc: ;   {runtime_call}
  0x0000020a7824d7bc: 0000 e9fb 

  0x0000020a7824d7c0: ;   {static_stub}
  0x0000020a7824d7c0: ffff ff48 | bb00 0000 | 0000 0000 

  0x0000020a7824d7cc: ;   {runtime_call}
  0x0000020a7824d7cc: 00e9 fbff 

  0x0000020a7824d7d0: ;   {static_stub}
  0x0000020a7824d7d0: ffff 48bb | 0000 0000 | 0000 0000 

  0x0000020a7824d7dc: ;   {runtime_call}
  0x0000020a7824d7dc: e9fb ffff 

  0x0000020a7824d7e0: ;   {runtime_call handle_exception_from_callee Runtime1 stub}
  0x0000020a7824d7e0: ffe8 9a42 

  0x0000020a7824d7e4: ;   {external_word}
  0x0000020a7824d7e4: c6ff 48b9 | 1009 e96a | fa7f 0000 | 4883 e4f0 

  0x0000020a7824d7f4: ;   {runtime_call}
  0x0000020a7824d7f4: 48b8 708b | b06a fa7f | 0000 ffd0 

  0x0000020a7824d800: ;   {section_word}
  0x0000020a7824d800: f449 ba01 | d824 780a | 0200 0041 

  0x0000020a7824d80c: ;   {runtime_call DeoptimizationBlob}
  0x0000020a7824d80c: 52e9 8e71 | bbff f4f4 | f4f4 f4f4 
[/MachCode]


Compiled method (c1)   21525 1592       1       jdk.internal.loader.BuiltinClassLoader::defineClass (121 bytes)
 total in heap  [0x0000020a78248810,0x0000020a78249720] = 3856
 relocation     [0x0000020a78248970,0x0000020a78248ab8] = 328
 main code      [0x0000020a78248ac0,0x0000020a78249180] = 1728
 stub code      [0x0000020a78249180,0x0000020a782492a0] = 288
 metadata       [0x0000020a782492a0,0x0000020a782492e8] = 72
 scopes data    [0x0000020a782492e8,0x0000020a78249540] = 600
 scopes pcs     [0x0000020a78249540,0x0000020a782496e0] = 416
 dependencies   [0x0000020a782496e0,0x0000020a782496e8] = 8
 handler table  [0x0000020a782496e8,0x0000020a78249700] = 24
 nul chk table  [0x0000020a78249700,0x0000020a78249720] = 32

[Constant Pool (empty)]

[MachCode]
[Entry Point]
  # {method} {0x0000020a09069cd0} 'defineClass' '(Ljava/lang/String;Ljdk/internal/loader/Resource;)Ljava/lang/Class;' in 'jdk/internal/loader/BuiltinClassLoader'
  # this:     rdx:rdx   = 'jdk/internal/loader/BuiltinClassLoader'
  # parm0:    r8:r8     = 'java/lang/String'
  # parm1:    r9:r9     = 'jdk/internal/loader/Resource'
  #           [sp+0x110]  (sp of caller)
  0x0000020a78248ac0: 448b 5208 | 49bb 0000 | 0009 0a02 | 0000 4d03 | d34c 3bd0 

  0x0000020a78248ad4: ;   {runtime_call ic_miss_stub}
  0x0000020a78248ad4: 0f85 a65c | bbff 660f | 1f44 0000 
[Verified Entry Point]
  0x0000020a78248ae0: 8984 2400 | 80ff ff55 | 4881 ec00 | 0100 0090 | 4181 7f20 | 0300 0000 

  0x0000020a78248af8: ;   {runtime_call StubRoutines (final stubs)}
  0x0000020a78248af8: 7405 e861 | c2b9 ff48 | 8994 24a0 | 0000 004c | 8984 2490 | 0000 004c | 898c 2498 | 0000 0049 
  0x0000020a78248b18: 8bd1 6666 | 9048 b8ff | ffff ffff 

  0x0000020a78248b24: ;   {virtual_call}
  0x0000020a78248b24: ffff ffe8 

  0x0000020a78248b28: ; ImmutableOopMap {[144]=Oop [152]=Oop [160]=Oop }
                      ;*invokevirtual getCodeSourceURL {reexecute=0 rethrow=0 return_oop=0}
                      ; - jdk.internal.loader.BuiltinClassLoader::defineClass@1 (line 842)
  0x0000020a78248b28: cc76 c7ff 

  0x0000020a78248b2c: ;   {other}
  0x0000020a78248b2c: 0f1f 8400 | 1c03 0000 | 4889 8424 | a800 0000 | 4c8b 8424 | 9000 0000 

  0x0000020a78248b44: ; implicit exception: dispatches to 0x0000020a78249082
  0x0000020a78248b44: 418b 7014 

  0x0000020a78248b48: ; implicit exception: dispatches to 0x0000020a78249087
  0x0000020a78248b48: 8b56 0c45 | 0fbe 4810 | 498b c9c1 | e118 c1f9 | 18d3 fa48 | 8bfa ffcf | 4585 c9ba | 0000 0000 
  0x0000020a78248b68: 7505 ba01 | 0000 0083 | e201 85d2 | 488b d641 | b82e 0000 | 004c 8bcf | 0f84 1300 

  0x0000020a78248b84: ;   {static_call}
  0x0000020a78248b84: 0000 90e8 

  0x0000020a78248b88: ; ImmutableOopMap {[144]=Oop [152]=Oop [160]=Oop [168]=Oop }
                      ;*invokestatic lastIndexOf {reexecute=0 rethrow=0 return_oop=0}
                      ; - java.lang.String::lastIndexOf@13 (line 2562)
                      ; - java.lang.String::lastIndexOf@8 (line 2524)
                      ; - jdk.internal.loader.BuiltinClassLoader::defineClass@8 (line 845)
  0x0000020a78248b88: b457 c8ff 

  0x0000020a78248b8c: ;   {other}
  0x0000020a78248b8c: 0f1f 8400 | 7c03 0001 | e913 0000 | 0066 0f1f 

  0x0000020a78248b9c: ;   {static_call}
  0x0000020a78248b9c: 4400 00e8 

  0x0000020a78248ba0: ; ImmutableOopMap {[144]=Oop [152]=Oop [160]=Oop [168]=Oop }
                      ;*invokestatic lastIndexOf {reexecute=0 rethrow=0 return_oop=0}
                      ; - java.lang.String::lastIndexOf@25 (line 2563)
                      ; - java.lang.String::lastIndexOf@8 (line 2524)
                      ; - jdk.internal.loader.BuiltinClassLoader::defineClass@8 (line 845)
  0x0000020a78248ba0: dc64 bbff 

  0x0000020a78248ba4: ;   {other}
  0x0000020a78248ba4: 0f1f 8400 | 9403 0002 | 83f8 ff0f | 847f 0000 | 0041 b800 | 0000 004c | 8bc8 488b | 9424 9000 
  0x0000020a78248bc4: ;   {optimized virtual_call}
  0x0000020a78248bc4: 0000 90e8 

  0x0000020a78248bc8: ; ImmutableOopMap {[144]=Oop [152]=Oop [160]=Oop [168]=Oop }
                      ;*invokevirtual substring {reexecute=0 rethrow=0 return_oop=0}
                      ; - jdk.internal.loader.BuiltinClassLoader::defineClass@23 (line 847)
  0x0000020a78248bc8: b43f d4ff 

  0x0000020a78248bcc: ;   {other}
  0x0000020a78248bcc: 0f1f 8400 | bc03 0003 | 488b 9424 | 9800 0000 | 4889 8424 | b000 0000 | 9048 b8ff | ffff ffff 
  0x0000020a78248bec: ;   {virtual_call}
  0x0000020a78248bec: ffff ffe8 

  0x0000020a78248bf0: ; ImmutableOopMap {[144]=Oop [152]=Oop [160]=Oop [168]=Oop [176]=Oop }
                      ;*invokevirtual getManifest {reexecute=0 rethrow=0 return_oop=0}
                      ; - jdk.internal.loader.BuiltinClassLoader::defineClass@29 (line 848)
  0x0000020a78248bf0: ec74 c7ff 

  0x0000020a78248bf4: ;   {other}
  0x0000020a78248bf4: 0f1f 8400 | e403 0004 | 4c8b 8424 | b000 0000 | 4c8b c848 | 8bbc 24a8 | 0000 0048 | 8b94 24a0 
  0x0000020a78248c14: 0000 0066 | 0f1f 4400 | 0048 b810 | a306 090a 

  0x0000020a78248c24: ;   {virtual_call}
  0x0000020a78248c24: 0200 00e8 

  0x0000020a78248c28: ; ImmutableOopMap {[144]=Oop [152]=Oop [160]=Oop [168]=Oop }
                      ;*invokevirtual defineOrCheckPackage {reexecute=0 rethrow=0 return_oop=0}
                      ; - jdk.internal.loader.BuiltinClassLoader::defineClass@40 (line 849)
  0x0000020a78248c28: 14f1 ffff 

  0x0000020a78248c2c: ;   {other}
  0x0000020a78248c2c: 0f1f 8400 | 1c04 0005 | 4c8b 8c24 | 9800 0000 | 488d 9424 | e000 0000 | 4c89 4a08 | 498b 0148 
  0x0000020a78248c4c: 83c8 0148 | 8902 f049 | 0fb1 110f | 8412 0000 | 0048 2bc4 | 4825 07f0 | ffff 4889 | 020f 851d 
  0x0000020a78248c6c: 0400 0049 | ff87 5005 | 0000 418b | 510c 4885 | d20f 8551 | 0000 0049 | 8bd1 0f1f | 8000 0000 
  0x0000020a78248c8c: 0048 b8ff | ffff ffff 

  0x0000020a78248c94: ;   {virtual_call}
  0x0000020a78248c94: ffff ffe8 

  0x0000020a78248c98: ; ImmutableOopMap {[144]=Oop [152]=Oop [160]=Oop [168]=Oop [232]=Oop }
                      ;*invokevirtual getInputStream {reexecute=0 rethrow=0 return_oop=0}
                      ; - jdk.internal.loader.Resource::cachedInputStream@9 (line 77)
                      ; - jdk.internal.loader.Resource::getByteBuffer@1 (line 163)
                      ; - jdk.internal.loader.BuiltinClassLoader::defineClass@45 (line 853)
  0x0000020a78248c98: 5473 c7ff 

  0x0000020a78248c9c: ;   {other}
  0x0000020a78248c9c: 0f1f 8400 | 8c04 0006 | 410f be57 | 4085 d24c | 8b8c 2498 | 0000 000f | 85e6 0300 | 004c 8bd0 
  0x0000020a78248cbc: 4589 510c | 498b d148 | 33d0 48c1 | ea14 4883 | fa00 0f85 | e703 0000 | 418b 510c | 488d 8424 
  0x0000020a78248cdc: e000 0000 | 488b 3048 | 85f6 0f84 | 0f00 0000 | 488b 7808 | f048 0fb1 | 370f 85d8 | 0300 0049 
  0x0000020a78248cfc: ff8f 5005 | 0000 4885 | d20f 8443 

  0x0000020a78248d08: ;   {metadata('sun/nio/ByteBuffered')}
  0x0000020a78248d08: 0000 0048 | b8a8 d036 | 090a 0200 | 008b 5a08 | 49ba 0000 | 0009 0a02 | 0000 4903 | da48 3b43 
  0x0000020a78248d28: 200f 8424 | 0000 0048 | 3bd8 0f84 | 1b00 0000 

  0x0000020a78248d38: ;   {runtime_call slow_subtype_check Runtime1 stub}
  0x0000020a78248d38: 5350 e841 | 99c6 ff5b | 5b85 db0f | 8405 0000 | 00e9 0500 | 0000 4833 | f6eb 0a48 | be01 0000 
  0x0000020a78248d58: 0000 0000 | 0085 f60f | 846c 0000 | 0048 85d2 | 0f84 4300 

  0x0000020a78248d6c: ;   {metadata('sun/nio/ByteBuffered')}
  0x0000020a78248d6c: 0000 48bb | a8d0 3609 | 0a02 0000 | 8b7a 0849 | ba00 0000 | 090a 0200 | 0049 03fa | 483b 5f20 
  0x0000020a78248d8c: 0f84 1f00 | 0000 483b | fb0f 8416 | 0000 0057 

  0x0000020a78248d9c: ;   {runtime_call slow_subtype_check Runtime1 stub}
  0x0000020a78248d9c: 53e8 de98 | c6ff 5f5f | 85ff 0f84 | 3d03 0000 | e900 0000 | 000f 1f40 | 0048 b8ff | ffff ffff 
  0x0000020a78248dbc: ;   {virtual_call}
  0x0000020a78248dbc: ffff ffe8 

  0x0000020a78248dc0: ; ImmutableOopMap {[144]=Oop [152]=Oop [160]=Oop [168]=Oop }
                      ;*invokeinterface getByteBuffer {reexecute=0 rethrow=0 return_oop=0}
                      ; - jdk.internal.loader.Resource::getByteBuffer@16 (line 165)
                      ; - jdk.internal.loader.BuiltinClassLoader::defineClass@45 (line 853)
  0x0000020a78248dc0: bc5f bbff 

  0x0000020a78248dc4: ;   {other}
  0x0000020a78248dc4: 0f1f 8400 | b405 0007 | e90a 0000 

  0x0000020a78248dd0: ;   {oop(nullptr)}
  0x0000020a78248dd0: 0048 b800 | 0000 0000 | 0000 0048 | 85c0 0f84 | 0601 0000 | 4889 8424 | b800 0000 | 488b 9424 
  0x0000020a78248df0: 9800 0000 | 9048 b8ff | ffff ffff 

  0x0000020a78248dfc: ;   {virtual_call}
  0x0000020a78248dfc: ffff ffe8 

  0x0000020a78248e00: ; ImmutableOopMap {[144]=Oop [160]=Oop [168]=Oop [184]=Oop }
                      ;*invokevirtual getCodeSigners {reexecute=0 rethrow=0 return_oop=0}
                      ; - jdk.internal.loader.BuiltinClassLoader::defineClass@56 (line 855)
  0x0000020a78248e00: 7c5f bbff 

  0x0000020a78248e04: ;   {other}
  0x0000020a78248e04: 0f1f 8400 | f405 0008 

  0x0000020a78248e0c: ;   {metadata('java/security/CodeSource')}
  0x0000020a78248e0c: 4c8b c848 | bad8 5a00 | 090a 0200 | 0049 8b87 | b801 0000 | 488d 7828 | 493b bfc8 | 0100 000f 
  0x0000020a78248e2c: 87c1 0200 | 0049 89bf | b801 0000 | 48c7 0001 | 0000 0048 | 8bca 49ba | 0000 0009 | 0a02 0000 
  0x0000020a78248e4c: 492b ca89 | 4808 4833 | c989 480c | 4833 c948 | 8948 1048 | 8948 1848 | 8948 204c | 8b84 24a8 
  0x0000020a78248e6c: 0000 0048 | 8bd0 4889 | 8424 c000 | 0000 0f1f 

  0x0000020a78248e7c: ;   {optimized virtual_call}
  0x0000020a78248e7c: 4400 00e8 

  0x0000020a78248e80: ; ImmutableOopMap {[144]=Oop [160]=Oop [184]=Oop [192]=Oop }
                      ;*invokespecial <init> {reexecute=0 rethrow=0 return_oop=0}
                      ; - jdk.internal.loader.BuiltinClassLoader::defineClass@68 (line 856)
  0x0000020a78248e80: fc5b bbff 

  0x0000020a78248e84: ;   {other}
  0x0000020a78248e84: 0f1f 8400 | 7406 0009 | 4c8b 8424 | c000 0000 | 488b 9424 | a000 0000 

  0x0000020a78248e9c: ;   {optimized virtual_call}
  0x0000020a78248e9c: 6666 90e8 

  0x0000020a78248ea0: ; ImmutableOopMap {[144]=Oop [160]=Oop [184]=Oop }
                      ;*invokevirtual getProtectionDomain {reexecute=0 rethrow=0 return_oop=0}
                      ; - java.security.SecureClassLoader::defineClass@5 (line 182)
                      ; - jdk.internal.loader.BuiltinClassLoader::defineClass@79 (line 857)
  0x0000020a78248ea0: dc5b bbff 

  0x0000020a78248ea4: ;   {other}
  0x0000020a78248ea4: 0f1f 8400 | 9406 000a | 4c8b 8424 | 9000 0000 | 4c8b 8c24 | b800 0000 | 488b f848 | 8b94 24a0 
  0x0000020a78248ec4: ;   {optimized virtual_call}
  0x0000020a78248ec4: 0000 00e8 

  0x0000020a78248ec8: ; ImmutableOopMap {}
                      ;*invokevirtual defineClass {reexecute=0 rethrow=0 return_oop=0}
                      ; - java.security.SecureClassLoader::defineClass@8 (line 182)
                      ; - jdk.internal.loader.BuiltinClassLoader::defineClass@79 (line 857)
  0x0000020a78248ec8: b45b bbff 

  0x0000020a78248ecc: ;   {other}
  0x0000020a78248ecc: 0f1f 8400 | bc06 000b | 4881 c400 | 0100 005d 

  0x0000020a78248edc: ;   {poll_return}
  0x0000020a78248edc: 493b a750 | 0400 000f | 8716 0200 | 00c3 4c8b | 8c24 9800 | 0000 498b | d148 b8ff | ffff ffff 
  0x0000020a78248efc: ;   {virtual_call}
  0x0000020a78248efc: ffff ffe8 

  0x0000020a78248f00: ; ImmutableOopMap {[144]=Oop [152]=Oop [160]=Oop [168]=Oop }
                      ;*invokevirtual getBytes {reexecute=0 rethrow=0 return_oop=0}
                      ; - jdk.internal.loader.BuiltinClassLoader::defineClass@84 (line 859)
  0x0000020a78248f00: 4c71 c7ff 

  0x0000020a78248f04: ;   {other}
  0x0000020a78248f04: 0f1f 8400 | f406 000c | 4889 8424 | c800 0000 | 488b 9424 | 9800 0000 | 9048 b8ff | ffff ffff 
  0x0000020a78248f24: ;   {virtual_call}
  0x0000020a78248f24: ffff ffe8 

  0x0000020a78248f28: ; ImmutableOopMap {[144]=Oop [160]=Oop [168]=Oop [200]=Oop }
                      ;*invokevirtual getCodeSigners {reexecute=0 rethrow=0 return_oop=0}
                      ; - jdk.internal.loader.BuiltinClassLoader::defineClass@90 (line 860)
  0x0000020a78248f28: 5471 c7ff 

  0x0000020a78248f2c: ;   {other}
  0x0000020a78248f2c: 0f1f 8400 | 1c07 000d 

  0x0000020a78248f34: ;   {metadata('java/security/CodeSource')}
  0x0000020a78248f34: 4c8b c848 | bad8 5a00 | 090a 0200 | 0049 8b87 | b801 0000 | 488d 7828 | 493b bfc8 | 0100 000f 
  0x0000020a78248f54: 87bc 0100 | 0049 89bf | b801 0000 | 48c7 0001 | 0000 0048 | 8bca 49ba | 0000 0009 | 0a02 0000 
  0x0000020a78248f74: 492b ca89 | 4808 4833 | c989 480c | 4833 c948 | 8948 1048 | 8948 1848 | 8948 204c | 8b84 24a8 
  0x0000020a78248f94: 0000 0048 | 8bd0 4889 | 8424 d000 | 0000 0f1f 

  0x0000020a78248fa4: ;   {optimized virtual_call}
  0x0000020a78248fa4: 4400 00e8 

  0x0000020a78248fa8: ; ImmutableOopMap {[144]=Oop [160]=Oop [200]=Oop [208]=Oop }
                      ;*invokespecial <init> {reexecute=0 rethrow=0 return_oop=0}
                      ; - jdk.internal.loader.BuiltinClassLoader::defineClass@102 (line 861)
  0x0000020a78248fa8: d4a8 ffff 

  0x0000020a78248fac: ;   {other}
  0x0000020a78248fac: 0f1f 8400 | 9c07 000e | 488b 8424 | c800 0000 

  0x0000020a78248fbc: ; implicit exception: dispatches to 0x0000020a78249122
  0x0000020a78248fbc: 8b70 0c4c | 8b84 24d0 | 0000 0048 | 8b94 24a0 | 0000 0089 | b424 d800 

  0x0000020a78248fd4: ;   {optimized virtual_call}
  0x0000020a78248fd4: 0000 90e8 

  0x0000020a78248fd8: ; ImmutableOopMap {[144]=Oop [160]=Oop [200]=Oop }
                      ;*invokevirtual getProtectionDomain {reexecute=0 rethrow=0 return_oop=0}
                      ; - java.security.SecureClassLoader::defineClass@9 (line 150)
                      ; - jdk.internal.loader.BuiltinClassLoader::defineClass@117 (line 862)
  0x0000020a78248fd8: 24a3 ffff 

  0x0000020a78248fdc: ;   {other}
  0x0000020a78248fdc: 0f1f 8400 | cc07 000f | 4c8b 8424 | 9000 0000 | 4c8b 8c24 | c800 0000 | bf00 0000 | 008b b424 
  0x0000020a78248ffc: d800 0000 | 488b c848 | 8b94 24a0 | 0000 000f 

  0x0000020a7824900c: ;   {optimized virtual_call}
  0x0000020a7824900c: 1f40 00e8 

  0x0000020a78249010: ; ImmutableOopMap {}
                      ;*invokevirtual defineClass {reexecute=0 rethrow=0 return_oop=0}
                      ; - java.security.SecureClassLoader::defineClass@12 (line 150)
                      ; - jdk.internal.loader.BuiltinClassLoader::defineClass@117 (line 862)
  0x0000020a78249010: ec45 0000 

  0x0000020a78249014: ;   {other}
  0x0000020a78249014: 0f1f 8400 | 0408 0010 | 4881 c400 | 0100 005d 

  0x0000020a78249024: ;   {poll_return}
  0x0000020a78249024: 493b a750 | 0400 000f | 87f6 0000 | 00c3 498b | 8700 0500 | 004d 33d2 | 4d89 9700 | 0500 004d 
  0x0000020a78249044: 33d2 4d89 | 9708 0500 | 0048 8bf0 | 488d 8424 | e000 0000 | 488b 3848 | 85ff 0f84 | 0f00 0000 
  0x0000020a78249064: 488b 5808 | f048 0fb1 | 3b0f 85ca | 0000 0049 | ff8f 5005 | 0000 488b | c6e9 ee00 

  0x0000020a78249080: ;   {runtime_call throw_null_pointer_exception Runtime1 stub}
  0x0000020a78249080: 0000 e8f9 

  0x0000020a78249084: ; ImmutableOopMap {rax=Oop r8=Oop [144]=Oop [152]=Oop [160]=Oop [168]=Oop }
                      ;*invokevirtual lastIndexOf {reexecute=0 rethrow=0 return_oop=0}
                      ; - jdk.internal.loader.BuiltinClassLoader::defineClass@8 (line 845)
                      ;   {runtime_call throw_null_pointer_exception Runtime1 stub}
  0x0000020a78249084: 6bc6 ffe8 

  0x0000020a78249088: ; ImmutableOopMap {rax=Oop r8=Oop rsi=Oop [144]=Oop [152]=Oop [160]=Oop [168]=Oop }
                      ;*arraylength {reexecute=0 rethrow=0 return_oop=0}
                      ; - java.lang.String::length@4 (line 1508)
                      ; - java.lang.String::lastIndexOf@3 (line 2524)
                      ; - jdk.internal.loader.BuiltinClassLoader::defineClass@8 (line 845)
  0x0000020a78249088: f46b c6ff | 4c89 4c24 | 0848 8914 

  0x0000020a78249094: ;   {runtime_call monitorenter_nofpu Runtime1 stub}
  0x0000020a78249094: 24e8 e69b 

  0x0000020a78249098: ; ImmutableOopMap {r9=Oop [144]=Oop [152]=Oop [160]=Oop [168]=Oop [232]=Oop }
                      ;*synchronization entry
                      ; - jdk.internal.loader.Resource::cachedInputStream@-1 (line 76)
                      ; - jdk.internal.loader.Resource::getByteBuffer@1 (line 163)
                      ; - jdk.internal.loader.BuiltinClassLoader::defineClass@45 (line 853)
  0x0000020a78249098: c6ff e9d7 | fbff ff41 | 8b51 0c48 | 83fa 000f | 840c fcff | ff48 8914 

  0x0000020a782490b0: ;   {runtime_call g1_pre_barrier_slow}
  0x0000020a782490b0: 24e8 cac2 | c6ff e9fe | fbff ff48 | 83f8 000f | 840f fcff | ff4c 890c 

  0x0000020a782490c8: ;   {runtime_call g1_post_barrier_slow}
  0x0000020a782490c8: 24e8 b2c5 | c6ff e901 | fcff ff48 | 8d84 24e0 | 0000 0048 

  0x0000020a782490dc: ;   {runtime_call monitorexit_nofpu Runtime1 stub}
  0x0000020a782490dc: 8904 24e8 | 9ca1 c6ff | e919 fcff | ff48 8914 

  0x0000020a782490ec: ;   {runtime_call throw_class_cast_exception Runtime1 stub}
  0x0000020a782490ec: 24e8 8e8f 

  0x0000020a782490f0: ; ImmutableOopMap {[144]=Oop [152]=Oop [160]=Oop [168]=Oop }
                      ;*checkcast {reexecute=0 rethrow=0 return_oop=0}
                      ; - jdk.internal.loader.Resource::getByteBuffer@13 (line 165)
                      ; - jdk.internal.loader.BuiltinClassLoader::defineClass@45 (line 853)
  0x0000020a782490f0: c6ff 488b 

  0x0000020a782490f4: ;   {runtime_call fast_new_instance Runtime1 stub}
  0x0000020a782490f4: d2e8 8674 

  0x0000020a782490f8: ; ImmutableOopMap {r9=Oop [144]=Oop [160]=Oop [168]=Oop [184]=Oop }
                      ;*new {reexecute=0 rethrow=0 return_oop=0}
                      ; - jdk.internal.loader.BuiltinClassLoader::defineClass@61 (line 856)
  0x0000020a782490f8: c6ff e968 

  0x0000020a782490fc: ;   {internal_word}
  0x0000020a782490fc: fdff ff49 | badc 8e24 | 780a 0200 | 004d 8997 | 6804 0000 

  0x0000020a78249110: ;   {runtime_call SafepointBlob}
  0x0000020a78249110: e9eb c5bb | ff48 8bd2 

  0x0000020a78249118: ;   {runtime_call fast_new_instance Runtime1 stub}
  0x0000020a78249118: e863 74c6 

  0x0000020a7824911c: ; ImmutableOopMap {r9=Oop [144]=Oop [160]=Oop [168]=Oop [200]=Oop }
                      ;*new {reexecute=0 rethrow=0 return_oop=0}
                      ; - jdk.internal.loader.BuiltinClassLoader::defineClass@95 (line 861)
  0x0000020a7824911c: ffe9 6dfe 

  0x0000020a78249120: ;   {runtime_call throw_null_pointer_exception Runtime1 stub}
  0x0000020a78249120: ffff e859 

  0x0000020a78249124: ; ImmutableOopMap {rax=Oop [144]=Oop [160]=Oop [200]=Oop [208]=Oop }
                      ;*arraylength {reexecute=0 rethrow=0 return_oop=0}
                      ; - jdk.internal.loader.BuiltinClassLoader::defineClass@114 (line 862)
                      ;   {internal_word}
  0x0000020a78249124: 6bc6 ff49 | ba24 9024 | 780a 0200 | 004d 8997 | 6804 0000 

  0x0000020a78249138: ;   {runtime_call SafepointBlob}
  0x0000020a78249138: e9c3 c5bb | ff48 8d84 | 24e0 0000 | 0048 8904 

  0x0000020a78249148: ;   {runtime_call monitorexit_nofpu Runtime1 stub}
  0x0000020a78249148: 24e8 32a1 | c6ff e927 | ffff ff49 | 8b87 0005 | 0000 49c7 | 8700 0500 | 0000 0000 | 0049 c787 
  0x0000020a78249168: 0805 0000 | 0000 0000 | 4881 c400 | 0100 005d 

  0x0000020a78249178: ;   {runtime_call unwind_exception Runtime1 stub}
  0x0000020a78249178: e903 5cc6 | fff4 f4f4 
[Stub Code]
  0x0000020a78249180: ;   {no_reloc}
  0x0000020a78249180: 0f1f 4400 

  0x0000020a78249184: ;   {static_stub}
  0x0000020a78249184: 0048 bb00 | 0000 0000 

  0x0000020a7824918c: ;   {runtime_call}
  0x0000020a7824918c: 0000 00e9 | fbff ffff 

  0x0000020a78249194: ;   {static_stub}
  0x0000020a78249194: 9048 bb00 | 0000 0000 

  0x0000020a7824919c: ;   {runtime_call}
  0x0000020a7824919c: 0000 00e9 | fbff ffff 

  0x0000020a782491a4: ;   {static_stub}
  0x0000020a782491a4: 9048 bb00 | 0000 0000 

  0x0000020a782491ac: ;   {runtime_call}
  0x0000020a782491ac: 0000 00e9 | fbff ffff 

  0x0000020a782491b4: ;   {static_stub}
  0x0000020a782491b4: 9048 bb00 | 0000 0000 

  0x0000020a782491bc: ;   {runtime_call}
  0x0000020a782491bc: 0000 00e9 | fbff ffff 

  0x0000020a782491c4: ;   {static_stub}
  0x0000020a782491c4: 9048 bb00 | 0000 0000 

  0x0000020a782491cc: ;   {runtime_call}
  0x0000020a782491cc: 0000 00e9 | fbff ffff 

  0x0000020a782491d4: ;   {static_stub}
  0x0000020a782491d4: 9048 bb00 | 0000 0000 

  0x0000020a782491dc: ;   {runtime_call}
  0x0000020a782491dc: 0000 00e9 | fbff ffff 

  0x0000020a782491e4: ;   {static_stub}
  0x0000020a782491e4: 9048 bb00 | 0000 0000 

  0x0000020a782491ec: ;   {runtime_call}
  0x0000020a782491ec: 0000 00e9 | fbff ffff 

  0x0000020a782491f4: ;   {static_stub}
  0x0000020a782491f4: 9048 bb00 | 0000 0000 

  0x0000020a782491fc: ;   {runtime_call}
  0x0000020a782491fc: 0000 00e9 | fbff ffff 

  0x0000020a78249204: ;   {static_stub}
  0x0000020a78249204: 48bb 0000 | 0000 0000 

  0x0000020a7824920c: ;   {runtime_call}
  0x0000020a7824920c: 0000 e9fb 

  0x0000020a78249210: ;   {static_stub}
  0x0000020a78249210: ffff ff48 | bb00 0000 | 0000 0000 

  0x0000020a7824921c: ;   {runtime_call}
  0x0000020a7824921c: 00e9 fbff 

  0x0000020a78249220: ;   {static_stub}
  0x0000020a78249220: ffff 48bb | 0000 0000 | 0000 0000 

  0x0000020a7824922c: ;   {runtime_call}
  0x0000020a7824922c: e9fb ffff 

  0x0000020a78249230: ;   {static_stub}
  0x0000020a78249230: ff48 bb00 | 0000 0000 

  0x0000020a78249238: ;   {runtime_call}
  0x0000020a78249238: 0000 00e9 | fbff ffff 

  0x0000020a78249240: ;   {static_stub}
  0x0000020a78249240: 48bb 0000 | 0000 0000 

  0x0000020a78249248: ;   {runtime_call}
  0x0000020a78249248: 0000 e9fb 

  0x0000020a7824924c: ;   {static_stub}
  0x0000020a7824924c: ffff ff48 | bb00 0000 | 0000 0000 

  0x0000020a78249258: ;   {runtime_call}
  0x0000020a78249258: 00e9 fbff 

  0x0000020a7824925c: ;   {static_stub}
  0x0000020a7824925c: ffff 48bb | 0000 0000 | 0000 0000 

  0x0000020a78249268: ;   {runtime_call}
  0x0000020a78249268: e9fb ffff 

  0x0000020a7824926c: ;   {runtime_call handle_exception_from_callee Runtime1 stub}
  0x0000020a7824926c: ffe8 0e88 

  0x0000020a78249270: ;   {external_word}
  0x0000020a78249270: c6ff 48b9 | 1009 e96a | fa7f 0000 | 4883 e4f0 

  0x0000020a78249280: ;   {runtime_call}
  0x0000020a78249280: 48b8 708b | b06a fa7f | 0000 ffd0 

  0x0000020a7824928c: ;   {section_word}
  0x0000020a7824928c: f449 ba8d | 9224 780a | 0200 0041 

  0x0000020a78249298: ;   {runtime_call DeoptimizationBlob}
  0x0000020a78249298: 52e9 02b7 | bbff f4f4 
[/MachCode]


---------------  P R O C E S S  ---------------

Threads class SMR info:
_java_thread_list=0x0000020a4e5410f0, length=20, elements={
0x0000020a75b07150, 0x0000020a7f919ab0, 0x0000020a7f91b220, 0x0000020a7f91dca0,
0x0000020a7f91f110, 0x0000020a7f921b80, 0x0000020a7f9225e0, 0x0000020a7f923040,
0x0000020a08561af0, 0x0000020a085ecf20, 0x0000020a085f25b0, 0x0000020a4e3006b0,
0x0000020a4e42f930, 0x0000020a4e435820, 0x0000020a4e436560, 0x0000020a4e473090,
0x0000020a4e4a6120, 0x0000020a4e47f3b0, 0x0000020a4e4b0360, 0x0000020a4e78e060
}

Java Threads: ( => current thread )
=>0x0000020a75b07150 JavaThread "main"                              [_thread_in_vm, id=14796, stack(0x0000002fa4e00000,0x0000002fa4f00000) (1024K)]
  0x0000020a7f919ab0 JavaThread "Reference Handler"          daemon [_thread_blocked, id=11928, stack(0x0000002fa5600000,0x0000002fa5700000) (1024K)]
  0x0000020a7f91b220 JavaThread "Finalizer"                  daemon [_thread_blocked, id=2424, stack(0x0000002fa5700000,0x0000002fa5800000) (1024K)]
  0x0000020a7f91dca0 JavaThread "Signal Dispatcher"          daemon [_thread_blocked, id=232, stack(0x0000002fa5800000,0x0000002fa5900000) (1024K)]
  0x0000020a7f91f110 JavaThread "Attach Listener"            daemon [_thread_blocked, id=4608, stack(0x0000002fa5900000,0x0000002fa5a00000) (1024K)]
  0x0000020a7f921b80 JavaThread "Service Thread"             daemon [_thread_blocked, id=8, stack(0x0000002fa5a00000,0x0000002fa5b00000) (1024K)]
  0x0000020a7f9225e0 JavaThread "Monitor Deflation Thread"   daemon [_thread_blocked, id=14484, stack(0x0000002fa5b00000,0x0000002fa5c00000) (1024K)]
  0x0000020a7f923040 JavaThread "C1 CompilerThread0"         daemon [_thread_blocked, id=14744, stack(0x0000002fa5c00000,0x0000002fa5d00000) (1024K)]
  0x0000020a08561af0 JavaThread "C1 CompilerThread1"         daemon [_thread_blocked, id=11776, stack(0x0000002fa5d00000,0x0000002fa5e00000) (1024K)]
  0x0000020a085ecf20 JavaThread "Notification Thread"        daemon [_thread_blocked, id=10732, stack(0x0000002fa5e00000,0x0000002fa5f00000) (1024K)]
  0x0000020a085f25b0 JavaThread "Common-Cleaner"             daemon [_thread_blocked, id=16696, stack(0x0000002fa5f00000,0x0000002fa6000000) (1024K)]
  0x0000020a4e3006b0 JavaThread "C1 CompilerThread2"         daemon [_thread_blocked, id=18052, stack(0x0000002fa6000000,0x0000002fa6100000) (1024K)]
  0x0000020a4e42f930 JavaThread "RMI TCP Accept-0"           daemon [_thread_in_native, id=20216, stack(0x0000002fa6400000,0x0000002fa6500000) (1024K)]
  0x0000020a4e435820 JavaThread "RMI TCP Accept-50499"       daemon [_thread_in_native, id=17784, stack(0x0000002fa6500000,0x0000002fa6600000) (1024K)]
  0x0000020a4e436560 JavaThread "RMI TCP Accept-0"           daemon [_thread_in_native, id=11632, stack(0x0000002fa6600000,0x0000002fa6700000) (1024K)]
  0x0000020a4e473090 JavaThread "RMI TCP Connection(1)-127.0.0.1" daemon [_thread_in_native, id=10888, stack(0x0000002fa6700000,0x0000002fa6800000) (1024K)]
  0x0000020a4e4a6120 JavaThread "RMI TCP Connection(2)-127.0.0.1" daemon [_thread_in_native, id=19720, stack(0x0000002fa6800000,0x0000002fa6900000) (1024K)]
  0x0000020a4e47f3b0 JavaThread "RMI Scheduler(0)"           daemon [_thread_blocked, id=19708, stack(0x0000002fa6900000,0x0000002fa6a00000) (1024K)]
  0x0000020a4e4b0360 JavaThread "JMX server connection timeout 30" daemon [_thread_blocked, id=11172, stack(0x0000002fa6a00000,0x0000002fa6b00000) (1024K)]
  0x0000020a4e78e060 JavaThread "boundedElastic-evictor-1"   daemon [_thread_blocked, id=6896, stack(0x0000002fa6b00000,0x0000002fa6c00000) (1024K)]
Total: 20

Other Threads:
  0x0000020a7f8ff700 VMThread "VM Thread"                           [id=5944, stack(0x0000002fa5500000,0x0000002fa5600000) (1024K)]
  0x0000020a7f8eb0f0 WatcherThread "VM Periodic Task Thread"        [id=18712, stack(0x0000002fa5400000,0x0000002fa5500000) (1024K)]
  0x0000020a77d52920 WorkerThread "GC Thread#0"                     [id=8480, stack(0x0000002fa4f00000,0x0000002fa5000000) (1024K)]
  0x0000020a4e306c20 WorkerThread "GC Thread#1"                     [id=15080, stack(0x0000002fa6100000,0x0000002fa6200000) (1024K)]
  0x0000020a4e308fe0 WorkerThread "GC Thread#2"                     [id=16112, stack(0x0000002fa6200000,0x0000002fa6300000) (1024K)]
  0x0000020a4e31fc60 WorkerThread "GC Thread#3"                     [id=280, stack(0x0000002fa6300000,0x0000002fa6400000) (1024K)]
  0x0000020a77d63460 ConcurrentGCThread "G1 Main Marker"            [id=15464, stack(0x0000002fa5000000,0x0000002fa5100000) (1024K)]
  0x0000020a77d63e80 WorkerThread "G1 Conc#0"                       [id=18628, stack(0x0000002fa5100000,0x0000002fa5200000) (1024K)]
  0x0000020a7f7ae540 ConcurrentGCThread "G1 Refine#0"               [id=14260, stack(0x0000002fa5200000,0x0000002fa5300000) (1024K)]
  0x0000020a7f7aed70 ConcurrentGCThread "G1 Service"                [id=796, stack(0x0000002fa5300000,0x0000002fa5400000) (1024K)]
Total: 10

Threads with active compile tasks:
Total: 0

VM state: not at safepoint (normal execution)

VM Mutex/Monitor currently owned by a thread:  ([mutex/lock_event])
[0x00007ffa6b128f50] Metaspace_lock - owner thread: 0x0000020a75b07150

Heap address: 0x0000000081e00000, size: 2018 MB, Compressed Oops mode: 32-bit

CDS archive(s) mapped at: [0x0000020a09000000-0x0000020a09c90000-0x0000020a09c90000), size 13172736, SharedBaseAddress: 0x0000020a09000000, ArchiveRelocationMode: 1.
Compressed class space mapped at: 0x0000020a0a000000-0x0000020a4a000000, reserved size: 1073741824
Narrow klass base: 0x0000020a09000000, Narrow klass shift: 0, Narrow klass range: 0x100000000

GC Precious Log:
 CardTable entry size: 512
 Card Set container configuration: InlinePtr #cards 5 size 8 Array Of Cards #cards 12 size 40 Howl #buckets 4 coarsen threshold 1843 Howl Bitmap #cards 512 size 80 coarsen threshold 460 Card regions per heap region 1 cards per card region 2048
 CPUs: 4 total, 4 available
 Memory: 8066M
 Large Page Support: Disabled
 NUMA Support: Disabled
 Compressed Oops: Enabled (32-bit)
 Heap Region Size: 1M
 Heap Min Capacity: 8M
 Heap Initial Capacity: 128M
 Heap Max Capacity: 2018M
 Pre-touch: Disabled
 Parallel Workers: 4
 Concurrent Workers: 1
 Concurrent Refinement Workers: 4
 Periodic GC: Disabled

Heap:
 garbage-first heap   total 58368K, used 28743K [0x0000000081e00000, 0x0000000100000000)
  region size 1024K, 12 young (12288K), 3 survivors (3072K)
 Metaspace       used 33045K, committed 33600K, reserved 1114112K
  class space    used 4668K, committed 4928K, reserved 1048576K

Heap Regions: E=young(eden), S=young(survivor), O=old, HS=humongous(starts), HC=humongous(continues), CS=collection set, F=free, TAMS=top-at-mark-start, PB=parsable bottom
|   0|0x0000000081e00000, 0x0000000081f00000, 0x0000000081f00000|100%|HS|  |TAMS 0x0000000081e00000| PB 0x0000000081e00000| Complete 
|   1|0x0000000081f00000, 0x0000000082000000, 0x0000000082000000|100%| O|  |TAMS 0x0000000081f00000| PB 0x0000000081f00000| Untracked 
|   2|0x0000000082000000, 0x0000000082100000, 0x0000000082100000|100%| O|  |TAMS 0x0000000082000000| PB 0x0000000082000000| Untracked 
|   3|0x0000000082100000, 0x0000000082200000, 0x0000000082200000|100%| O|  |TAMS 0x0000000082100000| PB 0x0000000082100000| Untracked 
|   4|0x0000000082200000, 0x0000000082300000, 0x0000000082300000|100%| O|  |TAMS 0x0000000082200000| PB 0x0000000082200000| Untracked 
|   5|0x0000000082300000, 0x0000000082400000, 0x0000000082400000|100%| O|  |TAMS 0x0000000082300000| PB 0x0000000082300000| Untracked 
|   6|0x0000000082400000, 0x0000000082500000, 0x0000000082500000|100%| O|  |TAMS 0x0000000082400000| PB 0x0000000082400000| Untracked 
|   7|0x0000000082500000, 0x0000000082600000, 0x0000000082600000|100%| O|  |TAMS 0x0000000082500000| PB 0x0000000082500000| Untracked 
|   8|0x0000000082600000, 0x0000000082700000, 0x0000000082700000|100%| O|  |TAMS 0x0000000082600000| PB 0x0000000082600000| Untracked 
|   9|0x0000000082700000, 0x0000000082800000, 0x0000000082800000|100%| O|  |TAMS 0x0000000082700000| PB 0x0000000082700000| Untracked 
|  10|0x0000000082800000, 0x0000000082900000, 0x0000000082900000|100%| O|  |TAMS 0x0000000082800000| PB 0x0000000082800000| Untracked 
|  11|0x0000000082900000, 0x0000000082a00000, 0x0000000082a00000|100%| O|  |TAMS 0x0000000082900000| PB 0x0000000082900000| Untracked 
|  12|0x0000000082a00000, 0x0000000082b00000, 0x0000000082b00000|100%| O|  |TAMS 0x0000000082a00000| PB 0x0000000082a00000| Untracked 
|  13|0x0000000082b00000, 0x0000000082c00000, 0x0000000082c00000|100%| O|  |TAMS 0x0000000082b00000| PB 0x0000000082b00000| Untracked 
|  14|0x0000000082c00000, 0x0000000082d00000, 0x0000000082d00000|100%| O|  |TAMS 0x0000000082c00000| PB 0x0000000082c00000| Untracked 
|  15|0x0000000082d00000, 0x0000000082e00000, 0x0000000082e00000|100%| O|  |TAMS 0x0000000082d00000| PB 0x0000000082d00000| Untracked 
|  16|0x0000000082e00000, 0x0000000082f00000, 0x0000000082f00000|100%| O|  |TAMS 0x0000000082e00000| PB 0x0000000082e00000| Untracked 
|  17|0x0000000082f00000, 0x0000000082f55980, 0x0000000083000000| 33%| O|  |TAMS 0x0000000082f00000| PB 0x0000000082f00000| Untracked 
|  18|0x0000000083000000, 0x0000000083000000, 0x0000000083100000|  0%| F|  |TAMS 0x0000000083000000| PB 0x0000000083000000| Untracked 
|  19|0x0000000083100000, 0x0000000083100000, 0x0000000083200000|  0%| F|  |TAMS 0x0000000083100000| PB 0x0000000083100000| Untracked 
|  20|0x0000000083200000, 0x0000000083200000, 0x0000000083300000|  0%| F|  |TAMS 0x0000000083200000| PB 0x0000000083200000| Untracked 
|  21|0x0000000083300000, 0x0000000083300000, 0x0000000083400000|  0%| F|  |TAMS 0x0000000083300000| PB 0x0000000083300000| Untracked 
|  22|0x0000000083400000, 0x00000000834bc590, 0x0000000083500000| 73%| S|CS|TAMS 0x0000000083400000| PB 0x0000000083400000| Complete 
|  23|0x0000000083500000, 0x0000000083600000, 0x0000000083600000|100%| S|CS|TAMS 0x0000000083500000| PB 0x0000000083500000| Complete 
|  24|0x0000000083600000, 0x0000000083700000, 0x0000000083700000|100%| S|CS|TAMS 0x0000000083600000| PB 0x0000000083600000| Complete 
|  25|0x0000000083700000, 0x0000000083700000, 0x0000000083800000|  0%| F|  |TAMS 0x0000000083700000| PB 0x0000000083700000| Untracked 
|  26|0x0000000083800000, 0x0000000083800000, 0x0000000083900000|  0%| F|  |TAMS 0x0000000083800000| PB 0x0000000083800000| Untracked 
|  27|0x0000000083900000, 0x0000000083900000, 0x0000000083a00000|  0%| F|  |TAMS 0x0000000083900000| PB 0x0000000083900000| Untracked 
|  28|0x0000000083a00000, 0x0000000083a00000, 0x0000000083b00000|  0%| F|  |TAMS 0x0000000083a00000| PB 0x0000000083a00000| Untracked 
|  29|0x0000000083b00000, 0x0000000083b00000, 0x0000000083c00000|  0%| F|  |TAMS 0x0000000083b00000| PB 0x0000000083b00000| Untracked 
|  30|0x0000000083c00000, 0x0000000083c00000, 0x0000000083d00000|  0%| F|  |TAMS 0x0000000083c00000| PB 0x0000000083c00000| Untracked 
|  31|0x0000000083d00000, 0x0000000083d00000, 0x0000000083e00000|  0%| F|  |TAMS 0x0000000083d00000| PB 0x0000000083d00000| Untracked 
|  32|0x0000000083e00000, 0x0000000083e00000, 0x0000000083f00000|  0%| F|  |TAMS 0x0000000083e00000| PB 0x0000000083e00000| Untracked 
|  33|0x0000000083f00000, 0x0000000083f00000, 0x0000000084000000|  0%| F|  |TAMS 0x0000000083f00000| PB 0x0000000083f00000| Untracked 
|  34|0x0000000084000000, 0x0000000084000000, 0x0000000084100000|  0%| F|  |TAMS 0x0000000084000000| PB 0x0000000084000000| Untracked 
|  35|0x0000000084100000, 0x0000000084100000, 0x0000000084200000|  0%| F|  |TAMS 0x0000000084100000| PB 0x0000000084100000| Untracked 
|  36|0x0000000084200000, 0x0000000084200000, 0x0000000084300000|  0%| F|  |TAMS 0x0000000084200000| PB 0x0000000084200000| Untracked 
|  37|0x0000000084300000, 0x0000000084300000, 0x0000000084400000|  0%| F|  |TAMS 0x0000000084300000| PB 0x0000000084300000| Untracked 
|  38|0x0000000084400000, 0x0000000084400000, 0x0000000084500000|  0%| F|  |TAMS 0x0000000084400000| PB 0x0000000084400000| Untracked 
|  39|0x0000000084500000, 0x0000000084500000, 0x0000000084600000|  0%| F|  |TAMS 0x0000000084500000| PB 0x0000000084500000| Untracked 
|  40|0x0000000084600000, 0x0000000084600000, 0x0000000084700000|  0%| F|  |TAMS 0x0000000084600000| PB 0x0000000084600000| Untracked 
|  41|0x0000000084700000, 0x0000000084700000, 0x0000000084800000|  0%| F|  |TAMS 0x0000000084700000| PB 0x0000000084700000| Untracked 
|  42|0x0000000084800000, 0x0000000084800000, 0x0000000084900000|  0%| F|  |TAMS 0x0000000084800000| PB 0x0000000084800000| Untracked 
|  43|0x0000000084900000, 0x0000000084900000, 0x0000000084a00000|  0%| F|  |TAMS 0x0000000084900000| PB 0x0000000084900000| Untracked 
|  44|0x0000000084a00000, 0x0000000084a00000, 0x0000000084b00000|  0%| F|  |TAMS 0x0000000084a00000| PB 0x0000000084a00000| Untracked 
|  45|0x0000000084b00000, 0x0000000084b00000, 0x0000000084c00000|  0%| F|  |TAMS 0x0000000084b00000| PB 0x0000000084b00000| Untracked 
|  46|0x0000000084c00000, 0x0000000084c00000, 0x0000000084d00000|  0%| F|  |TAMS 0x0000000084c00000| PB 0x0000000084c00000| Untracked 
|  72|0x0000000086600000, 0x0000000086600000, 0x0000000086700000|  0%| F|  |TAMS 0x0000000086600000| PB 0x0000000086600000| Untracked 
|  73|0x0000000086700000, 0x00000000867835a0, 0x0000000086800000| 51%| E|  |TAMS 0x0000000086700000| PB 0x0000000086700000| Complete 
|  74|0x0000000086800000, 0x0000000086900000, 0x0000000086900000|100%| E|CS|TAMS 0x0000000086800000| PB 0x0000000086800000| Complete 
|  75|0x0000000086900000, 0x0000000086a00000, 0x0000000086a00000|100%| E|CS|TAMS 0x0000000086900000| PB 0x0000000086900000| Complete 
|  76|0x0000000086a00000, 0x0000000086b00000, 0x0000000086b00000|100%| E|CS|TAMS 0x0000000086a00000| PB 0x0000000086a00000| Complete 
|  77|0x0000000086b00000, 0x0000000086c00000, 0x0000000086c00000|100%| E|CS|TAMS 0x0000000086b00000| PB 0x0000000086b00000| Complete 
|  78|0x0000000086c00000, 0x0000000086d00000, 0x0000000086d00000|100%| E|CS|TAMS 0x0000000086c00000| PB 0x0000000086c00000| Complete 
|  79|0x0000000086d00000, 0x0000000086e00000, 0x0000000086e00000|100%| E|CS|TAMS 0x0000000086d00000| PB 0x0000000086d00000| Complete 
| 126|0x0000000089c00000, 0x0000000089d00000, 0x0000000089d00000|100%| E|CS|TAMS 0x0000000089c00000| PB 0x0000000089c00000| Complete 
| 127|0x0000000089d00000, 0x0000000089e00000, 0x0000000089e00000|100%| E|CS|TAMS 0x0000000089d00000| PB 0x0000000089d00000| Complete 

Card table byte_map: [0x0000020a7b1b0000,0x0000020a7b5b0000] _byte_map_base: 0x0000020a7ada1000

Marking Bits: (CMBitMap*) 0x0000020a77d52f40
 Bits: [0x0000020a7b5b0000, 0x0000020a7d538000)

Polling page: 0x0000020a75cd0000

Metaspace:

Usage:
  Non-class:     27.71 MB used.
      Class:      4.56 MB used.
       Both:     32.27 MB used.

Virtual space:
  Non-class space:       64.00 MB reserved,      28.00 MB ( 44%) committed,  1 nodes.
      Class space:        1.00 GB reserved,       4.81 MB ( <1%) committed,  1 nodes.
             Both:        1.06 GB reserved,      32.81 MB (  3%) committed. 

Chunk freelists:
   Non-Class:  3.86 MB
       Class:  11.22 MB
        Both:  15.08 MB

MaxMetaspaceSize: unlimited
CompressedClassSpaceSize: 1.00 GB
Initial GC threshold: 21.00 MB
Current GC threshold: 35.25 MB
CDS: on
 - commit_granule_bytes: 65536.
 - commit_granule_words: 8192.
 - virtual_space_node_default_size: 8388608.
 - enlarge_chunks_in_place: 1.
 - use_allocation_guard: 0.


Internal statistics:

num_allocs_failed_limit: 3.
num_arena_births: 684.
num_arena_deaths: 0.
num_vsnodes_births: 2.
num_vsnodes_deaths: 0.
num_space_committed: 525.
num_space_uncommitted: 0.
num_chunks_returned_to_freelist: 3.
num_chunks_taken_from_freelist: 1806.
num_chunk_merges: 3.
num_chunk_splits: 1251.
num_chunks_enlarged: 912.
num_inconsistent_stats: 0.

CodeCache: size=49152Kb used=9030Kb max_used=9030Kb free=40121Kb
 bounds [0x0000020a77db0000, 0x0000020a78690000, 0x0000020a7adb0000]
 total_blobs=4747 nmethods=4201 adapters=467
 compilation: enabled
              stopped_count=0, restarted_count=0
 full_count=0

Compilation events (20 events):
Event: 21.270 Thread 0x0000020a7f923040 nmethod 4195 0x0000020a7867bd10 code [0x0000020a7867bec0, 0x0000020a7867c020]
Event: 21.270 Thread 0x0000020a08561af0 4196       1       java.security.Provider::implRemoveService (149 bytes)
Event: 21.270 Thread 0x0000020a7f923040 4197       1       java.security.Provider::putPropertyStrings (214 bytes)
Event: 21.270 Thread 0x0000020a4e3006b0 nmethod 4194 0x0000020a7867c110 code [0x0000020a7867c3e0, 0x0000020a7867cd50]
Event: 21.270 Thread 0x0000020a4e3006b0 4198       1       java.security.Provider::checkAndUpdateSecureRandom (88 bytes)
Event: 21.271 Thread 0x0000020a08561af0 nmethod 4196 0x0000020a7867d210 code [0x0000020a7867d460, 0x0000020a7867d970]
Event: 21.271 Thread 0x0000020a4e3006b0 nmethod 4198 0x0000020a7867dc10 code [0x0000020a7867dde0, 0x0000020a7867df98]
Event: 21.272 Thread 0x0000020a4e3006b0 4199       1       sun.security.util.SecurityProviderConstants::getAliases (63 bytes)
Event: 21.272 Thread 0x0000020a7f923040 nmethod 4197 0x0000020a7867e090 code [0x0000020a7867e420, 0x0000020a7867f120]
Event: 21.272 Thread 0x0000020a08561af0 4200       1       java.security.Provider$UString::hashCode (8 bytes)
Event: 21.272 Thread 0x0000020a08561af0 nmethod 4200 0x0000020a7867f910 code [0x0000020a7867fac0, 0x0000020a7867fbb0]
Event: 21.272 Thread 0x0000020a4e3006b0 nmethod 4199 0x0000020a7867fc90 code [0x0000020a7867fec0, 0x0000020a78680360]
Event: 21.277 Thread 0x0000020a08561af0 4201       1       java.lang.ThreadLocal::getCarrierThreadLocal (29 bytes)
Event: 21.277 Thread 0x0000020a08561af0 nmethod 4201 0x0000020a78680590 code [0x0000020a78680760, 0x0000020a78680918]
Event: 21.284 Thread 0x0000020a4e3006b0 4202       1       java.util.regex.Pattern$Branch::match (66 bytes)
Event: 21.284 Thread 0x0000020a4e3006b0 nmethod 4202 0x0000020a78680a10 code [0x0000020a78680be0, 0x0000020a78680e30]
Event: 21.289 Thread 0x0000020a4e3006b0 4203       1       java.util.Collection::stream (11 bytes)
Event: 21.290 Thread 0x0000020a4e3006b0 nmethod 4203 0x0000020a78680f90 code [0x0000020a78681160, 0x0000020a786813e8]
Event: 21.305 Thread 0x0000020a08561af0 4204       1       java.util.AbstractList$Itr::hasNext (20 bytes)
Event: 21.306 Thread 0x0000020a08561af0 nmethod 4204 0x0000020a78681590 code [0x0000020a78681740, 0x0000020a78681850]

GC Heap History (14 events):
Event: 3.700 GC heap before
{Heap before GC invocations=0 (full 0):
 garbage-first heap   total 131072K, used 14336K [0x0000000081e00000, 0x0000000100000000)
  region size 1024K, 13 young (13312K), 0 survivors (0K)
 Metaspace       used 2802K, committed 3008K, reserved 1114112K
  class space    used 319K, committed 384K, reserved 1048576K
}
Event: 3.748 GC heap after
{Heap after GC invocations=1 (full 0):
 garbage-first heap   total 131072K, used 7015K [0x0000000081e00000, 0x0000000100000000)
  region size 1024K, 2 young (2048K), 2 survivors (2048K)
 Metaspace       used 2802K, committed 3008K, reserved 1114112K
  class space    used 319K, committed 384K, reserved 1048576K
}
Event: 5.581 GC heap before
{Heap before GC invocations=1 (full 0):
 garbage-first heap   total 131072K, used 18279K [0x0000000081e00000, 0x0000000100000000)
  region size 1024K, 13 young (13312K), 2 survivors (2048K)
 Metaspace       used 7532K, committed 7808K, reserved 1114112K
  class space    used 924K, committed 1024K, reserved 1048576K
}
Event: 5.593 GC heap after
{Heap after GC invocations=2 (full 0):
 garbage-first heap   total 131072K, used 8981K [0x0000000081e00000, 0x0000000100000000)
  region size 1024K, 2 young (2048K), 2 survivors (2048K)
 Metaspace       used 7532K, committed 7808K, reserved 1114112K
  class space    used 924K, committed 1024K, reserved 1048576K
}
Event: 7.406 GC heap before
{Heap before GC invocations=2 (full 0):
 garbage-first heap   total 131072K, used 35605K [0x0000000081e00000, 0x0000000100000000)
  region size 1024K, 29 young (29696K), 2 survivors (2048K)
 Metaspace       used 13641K, committed 13952K, reserved 1114112K
  class space    used 1830K, committed 1984K, reserved 1048576K
}
Event: 7.416 GC heap after
{Heap after GC invocations=3 (full 0):
 garbage-first heap   total 131072K, used 11076K [0x0000000081e00000, 0x0000000100000000)
  region size 1024K, 4 young (4096K), 4 survivors (4096K)
 Metaspace       used 13641K, committed 13952K, reserved 1114112K
  class space    used 1830K, committed 1984K, reserved 1048576K
}
Event: 11.263 GC heap before
{Heap before GC invocations=3 (full 0):
 garbage-first heap   total 131072K, used 54084K [0x0000000081e00000, 0x0000000100000000)
  region size 1024K, 48 young (49152K), 4 survivors (4096K)
 Metaspace       used 21184K, committed 21504K, reserved 1114112K
  class space    used 2805K, committed 2944K, reserved 1048576K
}
Event: 11.283 GC heap after
{Heap after GC invocations=4 (full 0):
 garbage-first heap   total 131072K, used 14818K [0x0000000081e00000, 0x0000000100000000)
  region size 1024K, 8 young (8192K), 8 survivors (8192K)
 Metaspace       used 21184K, committed 21504K, reserved 1114112K
  class space    used 2805K, committed 2944K, reserved 1048576K
}
Event: 13.281 GC heap before
{Heap before GC invocations=5 (full 0):
 garbage-first heap   total 58368K, used 41442K [0x0000000081e00000, 0x0000000100000000)
  region size 1024K, 34 young (34816K), 8 survivors (8192K)
 Metaspace       used 22504K, committed 22912K, reserved 1114112K
  class space    used 3036K, committed 3200K, reserved 1048576K
}
Event: 13.308 GC heap after
{Heap after GC invocations=6 (full 0):
 garbage-first heap   total 58368K, used 16100K [0x0000000081e00000, 0x0000000100000000)
  region size 1024K, 3 young (3072K), 3 survivors (3072K)
 Metaspace       used 22504K, committed 22912K, reserved 1114112K
  class space    used 3036K, committed 3200K, reserved 1048576K
}
Event: 17.664 GC heap before
{Heap before GC invocations=6 (full 0):
 garbage-first heap   total 58368K, used 44772K [0x0000000081e00000, 0x0000000100000000)
  region size 1024K, 31 young (31744K), 3 survivors (3072K)
 Metaspace       used 25208K, committed 25664K, reserved 1114112K
  class space    used 3474K, committed 3712K, reserved 1048576K
}
Event: 17.684 GC heap after
{Heap after GC invocations=7 (full 0):
 garbage-first heap   total 58368K, used 17877K [0x0000000081e00000, 0x0000000100000000)
  region size 1024K, 4 young (4096K), 4 survivors (4096K)
 Metaspace       used 25208K, committed 25664K, reserved 1114112K
  class space    used 3474K, committed 3712K, reserved 1048576K
}
Event: 20.678 GC heap before
{Heap before GC invocations=7 (full 0):
 garbage-first heap   total 58368K, used 45525K [0x0000000081e00000, 0x0000000100000000)
  region size 1024K, 32 young (32768K), 4 survivors (4096K)
 Metaspace       used 31490K, committed 32000K, reserved 1114112K
  class space    used 4443K, committed 4672K, reserved 1048576K
}
Event: 20.708 GC heap after
{Heap after GC invocations=8 (full 0):
 garbage-first heap   total 58368K, used 20551K [0x0000000081e00000, 0x0000000100000000)
  region size 1024K, 3 young (3072K), 3 survivors (3072K)
 Metaspace       used 31490K, committed 32000K, reserved 1114112K
  class space    used 4443K, committed 4672K, reserved 1048576K
}

Dll operation events (9 events):
Event: 0.264 Loaded shared library C:\Program Files\Java\jdk-21.0.11\bin\java.dll
Event: 1.202 Loaded shared library C:\Program Files\Java\jdk-21.0.11\bin\jimage.dll
Event: 1.255 Loaded shared library C:\Program Files\Java\jdk-21.0.11\bin\net.dll
Event: 1.264 Loaded shared library C:\Program Files\Java\jdk-21.0.11\bin\nio.dll
Event: 1.279 Loaded shared library C:\Program Files\Java\jdk-21.0.11\bin\zip.dll
Event: 2.353 Loaded shared library C:\Program Files\Java\jdk-21.0.11\bin\management.dll
Event: 2.443 Loaded shared library C:\Program Files\Java\jdk-21.0.11\bin\management_ext.dll
Event: 4.236 Loaded shared library C:\Program Files\Java\jdk-21.0.11\bin\extnet.dll
Event: 21.182 Loaded shared library C:\Program Files\Java\jdk-21.0.11\bin\sunmscapi.dll

Deoptimization events (2 events):
Event: 21.291 Thread 0x0000020a75b07150 DEOPT PACKING pc=0x0000020a78309364 sp=0x0000002fa4efb6d0
Event: 21.292 Thread 0x0000020a75b07150 DEOPT UNPACKING pc=0x0000020a77e04e42 sp=0x0000002fa4efab98 mode 0

Classes loaded (20 events):
Event: 21.295 Loading class javax/crypto/JceSecurity$WeakIdentityWrapper
Event: 21.295 Loading class javax/crypto/JceSecurity$WeakIdentityWrapper done
Event: 21.295 Loading class javax/crypto/JceSecurity$2
Event: 21.295 Loading class javax/crypto/JceSecurity$2 done
Event: 21.295 Loading class javax/crypto/JceSecurity$3
Event: 21.295 Loading class javax/crypto/JceSecurity$3 done
Event: 21.295 Loading class java/lang/Class$Holder
Event: 21.295 Loading class java/lang/Class$Holder done
Event: 21.295 Loading class java/security/AllPermissionCollection
Event: 21.296 Loading class java/security/AllPermissionCollection done
Event: 21.298 Loading class javax/crypto/ProviderVerifier
Event: 21.299 Loading class javax/crypto/ProviderVerifier done
Event: 21.299 Loading class javax/crypto/ProviderVerifier$1
Event: 21.300 Loading class javax/crypto/ProviderVerifier$1 done
Event: 21.300 Loading class com/sun/crypto/provider/PBKDF2Core$HmacSHA256
Event: 21.301 Loading class com/sun/crypto/provider/PBKDF2Core
Event: 21.301 Loading class javax/crypto/SecretKeyFactorySpi
Event: 21.301 Loading class javax/crypto/SecretKeyFactorySpi done
Event: 21.301 Loading class com/sun/crypto/provider/PBKDF2Core done
Event: 21.301 Loading class com/sun/crypto/provider/PBKDF2Core$HmacSHA256 done

Classes unloaded (0 events):
No events

Classes redefined (0 events):
No events

Internal exceptions (20 events):
Event: 18.584 Thread 0x0000020a75b07150 Exception <a 'java/lang/NoClassDefFoundError'{0x0000000086a022e8}: liquibase/integration/spring/SpringLiquibase> (0x0000000086a022e8) 
thrown [s\open\src\hotspot\share\classfile\systemDictionary.cpp, line 302]
Event: 18.766 Thread 0x0000020a75b07150 Exception <a 'java/lang/NoSuchMethodError'{0x0000000086986b98}: 'void java.lang.invoke.DirectMethodHandle$Holder.invokeSpecial(java.lang.Object, java.lang.Object, java.lang.Object, java.lang.Object, java.lang.Object, java.lang.Object)'> (0x0000000086986b98) 
thrown [s\open\src\hotspot\share\interpreter\linkResolver.cpp, line 773]
Event: 18.934 Thread 0x0000020a75b07150 Exception <a 'java/lang/NoSuchMethodError'{0x0000000086750d70}: 'void java.lang.invoke.DirectMethodHandle$Holder.invokeVirtual(java.lang.Object, java.lang.Object, int)'> (0x0000000086750d70) 
thrown [s\open\src\hotspot\share\interpreter\linkResolver.cpp, line 773]
Event: 18.935 Thread 0x0000020a75b07150 Exception <a 'java/lang/NoSuchMethodError'{0x0000000086754928}: 'int java.lang.invoke.DirectMethodHandle$Holder.invokeSpecial(java.lang.Object, java.lang.Object, java.lang.Object, int)'> (0x0000000086754928) 
thrown [s\open\src\hotspot\share\interpreter\linkResolver.cpp, line 773]
Event: 18.938 Thread 0x0000020a75b07150 Exception <a 'java/lang/NoSuchMethodError'{0x0000000086766598}: 'java.lang.Object java.lang.invoke.DirectMethodHandle$Holder.invokeStatic(java.lang.Object, java.lang.Object, java.lang.Object, java.lang.Object, int)'> (0x0000000086766598) 
thrown [s\open\src\hotspot\share\interpreter\linkResolver.cpp, line 773]
Event: 18.938 Thread 0x0000020a75b07150 Exception <a 'java/lang/NoSuchMethodError'{0x000000008676d968}: 'void java.lang.invoke.DelegatingMethodHandle$Holder.reinvoke_L(java.lang.Object, java.lang.Object, int)'> (0x000000008676d968) 
thrown [s\open\src\hotspot\share\interpreter\linkResolver.cpp, line 773]
Event: 19.583 Thread 0x0000020a75b07150 Exception <a 'java/lang/NoSuchMethodError'{0x000000008487ba68}: 'java.lang.Object java.lang.invoke.DirectMethodHandle$Holder.invokeVirtual(java.lang.Object, java.lang.Object, java.lang.Object, java.lang.Object, java.lang.Object)'> (0x000000008487ba68) 
thrown [s\open\src\hotspot\share\interpreter\linkResolver.cpp, line 773]
Event: 19.910 Thread 0x0000020a75b07150 Exception <a 'java/lang/NoSuchMethodError'{0x00000000846d5110}: 'void java.lang.invoke.DirectMethodHandle$Holder.invokeInterface(java.lang.Object, java.lang.Object, int)'> (0x00000000846d5110) 
thrown [s\open\src\hotspot\share\interpreter\linkResolver.cpp, line 773]
Event: 19.916 Thread 0x0000020a75b07150 Exception <a 'java/lang/IncompatibleClassChangeError'{0x00000000846f22b8}: Found class java.lang.Object, but interface was expected> (0x00000000846f22b8) 
thrown [s\open\src\hotspot\share\interpreter\linkResolver.cpp, line 840]
Event: 20.066 Thread 0x0000020a75b07150 Exception <a 'java/lang/NoSuchMethodError'{0x00000000844ca0a0}: 'void java.lang.invoke.DirectMethodHandle$Holder.invokeStaticInit(java.lang.Object, java.lang.Object, java.lang.Object, java.lang.Object)'> (0x00000000844ca0a0) 
thrown [s\open\src\hotspot\share\interpreter\linkResolver.cpp, line 773]
Event: 20.220 Thread 0x0000020a75b07150 Exception <a 'java/lang/NoSuchMethodError'{0x00000000841a1ae8}: 'java.lang.Object java.lang.invoke.DirectMethodHandle$Holder.invokeVirtual(java.lang.Object, java.lang.Object, int)'> (0x00000000841a1ae8) 
thrown [s\open\src\hotspot\share\interpreter\linkResolver.cpp, line 773]
Event: 20.298 Thread 0x0000020a75b07150 Exception <a 'java/lang/NoSuchMethodError'{0x00000000840ab660}: 'void java.lang.invoke.Invokers$Holder.invokeExact_MT(java.lang.Object, java.lang.Object, java.lang.Object, java.lang.Object)'> (0x00000000840ab660) 
thrown [s\open\src\hotspot\share\interpreter\linkResolver.cpp, line 773]
Event: 20.623 Thread 0x0000020a75b07150 Exception <a 'java/lang/NoSuchMethodError'{0x0000000083b10d28}: 'int java.lang.invoke.DirectMethodHandle$Holder.invokeStatic(java.lang.Object)'> (0x0000000083b10d28) 
thrown [s\open\src\hotspot\share\interpreter\linkResolver.cpp, line 773]
Event: 20.623 Thread 0x0000020a75b07150 Exception <a 'java/lang/NoSuchMethodError'{0x0000000083b14140}: 'int java.lang.invoke.DirectMethodHandle$Holder.invokeStaticInit(java.lang.Object)'> (0x0000000083b14140) 
thrown [s\open\src\hotspot\share\interpreter\linkResolver.cpp, line 773]
Event: 20.767 Thread 0x0000020a75b07150 Exception <a 'java/lang/NoSuchMethodError'{0x0000000089d7b070}: 'java.lang.Object java.lang.invoke.DirectMethodHandle$Holder.newInvokeSpecial(java.lang.Object, java.lang.Object, java.lang.Object, java.lang.Object, java.lang.Object, java.lang.Object, java.lang.Object, java.lang.Object, java.lang.Object)'> (0x0000000089d7b070) 
thrown [s\open\src\hotspot\share\interpreter\linkResolver.cpp, line 773]
Event: 20.898 Thread 0x0000020a75b07150 Exception <a 'java/lang/NoSuchMethodError'{0x0000000086da3040}: 'java.lang.Object java.lang.invoke.DirectMethodHandle$Holder.invokeStaticInit(java.lang.Object, java.lang.Object, java.lang.Object, java.lang.Object)'> (0x0000000086da3040) 
thrown [s\open\src\hotspot\share\interpreter\linkResolver.cpp, line 773]
Event: 20.902 Thread 0x0000020a75b07150 Exception <a 'java/lang/IncompatibleClassChangeError'{0x0000000086db7130}: Found class java.lang.Object, but interface was expected> (0x0000000086db7130) 
thrown [s\open\src\hotspot\share\interpreter\linkResolver.cpp, line 840]
Event: 20.904 Thread 0x0000020a75b07150 Exception <a 'java/lang/IncompatibleClassChangeError'{0x0000000086dc3e40}: Found class java.lang.Object, but interface was expected> (0x0000000086dc3e40) 
thrown [s\open\src\hotspot\share\interpreter\linkResolver.cpp, line 840]
Event: 20.920 Thread 0x0000020a75b07150 Exception <a 'java/lang/IncompatibleClassChangeError'{0x0000000086def480}: Found class java.lang.Object, but interface was expected> (0x0000000086def480) 
thrown [s\open\src\hotspot\share\interpreter\linkResolver.cpp, line 840]
Event: 21.278 Thread 0x0000020a75b07150 Exception <a 'sun/nio/fs/WindowsException'{0x000000008681af20}> (0x000000008681af20) 
thrown [s\open\src\hotspot\share\prims\jni.cpp, line 520]

ZGC Phase Switch (0 events):
No events

VM Operations (20 events):
Event: 19.805 Executing VM operation: Cleanup
Event: 19.805 Executing VM operation: Cleanup done
Event: 19.866 Executing VM operation: HandshakeAllThreads (Deoptimize)
Event: 19.866 Executing VM operation: HandshakeAllThreads (Deoptimize) done
Event: 20.129 Executing VM operation: HandshakeAllThreads (Deoptimize)
Event: 20.129 Executing VM operation: HandshakeAllThreads (Deoptimize) done
Event: 20.179 Executing VM operation: HandshakeAllThreads (Deoptimize)
Event: 20.179 Executing VM operation: HandshakeAllThreads (Deoptimize) done
Event: 20.678 Executing VM operation: G1CollectForAllocation (G1 Evacuation Pause)
Event: 20.708 Executing VM operation: G1CollectForAllocation (G1 Evacuation Pause) done
Event: 20.912 Executing VM operation: HandshakeAllThreads (Deoptimize)
Event: 20.912 Executing VM operation: HandshakeAllThreads (Deoptimize) done
Event: 21.019 Executing VM operation: HandshakeAllThreads (Deoptimize)
Event: 21.019 Executing VM operation: HandshakeAllThreads (Deoptimize) done
Event: 21.205 Executing VM operation: HandshakeAllThreads (Deoptimize)
Event: 21.205 Executing VM operation: HandshakeAllThreads (Deoptimize) done
Event: 21.289 Executing VM operation: HandshakeAllThreads (Deoptimize)
Event: 21.289 Executing VM operation: HandshakeAllThreads (Deoptimize) done
Event: 21.294 Executing VM operation: HandshakeAllThreads (Deoptimize)
Event: 21.294 Executing VM operation: HandshakeAllThreads (Deoptimize) done

Events (20 events):
Event: 0.416 Thread 0x0000020a7f9225e0 Thread added: 0x0000020a7f9225e0
Event: 0.417 Thread 0x0000020a7f923040 Thread added: 0x0000020a7f923040
Event: 1.135 Thread 0x0000020a08561af0 Thread added: 0x0000020a08561af0
Event: 1.183 Thread 0x0000020a085ecf20 Thread added: 0x0000020a085ecf20
Event: 1.186 Thread 0x0000020a085f25b0 Thread added: 0x0000020a085f25b0
Event: 3.643 Thread 0x0000020a4e3006b0 Thread added: 0x0000020a4e3006b0
Event: 4.245 Thread 0x0000020a4e42f930 Thread added: 0x0000020a4e42f930
Event: 4.320 Thread 0x0000020a4e435820 Thread added: 0x0000020a4e435820
Event: 4.411 Thread 0x0000020a4e436560 Thread added: 0x0000020a4e436560
Event: 4.424 Thread 0x0000020a4e473090 Thread added: 0x0000020a4e473090
Event: 4.498 Thread 0x0000020a4e4a6120 Thread added: 0x0000020a4e4a6120
Event: 4.499 Thread 0x0000020a4e47f3b0 Thread added: 0x0000020a4e47f3b0
Event: 4.565 Thread 0x0000020a4e4b0360 Thread added: 0x0000020a4e4b0360
Event: 6.698 Thread 0x0000020a4e976070 Thread added: 0x0000020a4e976070
Event: 6.706 Thread 0x0000020a4e976070 Thread exited: 0x0000020a4e976070
Event: 7.065 Thread 0x0000020a4e975350 Thread added: 0x0000020a4e975350
Event: 9.097 Thread 0x0000020a4e977420 Thread added: 0x0000020a4e977420
Event: 9.539 Thread 0x0000020a4e977420 Thread exited: 0x0000020a4e977420
Event: 11.446 Thread 0x0000020a4e975350 Thread exited: 0x0000020a4e975350
Event: 20.188 Thread 0x0000020a4e78e060 Thread added: 0x0000020a4e78e060


Dynamic libraries:
0x00007ff782690000 - 0x00007ff7826a0000 	C:\Program Files\Java\jdk-21.0.11\bin\javaw.exe
0x00007ffaa6b60000 - 0x00007ffaa6d50000 	C:\WINDOWS\SYSTEM32\ntdll.dll
0x00007ffaa5f10000 - 0x00007ffaa5fc2000 	C:\WINDOWS\System32\KERNEL32.DLL
0x00007ffaa4890000 - 0x00007ffaa4b35000 	C:\WINDOWS\System32\KERNELBASE.dll
0x00007ffaa3dc0000 - 0x00007ffaa3eba000 	C:\WINDOWS\System32\ucrtbase.dll
0x00007ffa9c2d0000 - 0x00007ffa9c2e9000 	C:\Program Files\Java\jdk-21.0.11\bin\jli.dll
0x00007ffa9c2b0000 - 0x00007ffa9c2ce000 	C:\Program Files\Java\jdk-21.0.11\bin\VCRUNTIME140.dll
0x00007ffaa6260000 - 0x00007ffaa6303000 	C:\WINDOWS\System32\ADVAPI32.dll
0x00007ffaa51e0000 - 0x00007ffaa527e000 	C:\WINDOWS\System32\msvcrt.dll
0x00007ffaa5fd0000 - 0x00007ffaa6067000 	C:\WINDOWS\System32\sechost.dll
0x00007ffaa57a0000 - 0x00007ffaa58c0000 	C:\WINDOWS\System32\RPCRT4.dll
0x00007ffaa55d0000 - 0x00007ffaa5764000 	C:\WINDOWS\System32\USER32.dll
0x00007ffaa3ce0000 - 0x00007ffaa3d01000 	C:\WINDOWS\System32\win32u.dll
0x00007ffaa6310000 - 0x00007ffaa6336000 	C:\WINDOWS\System32\GDI32.dll
0x00007ffa94410000 - 0x00007ffa94694000 	C:\WINDOWS\WinSxS\amd64_microsoft.windows.common-controls_6595b64144ccf1df_6.0.18362.1256_none_9e7e379be45e40e2\COMCTL32.dll
0x00007ffaa3ec0000 - 0x00007ffaa4056000 	C:\WINDOWS\System32\gdi32full.dll
0x00007ffaa4c20000 - 0x00007ffaa4f56000 	C:\WINDOWS\System32\combase.dll
0x00007ffaa4060000 - 0x00007ffaa40fe000 	C:\WINDOWS\System32\msvcp_win.dll
0x00007ffaa3c50000 - 0x00007ffaa3cd1000 	C:\WINDOWS\System32\bcryptPrimitives.dll
0x00007ffa950e0000 - 0x00007ffa950ea000 	C:\WINDOWS\SYSTEM32\VERSION.dll
0x00007ffaa5770000 - 0x00007ffaa579e000 	C:\WINDOWS\System32\IMM32.DLL
0x00007ffa9c2a0000 - 0x00007ffa9c2ac000 	C:\Program Files\Java\jdk-21.0.11\bin\vcruntime140_1.dll
0x00007ffa9c210000 - 0x00007ffa9c29d000 	C:\Program Files\Java\jdk-21.0.11\bin\msvcp140.dll
0x00007ffa6a4e0000 - 0x00007ffa6b208000 	C:\Program Files\Java\jdk-21.0.11\bin\server\jvm.dll
0x00007ffaa3a50000 - 0x00007ffaa3a9a000 	C:\WINDOWS\System32\POWRPROF.dll
0x00007ffaa3a00000 - 0x00007ffaa3a10000 	C:\WINDOWS\System32\UMPDC.dll
0x00007ffaa6070000 - 0x00007ffaa60df000 	C:\WINDOWS\System32\WS2_32.dll
0x00007ffaa0410000 - 0x00007ffaa0434000 	C:\WINDOWS\SYSTEM32\WINMM.dll
0x00007ffaa03d0000 - 0x00007ffaa03fd000 	C:\WINDOWS\SYSTEM32\WINMMBASE.dll
0x00007ffaa3d10000 - 0x00007ffaa3d5a000 	C:\WINDOWS\System32\cfgmgr32.dll
0x00007ffaa3a30000 - 0x00007ffaa3a41000 	C:\WINDOWS\System32\kernel.appcore.dll
0x00007ffa9c200000 - 0x00007ffa9c20a000 	C:\Program Files\Java\jdk-21.0.11\bin\jimage.dll
0x00007ffa946b0000 - 0x00007ffa948a4000 	C:\WINDOWS\SYSTEM32\DBGHELP.DLL
0x00007ffa92bb0000 - 0x00007ffa92bda000 	C:\WINDOWS\SYSTEM32\dbgcore.DLL
0x00007ffa9c1d0000 - 0x00007ffa9c1f1000 	C:\Program Files\Java\jdk-21.0.11\bin\java.dll
0x00007ffaa6430000 - 0x00007ffaa6b17000 	C:\WINDOWS\System32\SHELL32.dll
0x00007ffaa53c0000 - 0x00007ffaa5469000 	C:\WINDOWS\System32\shcore.dll
0x00007ffaa4100000 - 0x00007ffaa4881000 	C:\WINDOWS\System32\windows.storage.dll
0x00007ffaa3aa0000 - 0x00007ffaa3ac3000 	C:\WINDOWS\System32\profapi.dll
0x00007ffaa6200000 - 0x00007ffaa6252000 	C:\WINDOWS\System32\shlwapi.dll
0x00007ffaa4bf0000 - 0x00007ffaa4c07000 	C:\WINDOWS\System32\cryptsp.dll
0x00007ffa90f70000 - 0x00007ffa90f81000 	C:\Program Files\Java\jdk-21.0.11\bin\net.dll
0x00007ffa973a0000 - 0x00007ffa97490000 	C:\WINDOWS\SYSTEM32\WINHTTP.dll
0x00007ffaa3250000 - 0x00007ffaa32b7000 	C:\WINDOWS\system32\mswsock.dll
0x00007ffa908e0000 - 0x00007ffa908f6000 	C:\Program Files\Java\jdk-21.0.11\bin\nio.dll
0x00007ffa90260000 - 0x00007ffa90278000 	C:\Program Files\Java\jdk-21.0.11\bin\zip.dll
0x00007ffa94d30000 - 0x00007ffa94d3a000 	C:\Program Files\Java\jdk-21.0.11\bin\management.dll
0x00007ffa916a0000 - 0x00007ffa916ac000 	C:\Program Files\Java\jdk-21.0.11\bin\management_ext.dll
0x00007ffaa60e0000 - 0x00007ffaa60e8000 	C:\WINDOWS\System32\PSAPI.DLL
0x00007ffa6dd00000 - 0x00007ffa6dd16000 	C:\WINDOWS\system32\napinsp.dll
0x00007ffa6dce0000 - 0x00007ffa6dcfa000 	C:\WINDOWS\system32\pnrpnsp.dll
0x00007ffa9ebe0000 - 0x00007ffa9ebf5000 	C:\WINDOWS\system32\wshbth.dll
0x00007ffaa0440000 - 0x00007ffaa045c000 	C:\WINDOWS\system32\NLAapi.dll
0x00007ffaa2f60000 - 0x00007ffaa2f9a000 	C:\WINDOWS\SYSTEM32\IPHLPAPI.DLL
0x00007ffaa2fa0000 - 0x00007ffaa306b000 	C:\WINDOWS\SYSTEM32\DNSAPI.dll
0x00007ffaa4c10000 - 0x00007ffaa4c18000 	C:\WINDOWS\System32\NSI.dll
0x00007ffa85a20000 - 0x00007ffa85a2e000 	C:\WINDOWS\System32\winrnr.dll
0x00007ffa9caf0000 - 0x00007ffa9cafa000 	C:\Windows\System32\rasadhlp.dll
0x00007ffa9b5d0000 - 0x00007ffa9b647000 	C:\WINDOWS\System32\fwpuclnt.dll
0x00007ffaa3c20000 - 0x00007ffaa3c46000 	C:\WINDOWS\System32\bcrypt.dll
0x00007ffaa2dc0000 - 0x00007ffaa2df3000 	C:\WINDOWS\system32\rsaenh.dll
0x00007ffaa3920000 - 0x00007ffaa3945000 	C:\WINDOWS\SYSTEM32\USERENV.dll
0x00007ffaa3420000 - 0x00007ffaa342c000 	C:\WINDOWS\SYSTEM32\CRYPTBASE.dll
0x00007ffa94d10000 - 0x00007ffa94d19000 	C:\Program Files\Java\jdk-21.0.11\bin\extnet.dll
0x00007ffa91490000 - 0x00007ffa9149e000 	C:\Program Files\Java\jdk-21.0.11\bin\sunmscapi.dll
0x00007ffaa3ad0000 - 0x00007ffaa3c19000 	C:\WINDOWS\System32\CRYPT32.dll
0x00007ffaa3a10000 - 0x00007ffaa3a22000 	C:\WINDOWS\System32\MSASN1.dll
0x00007ffaa3520000 - 0x00007ffaa3546000 	C:\WINDOWS\SYSTEM32\ncrypt.dll
0x00007ffaa34e0000 - 0x00007ffaa351b000 	C:\WINDOWS\SYSTEM32\NTASN1.dll

dbghelp: loaded successfully - version: 4.0.5 - missing functions: none
symbol engine: initialized successfully - sym options: 0x614 - pdb path: .;C:\Program Files\Java\jdk-21.0.11\bin;C:\WINDOWS\SYSTEM32;C:\WINDOWS\WinSxS\amd64_microsoft.windows.common-controls_6595b64144ccf1df_6.0.18362.1256_none_9e7e379be45e40e2;C:\Program Files\Java\jdk-21.0.11\bin\server

VM Arguments:
jvm_args: -Dcom.sun.management.jmxremote -Dcom.sun.management.jmxremote.port=50499 -Dcom.sun.management.jmxremote.authenticate=false -Dcom.sun.management.jmxremote.ssl=false -Djava.rmi.server.hostname=localhost -Dspring.jmx.enabled=true -Dmanagement.endpoints.jmx.exposure.include=* -Dspring.application.admin.enabled=true -Dspring.output.ansi.enabled=always -XX:TieredStopAtLevel=1 -Dspring.boot.project.name=Gateway -Dfile.encoding=UTF-8 -Dstdout.encoding=UTF-8 -Dstderr.encoding=UTF-8 -XX:+ShowCodeDetailsInExceptionMessages 
java_command: com.whoami.launch.GatewayApplication
java_class_path (initial): C:\Users\ck901\Desktop\locato\Gateway\target\classes;C:\Users\ck901\.m2\repository\org\springframework\cloud\spring-cloud-starter-gateway\4.1.2\spring-cloud-starter-gateway-4.1.2.jar;C:\Users\ck901\.m2\repository\org\springframework\cloud\spring-cloud-starter\4.1.2\spring-cloud-starter-4.1.2.jar;C:\Users\ck901\.m2\repository\org\springframework\cloud\spring-cloud-context\4.1.2\spring-cloud-context-4.1.2.jar;C:\Users\ck901\.m2\repository\org\springframework\security\spring-security-crypto\6.2.3\spring-security-crypto-6.2.3.jar;C:\Users\ck901\.m2\repository\org\springframework\cloud\spring-cloud-commons\4.1.2\spring-cloud-commons-4.1.2.jar;C:\Users\ck901\.m2\repository\org\springframework\security\spring-security-rsa\1.1.2\spring-security-rsa-1.1.2.jar;C:\Users\ck901\.m2\repository\org\bouncycastle\bcprov-jdk18on\1.77\bcprov-jdk18on-1.77.jar;C:\Users\ck901\.m2\repository\org\springframework\cloud\spring-cloud-gateway-server\4.1.2\spring-cloud-gateway-server-4.1.2.jar;C:\Users\ck901\.m2\repository\io\projectreactor\addons\reactor-extra\3.5.1\reactor-extra-3.5.1.jar;C:\Users\ck901\.m2\repository\org\springframework\boot\spring-boot-starter-webflux\3.2.4\spring-boot-starter-webflux-3.2.4.jar;C:\Users\ck901\.m2\repository\org\springframework\boot\spring-boot-starter\3.2.4\spring-boot-starter-3.2.4.jar;C:\Users\ck901\.m2\repository\org\springframework\boot\spring-boot\3.2.4\spring-boot-3.2.4.jar;C:\Users\ck901\.m2\repository\org\springframework\boot\spring-boot-autoconfigure\3.2.4\spring-boot-autoconfigure-3.2.4.jar;C:\Users\ck901\.m2\repository\org\springframework\boot\spring-boot-starter-logging\3.2.4\spring-boot-starter-logging-3.2.4.jar;C:\Users\ck901\.m2\repository\ch\qos\logback\logback-classic\1.4.14\logback-classic-1.4.14.jar;C:\Users\ck901\.m2\repository\ch\qos\logback\logback-core\1.4.14\logback-core-1.4.14.jar;C:\Users\ck901\.m2\repository\org\apache\logging\log4j\log4j-to-slf4j\2.21.1\log4j-to-slf4j-2.21.1.jar;C:\Users\ck901\.m2\repository\org\apache\logging\log4j\log4j-api\2.21.1\log4j-api-2.21.1.jar;C:\Users\ck901\.m2\repository\org\slf4j\jul-to-slf4j\2.0.12\jul-to-slf4j-2.0.12.jar;C:\Users\ck901\.m2\repository\jakarta\annotation\jakarta.annotation-api\2.1.1\jakarta.annotation-api-2.1.1.jar;C:\Users\ck901\.m2\repository\org\yaml\snakeyaml\2.2\snakeyaml-2.2.jar;C:\Users\ck901\.m2\repository\org\springframework\boot\spring-boot-starter-json\3.2.4\spring-boot-starter-json-3.2.4.jar;C:\Users\ck901\.m2\repository\com\fasterxml\jackson\datatype\jackson-datatype-jdk8\2.15.4\jackson-datatype-jdk8-2.15.4.jar;C:\Users\ck901\.m2\repository\com\fasterxml\jackson\datatype\jackson-datatype-jsr310\2.15.4\jackson-datatype-jsr310-2.15.4.jar;C:\Users\ck901\.m2\repository\com\fasterxml\jackson\module\jackson-module-parameter-names\2.15.4\jackson-module-parameter-names-2.15.4.jar;C:\Users\ck901\.m2\repository\org\springframework\boot\spring-boot-starter-reactor-netty\3.2.4\spring-boot-starter-reactor-netty-3.2.4.jar;C:\Users\ck901\.m2\repository\io\projectreactor\netty\reactor-netty-http\1.1.17\reactor-netty-http-1.1.17.jar;C:\Users\ck901\.m2\repository\io\netty\netty-codec-http\4.1.107.Final\netty-codec-http-4.1.107.Final.jar;C:\Users\ck901\.m2\repository\io\netty\netty-common\4.1.107.Final\netty-common-4.1.107.Final.jar;C:\Users\ck901\.m2\repository\io\netty\netty-buffer\4.1.107.Final\netty-buffer-4.1.107.Final.jar;C:\Users\ck901\.m2\repository\io\netty\netty-transport\4.1.107.Final\netty-transport-4.1.107.Final.jar;C:\Users\ck901\.m2\repository\io\netty\netty-codec\4.1.107.Final\netty-codec-4.1.107.Final.jar;C:\Users\ck901\.m2\repository\io\netty\netty-handler\4.1.107.Final\netty-handler-4.1.107.Final.jar;C:\Users\ck901\.m2\repository\io\netty\netty-codec-http2\4.1.107.Final\netty-codec-http2-4.1.107.Final.jar;C:\Users\ck901\.m2\repository\io\netty\netty-resolver-dns\4.1.107.Final\netty-resolver-dns-4.1.107.Final.jar;C:\Users\ck901\.m2\repository\io\netty\netty-resolver\4.1.107.Final\netty-resolver-4.1.107.Final.jar;C:\Users\ck901\.m2\repository\io\netty\netty-codec-dns\4.1.107.Final\netty-codec-dns-4.1.107.Final.jar;C:\Users\ck901\.m2\repository\io\netty\netty-resolver-dns-native-macos\4.1.107.Final\netty-resolver-dns-native-macos-4.1.107.Final-osx-x86_64.jar;C:\Users\ck901\.m2\repository\io\netty\netty-resolver-dns-classes-macos\4.1.107.Final\netty-resolver-dns-classes-macos-4.1.107.Final.jar;C:\Users\ck901\.m2\repository\io\netty\netty-transport-native-epoll\4.1.107.Final\netty-transport-native-epoll-4.1.107.Final-linux-x86_64.jar;C:\Users\ck901\.m2\repository\io\netty\netty-transport-native-unix-common\4.1.107.Final\netty-transport-native-unix-common-4.1.107.Final.jar;C:\Users\ck901\.m2\repository\io\netty\netty-transport-classes-epoll\4.1.107.Final\netty-transport-classes-epoll-4.1.107.Final.jar;C:\Users\ck901\.m2\repository\io\projectreactor\netty\reactor-netty-core\1.1.17\reactor-netty-core-1.1.17.jar;C:\Users\ck901\.m2\repository\io\netty\netty-handler-proxy\4.1.107.Final\netty-handler-proxy-4.1.107.Final.jar;C:\Users\ck901\.m2\repository\io\netty\netty-codec-socks\4.1.107.Final\netty-codec-socks-4.1.107.Final.jar;C:\Users\ck901\.m2\repository\org\springframework\spring-web\6.1.5\spring-web-6.1.5.jar;C:\Users\ck901\.m2\repository\org\springframework\spring-beans\6.1.5\spring-beans-6.1.5.jar;C:\Users\ck901\.m2\repository\org\springframework\spring-webflux\6.1.5\spring-webflux-6.1.5.jar;C:\Users\ck901\.m2\repository\org\springframework\boot\spring-boot-starter-security\3.2.4\spring-boot-starter-security-3.2.4.jar;C:\Users\ck901\.m2\repository\org\springframework\spring-aop\6.1.5\spring-aop-6.1.5.jar;C:\Users\ck901\.m2\repository\org\springframework\security\spring-security-config\6.2.3\spring-security-config-6.2.3.jar;C:\Users\ck901\.m2\repository\org\springframework\security\spring-security-core\6.2.3\spring-security-core-6.2.3.jar;C:\Users\ck901\.m2\repository\org\springframework\spring-context\6.1.5\spring-context-6.1.5.jar;C:\Users\ck901\.m2\repository\org\springframework\security\spring-security-web\6.2.3\spring-security-web-6.2.3.jar;C:\Users\ck901\.m2\repository\org\springframework\spring-expression\6.1.5\spring-expression-6.1.5.jar;C:\Users\ck901\.m2\repository\io\jsonwebtoken\jjwt-api\0.11.5\jjwt-api-0.11.5.jar;C:\Users\ck901\.m2\repository\io\jsonwebtoken\jjwt-impl\0.11.5\jjwt-impl-0.11.5.jar;C:\Users\ck901\.m2\repository\io\jsonwebtoken\jjwt-jackson\0.11.5\jjwt-jackson-0.11.5.jar;C:\Users\ck901\.m2\repository\com\fasterxml\jackson\core\jackson-databind\2.15.4\jackson-databind-2.15.4.jar;C:\Users\ck901\.m2\repository\com\fasterxml\jackson\core\jackson-annotations\2.15.4\jackson-annotations-2.15.4.jar;C:\Users\ck901\.m2\repository\com\fasterxml\jackson\core\jackson-core\2.15.4\jackson-core-2.15.4.jar;C:\Users\ck901\.m2\repository\org\springframework\cloud\spring-cloud-starter-netflix-eureka-client\4.1.1\spring-cloud-starter-netflix-eureka-client-4.1.1.jar;C:\Users\ck901\.m2\repository\org\springframework\cloud\spring-cloud-netflix-eureka-client\4.1.1\spring-cloud-netflix-eureka-client-4.1.1.jar;C:\Users\ck901\.m2\repository\org\apache\httpcomponents\client5\httpclient5\5.2.3\httpclient5-5.2.3.jar;C:\Users\ck901\.m2\repository\org\apache\httpcomponents\core5\httpcore5\5.2.4\httpcore5-5.2.4.jar;C:\Users\ck901\.m2\repository\org\apache\httpcomponents\core5\httpcore5-h2\5.2.4\httpcore5-h2-5.2.4.jar;C:\Users\ck901\.m2\repository\com\netflix\eureka\eureka-client\2.0.2\eureka-client-2.0.2.jar;C:\Users\ck901\.m2\repository\com\netflix\netflix-commons\netflix-eventbus\0.3.0\netflix-eventbus-0.3.0.jar;C:\Users\ck901\.m2\repository\com\netflix\netflix-commons\netflix-infix\0.3.0\netflix-infix-0.3.0.jar;C:\Users\ck901\.m2\repository\commons-jxpath\commons-jxpath\1.3\commons-jxpath-1.3.jar;C:\Users\ck901\.m2\repository\joda-time\joda-time\2.3\joda-time-2.3.jar;C:\Users\ck901\.m2\repository\org\antlr\antlr-runtime\3.4\antlr-runtime-3.4.jar;C:\Users\ck901\.m2\repository\org\antlr\stringtemplate\3.2.1\stringtemplate-3.2.1.jar;C:\Users\ck901\.m2\repository\antlr\antlr\2.7.7\antlr-2.7.7.jar;C:\Users\ck901\.m2\repository\com\google\code\gson\gson\2.10.1\gson-2.10.1.jar;C:\Users\ck901\.m2\repository\org\apache\commons\commons-math\2.2\commons-math-2.2.jar;C:\Users\ck901\.m2\repository\com\thoughtworks\xstream\xstream\1.4.19\xstream-1.4.19.jar;C:\Users\ck901\.m2\repository\io\github\x-stream\mxparser\1.2.2\mxparser-1.2.2.jar;C:\Users\ck901\.m2\repository\xmlpull\xmlpull\1.1.3.1\xmlpull-1.1.3.1.jar;C:\Users\ck901\.m2\repository\jakarta\ws\rs\jakarta.ws.rs-api\3.1.0\jakarta.ws.rs-api-3.1.0.jar;C:\Users\ck901\.m2\repository\jakarta\inject\jakarta.inject-api\2.0.1\jakarta.inject-api-2.0.1.jar;C:\Users\ck901\.m2\repository\com\netflix\servo\servo-core\0.12.21\servo-core-0.12.21.jar;C:\Users\ck901\.m2\repository\com\google\guava\guava\19.0\guava-19.0.jar;C:\Users\ck901\.m2\repository\org\apache\httpcomponents\httpclient\4.5.3\httpclient-4.5.3.jar;C:\Users\ck901\.m2\repository\org\apache\httpcomponents\httpcore\4.4.16\httpcore-4.4.16.jar;C:\Users\ck901\.m2\repository\commons-codec\commons-codec\1.16.1\commons-codec-1.16.1.jar;C:\Users\ck901\.m2\repository\commons-configuration\commons-configuration\1.10\commons-configuration-1.10.jar;C:\Users\ck901\.m2\repository\commons-lang\commons-lang\2.6\commons-lang-2.6.jar;C:\Users\ck901\.m2\repository\org\codehaus\jettison\jettison\1.5.4\jettison-1.5.4.jar;C:\Users\ck901\.m2\repository\com\netflix\eureka\eureka-core\2.0.2\eureka-core-2.0.2.jar;C:\Users\ck901\.m2\repository\com\fasterxml\woodstox\woodstox-core\6.2.1\woodstox-core-6.2.1.jar;C:\Users\ck901\.m2\repository\org\codehaus\woodstox\stax2-api\4.2.1\stax2-api-4.2.1.jar;C:\Users\ck901\.m2\repository\org\springframework\cloud\spring-cloud-starter-loadbalancer\4.1.2\spring-cloud-starter-loadbalancer-4.1.2.jar;C:\Users\ck901\.m2\repository\org\springframework\cloud\spring-cloud-loadbalancer\4.1.2\spring-cloud-loadbalancer-4.1.2.jar;C:\Users\ck901\.m2\repository\org\springframework\boot\spring-boot-starter-cache\3.2.4\spring-boot-starter-cache-3.2.4.jar;C:\Users\ck901\.m2\repository\org\springframework\spring-context-support\6.1.5\spring-context-support-6.1.5.jar;C:\Users\ck901\.m2\repository\com\stoyanr\evictor\1.0.0\evictor-1.0.0.jar;C:\Users\ck901\.m2\repository\org\springframework\boot\spring-boot-starter-actuator\3.2.4\spring-boot-starter-actuator-3.2.4.jar;C:\Users\ck901\.m2\repository\org\springframework\boot\spring-boot-actuator-autoconfigure\3.2.4\spring-boot-actuator-autoconfigure-3.2.4.jar;C:\Users\ck901\.m2\repository\org\springframework\boot\spring-boot-actuator\3.2.4\spring-boot-actuator-3.2.4.jar;C:\Users\ck901\.m2\repository\io\micrometer\micrometer-observation\1.12.4\micrometer-observation-1.12.4.jar;C:\Users\ck901\.m2\repository\io\micrometer\micrometer-commons\1.12.4\micrometer-commons-1.12.4.jar;C:\Users\ck901\.m2\repository\io\micrometer\micrometer-jakarta9\1.12.4\micrometer-jakarta9-1.12.4.jar;C:\Users\ck901\.m2\repository\io\micrometer\micrometer-core\1.12.4\micrometer-core-1.12.4.jar;C:\Users\ck901\.m2\repository\org\hdrhistogram\HdrHistogram\2.1.12\HdrHistogram-2.1.12.jar;C:\Users\ck901\.m2\repository\org\latencyutils\LatencyUtils\2.0.3\LatencyUtils-2.0.3.jar;C:\Users\ck901\.m2\repository\org\springframework\boot\spring-boot-starter-validation\3.2.4\spring-boot-starter-validation-3.2.4.jar;C:\Users\ck901\.m2\repository\org\apache\tomcat\embed\tomcat-embed-el\10.1.19\tomcat-embed-el-10.1.19.jar;C:\Users\ck901\.m2\repository\org\hibernate\validator\hibernate-validator\8.0.1.Final\hibernate-validator-8.0.1.Final.jar;C:\Users\ck901\.m2\repository\jakarta\validation\jakarta.validation-api\3.0.2\jakarta.validation-api-3.0.2.jar;C:\Users\ck901\.m2\repository\org\jboss\logging\jboss-logging\3.5.3.Final\jboss-logging-3.5.3.Final.jar;C:\Users\ck901\.m2\repository\com\fasterxml\classmate\1.6.0\classmate-1.6.0.jar;C:\Users\ck901\.m2\repository\org\springframework\boot\spring-boot-configuration-processor\3.2.4\spring-boot-configuration-processor-3.2.4.jar;C:\Users\ck901\.m2\repository\org\projectlombok\lombok\1.18.30\lombok-1.18.30.jar;C:\Users\ck901\.m2\repository\org\slf4j\slf4j-api\2.0.12\slf4j-api-2.0.12.jar;C:\Users\ck901\.m2\repository\org\springframework\spring-core\6.1.5\spring-core-6.1.5.jar;C:\Users\ck901\.m2\repository\org\springframework\spring-jcl\6.1.5\spring-jcl-6.1.5.jar;C:\Users\ck901\.m2\repository\io\projectreactor\reactor-core\3.6.4\reactor-core-3.6.4.jar;C:\Users\ck901\.m2\repository\org\reactivestreams\reactive-streams\1.0.4\reactive-streams-1.0.4.jar
Launcher Type: SUN_STANDARD

[Global flags]
     intx CICompilerCount                          = 3                                         {product} {ergonomic}
     uint ConcGCThreads                            = 1                                         {product} {ergonomic}
     uint G1ConcRefinementThreads                  = 4                                         {product} {ergonomic}
   size_t G1HeapRegionSize                         = 1048576                                   {product} {ergonomic}
    uintx GCDrainStackTargetSize                   = 64                                        {product} {ergonomic}
   size_t InitialHeapSize                          = 134217728                                 {product} {ergonomic}
     bool ManagementServer                         = true                                      {product} {command line}
   size_t MarkStackSize                            = 4194304                                   {product} {ergonomic}
   size_t MaxHeapSize                              = 2116026368                                {product} {ergonomic}
   size_t MaxNewSize                               = 1268776960                                {product} {ergonomic}
   size_t MinHeapDeltaBytes                        = 1048576                                   {product} {ergonomic}
   size_t MinHeapSize                              = 8388608                                   {product} {ergonomic}
    uintx NonNMethodCodeHeapSize                   = 4096                                   {pd product} {ergonomic}
    uintx NonProfiledCodeHeapSize                  = 0                                      {pd product} {ergonomic}
     bool ProfileInterpreter                       = false                                  {pd product} {command line}
    uintx ProfiledCodeHeapSize                     = 0                                      {pd product} {ergonomic}
     bool ShowCodeDetailsInExceptionMessages       = true                                   {manageable} {command line}
   size_t SoftMaxHeapSize                          = 2116026368                             {manageable} {ergonomic}
     intx TieredStopAtLevel                        = 1                                         {product} {command line}
     bool UseCompressedOops                        = true                           {product lp64_product} {ergonomic}
     bool UseG1GC                                  = true                                      {product} {ergonomic}
     bool UseLargePagesIndividualAllocation        = false                                  {pd product} {ergonomic}

Logging:
Log output configuration:
 #0: stdout all=warning uptime,level,tags foldmultilines=false
 #1: stderr all=off uptime,level,tags foldmultilines=false

Environment Variables:
PATH=C:/Users/ck901/Downloads/spring-tools-for-eclipse-5.0.1.RELEASE-e4.38.0-win32.win32.x86_64/sts-5.0.1.RELEASE//plugins/org.eclipse.justj.openjdk.hotspot.jre.full.win32.x86_64_25.0.1.v20251108-1451/jre/bin/server;C:/Users/ck901/Downloads/spring-tools-for-eclipse-5.0.1.RELEASE-e4.38.0-win32.win32.x86_64/sts-5.0.1.RELEASE//plugins/org.eclipse.justj.openjdk.hotspot.jre.full.win32.x86_64_25.0.1.v20251108-1451/jre/bin;C:\Python314\Scripts\;C:\Python314\;C:\Program Files\Common Files\Oracle\Java\javapath;C:\WINDOWS\system32;C:\WINDOWS;C:\WINDOWS\System32\Wbem;C:\WINDOWS\System32\WindowsPowerShell\v1.0\;C:\WINDOWS\System32\OpenSSH\;C:\ProgramData\chocolatey\bin;C:\Users\ck901\AppData\Local\Microsoft\WindowsApps;C:\Users\ck901\AppData\Local\Programs\Microsoft VS Code\bin;C:\Users\ck901\develop\flutter\bin;C:\Users\ck901\AppData\Local\Pub\Cache\bin;;C:\Users\ck901\.local\bin;C:\Users\ck901\Downloads\spring-tools-for-eclipse-5.0.1.RELEASE-e4.38.0-win32.win32.x86_64\sts-5.0.1.RELEASE;
USERNAME=ck901
OS=Windows_NT
PROCESSOR_IDENTIFIER=Intel64 Family 6 Model 61 Stepping 4, GenuineIntel
TMP=C:\Users\ck901\AppData\Local\Temp
TEMP=C:\Users\ck901\AppData\Local\Temp




Periodic native trim disabled

---------------  S Y S T E M  ---------------

OS:
 Windows 10 , 64 bit Build 18362 (10.0.18362.1110)
OS uptime: 4 days 3:53 hours

CPU: total 4 (initial active 4) (2 cores per cpu, 2 threads per core) family 6 model 61 stepping 4 microcode 0x2b, cx8, cmov, fxsr, ht, mmx, 3dnowpref, sse, sse2, sse3, ssse3, sse4.1, sse4.2, popcnt, lzcnt, tsc, tscinvbit, avx, avx2, aes, erms, clmul, bmi1, bmi2, rtm, adx, fma, vzeroupper, clflush, rdtscp, f16c
Processor Information for all 4 processors :
  Max Mhz: 2594, Current Mhz: 498, Mhz Limit: 492

Memory: 4k page, system-wide physical 8066M (539M free)
TotalPageFile size 23248M (AvailPageFile size 2M)
current process WorkingSet (physical memory assigned to process): 150M, peak: 150M
current process commit charge ("private bytes"): 187M, peak: 240M

vm_info: Java HotSpot(TM) 64-Bit Server VM (21.0.11+9-LTS-211) for windows-amd64 JRE (21.0.11+9-LTS-211), built on 2026-03-11T00:23:15Z by "mach5run" with MS VC++ 17.13 (VS2022)

END.
