2026-07-28T07:35:04.543-07:00  INFO 4840 --- [notification-service] [main] c.w.l.NotificationServiceApplication     : Starting NotificationServiceApplication using Java 21.0.11 with PID 4840 (C:\Users\user\Desktop\locato\Notification-Service\target\classes started by user in C:\Users\user\Desktop\locato\Notification-Service)
2026-07-28T07:35:04.550-07:00 DEBUG 4840 --- [notification-service] [main] c.w.l.NotificationServiceApplication     : Running with Spring Boot v3.5.15, Spring v6.2.19
2026-07-28T07:35:04.551-07:00  INFO 4840 --- [notification-service] [main] c.w.l.NotificationServiceApplication     : No active profile set, falling back to 1 default profile: "default"
2026-07-28T07:35:06.709-07:00  INFO 4840 --- [notification-service] [main] .s.d.r.c.RepositoryConfigurationDelegate : Bootstrapping Spring Data JPA repositories in DEFAULT mode.
2026-07-28T07:35:07.100-07:00  INFO 4840 --- [notification-service] [main] .s.d.r.c.RepositoryConfigurationDelegate : Finished Spring Data repository scanning in 376 ms. Found 4 JPA repository interfaces.
2026-07-28T07:35:07.696-07:00  INFO 4840 --- [notification-service] [main] o.s.cloud.context.scope.GenericScope     : BeanFactory id=c7b71c64-5c7f-3567-94cb-8435d62c2936
2026-07-28T07:35:08.832-07:00  INFO 4840 --- [notification-service] [main] o.s.b.w.embedded.tomcat.TomcatWebServer  : Tomcat initialized with port 8087 (http)
2026-07-28T07:35:08.854-07:00  INFO 4840 --- [notification-service] [main] o.apache.catalina.core.StandardService   : Starting service [Tomcat]
2026-07-28T07:35:08.855-07:00  INFO 4840 --- [notification-service] [main] o.apache.catalina.core.StandardEngine    : Starting Servlet engine: [Apache Tomcat/10.1.55]
2026-07-28T07:35:08.994-07:00  INFO 4840 --- [notification-service] [main] o.a.c.c.C.[Tomcat].[localhost].[/]       : Initializing Spring embedded WebApplicationContext
2026-07-28T07:35:08.995-07:00  INFO 4840 --- [notification-service] [main] w.s.c.ServletWebServerApplicationContext : Root WebApplicationContext: initialization completed in 4304 ms
2026-07-28T07:35:09.549-07:00  INFO 4840 --- [notification-service] [main] com.zaxxer.hikari.HikariDataSource       : HikariPool-1 - Starting...
2026-07-28T07:35:13.135-07:00  INFO 4840 --- [notification-service] [main] o.hibernate.jpa.internal.util.LogHelper  : HHH000204: Processing PersistenceUnitInfo [name: default]
2026-07-28T07:35:13.222-07:00  INFO 4840 --- [notification-service] [main] org.hibernate.Version                    : HHH000412: Hibernate ORM core version 6.6.53.Final
2026-07-28T07:35:13.282-07:00  INFO 4840 --- [notification-service] [main] o.h.c.internal.RegionFactoryInitiator    : HHH000026: Second-level cache disabled
2026-07-28T07:35:13.689-07:00  INFO 4840 --- [notification-service] [main] o.s.o.j.p.SpringPersistenceUnitInfo      : No LoadTimeWeaver setup: ignoring JPA class transformer
2026-07-28T07:35:13.740-07:00  INFO 4840 --- [notification-service] [main] com.zaxxer.hikari.HikariDataSource       : HikariPool-1 - Starting...
2026-07-28T07:35:14.749-07:00  WARN 4840 --- [notification-service] [main] o.h.engine.jdbc.spi.SqlExceptionHelper   : SQL Error: 0, SQLState: 08S01
2026-07-28T07:35:14.750-07:00 ERROR 4840 --- [notification-service] [main] o.h.engine.jdbc.spi.SqlExceptionHelper   : Communications link failure

The last packet sent successfully to the server was 0 milliseconds ago. The driver has not received any packets from the server.
2026-07-28T07:35:14.751-07:00  WARN 4840 --- [notification-service] [main] o.h.e.j.e.i.JdbcEnvironmentInitiator     : HHH000342: Could not obtain connection to query metadata

org.hibernate.exception.JDBCConnectionException: unable to obtain isolated JDBC connection [Communications link failure

The last packet sent successfully to the server was 0 milliseconds ago. The driver has not received any packets from the server.] [n/a]
	at org.hibernate.exception.internal.SQLStateConversionDelegate.convert(SQLStateConversionDelegate.java:100) ~[hibernate-core-6.6.53.Final.jar:6.6.53.Final]
	at org.hibernate.exception.internal.StandardSQLExceptionConverter.convert(StandardSQLExceptionConverter.java:58) ~[hibernate-core-6.6.53.Final.jar:6.6.53.Final]
	at org.hibernate.engine.jdbc.spi.SqlExceptionHelper.convert(SqlExceptionHelper.java:108) ~[hibernate-core-6.6.53.Final.jar:6.6.53.Final]
	at org.hibernate.engine.jdbc.spi.SqlExceptionHelper.convert(SqlExceptionHelper.java:94) ~[hibernate-core-6.6.53.Final.jar:6.6.53.Final]
	at org.hibernate.resource.transaction.backend.jdbc.internal.JdbcIsolationDelegate.delegateWork(JdbcIsolationDelegate.java:116) ~[hibernate-core-6.6.53.Final.jar:6.6.53.Final]
	at org.hibernate.engine.jdbc.env.internal.JdbcEnvironmentInitiator.getJdbcEnvironmentUsingJdbcMetadata(JdbcEnvironmentInitiator.java:334) ~[hibernate-core-6.6.53.Final.jar:6.6.53.Final]
	at org.hibernate.engine.jdbc.env.internal.JdbcEnvironmentInitiator.initiateService(JdbcEnvironmentInitiator.java:129) ~[hibernate-core-6.6.53.Final.jar:6.6.53.Final]
	at org.hibernate.engine.jdbc.env.internal.JdbcEnvironmentInitiator.initiateService(JdbcEnvironmentInitiator.java:81) ~[hibernate-core-6.6.53.Final.jar:6.6.53.Final]
	at org.hibernate.boot.registry.internal.StandardServiceRegistryImpl.initiateService(StandardServiceRegistryImpl.java:130) ~[hibernate-core-6.6.53.Final.jar:6.6.53.Final]
	at org.hibernate.service.internal.AbstractServiceRegistryImpl.createService(AbstractServiceRegistryImpl.java:263) ~[hibernate-core-6.6.53.Final.jar:6.6.53.Final]
	at org.hibernate.service.internal.AbstractServiceRegistryImpl.initializeService(AbstractServiceRegistryImpl.java:238) ~[hibernate-core-6.6.53.Final.jar:6.6.53.Final]
	at org.hibernate.service.internal.AbstractServiceRegistryImpl.getService(AbstractServiceRegistryImpl.java:215) ~[hibernate-core-6.6.53.Final.jar:6.6.53.Final]
	at org.hibernate.boot.model.relational.Database.<init>(Database.java:45) ~[hibernate-core-6.6.53.Final.jar:6.6.53.Final]
	at org.hibernate.boot.internal.InFlightMetadataCollectorImpl.getDatabase(InFlightMetadataCollectorImpl.java:226) ~[hibernate-core-6.6.53.Final.jar:6.6.53.Final]
	at org.hibernate.boot.internal.InFlightMetadataCollectorImpl.<init>(InFlightMetadataCollectorImpl.java:194) ~[hibernate-core-6.6.53.Final.jar:6.6.53.Final]
	at org.hibernate.boot.model.process.spi.MetadataBuildingProcess.complete(MetadataBuildingProcess.java:171) ~[hibernate-core-6.6.53.Final.jar:6.6.53.Final]
	at org.hibernate.jpa.boot.internal.EntityManagerFactoryBuilderImpl.metadata(EntityManagerFactoryBuilderImpl.java:1442) ~[hibernate-core-6.6.53.Final.jar:6.6.53.Final]
	at org.hibernate.jpa.boot.internal.EntityManagerFactoryBuilderImpl.build(EntityManagerFactoryBuilderImpl.java:1513) ~[hibernate-core-6.6.53.Final.jar:6.6.53.Final]
	at org.springframework.orm.jpa.vendor.SpringHibernateJpaPersistenceProvider.createContainerEntityManagerFactory(SpringHibernateJpaPersistenceProvider.java:66) ~[spring-orm-6.2.19.jar:6.2.19]
	at org.springframework.orm.jpa.LocalContainerEntityManagerFactoryBean.createNativeEntityManagerFactory(LocalContainerEntityManagerFactoryBean.java:388) ~[spring-orm-6.2.19.jar:6.2.19]
	at org.springframework.orm.jpa.AbstractEntityManagerFactoryBean.buildNativeEntityManagerFactory(AbstractEntityManagerFactoryBean.java:419) ~[spring-orm-6.2.19.jar:6.2.19]
	at org.springframework.orm.jpa.AbstractEntityManagerFactoryBean.afterPropertiesSet(AbstractEntityManagerFactoryBean.java:400) ~[spring-orm-6.2.19.jar:6.2.19]
	at org.springframework.orm.jpa.LocalContainerEntityManagerFactoryBean.afterPropertiesSet(LocalContainerEntityManagerFactoryBean.java:364) ~[spring-orm-6.2.19.jar:6.2.19]
	at org.springframework.beans.factory.support.AbstractAutowireCapableBeanFactory.invokeInitMethods(AbstractAutowireCapableBeanFactory.java:1871) ~[spring-beans-6.2.19.jar:6.2.19]
	at org.springframework.beans.factory.support.AbstractAutowireCapableBeanFactory.initializeBean(AbstractAutowireCapableBeanFactory.java:1820) ~[spring-beans-6.2.19.jar:6.2.19]
	at org.springframework.beans.factory.support.AbstractAutowireCapableBeanFactory.doCreateBean(AbstractAutowireCapableBeanFactory.java:607) ~[spring-beans-6.2.19.jar:6.2.19]
	at org.springframework.beans.factory.support.AbstractAutowireCapableBeanFactory.createBean(AbstractAutowireCapableBeanFactory.java:529) ~[spring-beans-6.2.19.jar:6.2.19]
	at org.springframework.beans.factory.support.AbstractBeanFactory.lambda$doGetBean$0(AbstractBeanFactory.java:339) ~[spring-beans-6.2.19.jar:6.2.19]
	at org.springframework.beans.factory.support.DefaultSingletonBeanRegistry.getSingleton(DefaultSingletonBeanRegistry.java:373) ~[spring-beans-6.2.19.jar:6.2.19]
	at org.springframework.beans.factory.support.AbstractBeanFactory.doGetBean(AbstractBeanFactory.java:337) ~[spring-beans-6.2.19.jar:6.2.19]
	at org.springframework.beans.factory.support.AbstractBeanFactory.getBean(AbstractBeanFactory.java:207) ~[spring-beans-6.2.19.jar:6.2.19]
	at org.springframework.context.support.AbstractApplicationContext.finishBeanFactoryInitialization(AbstractApplicationContext.java:974) ~[spring-context-6.2.19.jar:6.2.19]
	at org.springframework.context.support.AbstractApplicationContext.refresh(AbstractApplicationContext.java:628) ~[spring-context-6.2.19.jar:6.2.19]
	at org.springframework.boot.web.servlet.context.ServletWebServerApplicationContext.refresh(ServletWebServerApplicationContext.java:146) ~[spring-boot-3.5.15.jar:3.5.15]
	at org.springframework.boot.SpringApplication.refresh(SpringApplication.java:752) ~[spring-boot-3.5.15.jar:3.5.15]
	at org.springframework.boot.SpringApplication.refreshContext(SpringApplication.java:439) ~[spring-boot-3.5.15.jar:3.5.15]
	at org.springframework.boot.SpringApplication.run(SpringApplication.java:318) ~[spring-boot-3.5.15.jar:3.5.15]
	at org.springframework.boot.SpringApplication.run(SpringApplication.java:1361) ~[spring-boot-3.5.15.jar:3.5.15]
	at org.springframework.boot.SpringApplication.run(SpringApplication.java:1350) ~[spring-boot-3.5.15.jar:3.5.15]
	at com.whoami.launch.NotificationServiceApplication.main(NotificationServiceApplication.java:35) ~[classes/:na]
Caused by: com.mysql.cj.jdbc.exceptions.CommunicationsException: Communications link failure

The last packet sent successfully to the server was 0 milliseconds ago. The driver has not received any packets from the server.
	at com.mysql.cj.jdbc.exceptions.SQLError.createCommunicationsException(SQLError.java:165) ~[mysql-connector-j-9.7.0.jar:9.7.0]
	at com.mysql.cj.jdbc.exceptions.SQLExceptionsMapping.translateException(SQLExceptionsMapping.java:55) ~[mysql-connector-j-9.7.0.jar:9.7.0]
	at com.mysql.cj.jdbc.ConnectionImpl.createNewIO(ConnectionImpl.java:840) ~[mysql-connector-j-9.7.0.jar:9.7.0]
	at com.mysql.cj.jdbc.ConnectionImpl.<init>(ConnectionImpl.java:416) ~[mysql-connector-j-9.7.0.jar:9.7.0]
	at com.mysql.cj.jdbc.ConnectionImpl.getInstance(ConnectionImpl.java:237) ~[mysql-connector-j-9.7.0.jar:9.7.0]
	at com.mysql.cj.jdbc.NonRegisteringDriver.connect(NonRegisteringDriver.java:180) ~[mysql-connector-j-9.7.0.jar:9.7.0]
	at com.zaxxer.hikari.util.DriverDataSource.getConnection(DriverDataSource.java:144) ~[HikariCP-6.3.3.jar:na]
	at com.zaxxer.hikari.pool.PoolBase.newConnection(PoolBase.java:370) ~[HikariCP-6.3.3.jar:na]
	at com.zaxxer.hikari.pool.PoolBase.newPoolEntry(PoolBase.java:207) ~[HikariCP-6.3.3.jar:na]
	at com.zaxxer.hikari.pool.HikariPool.createPoolEntry(HikariPool.java:488) ~[HikariCP-6.3.3.jar:na]
	at com.zaxxer.hikari.pool.HikariPool.checkFailFast(HikariPool.java:576) ~[HikariCP-6.3.3.jar:na]
	at com.zaxxer.hikari.pool.HikariPool.<init>(HikariPool.java:97) ~[HikariCP-6.3.3.jar:na]
	at com.zaxxer.hikari.HikariDataSource.getConnection(HikariDataSource.java:111) ~[HikariCP-6.3.3.jar:na]
	at org.hibernate.engine.jdbc.connections.internal.DatasourceConnectionProviderImpl.getConnection(DatasourceConnectionProviderImpl.java:126) ~[hibernate-core-6.6.53.Final.jar:6.6.53.Final]
	at org.hibernate.engine.jdbc.env.internal.JdbcEnvironmentInitiator$ConnectionProviderJdbcConnectionAccess.obtainConnection(JdbcEnvironmentInitiator.java:485) ~[hibernate-core-6.6.53.Final.jar:6.6.53.Final]
	at org.hibernate.resource.transaction.backend.jdbc.internal.JdbcIsolationDelegate.delegateWork(JdbcIsolationDelegate.java:61) ~[hibernate-core-6.6.53.Final.jar:6.6.53.Final]
	... 35 common frames omitted
Caused by: com.mysql.cj.exceptions.CJCommunicationsException: Communications link failure

The last packet sent successfully to the server was 0 milliseconds ago. The driver has not received any packets from the server.
	at java.base/jdk.internal.reflect.DirectConstructorHandleAccessor.newInstance(DirectConstructorHandleAccessor.java:62) ~[na:na]
	at java.base/java.lang.reflect.Constructor.newInstanceWithCaller(Constructor.java:502) ~[na:na]
	at java.base/java.lang.reflect.Constructor.newInstance(Constructor.java:486) ~[na:na]
	at com.mysql.cj.exceptions.ExceptionFactory.createException(ExceptionFactory.java:52) ~[mysql-connector-j-9.7.0.jar:9.7.0]
	at com.mysql.cj.exceptions.ExceptionFactory.createException(ExceptionFactory.java:95) ~[mysql-connector-j-9.7.0.jar:9.7.0]
	at com.mysql.cj.exceptions.ExceptionFactory.createException(ExceptionFactory.java:140) ~[mysql-connector-j-9.7.0.jar:9.7.0]
	at com.mysql.cj.exceptions.ExceptionFactory.createCommunicationsException(ExceptionFactory.java:156) ~[mysql-connector-j-9.7.0.jar:9.7.0]
	at com.mysql.cj.protocol.a.NativeSocketConnection.connect(NativeSocketConnection.java:79) ~[mysql-connector-j-9.7.0.jar:9.7.0]
	at com.mysql.cj.NativeSession.connect(NativeSession.java:142) ~[mysql-connector-j-9.7.0.jar:9.7.0]
	at com.mysql.cj.jdbc.ConnectionImpl.connectOneTryOnly(ConnectionImpl.java:964) ~[mysql-connector-j-9.7.0.jar:9.7.0]
	at com.mysql.cj.jdbc.ConnectionImpl.createNewIO(ConnectionImpl.java:828) ~[mysql-connector-j-9.7.0.jar:9.7.0]
	... 48 common frames omitted
Caused by: java.net.UnknownHostException: mysql
	at java.base/java.net.InetAddress$CachedLookup.get(InetAddress.java:988) ~[na:na]
	at java.base/java.net.InetAddress.getAllByName0(InetAddress.java:1818) ~[na:na]
	at java.base/java.net.InetAddress.getAllByName(InetAddress.java:1688) ~[na:na]
	at com.mysql.cj.protocol.StandardSocketFactory.connect(StandardSocketFactory.java:121) ~[mysql-connector-j-9.7.0.jar:9.7.0]
	at com.mysql.cj.protocol.a.NativeSocketConnection.connect(NativeSocketConnection.java:53) ~[mysql-connector-j-9.7.0.jar:9.7.0]
	... 51 common frames omitted

2026-07-28T07:35:14.785-07:00  WARN 4840 --- [notification-service] [main] org.hibernate.orm.deprecation            : HHH90000025: MySQL8Dialect does not need to be specified explicitly using 'hibernate.dialect' (remove the property setting and it will be selected by default)
2026-07-28T07:35:14.787-07:00  WARN 4840 --- [notification-service] [main] org.hibernate.orm.deprecation            : HHH90000026: MySQL8Dialect has been deprecated; use org.hibernate.dialect.MySQLDialect instead
2026-07-28T07:35:14.805-07:00  INFO 4840 --- [notification-service] [main] org.hibernate.orm.connections.pooling    : HHH10001005: Database info:
	Database JDBC URL [Connecting through datasource 'HikariDataSource (null)']
	Database driver: undefined/unknown
	Database version: 8.0
	Autocommit mode: undefined/unknown
	Isolation level: undefined/unknown
	Minimum pool size: undefined/unknown
	Maximum pool size: undefined/unknown
2026-07-28T07:35:16.043-07:00  INFO 4840 --- [notification-service] [main] o.h.e.t.j.p.i.JtaPlatformInitiator       : HHH000489: No JTA platform available (set 'hibernate.transaction.jta.platform' to enable JTA platform integration)
2026-07-28T07:35:16.084-07:00  INFO 4840 --- [notification-service] [main] com.zaxxer.hikari.HikariDataSource       : HikariPool-1 - Starting...
2026-07-28T07:35:17.087-07:00  WARN 4840 --- [notification-service] [main] o.h.engine.jdbc.spi.SqlExceptionHelper   : SQL Error: 0, SQLState: 08S01
2026-07-28T07:35:17.088-07:00 ERROR 4840 --- [notification-service] [main] o.h.engine.jdbc.spi.SqlExceptionHelper   : Communications link failure

The last packet sent successfully to the server was 0 milliseconds ago. The driver has not received any packets from the server.
2026-07-28T07:35:17.099-07:00 ERROR 4840 --- [notification-service] [main] j.LocalContainerEntityManagerFactoryBean : Failed to initialize JPA EntityManagerFactory: [PersistenceUnit: default] Unable to build Hibernate SessionFactory; nested exception is org.hibernate.exception.JDBCConnectionException: Unable to open JDBC Connection for DDL execution [Communications link failure

The last packet sent successfully to the server was 0 milliseconds ago. The driver has not received any packets from the server.] [n/a]
2026-07-28T07:35:17.100-07:00  WARN 4840 --- [notification-service] [main] ConfigServletWebServerApplicationContext : Exception encountered during context initialization - cancelling refresh attempt: org.springframework.beans.factory.BeanCreationException: Error creating bean with name 'entityManagerFactory' defined in class path resource [org/springframework/boot/autoconfigure/orm/jpa/HibernateJpaConfiguration.class]: [PersistenceUnit: default] Unable to build Hibernate SessionFactory; nested exception is org.hibernate.exception.JDBCConnectionException: Unable to open JDBC Connection for DDL execution [Communications link failure

The last packet sent successfully to the server was 0 milliseconds ago. The driver has not received any packets from the server.] [n/a]
2026-07-28T07:35:17.105-07:00  INFO 4840 --- [notification-service] [main] o.apache.catalina.core.StandardService   : Stopping service [Tomcat]
2026-07-28T07:35:17.132-07:00  INFO 4840 --- [notification-service] [main] .s.b.a.l.ConditionEvaluationReportLogger : 

Error starting ApplicationContext. To display the condition evaluation report re-run your application with 'debug' enabled.
2026-07-28T07:35:17.156-07:00 ERROR 4840 --- [notification-service] [main] o.s.boot.SpringApplication               : Application run failed

org.springframework.beans.factory.BeanCreationException: Error creating bean with name 'entityManagerFactory' defined in class path resource [org/springframework/boot/autoconfigure/orm/jpa/HibernateJpaConfiguration.class]: [PersistenceUnit: default] Unable to build Hibernate SessionFactory; nested exception is org.hibernate.exception.JDBCConnectionException: Unable to open JDBC Connection for DDL execution [Communications link failure

The last packet sent successfully to the server was 0 milliseconds ago. The driver has not received any packets from the server.] [n/a]
	at org.springframework.beans.factory.support.AbstractAutowireCapableBeanFactory.initializeBean(AbstractAutowireCapableBeanFactory.java:1824) ~[spring-beans-6.2.19.jar:6.2.19]
	at org.springframework.beans.factory.support.AbstractAutowireCapableBeanFactory.doCreateBean(AbstractAutowireCapableBeanFactory.java:607) ~[spring-beans-6.2.19.jar:6.2.19]
	at org.springframework.beans.factory.support.AbstractAutowireCapableBeanFactory.createBean(AbstractAutowireCapableBeanFactory.java:529) ~[spring-beans-6.2.19.jar:6.2.19]
	at org.springframework.beans.factory.support.AbstractBeanFactory.lambda$doGetBean$0(AbstractBeanFactory.java:339) ~[spring-beans-6.2.19.jar:6.2.19]
	at org.springframework.beans.factory.support.DefaultSingletonBeanRegistry.getSingleton(DefaultSingletonBeanRegistry.java:373) ~[spring-beans-6.2.19.jar:6.2.19]
	at org.springframework.beans.factory.support.AbstractBeanFactory.doGetBean(AbstractBeanFactory.java:337) ~[spring-beans-6.2.19.jar:6.2.19]
	at org.springframework.beans.factory.support.AbstractBeanFactory.getBean(AbstractBeanFactory.java:207) ~[spring-beans-6.2.19.jar:6.2.19]
	at org.springframework.context.support.AbstractApplicationContext.finishBeanFactoryInitialization(AbstractApplicationContext.java:974) ~[spring-context-6.2.19.jar:6.2.19]
	at org.springframework.context.support.AbstractApplicationContext.refresh(AbstractApplicationContext.java:628) ~[spring-context-6.2.19.jar:6.2.19]
	at org.springframework.boot.web.servlet.context.ServletWebServerApplicationContext.refresh(ServletWebServerApplicationContext.java:146) ~[spring-boot-3.5.15.jar:3.5.15]
	at org.springframework.boot.SpringApplication.refresh(SpringApplication.java:752) ~[spring-boot-3.5.15.jar:3.5.15]
	at org.springframework.boot.SpringApplication.refreshContext(SpringApplication.java:439) ~[spring-boot-3.5.15.jar:3.5.15]
	at org.springframework.boot.SpringApplication.run(SpringApplication.java:318) ~[spring-boot-3.5.15.jar:3.5.15]
	at org.springframework.boot.SpringApplication.run(SpringApplication.java:1361) ~[spring-boot-3.5.15.jar:3.5.15]
	at org.springframework.boot.SpringApplication.run(SpringApplication.java:1350) ~[spring-boot-3.5.15.jar:3.5.15]
	at com.whoami.launch.NotificationServiceApplication.main(NotificationServiceApplication.java:35) ~[classes/:na]
Caused by: jakarta.persistence.PersistenceException: [PersistenceUnit: default] Unable to build Hibernate SessionFactory; nested exception is org.hibernate.exception.JDBCConnectionException: Unable to open JDBC Connection for DDL execution [Communications link failure

The last packet sent successfully to the server was 0 milliseconds ago. The driver has not received any packets from the server.] [n/a]
	at org.springframework.orm.jpa.AbstractEntityManagerFactoryBean.buildNativeEntityManagerFactory(AbstractEntityManagerFactoryBean.java:431) ~[spring-orm-6.2.19.jar:6.2.19]
	at org.springframework.orm.jpa.AbstractEntityManagerFactoryBean.afterPropertiesSet(AbstractEntityManagerFactoryBean.java:400) ~[spring-orm-6.2.19.jar:6.2.19]
	at org.springframework.orm.jpa.LocalContainerEntityManagerFactoryBean.afterPropertiesSet(LocalContainerEntityManagerFactoryBean.java:364) ~[spring-orm-6.2.19.jar:6.2.19]
	at org.springframework.beans.factory.support.AbstractAutowireCapableBeanFactory.invokeInitMethods(AbstractAutowireCapableBeanFactory.java:1871) ~[spring-beans-6.2.19.jar:6.2.19]
	at org.springframework.beans.factory.support.AbstractAutowireCapableBeanFactory.initializeBean(AbstractAutowireCapableBeanFactory.java:1820) ~[spring-beans-6.2.19.jar:6.2.19]
	... 15 common frames omitted
Caused by: org.hibernate.exception.JDBCConnectionException: Unable to open JDBC Connection for DDL execution [Communications link failure

The last packet sent successfully to the server was 0 milliseconds ago. The driver has not received any packets from the server.] [n/a]
	at org.hibernate.exception.internal.SQLStateConversionDelegate.convert(SQLStateConversionDelegate.java:100) ~[hibernate-core-6.6.53.Final.jar:6.6.53.Final]
	at org.hibernate.exception.internal.StandardSQLExceptionConverter.convert(StandardSQLExceptionConverter.java:58) ~[hibernate-core-6.6.53.Final.jar:6.6.53.Final]
	at org.hibernate.engine.jdbc.spi.SqlExceptionHelper.convert(SqlExceptionHelper.java:108) ~[hibernate-core-6.6.53.Final.jar:6.6.53.Final]
	at org.hibernate.engine.jdbc.spi.SqlExceptionHelper.convert(SqlExceptionHelper.java:94) ~[hibernate-core-6.6.53.Final.jar:6.6.53.Final]
	at org.hibernate.resource.transaction.backend.jdbc.internal.DdlTransactionIsolatorNonJtaImpl.getIsolatedConnection(DdlTransactionIsolatorNonJtaImpl.java:74) ~[hibernate-core-6.6.53.Final.jar:6.6.53.Final]
	at org.hibernate.resource.transaction.backend.jdbc.internal.DdlTransactionIsolatorNonJtaImpl.getIsolatedConnection(DdlTransactionIsolatorNonJtaImpl.java:39) ~[hibernate-core-6.6.53.Final.jar:6.6.53.Final]
	at org.hibernate.tool.schema.internal.exec.ImprovedExtractionContextImpl.getJdbcConnection(ImprovedExtractionContextImpl.java:63) ~[hibernate-core-6.6.53.Final.jar:6.6.53.Final]
	at org.hibernate.tool.schema.internal.exec.ImprovedExtractionContextImpl.getJdbcDatabaseMetaData(ImprovedExtractionContextImpl.java:70) ~[hibernate-core-6.6.53.Final.jar:6.6.53.Final]
	at org.hibernate.tool.schema.extract.internal.InformationExtractorJdbcDatabaseMetaDataImpl.processTableResultSet(InformationExtractorJdbcDatabaseMetaDataImpl.java:65) ~[hibernate-core-6.6.53.Final.jar:6.6.53.Final]
	at org.hibernate.tool.schema.extract.internal.AbstractInformationExtractorImpl.getTables(AbstractInformationExtractorImpl.java:570) ~[hibernate-core-6.6.53.Final.jar:6.6.53.Final]
	at org.hibernate.tool.schema.extract.internal.DatabaseInformationImpl.getTablesInformation(DatabaseInformationImpl.java:122) ~[hibernate-core-6.6.53.Final.jar:6.6.53.Final]
	at org.hibernate.tool.schema.internal.GroupedSchemaMigratorImpl.performTablesMigration(GroupedSchemaMigratorImpl.java:72) ~[hibernate-core-6.6.53.Final.jar:6.6.53.Final]
	at org.hibernate.tool.schema.internal.AbstractSchemaMigrator.performMigration(AbstractSchemaMigrator.java:233) ~[hibernate-core-6.6.53.Final.jar:6.6.53.Final]
	at org.hibernate.tool.schema.internal.AbstractSchemaMigrator.doMigration(AbstractSchemaMigrator.java:112) ~[hibernate-core-6.6.53.Final.jar:6.6.53.Final]
	at org.hibernate.tool.schema.spi.SchemaManagementToolCoordinator.performDatabaseAction(SchemaManagementToolCoordinator.java:280) ~[hibernate-core-6.6.53.Final.jar:6.6.53.Final]
	at org.hibernate.tool.schema.spi.SchemaManagementToolCoordinator.lambda$process$5(SchemaManagementToolCoordinator.java:144) ~[hibernate-core-6.6.53.Final.jar:6.6.53.Final]
	at java.base/java.util.HashMap.forEach(HashMap.java:1429) ~[na:na]
	at org.hibernate.tool.schema.spi.SchemaManagementToolCoordinator.process(SchemaManagementToolCoordinator.java:141) ~[hibernate-core-6.6.53.Final.jar:6.6.53.Final]
	at org.hibernate.boot.internal.SessionFactoryObserverForSchemaExport.sessionFactoryCreated(SessionFactoryObserverForSchemaExport.java:37) ~[hibernate-core-6.6.53.Final.jar:6.6.53.Final]
	at org.hibernate.internal.SessionFactoryObserverChain.sessionFactoryCreated(SessionFactoryObserverChain.java:35) ~[hibernate-core-6.6.53.Final.jar:6.6.53.Final]
	at org.hibernate.internal.SessionFactoryImpl.<init>(SessionFactoryImpl.java:324) ~[hibernate-core-6.6.53.Final.jar:6.6.53.Final]
	at org.hibernate.boot.internal.SessionFactoryBuilderImpl.build(SessionFactoryBuilderImpl.java:463) ~[hibernate-core-6.6.53.Final.jar:6.6.53.Final]
	at org.hibernate.jpa.boot.internal.EntityManagerFactoryBuilderImpl.build(EntityManagerFactoryBuilderImpl.java:1517) ~[hibernate-core-6.6.53.Final.jar:6.6.53.Final]
	at org.springframework.orm.jpa.vendor.SpringHibernateJpaPersistenceProvider.createContainerEntityManagerFactory(SpringHibernateJpaPersistenceProvider.java:66) ~[spring-orm-6.2.19.jar:6.2.19]
	at org.springframework.orm.jpa.LocalContainerEntityManagerFactoryBean.createNativeEntityManagerFactory(LocalContainerEntityManagerFactoryBean.java:388) ~[spring-orm-6.2.19.jar:6.2.19]
	at org.springframework.orm.jpa.AbstractEntityManagerFactoryBean.buildNativeEntityManagerFactory(AbstractEntityManagerFactoryBean.java:419) ~[spring-orm-6.2.19.jar:6.2.19]
	... 19 common frames omitted
Caused by: com.mysql.cj.jdbc.exceptions.CommunicationsException: Communications link failure

The last packet sent successfully to the server was 0 milliseconds ago. The driver has not received any packets from the server.
	at com.mysql.cj.jdbc.exceptions.SQLError.createCommunicationsException(SQLError.java:165) ~[mysql-connector-j-9.7.0.jar:9.7.0]
	at com.mysql.cj.jdbc.exceptions.SQLExceptionsMapping.translateException(SQLExceptionsMapping.java:55) ~[mysql-connector-j-9.7.0.jar:9.7.0]
	at com.mysql.cj.jdbc.ConnectionImpl.createNewIO(ConnectionImpl.java:840) ~[mysql-connector-j-9.7.0.jar:9.7.0]
	at com.mysql.cj.jdbc.ConnectionImpl.<init>(ConnectionImpl.java:416) ~[mysql-connector-j-9.7.0.jar:9.7.0]
	at com.mysql.cj.jdbc.ConnectionImpl.getInstance(ConnectionImpl.java:237) ~[mysql-connector-j-9.7.0.jar:9.7.0]
	at com.mysql.cj.jdbc.NonRegisteringDriver.connect(NonRegisteringDriver.java:180) ~[mysql-connector-j-9.7.0.jar:9.7.0]
	at com.zaxxer.hikari.util.DriverDataSource.getConnection(DriverDataSource.java:144) ~[HikariCP-6.3.3.jar:na]
	at com.zaxxer.hikari.pool.PoolBase.newConnection(PoolBase.java:370) ~[HikariCP-6.3.3.jar:na]
	at com.zaxxer.hikari.pool.PoolBase.newPoolEntry(PoolBase.java:207) ~[HikariCP-6.3.3.jar:na]
	at com.zaxxer.hikari.pool.HikariPool.createPoolEntry(HikariPool.java:488) ~[HikariCP-6.3.3.jar:na]
	at com.zaxxer.hikari.pool.HikariPool.checkFailFast(HikariPool.java:576) ~[HikariCP-6.3.3.jar:na]
	at com.zaxxer.hikari.pool.HikariPool.<init>(HikariPool.java:97) ~[HikariCP-6.3.3.jar:na]
	at com.zaxxer.hikari.HikariDataSource.getConnection(HikariDataSource.java:111) ~[HikariCP-6.3.3.jar:na]
	at org.hibernate.engine.jdbc.connections.internal.DatasourceConnectionProviderImpl.getConnection(DatasourceConnectionProviderImpl.java:126) ~[hibernate-core-6.6.53.Final.jar:6.6.53.Final]
	at org.hibernate.engine.jdbc.env.internal.JdbcEnvironmentInitiator$ConnectionProviderJdbcConnectionAccess.obtainConnection(JdbcEnvironmentInitiator.java:485) ~[hibernate-core-6.6.53.Final.jar:6.6.53.Final]
	at org.hibernate.resource.transaction.backend.jdbc.internal.DdlTransactionIsolatorNonJtaImpl.getIsolatedConnection(DdlTransactionIsolatorNonJtaImpl.java:46) ~[hibernate-core-6.6.53.Final.jar:6.6.53.Final]
	... 40 common frames omitted
Caused by: com.mysql.cj.exceptions.CJCommunicationsException: Communications link failure

The last packet sent successfully to the server was 0 milliseconds ago. The driver has not received any packets from the server.
	at java.base/jdk.internal.reflect.DirectConstructorHandleAccessor.newInstance(DirectConstructorHandleAccessor.java:62) ~[na:na]
	at java.base/java.lang.reflect.Constructor.newInstanceWithCaller(Constructor.java:502) ~[na:na]
	at java.base/java.lang.reflect.Constructor.newInstance(Constructor.java:486) ~[na:na]
	at com.mysql.cj.exceptions.ExceptionFactory.createException(ExceptionFactory.java:52) ~[mysql-connector-j-9.7.0.jar:9.7.0]
	at com.mysql.cj.exceptions.ExceptionFactory.createException(ExceptionFactory.java:95) ~[mysql-connector-j-9.7.0.jar:9.7.0]
	at com.mysql.cj.exceptions.ExceptionFactory.createException(ExceptionFactory.java:140) ~[mysql-connector-j-9.7.0.jar:9.7.0]
	at com.mysql.cj.exceptions.ExceptionFactory.createCommunicationsException(ExceptionFactory.java:156) ~[mysql-connector-j-9.7.0.jar:9.7.0]
	at com.mysql.cj.protocol.a.NativeSocketConnection.connect(NativeSocketConnection.java:79) ~[mysql-connector-j-9.7.0.jar:9.7.0]
	at com.mysql.cj.NativeSession.connect(NativeSession.java:142) ~[mysql-connector-j-9.7.0.jar:9.7.0]
	at com.mysql.cj.jdbc.ConnectionImpl.connectOneTryOnly(ConnectionImpl.java:964) ~[mysql-connector-j-9.7.0.jar:9.7.0]
	at com.mysql.cj.jdbc.ConnectionImpl.createNewIO(ConnectionImpl.java:828) ~[mysql-connector-j-9.7.0.jar:9.7.0]
	... 53 common frames omitted
Caused by: java.net.UnknownHostException: mysql
	at java.base/java.net.InetAddress$CachedLookup.get(InetAddress.java:988) ~[na:na]
	at java.base/java.net.InetAddress.getAllByName0(InetAddress.java:1818) ~[na:na]
	at java.base/java.net.InetAddress.getAllByName(InetAddress.java:1688) ~[na:na]
	at com.mysql.cj.protocol.StandardSocketFactory.connect(StandardSocketFactory.java:121) ~[mysql-connector-j-9.7.0.jar:9.7.0]
	at com.mysql.cj.protocol.a.NativeSocketConnection.connect(NativeSocketConnection.java:53) ~[mysql-connector-j-9.7.0.jar:9.7.0]
	... 56 common frames omitted

2026-07-28T07:36:20.906-07:00  INFO 5484 --- [notification-service] [main] c.w.l.NotificationServiceApplication     : Starting NotificationServiceApplication using Java 21.0.11 with PID 5484 (C:\Users\user\Desktop\locato\Notification-Service\target\classes started by user in C:\Users\user\Desktop\locato\Notification-Service)
2026-07-28T07:36:20.908-07:00 DEBUG 5484 --- [notification-service] [main] c.w.l.NotificationServiceApplication     : Running with Spring Boot v3.5.15, Spring v6.2.19
2026-07-28T07:36:20.909-07:00  INFO 5484 --- [notification-service] [main] c.w.l.NotificationServiceApplication     : No active profile set, falling back to 1 default profile: "default"
2026-07-28T07:36:22.866-07:00  INFO 5484 --- [notification-service] [main] .s.d.r.c.RepositoryConfigurationDelegate : Bootstrapping Spring Data JPA repositories in DEFAULT mode.
2026-07-28T07:36:23.082-07:00  INFO 5484 --- [notification-service] [main] .s.d.r.c.RepositoryConfigurationDelegate : Finished Spring Data repository scanning in 200 ms. Found 4 JPA repository interfaces.
2026-07-28T07:36:23.613-07:00  INFO 5484 --- [notification-service] [main] o.s.cloud.context.scope.GenericScope     : BeanFactory id=c7b71c64-5c7f-3567-94cb-8435d62c2936
2026-07-28T07:36:24.639-07:00  INFO 5484 --- [notification-service] [main] o.s.b.w.embedded.tomcat.TomcatWebServer  : Tomcat initialized with port 8087 (http)
2026-07-28T07:36:24.663-07:00  INFO 5484 --- [notification-service] [main] o.apache.catalina.core.StandardService   : Starting service [Tomcat]
2026-07-28T07:36:24.664-07:00  INFO 5484 --- [notification-service] [main] o.apache.catalina.core.StandardEngine    : Starting Servlet engine: [Apache Tomcat/10.1.55]
2026-07-28T07:36:24.793-07:00  INFO 5484 --- [notification-service] [main] o.a.c.c.C.[Tomcat].[localhost].[/]       : Initializing Spring embedded WebApplicationContext
2026-07-28T07:36:24.794-07:00  INFO 5484 --- [notification-service] [main] w.s.c.ServletWebServerApplicationContext : Root WebApplicationContext: initialization completed in 3792 ms
2026-07-28T07:36:25.312-07:00  INFO 5484 --- [notification-service] [main] com.zaxxer.hikari.HikariDataSource       : HikariPool-1 - Starting...
2026-07-28T07:36:25.568-07:00  INFO 5484 --- [notification-service] [main] com.zaxxer.hikari.pool.HikariPool        : HikariPool-1 - Added connection com.mysql.cj.jdbc.ConnectionImpl@3c4e23be
2026-07-28T07:36:25.571-07:00  INFO 5484 --- [notification-service] [main] com.zaxxer.hikari.HikariDataSource       : HikariPool-1 - Start completed.
2026-07-28T07:36:25.746-07:00  INFO 5484 --- [notification-service] [main] o.hibernate.jpa.internal.util.LogHelper  : HHH000204: Processing PersistenceUnitInfo [name: default]
2026-07-28T07:36:25.835-07:00  INFO 5484 --- [notification-service] [main] org.hibernate.Version                    : HHH000412: Hibernate ORM core version 6.6.53.Final
2026-07-28T07:36:25.892-07:00  INFO 5484 --- [notification-service] [main] o.h.c.internal.RegionFactoryInitiator    : HHH000026: Second-level cache disabled
2026-07-28T07:36:26.286-07:00  INFO 5484 --- [notification-service] [main] o.s.o.j.p.SpringPersistenceUnitInfo      : No LoadTimeWeaver setup: ignoring JPA class transformer
2026-07-28T07:36:26.367-07:00  WARN 5484 --- [notification-service] [main] org.hibernate.orm.deprecation            : HHH90000025: MySQL8Dialect does not need to be specified explicitly using 'hibernate.dialect' (remove the property setting and it will be selected by default)
2026-07-28T07:36:26.369-07:00  WARN 5484 --- [notification-service] [main] org.hibernate.orm.deprecation            : HHH90000026: MySQL8Dialect has been deprecated; use org.hibernate.dialect.MySQLDialect instead
2026-07-28T07:36:26.392-07:00  INFO 5484 --- [notification-service] [main] org.hibernate.orm.connections.pooling    : HHH10001005: Database info:
	Database JDBC URL [Connecting through datasource 'HikariDataSource (HikariPool-1)']
	Database driver: undefined/unknown
	Database version: 8.0
	Autocommit mode: undefined/unknown
	Isolation level: undefined/unknown
	Minimum pool size: undefined/unknown
	Maximum pool size: undefined/unknown
2026-07-28T07:36:27.687-07:00  INFO 5484 --- [notification-service] [main] o.h.e.t.j.p.i.JtaPlatformInitiator       : HHH000489: No JTA platform available (set 'hibernate.transaction.jta.platform' to enable JTA platform integration)
2026-07-28T07:36:27.835-07:00 DEBUG 5484 --- [notification-service] [main] org.hibernate.SQL                        : 
    create table activity_logs (
        activity_id varchar(36) not null,
        created_at datetime(6) not null,
        description TEXT,
        title varchar(255) not null,
        user_id varchar(36) not null,
        primary key (activity_id)
    ) engine=InnoDB
2026-07-28T07:36:27.853-07:00 DEBUG 5484 --- [notification-service] [main] org.hibernate.SQL                        : 
    create table device_tokens (
        device_token_id bigint not null auto_increment,
        created_at datetime(6) not null,
        device_token TEXT not null,
        device_type varchar(50),
        is_active bit not null,
        updated_at datetime(6) not null,
        user_id varchar(36) not null,
        primary key (device_token_id)
    ) engine=InnoDB
2026-07-28T07:36:27.864-07:00 DEBUG 5484 --- [notification-service] [main] org.hibernate.SQL                        : 
    create table notification_preferences (
        preference_id bigint not null auto_increment,
        admin_notification bit not null,
        chat_notification bit not null,
        created_at datetime(6) not null,
        follow_notification bit not null,
        order_notification bit not null,
        product_notification bit not null,
        promotion_notification bit not null,
        reel_notification bit not null,
        service_notification bit not null,
        shop_notification bit not null,
        updated_at datetime(6) not null,
        user_id varchar(36) not null,
        primary key (preference_id)
    ) engine=InnoDB
2026-07-28T07:36:27.877-07:00 DEBUG 5484 --- [notification-service] [main] org.hibernate.SQL                        : 
    create table notifications (
        notification_id varchar(36) not null,
        actions_json LONGTEXT,
        created_at datetime(6) not null,
        deep_link varchar(255),
        image_url LONGTEXT,
        is_deleted bit not null,
        is_read bit not null,
        message TEXT not null,
        metadata_json LONGTEXT,
        target_id varchar(36),
        target_type varchar(50),
        title varchar(255) not null,
        type enum ('ADMIN','CHAT','FOLLOW','ORDER','PRODUCT','PROMOTION','REEL','SERVICE','SHOP','SYSTEM') not null,
        updated_at datetime(6) not null,
        user_id varchar(36) not null,
        primary key (notification_id)
    ) engine=InnoDB
2026-07-28T07:36:27.893-07:00 DEBUG 5484 --- [notification-service] [main] org.hibernate.SQL                        : 
    create index idx_activity_user_id 
       on activity_logs (user_id)
2026-07-28T07:36:27.909-07:00 DEBUG 5484 --- [notification-service] [main] org.hibernate.SQL                        : 
    create index idx_activity_created_at 
       on activity_logs (created_at)
2026-07-28T07:36:27.923-07:00 DEBUG 5484 --- [notification-service] [main] org.hibernate.SQL                        : 
    create index idx_device_user_id 
       on device_tokens (user_id)
2026-07-28T07:36:27.938-07:00 DEBUG 5484 --- [notification-service] [main] org.hibernate.SQL                        : 
    create index idx_device_is_active 
       on device_tokens (is_active)
2026-07-28T07:36:27.952-07:00 DEBUG 5484 --- [notification-service] [main] org.hibernate.SQL                        : 
    alter table device_tokens 
       drop index idx_device_token
2026-07-28T07:36:28.566-07:00 DEBUG 5484 --- [notification-service] [main] org.hibernate.SQL                        : 
    alter table device_tokens 
       add constraint idx_device_token unique (device_token)
2026-07-28T07:36:28.672-07:00 DEBUG 5484 --- [notification-service] [main] org.hibernate.SQL                        : 
    alter table notification_preferences 
       drop index idx_pref_user_id
2026-07-28T07:36:28.674-07:00 DEBUG 5484 --- [notification-service] [main] org.hibernate.SQL                        : 
    alter table notification_preferences 
       add constraint idx_pref_user_id unique (user_id)
2026-07-28T07:36:28.687-07:00 DEBUG 5484 --- [notification-service] [main] org.hibernate.SQL                        : 
    create index idx_user_id 
       on notifications (user_id)
2026-07-28T07:36:28.700-07:00 DEBUG 5484 --- [notification-service] [main] org.hibernate.SQL                        : 
    create index idx_is_read 
       on notifications (is_read)
2026-07-28T07:36:28.711-07:00 DEBUG 5484 --- [notification-service] [main] org.hibernate.SQL                        : 
    create index idx_created_at 
       on notifications (created_at)
2026-07-28T07:36:28.722-07:00 DEBUG 5484 --- [notification-service] [main] org.hibernate.SQL                        : 
    create index idx_is_deleted 
       on notifications (is_deleted)
2026-07-28T07:36:28.733-07:00 DEBUG 5484 --- [notification-service] [main] org.hibernate.SQL                        : 
    create index idx_user_is_read 
       on notifications (user_id, is_read)
2026-07-28T07:36:28.744-07:00 DEBUG 5484 --- [notification-service] [main] org.hibernate.SQL                        : 
    create index idx_user_is_deleted 
       on notifications (user_id, is_deleted)
2026-07-28T07:36:28.760-07:00  INFO 5484 --- [notification-service] [main] j.LocalContainerEntityManagerFactoryBean : Initialized JPA EntityManagerFactory for persistence unit 'default'
2026-07-28T07:36:29.309-07:00  INFO 5484 --- [notification-service] [main] o.s.d.j.r.query.QueryEnhancerFactory     : Hibernate is in classpath; If applicable, HQL parser will be used.
2026-07-28T07:36:30.133-07:00  INFO 5484 --- [notification-service] [main] c.whoami.launch.config.FirebaseConfig    : Initializing Firebase app
2026-07-28T07:36:31.622-07:00  WARN 5484 --- [notification-service] [main] JpaBaseConfiguration$JpaWebConfiguration : spring.jpa.open-in-view is enabled by default. Therefore, database queries may be performed during view rendering. Explicitly configure spring.jpa.open-in-view to disable this warning
2026-07-28T07:36:34.795-07:00  INFO 5484 --- [notification-service] [main] DiscoveryClientOptionalArgsConfiguration : Eureka HTTP Client uses RestTemplate.
2026-07-28T07:36:34.968-07:00  WARN 5484 --- [notification-service] [main] iguration$LoadBalancerCaffeineWarnLogger : Spring Cloud LoadBalancer is currently working with the default cache. While this cache implementation is useful for development and tests, it's recommended to use Caffeine cache in production.You can switch to using Caffeine cache, by adding it and org.springframework.cache.caffeine.CaffeineCacheManager to the classpath.
2026-07-28T07:36:35.050-07:00  INFO 5484 --- [notification-service] [main] o.s.b.a.e.web.EndpointLinksResolver      : Exposing 3 endpoints beneath base path '/actuator'
2026-07-28T07:36:35.277-07:00  INFO 5484 --- [notification-service] [main] o.s.c.n.eureka.InstanceInfoFactory       : Setting initial instance status as: STARTING
2026-07-28T07:36:35.322-07:00  INFO 5484 --- [notification-service] [main] com.netflix.discovery.DiscoveryClient    : Initializing Eureka in region us-east-1
2026-07-28T07:36:35.328-07:00  INFO 5484 --- [notification-service] [main] c.n.d.s.r.aws.ConfigClusterResolver      : Resolving eureka endpoints via configuration
2026-07-28T07:36:35.343-07:00  INFO 5484 --- [notification-service] [main] com.netflix.discovery.DiscoveryClient    : Disable delta property : false
2026-07-28T07:36:35.343-07:00  INFO 5484 --- [notification-service] [main] com.netflix.discovery.DiscoveryClient    : Single vip registry refresh property : null
2026-07-28T07:36:35.343-07:00  INFO 5484 --- [notification-service] [main] com.netflix.discovery.DiscoveryClient    : Force full registry fetch : false
2026-07-28T07:36:35.344-07:00  INFO 5484 --- [notification-service] [main] com.netflix.discovery.DiscoveryClient    : Application is null : false
2026-07-28T07:36:35.344-07:00  INFO 5484 --- [notification-service] [main] com.netflix.discovery.DiscoveryClient    : Registered Applications size is zero : true
2026-07-28T07:36:35.344-07:00  INFO 5484 --- [notification-service] [main] com.netflix.discovery.DiscoveryClient    : Application version is -1: true
2026-07-28T07:36:35.344-07:00  INFO 5484 --- [notification-service] [main] com.netflix.discovery.DiscoveryClient    : Getting all instance registry info from the eureka server
2026-07-28T07:36:35.869-07:00  INFO 5484 --- [notification-service] [main] com.netflix.discovery.DiscoveryClient    : The response status is 200
2026-07-28T07:36:35.871-07:00  INFO 5484 --- [notification-service] [main] com.netflix.discovery.DiscoveryClient    : Starting heartbeat executor: renew interval is: 30
2026-07-28T07:36:35.874-07:00  INFO 5484 --- [notification-service] [main] c.n.discovery.InstanceInfoReplicator     : InstanceInfoReplicator onDemand update allowed rate per min is 4
2026-07-28T07:36:35.877-07:00  INFO 5484 --- [notification-service] [main] com.netflix.discovery.DiscoveryClient    : Discovery Client initialized at timestamp 1785249395876 with initial instances count: 2
2026-07-28T07:36:35.904-07:00  INFO 5484 --- [notification-service] [main] o.s.c.n.e.s.EurekaServiceRegistry        : Registering application NOTIFICATION-SERVICE with eureka with status UP
2026-07-28T07:36:35.905-07:00  INFO 5484 --- [notification-service] [main] com.netflix.discovery.DiscoveryClient    : Saw local status change event StatusChangeEvent [timestamp=1785249395905, current=UP, previous=STARTING]
2026-07-28T07:36:35.908-07:00  INFO 5484 --- [notification-service] [DiscoveryClient-InstanceInfoReplicator-%d] com.netflix.discovery.DiscoveryClient    : DiscoveryClient_NOTIFICATION-SERVICE/notification-service:d22e5b17dc797fca2fe9e931e75b4cb5: registering service...
2026-07-28T07:36:35.929-07:00  INFO 5484 --- [notification-service] [main] o.s.b.w.embedded.tomcat.TomcatWebServer  : Tomcat started on port 8087 (http) with context path '/'
2026-07-28T07:36:35.931-07:00  INFO 5484 --- [notification-service] [main] .s.c.n.e.s.EurekaAutoServiceRegistration : Updating port to 8087
2026-07-28T07:36:35.982-07:00  INFO 5484 --- [notification-service] [DiscoveryClient-InstanceInfoReplicator-%d] com.netflix.discovery.DiscoveryClient    : DiscoveryClient_NOTIFICATION-SERVICE/notification-service:d22e5b17dc797fca2fe9e931e75b4cb5 - registration status: 204
2026-07-28T07:36:36.019-07:00  INFO 5484 --- [notification-service] [main] o.a.k.clients.consumer.ConsumerConfig    : ConsumerConfig values: 
	allow.auto.create.topics = true
	auto.commit.interval.ms = 5000
	auto.include.jmx.reporter = true
	auto.offset.reset = earliest
	bootstrap.servers = [localhost:9092]
	check.crcs = true
	client.dns.lookup = use_all_dns_ips
	client.id = consumer-notification-group-1
	client.rack = 
	connections.max.idle.ms = 540000
	default.api.timeout.ms = 60000
	enable.auto.commit = false
	enable.metrics.push = true
	exclude.internal.topics = true
	fetch.max.bytes = 52428800
	fetch.max.wait.ms = 500
	fetch.min.bytes = 1
	group.id = notification-group
	group.instance.id = null
	group.protocol = classic
	group.remote.assignor = null
	heartbeat.interval.ms = 3000
	interceptor.classes = []
	internal.leave.group.on.close = true
	internal.throw.on.fetch.stable.offset.unsupported = false
	isolation.level = read_uncommitted
	key.deserializer = class org.springframework.kafka.support.serializer.ErrorHandlingDeserializer
	max.partition.fetch.bytes = 1048576
	max.poll.interval.ms = 300000
	max.poll.records = 500
	metadata.max.age.ms = 300000
	metadata.recovery.strategy = none
	metric.reporters = []
	metrics.num.samples = 2
	metrics.recording.level = INFO
	metrics.sample.window.ms = 30000
	partition.assignment.strategy = [class org.apache.kafka.clients.consumer.RangeAssignor, class org.apache.kafka.clients.consumer.CooperativeStickyAssignor]
	receive.buffer.bytes = 65536
	reconnect.backoff.max.ms = 1000
	reconnect.backoff.ms = 50
	request.timeout.ms = 30000
	retry.backoff.max.ms = 1000
	retry.backoff.ms = 100
	sasl.client.callback.handler.class = null
	sasl.jaas.config = null
	sasl.kerberos.kinit.cmd = /usr/bin/kinit
	sasl.kerberos.min.time.before.relogin = 60000
	sasl.kerberos.service.name = null
	sasl.kerberos.ticket.renew.jitter = 0.05
	sasl.kerberos.ticket.renew.window.factor = 0.8
	sasl.login.callback.handler.class = null
	sasl.login.class = null
	sasl.login.connect.timeout.ms = null
	sasl.login.read.timeout.ms = null
	sasl.login.refresh.buffer.seconds = 300
	sasl.login.refresh.min.period.seconds = 60
	sasl.login.refresh.window.factor = 0.8
	sasl.login.refresh.window.jitter = 0.05
	sasl.login.retry.backoff.max.ms = 10000
	sasl.login.retry.backoff.ms = 100
	sasl.mechanism = GSSAPI
	sasl.oauthbearer.clock.skew.seconds = 30
	sasl.oauthbearer.expected.audience = null
	sasl.oauthbearer.expected.issuer = null
	sasl.oauthbearer.header.urlencode = false
	sasl.oauthbearer.jwks.endpoint.refresh.ms = 3600000
	sasl.oauthbearer.jwks.endpoint.retry.backoff.max.ms = 10000
	sasl.oauthbearer.jwks.endpoint.retry.backoff.ms = 100
	sasl.oauthbearer.jwks.endpoint.url = null
	sasl.oauthbearer.scope.claim.name = scope
	sasl.oauthbearer.sub.claim.name = sub
	sasl.oauthbearer.token.endpoint.url = null
	security.protocol = PLAINTEXT
	security.providers = null
	send.buffer.bytes = 131072
	session.timeout.ms = 45000
	socket.connection.setup.timeout.max.ms = 30000
	socket.connection.setup.timeout.ms = 10000
	ssl.cipher.suites = null
	ssl.enabled.protocols = [TLSv1.2, TLSv1.3]
	ssl.endpoint.identification.algorithm = https
	ssl.engine.factory.class = null
	ssl.key.password = null
	ssl.keymanager.algorithm = SunX509
	ssl.keystore.certificate.chain = null
	ssl.keystore.key = null
	ssl.keystore.location = null
	ssl.keystore.password = null
	ssl.keystore.type = JKS
	ssl.protocol = TLSv1.3
	ssl.provider = null
	ssl.secure.random.implementation = null
	ssl.trustmanager.algorithm = PKIX
	ssl.truststore.certificates = null
	ssl.truststore.location = null
	ssl.truststore.password = null
	ssl.truststore.type = JKS
	value.deserializer = class org.springframework.kafka.support.serializer.ErrorHandlingDeserializer

2026-07-28T07:36:36.119-07:00  INFO 5484 --- [notification-service] [main] o.a.k.c.t.i.KafkaMetricsCollector        : initializing Kafka metrics collector
2026-07-28T07:36:36.299-07:00  INFO 5484 --- [notification-service] [main] o.a.kafka.common.utils.AppInfoParser     : Kafka version: 3.9.2
2026-07-28T07:36:36.299-07:00  INFO 5484 --- [notification-service] [main] o.a.kafka.common.utils.AppInfoParser     : Kafka commitId: 5e9866f43ab8e7e4
2026-07-28T07:36:36.299-07:00  INFO 5484 --- [notification-service] [main] o.a.kafka.common.utils.AppInfoParser     : Kafka startTimeMs: 1785249396296
2026-07-28T07:36:36.315-07:00  INFO 5484 --- [notification-service] [main] o.a.k.c.c.i.ClassicKafkaConsumer         : [Consumer clientId=consumer-notification-group-1, groupId=notification-group] Subscribed to topic(s): reel-events
2026-07-28T07:36:36.330-07:00  INFO 5484 --- [notification-service] [main] o.a.k.clients.consumer.ConsumerConfig    : ConsumerConfig values: 
	allow.auto.create.topics = true
	auto.commit.interval.ms = 5000
	auto.include.jmx.reporter = true
	auto.offset.reset = earliest
	bootstrap.servers = [localhost:9092]
	check.crcs = true
	client.dns.lookup = use_all_dns_ips
	client.id = consumer-notification-group-2
	client.rack = 
	connections.max.idle.ms = 540000
	default.api.timeout.ms = 60000
	enable.auto.commit = false
	enable.metrics.push = true
	exclude.internal.topics = true
	fetch.max.bytes = 52428800
	fetch.max.wait.ms = 500
	fetch.min.bytes = 1
	group.id = notification-group
	group.instance.id = null
	group.protocol = classic
	group.remote.assignor = null
	heartbeat.interval.ms = 3000
	interceptor.classes = []
	internal.leave.group.on.close = true
	internal.throw.on.fetch.stable.offset.unsupported = false
	isolation.level = read_uncommitted
	key.deserializer = class org.springframework.kafka.support.serializer.ErrorHandlingDeserializer
	max.partition.fetch.bytes = 1048576
	max.poll.interval.ms = 300000
	max.poll.records = 500
	metadata.max.age.ms = 300000
	metadata.recovery.strategy = none
	metric.reporters = []
	metrics.num.samples = 2
	metrics.recording.level = INFO
	metrics.sample.window.ms = 30000
	partition.assignment.strategy = [class org.apache.kafka.clients.consumer.RangeAssignor, class org.apache.kafka.clients.consumer.CooperativeStickyAssignor]
	receive.buffer.bytes = 65536
	reconnect.backoff.max.ms = 1000
	reconnect.backoff.ms = 50
	request.timeout.ms = 30000
	retry.backoff.max.ms = 1000
	retry.backoff.ms = 100
	sasl.client.callback.handler.class = null
	sasl.jaas.config = null
	sasl.kerberos.kinit.cmd = /usr/bin/kinit
	sasl.kerberos.min.time.before.relogin = 60000
	sasl.kerberos.service.name = null
	sasl.kerberos.ticket.renew.jitter = 0.05
	sasl.kerberos.ticket.renew.window.factor = 0.8
	sasl.login.callback.handler.class = null
	sasl.login.class = null
	sasl.login.connect.timeout.ms = null
	sasl.login.read.timeout.ms = null
	sasl.login.refresh.buffer.seconds = 300
	sasl.login.refresh.min.period.seconds = 60
	sasl.login.refresh.window.factor = 0.8
	sasl.login.refresh.window.jitter = 0.05
	sasl.login.retry.backoff.max.ms = 10000
	sasl.login.retry.backoff.ms = 100
	sasl.mechanism = GSSAPI
	sasl.oauthbearer.clock.skew.seconds = 30
	sasl.oauthbearer.expected.audience = null
	sasl.oauthbearer.expected.issuer = null
	sasl.oauthbearer.header.urlencode = false
	sasl.oauthbearer.jwks.endpoint.refresh.ms = 3600000
	sasl.oauthbearer.jwks.endpoint.retry.backoff.max.ms = 10000
	sasl.oauthbearer.jwks.endpoint.retry.backoff.ms = 100
	sasl.oauthbearer.jwks.endpoint.url = null
	sasl.oauthbearer.scope.claim.name = scope
	sasl.oauthbearer.sub.claim.name = sub
	sasl.oauthbearer.token.endpoint.url = null
	security.protocol = PLAINTEXT
	security.providers = null
	send.buffer.bytes = 131072
	session.timeout.ms = 45000
	socket.connection.setup.timeout.max.ms = 30000
	socket.connection.setup.timeout.ms = 10000
	ssl.cipher.suites = null
	ssl.enabled.protocols = [TLSv1.2, TLSv1.3]
	ssl.endpoint.identification.algorithm = https
	ssl.engine.factory.class = null
	ssl.key.password = null
	ssl.keymanager.algorithm = SunX509
	ssl.keystore.certificate.chain = null
	ssl.keystore.key = null
	ssl.keystore.location = null
	ssl.keystore.password = null
	ssl.keystore.type = JKS
	ssl.protocol = TLSv1.3
	ssl.provider = null
	ssl.secure.random.implementation = null
	ssl.trustmanager.algorithm = PKIX
	ssl.truststore.certificates = null
	ssl.truststore.location = null
	ssl.truststore.password = null
	ssl.truststore.type = JKS
	value.deserializer = class org.springframework.kafka.support.serializer.ErrorHandlingDeserializer

2026-07-28T07:36:36.331-07:00  INFO 5484 --- [notification-service] [main] o.a.k.c.t.i.KafkaMetricsCollector        : initializing Kafka metrics collector
2026-07-28T07:36:36.351-07:00  INFO 5484 --- [notification-service] [main] o.a.kafka.common.utils.AppInfoParser     : Kafka version: 3.9.2
2026-07-28T07:36:36.351-07:00  INFO 5484 --- [notification-service] [main] o.a.kafka.common.utils.AppInfoParser     : Kafka commitId: 5e9866f43ab8e7e4
2026-07-28T07:36:36.351-07:00  INFO 5484 --- [notification-service] [main] o.a.kafka.common.utils.AppInfoParser     : Kafka startTimeMs: 1785249396351
2026-07-28T07:36:36.365-07:00  INFO 5484 --- [notification-service] [main] o.a.k.c.c.i.ClassicKafkaConsumer         : [Consumer clientId=consumer-notification-group-2, groupId=notification-group] Subscribed to topic(s): service-events
2026-07-28T07:36:36.367-07:00  INFO 5484 --- [notification-service] [main] o.a.k.clients.consumer.ConsumerConfig    : ConsumerConfig values: 
	allow.auto.create.topics = true
	auto.commit.interval.ms = 5000
	auto.include.jmx.reporter = true
	auto.offset.reset = earliest
	bootstrap.servers = [localhost:9092]
	check.crcs = true
	client.dns.lookup = use_all_dns_ips
	client.id = consumer-notification-group-3
	client.rack = 
	connections.max.idle.ms = 540000
	default.api.timeout.ms = 60000
	enable.auto.commit = false
	enable.metrics.push = true
	exclude.internal.topics = true
	fetch.max.bytes = 52428800
	fetch.max.wait.ms = 500
	fetch.min.bytes = 1
	group.id = notification-group
	group.instance.id = null
	group.protocol = classic
	group.remote.assignor = null
	heartbeat.interval.ms = 3000
	interceptor.classes = []
	internal.leave.group.on.close = true
	internal.throw.on.fetch.stable.offset.unsupported = false
	isolation.level = read_uncommitted
	key.deserializer = class org.springframework.kafka.support.serializer.ErrorHandlingDeserializer
	max.partition.fetch.bytes = 1048576
	max.poll.interval.ms = 300000
	max.poll.records = 500
	metadata.max.age.ms = 300000
	metadata.recovery.strategy = none
	metric.reporters = []
	metrics.num.samples = 2
	metrics.recording.level = INFO
	metrics.sample.window.ms = 30000
	partition.assignment.strategy = [class org.apache.kafka.clients.consumer.RangeAssignor, class org.apache.kafka.clients.consumer.CooperativeStickyAssignor]
	receive.buffer.bytes = 65536
	reconnect.backoff.max.ms = 1000
	reconnect.backoff.ms = 50
	request.timeout.ms = 30000
	retry.backoff.max.ms = 1000
	retry.backoff.ms = 100
	sasl.client.callback.handler.class = null
	sasl.jaas.config = null
	sasl.kerberos.kinit.cmd = /usr/bin/kinit
	sasl.kerberos.min.time.before.relogin = 60000
	sasl.kerberos.service.name = null
	sasl.kerberos.ticket.renew.jitter = 0.05
	sasl.kerberos.ticket.renew.window.factor = 0.8
	sasl.login.callback.handler.class = null
	sasl.login.class = null
	sasl.login.connect.timeout.ms = null
	sasl.login.read.timeout.ms = null
	sasl.login.refresh.buffer.seconds = 300
	sasl.login.refresh.min.period.seconds = 60
	sasl.login.refresh.window.factor = 0.8
	sasl.login.refresh.window.jitter = 0.05
	sasl.login.retry.backoff.max.ms = 10000
	sasl.login.retry.backoff.ms = 100
	sasl.mechanism = GSSAPI
	sasl.oauthbearer.clock.skew.seconds = 30
	sasl.oauthbearer.expected.audience = null
	sasl.oauthbearer.expected.issuer = null
	sasl.oauthbearer.header.urlencode = false
	sasl.oauthbearer.jwks.endpoint.refresh.ms = 3600000
	sasl.oauthbearer.jwks.endpoint.retry.backoff.max.ms = 10000
	sasl.oauthbearer.jwks.endpoint.retry.backoff.ms = 100
	sasl.oauthbearer.jwks.endpoint.url = null
	sasl.oauthbearer.scope.claim.name = scope
	sasl.oauthbearer.sub.claim.name = sub
	sasl.oauthbearer.token.endpoint.url = null
	security.protocol = PLAINTEXT
	security.providers = null
	send.buffer.bytes = 131072
	session.timeout.ms = 45000
	socket.connection.setup.timeout.max.ms = 30000
	socket.connection.setup.timeout.ms = 10000
	ssl.cipher.suites = null
	ssl.enabled.protocols = [TLSv1.2, TLSv1.3]
	ssl.endpoint.identification.algorithm = https
	ssl.engine.factory.class = null
	ssl.key.password = null
	ssl.keymanager.algorithm = SunX509
	ssl.keystore.certificate.chain = null
	ssl.keystore.key = null
	ssl.keystore.location = null
	ssl.keystore.password = null
	ssl.keystore.type = JKS
	ssl.protocol = TLSv1.3
	ssl.provider = null
	ssl.secure.random.implementation = null
	ssl.trustmanager.algorithm = PKIX
	ssl.truststore.certificates = null
	ssl.truststore.location = null
	ssl.truststore.password = null
	ssl.truststore.type = JKS
	value.deserializer = class org.springframework.kafka.support.serializer.ErrorHandlingDeserializer

2026-07-28T07:36:36.368-07:00  INFO 5484 --- [notification-service] [main] o.a.k.c.t.i.KafkaMetricsCollector        : initializing Kafka metrics collector
2026-07-28T07:36:36.383-07:00  INFO 5484 --- [notification-service] [main] o.a.kafka.common.utils.AppInfoParser     : Kafka version: 3.9.2
2026-07-28T07:36:36.385-07:00  INFO 5484 --- [notification-service] [main] o.a.kafka.common.utils.AppInfoParser     : Kafka commitId: 5e9866f43ab8e7e4
2026-07-28T07:36:36.385-07:00  INFO 5484 --- [notification-service] [main] o.a.kafka.common.utils.AppInfoParser     : Kafka startTimeMs: 1785249396383
2026-07-28T07:36:36.395-07:00  INFO 5484 --- [notification-service] [main] o.a.k.c.c.i.ClassicKafkaConsumer         : [Consumer clientId=consumer-notification-group-3, groupId=notification-group] Subscribed to topic(s): shop-events
2026-07-28T07:36:36.397-07:00  INFO 5484 --- [notification-service] [main] o.a.k.clients.consumer.ConsumerConfig    : ConsumerConfig values: 
	allow.auto.create.topics = true
	auto.commit.interval.ms = 5000
	auto.include.jmx.reporter = true
	auto.offset.reset = earliest
	bootstrap.servers = [localhost:9092]
	check.crcs = true
	client.dns.lookup = use_all_dns_ips
	client.id = consumer-notification-group-4
	client.rack = 
	connections.max.idle.ms = 540000
	default.api.timeout.ms = 60000
	enable.auto.commit = false
	enable.metrics.push = true
	exclude.internal.topics = true
	fetch.max.bytes = 52428800
	fetch.max.wait.ms = 500
	fetch.min.bytes = 1
	group.id = notification-group
	group.instance.id = null
	group.protocol = classic
	group.remote.assignor = null
	heartbeat.interval.ms = 3000
	interceptor.classes = []
	internal.leave.group.on.close = true
	internal.throw.on.fetch.stable.offset.unsupported = false
	isolation.level = read_uncommitted
	key.deserializer = class org.springframework.kafka.support.serializer.ErrorHandlingDeserializer
	max.partition.fetch.bytes = 1048576
	max.poll.interval.ms = 300000
	max.poll.records = 500
	metadata.max.age.ms = 300000
	metadata.recovery.strategy = none
	metric.reporters = []
	metrics.num.samples = 2
	metrics.recording.level = INFO
	metrics.sample.window.ms = 30000
	partition.assignment.strategy = [class org.apache.kafka.clients.consumer.RangeAssignor, class org.apache.kafka.clients.consumer.CooperativeStickyAssignor]
	receive.buffer.bytes = 65536
	reconnect.backoff.max.ms = 1000
	reconnect.backoff.ms = 50
	request.timeout.ms = 30000
	retry.backoff.max.ms = 1000
	retry.backoff.ms = 100
	sasl.client.callback.handler.class = null
	sasl.jaas.config = null
	sasl.kerberos.kinit.cmd = /usr/bin/kinit
	sasl.kerberos.min.time.before.relogin = 60000
	sasl.kerberos.service.name = null
	sasl.kerberos.ticket.renew.jitter = 0.05
	sasl.kerberos.ticket.renew.window.factor = 0.8
	sasl.login.callback.handler.class = null
	sasl.login.class = null
	sasl.login.connect.timeout.ms = null
	sasl.login.read.timeout.ms = null
	sasl.login.refresh.buffer.seconds = 300
	sasl.login.refresh.min.period.seconds = 60
	sasl.login.refresh.window.factor = 0.8
	sasl.login.refresh.window.jitter = 0.05
	sasl.login.retry.backoff.max.ms = 10000
	sasl.login.retry.backoff.ms = 100
	sasl.mechanism = GSSAPI
	sasl.oauthbearer.clock.skew.seconds = 30
	sasl.oauthbearer.expected.audience = null
	sasl.oauthbearer.expected.issuer = null
	sasl.oauthbearer.header.urlencode = false
	sasl.oauthbearer.jwks.endpoint.refresh.ms = 3600000
	sasl.oauthbearer.jwks.endpoint.retry.backoff.max.ms = 10000
	sasl.oauthbearer.jwks.endpoint.retry.backoff.ms = 100
	sasl.oauthbearer.jwks.endpoint.url = null
	sasl.oauthbearer.scope.claim.name = scope
	sasl.oauthbearer.sub.claim.name = sub
	sasl.oauthbearer.token.endpoint.url = null
	security.protocol = PLAINTEXT
	security.providers = null
	send.buffer.bytes = 131072
	session.timeout.ms = 45000
	socket.connection.setup.timeout.max.ms = 30000
	socket.connection.setup.timeout.ms = 10000
	ssl.cipher.suites = null
	ssl.enabled.protocols = [TLSv1.2, TLSv1.3]
	ssl.endpoint.identification.algorithm = https
	ssl.engine.factory.class = null
	ssl.key.password = null
	ssl.keymanager.algorithm = SunX509
	ssl.keystore.certificate.chain = null
	ssl.keystore.key = null
	ssl.keystore.location = null
	ssl.keystore.password = null
	ssl.keystore.type = JKS
	ssl.protocol = TLSv1.3
	ssl.provider = null
	ssl.secure.random.implementation = null
	ssl.trustmanager.algorithm = PKIX
	ssl.truststore.certificates = null
	ssl.truststore.location = null
	ssl.truststore.password = null
	ssl.truststore.type = JKS
	value.deserializer = class org.springframework.kafka.support.serializer.ErrorHandlingDeserializer

2026-07-28T07:36:36.398-07:00  INFO 5484 --- [notification-service] [main] o.a.k.c.t.i.KafkaMetricsCollector        : initializing Kafka metrics collector
2026-07-28T07:36:36.406-07:00  INFO 5484 --- [notification-service] [main] o.a.kafka.common.utils.AppInfoParser     : Kafka version: 3.9.2
2026-07-28T07:36:36.406-07:00  INFO 5484 --- [notification-service] [main] o.a.kafka.common.utils.AppInfoParser     : Kafka commitId: 5e9866f43ab8e7e4
2026-07-28T07:36:36.407-07:00  INFO 5484 --- [notification-service] [main] o.a.kafka.common.utils.AppInfoParser     : Kafka startTimeMs: 1785249396406
2026-07-28T07:36:36.410-07:00  INFO 5484 --- [notification-service] [main] o.a.k.c.c.i.ClassicKafkaConsumer         : [Consumer clientId=consumer-notification-group-4, groupId=notification-group] Subscribed to topic(s): chat-notification
2026-07-28T07:36:36.412-07:00  INFO 5484 --- [notification-service] [main] o.a.k.clients.consumer.ConsumerConfig    : ConsumerConfig values: 
	allow.auto.create.topics = true
	auto.commit.interval.ms = 5000
	auto.include.jmx.reporter = true
	auto.offset.reset = earliest
	bootstrap.servers = [localhost:9092]
	check.crcs = true
	client.dns.lookup = use_all_dns_ips
	client.id = consumer-notification-group-5
	client.rack = 
	connections.max.idle.ms = 540000
	default.api.timeout.ms = 60000
	enable.auto.commit = false
	enable.metrics.push = true
	exclude.internal.topics = true
	fetch.max.bytes = 52428800
	fetch.max.wait.ms = 500
	fetch.min.bytes = 1
	group.id = notification-group
	group.instance.id = null
	group.protocol = classic
	group.remote.assignor = null
	heartbeat.interval.ms = 3000
	interceptor.classes = []
	internal.leave.group.on.close = true
	internal.throw.on.fetch.stable.offset.unsupported = false
	isolation.level = read_uncommitted
	key.deserializer = class org.springframework.kafka.support.serializer.ErrorHandlingDeserializer
	max.partition.fetch.bytes = 1048576
	max.poll.interval.ms = 300000
	max.poll.records = 500
	metadata.max.age.ms = 300000
	metadata.recovery.strategy = none
	metric.reporters = []
	metrics.num.samples = 2
	metrics.recording.level = INFO
	metrics.sample.window.ms = 30000
	partition.assignment.strategy = [class org.apache.kafka.clients.consumer.RangeAssignor, class org.apache.kafka.clients.consumer.CooperativeStickyAssignor]
	receive.buffer.bytes = 65536
	reconnect.backoff.max.ms = 1000
	reconnect.backoff.ms = 50
	request.timeout.ms = 30000
	retry.backoff.max.ms = 1000
	retry.backoff.ms = 100
	sasl.client.callback.handler.class = null
	sasl.jaas.config = null
	sasl.kerberos.kinit.cmd = /usr/bin/kinit
	sasl.kerberos.min.time.before.relogin = 60000
	sasl.kerberos.service.name = null
	sasl.kerberos.ticket.renew.jitter = 0.05
	sasl.kerberos.ticket.renew.window.factor = 0.8
	sasl.login.callback.handler.class = null
	sasl.login.class = null
	sasl.login.connect.timeout.ms = null
	sasl.login.read.timeout.ms = null
	sasl.login.refresh.buffer.seconds = 300
	sasl.login.refresh.min.period.seconds = 60
	sasl.login.refresh.window.factor = 0.8
	sasl.login.refresh.window.jitter = 0.05
	sasl.login.retry.backoff.max.ms = 10000
	sasl.login.retry.backoff.ms = 100
	sasl.mechanism = GSSAPI
	sasl.oauthbearer.clock.skew.seconds = 30
	sasl.oauthbearer.expected.audience = null
	sasl.oauthbearer.expected.issuer = null
	sasl.oauthbearer.header.urlencode = false
	sasl.oauthbearer.jwks.endpoint.refresh.ms = 3600000
	sasl.oauthbearer.jwks.endpoint.retry.backoff.max.ms = 10000
	sasl.oauthbearer.jwks.endpoint.retry.backoff.ms = 100
	sasl.oauthbearer.jwks.endpoint.url = null
	sasl.oauthbearer.scope.claim.name = scope
	sasl.oauthbearer.sub.claim.name = sub
	sasl.oauthbearer.token.endpoint.url = null
	security.protocol = PLAINTEXT
	security.providers = null
	send.buffer.bytes = 131072
	session.timeout.ms = 45000
	socket.connection.setup.timeout.max.ms = 30000
	socket.connection.setup.timeout.ms = 10000
	ssl.cipher.suites = null
	ssl.enabled.protocols = [TLSv1.2, TLSv1.3]
	ssl.endpoint.identification.algorithm = https
	ssl.engine.factory.class = null
	ssl.key.password = null
	ssl.keymanager.algorithm = SunX509
	ssl.keystore.certificate.chain = null
	ssl.keystore.key = null
	ssl.keystore.location = null
	ssl.keystore.password = null
	ssl.keystore.type = JKS
	ssl.protocol = TLSv1.3
	ssl.provider = null
	ssl.secure.random.implementation = null
	ssl.trustmanager.algorithm = PKIX
	ssl.truststore.certificates = null
	ssl.truststore.location = null
	ssl.truststore.password = null
	ssl.truststore.type = JKS
	value.deserializer = class org.springframework.kafka.support.serializer.ErrorHandlingDeserializer

2026-07-28T07:36:36.413-07:00  INFO 5484 --- [notification-service] [main] o.a.k.c.t.i.KafkaMetricsCollector        : initializing Kafka metrics collector
2026-07-28T07:36:36.423-07:00  INFO 5484 --- [notification-service] [main] o.a.kafka.common.utils.AppInfoParser     : Kafka version: 3.9.2
2026-07-28T07:36:36.423-07:00  INFO 5484 --- [notification-service] [main] o.a.kafka.common.utils.AppInfoParser     : Kafka commitId: 5e9866f43ab8e7e4
2026-07-28T07:36:36.423-07:00  INFO 5484 --- [notification-service] [main] o.a.kafka.common.utils.AppInfoParser     : Kafka startTimeMs: 1785249396422
2026-07-28T07:36:36.426-07:00  INFO 5484 --- [notification-service] [main] o.a.k.c.c.i.ClassicKafkaConsumer         : [Consumer clientId=consumer-notification-group-5, groupId=notification-group] Subscribed to topic(s): notification-topic
2026-07-28T07:36:36.428-07:00  INFO 5484 --- [notification-service] [main] o.a.k.clients.consumer.ConsumerConfig    : ConsumerConfig values: 
	allow.auto.create.topics = true
	auto.commit.interval.ms = 5000
	auto.include.jmx.reporter = true
	auto.offset.reset = earliest
	bootstrap.servers = [localhost:9092]
	check.crcs = true
	client.dns.lookup = use_all_dns_ips
	client.id = consumer-notification-group-6
	client.rack = 
	connections.max.idle.ms = 540000
	default.api.timeout.ms = 60000
	enable.auto.commit = false
	enable.metrics.push = true
	exclude.internal.topics = true
	fetch.max.bytes = 52428800
	fetch.max.wait.ms = 500
	fetch.min.bytes = 1
	group.id = notification-group
	group.instance.id = null
	group.protocol = classic
	group.remote.assignor = null
	heartbeat.interval.ms = 3000
	interceptor.classes = []
	internal.leave.group.on.close = true
	internal.throw.on.fetch.stable.offset.unsupported = false
	isolation.level = read_uncommitted
	key.deserializer = class org.springframework.kafka.support.serializer.ErrorHandlingDeserializer
	max.partition.fetch.bytes = 1048576
	max.poll.interval.ms = 300000
	max.poll.records = 500
	metadata.max.age.ms = 300000
	metadata.recovery.strategy = none
	metric.reporters = []
	metrics.num.samples = 2
	metrics.recording.level = INFO
	metrics.sample.window.ms = 30000
	partition.assignment.strategy = [class org.apache.kafka.clients.consumer.RangeAssignor, class org.apache.kafka.clients.consumer.CooperativeStickyAssignor]
	receive.buffer.bytes = 65536
	reconnect.backoff.max.ms = 1000
	reconnect.backoff.ms = 50
	request.timeout.ms = 30000
	retry.backoff.max.ms = 1000
	retry.backoff.ms = 100
	sasl.client.callback.handler.class = null
	sasl.jaas.config = null
	sasl.kerberos.kinit.cmd = /usr/bin/kinit
	sasl.kerberos.min.time.before.relogin = 60000
	sasl.kerberos.service.name = null
	sasl.kerberos.ticket.renew.jitter = 0.05
	sasl.kerberos.ticket.renew.window.factor = 0.8
	sasl.login.callback.handler.class = null
	sasl.login.class = null
	sasl.login.connect.timeout.ms = null
	sasl.login.read.timeout.ms = null
	sasl.login.refresh.buffer.seconds = 300
	sasl.login.refresh.min.period.seconds = 60
	sasl.login.refresh.window.factor = 0.8
	sasl.login.refresh.window.jitter = 0.05
	sasl.login.retry.backoff.max.ms = 10000
	sasl.login.retry.backoff.ms = 100
	sasl.mechanism = GSSAPI
	sasl.oauthbearer.clock.skew.seconds = 30
	sasl.oauthbearer.expected.audience = null
	sasl.oauthbearer.expected.issuer = null
	sasl.oauthbearer.header.urlencode = false
	sasl.oauthbearer.jwks.endpoint.refresh.ms = 3600000
	sasl.oauthbearer.jwks.endpoint.retry.backoff.max.ms = 10000
	sasl.oauthbearer.jwks.endpoint.retry.backoff.ms = 100
	sasl.oauthbearer.jwks.endpoint.url = null
	sasl.oauthbearer.scope.claim.name = scope
	sasl.oauthbearer.sub.claim.name = sub
	sasl.oauthbearer.token.endpoint.url = null
	security.protocol = PLAINTEXT
	security.providers = null
	send.buffer.bytes = 131072
	session.timeout.ms = 45000
	socket.connection.setup.timeout.max.ms = 30000
	socket.connection.setup.timeout.ms = 10000
	ssl.cipher.suites = null
	ssl.enabled.protocols = [TLSv1.2, TLSv1.3]
	ssl.endpoint.identification.algorithm = https
	ssl.engine.factory.class = null
	ssl.key.password = null
	ssl.keymanager.algorithm = SunX509
	ssl.keystore.certificate.chain = null
	ssl.keystore.key = null
	ssl.keystore.location = null
	ssl.keystore.password = null
	ssl.keystore.type = JKS
	ssl.protocol = TLSv1.3
	ssl.provider = null
	ssl.secure.random.implementation = null
	ssl.trustmanager.algorithm = PKIX
	ssl.truststore.certificates = null
	ssl.truststore.location = null
	ssl.truststore.password = null
	ssl.truststore.type = JKS
	value.deserializer = class org.springframework.kafka.support.serializer.ErrorHandlingDeserializer

2026-07-28T07:36:36.429-07:00  INFO 5484 --- [notification-service] [main] o.a.k.c.t.i.KafkaMetricsCollector        : initializing Kafka metrics collector
2026-07-28T07:36:36.437-07:00  INFO 5484 --- [notification-service] [main] o.a.kafka.common.utils.AppInfoParser     : Kafka version: 3.9.2
2026-07-28T07:36:36.438-07:00  INFO 5484 --- [notification-service] [main] o.a.kafka.common.utils.AppInfoParser     : Kafka commitId: 5e9866f43ab8e7e4
2026-07-28T07:36:36.438-07:00  INFO 5484 --- [notification-service] [main] o.a.kafka.common.utils.AppInfoParser     : Kafka startTimeMs: 1785249396437
2026-07-28T07:36:36.441-07:00  INFO 5484 --- [notification-service] [main] o.a.k.c.c.i.ClassicKafkaConsumer         : [Consumer clientId=consumer-notification-group-6, groupId=notification-group] Subscribed to topic(s): product-events
2026-07-28T07:36:36.467-07:00  INFO 5484 --- [notification-service] [main] c.w.l.NotificationServiceApplication     : Started NotificationServiceApplication in 16.228 seconds (process running for 17.412)
2026-07-28T07:36:36.913-07:00  INFO 5484 --- [notification-service] [RMI TCP Connection(8)-127.0.0.1] o.a.c.c.C.[Tomcat].[localhost].[/]       : Initializing Spring DispatcherServlet 'dispatcherServlet'
2026-07-28T07:36:36.913-07:00  INFO 5484 --- [notification-service] [RMI TCP Connection(8)-127.0.0.1] o.s.web.servlet.DispatcherServlet        : Initializing Servlet 'dispatcherServlet'
2026-07-28T07:36:36.917-07:00  INFO 5484 --- [notification-service] [RMI TCP Connection(8)-127.0.0.1] o.s.web.servlet.DispatcherServlet        : Completed initialization in 4 ms
2026-07-28T07:36:37.097-07:00  INFO 5484 --- [notification-service] [org.springframework.kafka.KafkaListenerEndpointContainer#0-0-C-1] org.apache.kafka.clients.NetworkClient   : [Consumer clientId=consumer-notification-group-5, groupId=notification-group] Node -1 disconnected.
2026-07-28T07:36:37.097-07:00  INFO 5484 --- [notification-service] [org.springframework.kafka.KafkaListenerEndpointContainer#5-0-C-1] org.apache.kafka.clients.NetworkClient   : [Consumer clientId=consumer-notification-group-4, groupId=notification-group] Node -1 disconnected.
2026-07-28T07:36:37.097-07:00  INFO 5484 --- [notification-service] [org.springframework.kafka.KafkaListenerEndpointContainer#2-0-C-1] org.apache.kafka.clients.NetworkClient   : [Consumer clientId=consumer-notification-group-1, groupId=notification-group] Node -1 disconnected.
2026-07-28T07:36:37.098-07:00  INFO 5484 --- [notification-service] [org.springframework.kafka.KafkaListenerEndpointContainer#4-0-C-1] org.apache.kafka.clients.NetworkClient   : [Consumer clientId=consumer-notification-group-3, groupId=notification-group] Node -1 disconnected.
2026-07-28T07:36:37.098-07:00  INFO 5484 --- [notification-service] [org.springframework.kafka.KafkaListenerEndpointContainer#1-0-C-1] org.apache.kafka.clients.NetworkClient   : [Consumer clientId=consumer-notification-group-6, groupId=notification-group] Node -1 disconnected.
2026-07-28T07:36:37.098-07:00  INFO 5484 --- [notification-service] [org.springframework.kafka.KafkaListenerEndpointContainer#3-0-C-1] org.apache.kafka.clients.NetworkClient   : [Consumer clientId=consumer-notification-group-2, groupId=notification-group] Node -1 disconnected.
2026-07-28T07:36:37.101-07:00  WARN 5484 --- [notification-service] [org.springframework.kafka.KafkaListenerEndpointContainer#0-0-C-1] org.apache.kafka.clients.NetworkClient   : [Consumer clientId=consumer-notification-group-5, groupId=notification-group] Connection to node -1 (localhost/127.0.0.1:9092) could not be established. Node may not be available.
2026-07-28T07:36:37.101-07:00  WARN 5484 --- [notification-service] [org.springframework.kafka.KafkaListenerEndpointContainer#2-0-C-1] org.apache.kafka.clients.NetworkClient   : [Consumer clientId=consumer-notification-group-1, groupId=notification-group] Connection to node -1 (localhost/127.0.0.1:9092) could not be established. Node may not be available.
2026-07-28T07:36:37.101-07:00  WARN 5484 --- [notification-service] [org.springframework.kafka.KafkaListenerEndpointContainer#2-0-C-1] org.apache.kafka.clients.NetworkClient   : [Consumer clientId=consumer-notification-group-1, groupId=notification-group] Bootstrap broker localhost:9092 (id: -1 rack: null) disconnected
2026-07-28T07:36:37.101-07:00  WARN 5484 --- [notification-service] [org.springframework.kafka.KafkaListenerEndpointContainer#0-0-C-1] org.apache.kafka.clients.NetworkClient   : [Consumer clientId=consumer-notification-group-5, groupId=notification-group] Bootstrap broker localhost:9092 (id: -1 rack: null) disconnected
2026-07-28T07:36:37.102-07:00  WARN 5484 --- [notification-service] [org.springframework.kafka.KafkaListenerEndpointContainer#5-0-C-1] org.apache.kafka.clients.NetworkClient   : [Consumer clientId=consumer-notification-group-4, groupId=notification-group] Connection to node -1 (localhost/127.0.0.1:9092) could not be established. Node may not be available.
2026-07-28T07:36:37.101-07:00  WARN 5484 --- [notification-service] [org.springframework.kafka.KafkaListenerEndpointContainer#1-0-C-1] org.apache.kafka.clients.NetworkClient   : [Consumer clientId=consumer-notification-group-6, groupId=notification-group] Connection to node -1 (localhost/127.0.0.1:9092) could not be established. Node may not be available.
2026-07-28T07:36:37.102-07:00  WARN 5484 --- [notification-service] [org.springframework.kafka.KafkaListenerEndpointContainer#1-0-C-1] org.apache.kafka.clients.NetworkClient   : [Consumer clientId=consumer-notification-group-6, groupId=notification-group] Bootstrap broker localhost:9092 (id: -1 rack: null) disconnected
2026-07-28T07:36:37.101-07:00  WARN 5484 --- [notification-service] [org.springframework.kafka.KafkaListenerEndpointContainer#4-0-C-1] org.apache.kafka.clients.NetworkClient   : [Consumer clientId=consumer-notification-group-3, groupId=notification-group] Connection to node -1 (localhost/127.0.0.1:9092) could not be established. Node may not be available.
2026-07-28T07:36:37.101-07:00  WARN 5484 --- [notification-service] [org.springframework.kafka.KafkaListenerEndpointContainer#3-0-C-1] org.apache.kafka.clients.NetworkClient   : [Consumer clientId=consumer-notification-group-2, groupId=notification-group] Connection to node -1 (localhost/127.0.0.1:9092) could not be established. Node may not be available.
2026-07-28T07:36:37.102-07:00  WARN 5484 --- [notification-service] [org.springframework.kafka.KafkaListenerEndpointContainer#5-0-C-1] org.apache.kafka.clients.NetworkClient   : [Consumer clientId=consumer-notification-group-4, groupId=notification-group] Bootstrap broker localhost:9092 (id: -1 rack: null) disconnected
2026-07-28T07:36:37.103-07:00  WARN 5484 --- [notification-service] [org.springframework.kafka.KafkaListenerEndpointContainer#3-0-C-1] org.apache.kafka.clients.NetworkClient   : [Consumer clientId=consumer-notification-group-2, groupId=notification-group] Bootstrap broker localhost:9092 (id: -1 rack: null) disconnected
2026-07-28T07:36:37.103-07:00  WARN 5484 --- [notification-service] [org.springframework.kafka.KafkaListenerEndpointContainer#4-0-C-1] org.apache.kafka.clients.NetworkClient   : [Consumer clientId=consumer-notification-group-3, groupId=notification-group] Bootstrap broker localhost:9092 (id: -1 rack: null) disconnected
2026-07-28T07:36:37.192-07:00  INFO 5484 --- [notification-service] [org.springframework.kafka.KafkaListenerEndpointContainer#5-0-C-1] org.apache.kafka.clients.NetworkClient   : [Consumer clientId=consumer-notification-group-4, groupId=notification-group] Node -1 disconnected.
2026-07-28T07:36:37.193-07:00  WARN 5484 --- [notification-service] [org.springframework.kafka.KafkaListenerEndpointContainer#5-0-C-1] org.apache.kafka.clients.NetworkClient   : [Consumer clientId=consumer-notification-group-4, groupId=notification-group] Connection to node -1 (localhost/127.0.0.1:9092) could not be established. Node may not be available.
2026-07-28T07:36:37.194-07:00  WARN 5484 --- [notification-service] [org.springframework.kafka.KafkaListenerEndpointContainer#5-0-C-1] org.apache.kafka.clients.NetworkClient   : [Consumer clientId=consumer-notification-group-4, groupId=notification-group] Bootstrap broker localhost:9092 (id: -1 rack: null) disconnected
2026-07-28T07:36:37.197-07:00  INFO 5484 --- [notification-service] [org.springframework.kafka.KafkaListenerEndpointContainer#2-0-C-1] org.apache.kafka.clients.NetworkClient   : [Consumer clientId=consumer-notification-group-1, groupId=notification-group] Node -1 disconnected.
2026-07-28T07:36:37.208-07:00  WARN 5484 --- [notification-service] [org.springframework.kafka.KafkaListenerEndpointContainer#2-0-C-1] org.apache.kafka.clients.NetworkClient   : [Consumer clientId=consumer-notification-group-1, groupId=notification-group] Connection to node -1 (localhost/127.0.0.1:9092) could not be established. Node may not be available.
2026-07-28T07:36:37.209-07:00  WARN 5484 --- [notification-service] [org.springframework.kafka.KafkaListenerEndpointContainer#2-0-C-1] org.apache.kafka.clients.NetworkClient   : [Consumer clientId=consumer-notification-group-1, groupId=notification-group] Bootstrap broker localhost:9092 (id: -1 rack: null) disconnected
2026-07-28T07:36:37.212-07:00  INFO 5484 --- [notification-service] [org.springframework.kafka.KafkaListenerEndpointContainer#0-0-C-1] org.apache.kafka.clients.NetworkClient   : [Consumer clientId=consumer-notification-group-5, groupId=notification-group] Node -1 disconnected.
2026-07-28T07:36:37.212-07:00  WARN 5484 --- [notification-service] [org.springframework.kafka.KafkaListenerEndpointContainer#0-0-C-1] org.apache.kafka.clients.NetworkClient   : [Consumer clientId=consumer-notification-group-5, groupId=notification-group] Connection to node -1 (localhost/127.0.0.1:9092) could not be established. Node may not be available.
2026-07-28T07:36:37.212-07:00  WARN 5484 --- [notification-service] [org.springframework.kafka.KafkaListenerEndpointContainer#0-0-C-1] org.apache.kafka.clients.NetworkClient   : [Consumer clientId=consumer-notification-group-5, groupId=notification-group] Bootstrap broker localhost:9092 (id: -1 rack: null) disconnected
2026-07-28T07:36:37.214-07:00  INFO 5484 --- [notification-service] [org.springframework.kafka.KafkaListenerEndpointContainer#4-0-C-1] org.apache.kafka.clients.NetworkClient   : [Consumer clientId=consumer-notification-group-3, groupId=notification-group] Node -1 disconnected.
2026-07-28T07:36:37.214-07:00  WARN 5484 --- [notification-service] [org.springframework.kafka.KafkaListenerEndpointContainer#4-0-C-1] org.apache.kafka.clients.NetworkClient   : [Consumer clientId=consumer-notification-group-3, groupId=notification-group] Connection to node -1 (localhost/127.0.0.1:9092) could not be established. Node may not be available.
2026-07-28T07:36:37.215-07:00  WARN 5484 --- [notification-service] [org.springframework.kafka.KafkaListenerEndpointContainer#4-0-C-1] org.apache.kafka.clients.NetworkClient   : [Consumer clientId=consumer-notification-group-3, groupId=notification-group] Bootstrap broker localhost:9092 (id: -1 rack: null) disconnected
2026-07-28T07:36:37.216-07:00  INFO 5484 --- [notification-service] [org.springframework.kafka.KafkaListenerEndpointContainer#1-0-C-1] org.apache.kafka.clients.NetworkClient   : [Consumer clientId=consumer-notification-group-6, groupId=notification-group] Node -1 disconnected.
2026-07-28T07:36:37.216-07:00  WARN 5484 --- [notification-service] [org.springframework.kafka.KafkaListenerEndpointContainer#1-0-C-1] org.apache.kafka.clients.NetworkClient   : [Consumer clientId=consumer-notification-group-6, groupId=notification-group] Connection to node -1 (localhost/127.0.0.1:9092) could not be established. Node may not be available.
2026-07-28T07:36:37.216-07:00  WARN 5484 --- [notification-service] [org.springframework.kafka.KafkaListenerEndpointContainer#1-0-C-1] org.apache.kafka.clients.NetworkClient   : [Consumer clientId=consumer-notification-group-6, groupId=notification-group] Bootstrap broker localhost:9092 (id: -1 rack: null) disconnected
2026-07-28T07:36:37.226-07:00  INFO 5484 --- [notification-service] [org.springframework.kafka.KafkaListenerEndpointContainer#3-0-C-1] org.apache.kafka.clients.NetworkClient   : [Consumer clientId=consumer-notification-group-2, groupId=notification-group] Node -1 disconnected.
2026-07-28T07:36:37.226-07:00  WARN 5484 --- [notification-service] [org.springframework.kafka.KafkaListenerEndpointContainer#3-0-C-1] org.apache.kafka.clients.NetworkClient   : [Consumer clientId=consumer-notification-group-2, groupId=notification-group] Connection to node -1 (localhost/127.0.0.1:9092) could not be established. Node may not be available.
2026-07-28T07:36:37.227-07:00  WARN 5484 --- [notification-service] [org.springframework.kafka.KafkaListenerEndpointContainer#3-0-C-1] org.apache.kafka.clients.NetworkClient   : [Consumer clientId=consumer-notification-group-2, groupId=notification-group] Bootstrap broker localhost:9092 (id: -1 rack: null) disconnected
2026-07-28T07:36:37.306-07:00  INFO 5484 --- [notification-service] [org.springframework.kafka.KafkaListenerEndpointContainer#5-0-C-1] org.apache.kafka.clients.NetworkClient   : [Consumer clientId=consumer-notification-group-4, groupId=notification-group] Node -1 disconnected.
2026-07-28T07:36:37.306-07:00  WARN 5484 --- [notification-service] [org.springframework.kafka.KafkaListenerEndpointContainer#5-0-C-1] org.apache.kafka.clients.NetworkClient   : [Consumer clientId=consumer-notification-group-4, groupId=notification-group] Connection to node -1 (localhost/127.0.0.1:9092) could not be established. Node may not be available.
2026-07-28T07:36:37.306-07:00  WARN 5484 --- [notification-service] [org.springframework.kafka.KafkaListenerEndpointContainer#5-0-C-1] org.apache.kafka.clients.NetworkClient   : [Consumer clientId=consumer-notification-group-4, groupId=notification-group] Bootstrap broker localhost:9092 (id: -1 rack: null) disconnected
2026-07-28T07:36:37.311-07:00  INFO 5484 --- [notification-service] [org.springframework.kafka.KafkaListenerEndpointContainer#2-0-C-1] org.apache.kafka.clients.NetworkClient   : [Consumer clientId=consumer-notification-group-1, groupId=notification-group] Node -1 disconnected.
2026-07-28T07:36:37.312-07:00  WARN 5484 --- [notification-service] [org.springframework.kafka.KafkaListenerEndpointContainer#2-0-C-1] org.apache.kafka.clients.NetworkClient   : [Consumer clientId=consumer-notification-group-1, groupId=notification-group] Connection to node -1 (localhost/127.0.0.1:9092) could not be established. Node may not be available.
2026-07-28T07:36:37.312-07:00  WARN 5484 --- [notification-service] [org.springframework.kafka.KafkaListenerEndpointContainer#2-0-C-1] org.apache.kafka.clients.NetworkClient   : [Consumer clientId=consumer-notification-group-1, groupId=notification-group] Bootstrap broker localhost:9092 (id: -1 rack: null) disconnected
2026-07-28T07:36:37.313-07:00  INFO 5484 --- [notification-service] [org.springframework.kafka.KafkaListenerEndpointContainer#0-0-C-1] org.apache.kafka.clients.NetworkClient   : [Consumer clientId=consumer-notification-group-5, groupId=notification-group] Node -1 disconnected.
2026-07-28T07:36:37.313-07:00  WARN 5484 --- [notification-service] [org.springframework.kafka.KafkaListenerEndpointContainer#0-0-C-1] org.apache.kafka.clients.NetworkClient   : [Consumer clientId=consumer-notification-group-5, groupId=notification-group] Connection to node -1 (localhost/127.0.0.1:9092) could not be established. Node may not be available.
2026-07-28T07:36:37.313-07:00  WARN 5484 --- [notification-service] [org.springframework.kafka.KafkaListenerEndpointContainer#0-0-C-1] org.apache.kafka.clients.NetworkClient   : [Consumer clientId=consumer-notification-group-5, groupId=notification-group] Bootstrap broker localhost:9092 (id: -1 rack: null) disconnected
2026-07-28T07:36:37.316-07:00  INFO 5484 --- [notification-service] [org.springframework.kafka.KafkaListenerEndpointContainer#4-0-C-1] org.apache.kafka.clients.NetworkClient   : [Consumer clientId=consumer-notification-group-3, groupId=notification-group] Node -1 disconnected.
2026-07-28T07:36:37.316-07:00  WARN 5484 --- [notification-service] [org.springframework.kafka.KafkaListenerEndpointContainer#4-0-C-1] org.apache.kafka.clients.NetworkClient   : [Consumer clientId=consumer-notification-group-3, groupId=notification-group] Connection to node -1 (localhost/127.0.0.1:9092) could not be established. Node may not be available.
2026-07-28T07:36:37.317-07:00  WARN 5484 --- [notification-service] [org.springframework.kafka.KafkaListenerEndpointContainer#4-0-C-1] org.apache.kafka.clients.NetworkClient   : [Consumer clientId=consumer-notification-group-3, groupId=notification-group] Bootstrap broker localhost:9092 (id: -1 rack: null) disconnected
2026-07-28T07:36:37.329-07:00  INFO 5484 --- [notification-service] [org.springframework.kafka.KafkaListenerEndpointContainer#3-0-C-1] org.apache.kafka.clients.NetworkClient   : [Consumer clientId=consumer-notification-group-2, groupId=notification-group] Node -1 disconnected.
2026-07-28T07:36:37.329-07:00  WARN 5484 --- [notification-service] [org.springframework.kafka.KafkaListenerEndpointContainer#3-0-C-1] org.apache.kafka.clients.NetworkClient   : [Consumer clientId=consumer-notification-group-2, groupId=notification-group] Connection to node -1 (localhost/127.0.0.1:9092) could not be established. Node may not be available.
2026-07-28T07:36:37.329-07:00  WARN 5484 --- [notification-service] [org.springframework.kafka.KafkaListenerEndpointContainer#3-0-C-1] org.apache.kafka.clients.NetworkClient   : [Consumer clientId=consumer-notification-group-2, groupId=notification-group] Bootstrap broker localhost:9092 (id: -1 rack: null) disconnected
2026-07-28T07:36:37.369-07:00  INFO 5484 --- [notification-service] [org.springframework.kafka.KafkaListenerEndpointContainer#1-0-C-1] org.apache.kafka.clients.NetworkClient   : [Consumer clientId=consumer-notification-group-6, groupId=notification-group] Node -1 disconnected.
2026-07-28T07:36:37.369-07:00  WARN 5484 --- [notification-service] [org.springframework.kafka.KafkaListenerEndpointContainer#1-0-C-1] org.apache.kafka.clients.NetworkClient   : [Consumer clientId=consumer-notification-group-6, groupId=notification-group] Connection to node -1 (localhost/127.0.0.1:9092) could not be established. Node may not be available.
2026-07-28T07:36:37.369-07:00  WARN 5484 --- [notification-service] [org.springframework.kafka.KafkaListenerEndpointContainer#1-0-C-1] org.apache.kafka.clients.NetworkClient   : [Consumer clientId=consumer-notification-group-6, groupId=notification-group] Bootstrap broker localhost:9092 (id: -1 rack: null) disconnected
2026-07-28T07:36:37.520-07:00  INFO 5484 --- [notification-service] [org.springframework.kafka.KafkaListenerEndpointContainer#4-0-C-1] org.apache.kafka.clients.NetworkClient   : [Consumer clientId=consumer-notification-group-3, groupId=notification-group] Node -1 disconnected.
2026-07-28T07:36:37.520-07:00  WARN 5484 --- [notification-service] [org.springframework.kafka.KafkaListenerEndpointContainer#4-0-C-1] org.apache.kafka.clients.NetworkClient   : [Consumer clientId=consumer-notification-group-3, groupId=notification-group] Connection to node -1 (localhost/127.0.0.1:9092) could not be established. Node may not be available.
2026-07-28T07:36:37.520-07:00  WARN 5484 --- [notification-service] [org.springframework.kafka.KafkaListenerEndpointContainer#4-0-C-1] org.apache.kafka.clients.NetworkClient   : [Consumer clientId=consumer-notification-group-3, groupId=notification-group] Bootstrap broker localhost:9092 (id: -1 rack: null) disconnected
2026-07-28T07:36:37.556-07:00  INFO 5484 --- [notification-service] [org.springframework.kafka.KafkaListenerEndpointContainer#2-0-C-1] org.apache.kafka.clients.NetworkClient   : [Consumer clientId=consumer-notification-group-1, groupId=notification-group] Node -1 disconnected.
2026-07-28T07:36:37.556-07:00  WARN 5484 --- [notification-service] [org.springframework.kafka.KafkaListenerEndpointContainer#2-0-C-1] org.apache.kafka.clients.NetworkClient   : [Consumer clientId=consumer-notification-group-1, groupId=notification-group] Connection to node -1 (localhost/127.0.0.1:9092) could not be established. Node may not be available.
2026-07-28T07:36:37.556-07:00  WARN 5484 --- [notification-service] [org.springframework.kafka.KafkaListenerEndpointContainer#2-0-C-1] org.apache.kafka.clients.NetworkClient   : [Consumer clientId=consumer-notification-group-1, groupId=notification-group] Bootstrap broker localhost:9092 (id: -1 rack: null) disconnected
2026-07-28T07:36:37.558-07:00  INFO 5484 --- [notification-service] [org.springframework.kafka.KafkaListenerEndpointContainer#5-0-C-1] org.apache.kafka.clients.NetworkClient   : [Consumer clientId=consumer-notification-group-4, groupId=notification-group] Node -1 disconnected.
2026-07-28T07:36:37.559-07:00  WARN 5484 --- [notification-service] [org.springframework.kafka.KafkaListenerEndpointContainer#5-0-C-1] org.apache.kafka.clients.NetworkClient   : [Consumer clientId=consumer-notification-group-4, groupId=notification-group] Connection to node -1 (localhost/127.0.0.1:9092) could not be established. Node may not be available.
2026-07-28T07:36:37.559-07:00  WARN 5484 --- [notification-service] [org.springframework.kafka.KafkaListenerEndpointContainer#5-0-C-1] org.apache.kafka.clients.NetworkClient   : [Consumer clientId=consumer-notification-group-4, groupId=notification-group] Bootstrap broker localhost:9092 (id: -1 rack: null) disconnected
2026-07-28T07:36:37.561-07:00  INFO 5484 --- [notification-service] [org.springframework.kafka.KafkaListenerEndpointContainer#3-0-C-1] org.apache.kafka.clients.NetworkClient   : [Consumer clientId=consumer-notification-group-2, groupId=notification-group] Node -1 disconnected.
2026-07-28T07:36:37.562-07:00  WARN 5484 --- [notification-service] [org.springframework.kafka.KafkaListenerEndpointContainer#3-0-C-1] org.apache.kafka.clients.NetworkClient   : [Consumer clientId=consumer-notification-group-2, groupId=notification-group] Connection to node -1 (localhost/127.0.0.1:9092) could not be established. Node may not be available.
2026-07-28T07:36:37.563-07:00  WARN 5484 --- [notification-service] [org.springframework.kafka.KafkaListenerEndpointContainer#3-0-C-1] org.apache.kafka.clients.NetworkClient   : [Consumer clientId=consumer-notification-group-2, groupId=notification-group] Bootstrap broker localhost:9092 (id: -1 rack: null) disconnected
2026-07-28T07:36:37.567-07:00  INFO 5484 --- [notification-service] [org.springframework.kafka.KafkaListenerEndpointContainer#0-0-C-1] org.apache.kafka.clients.NetworkClient   : [Consumer clientId=consumer-notification-group-5, groupId=notification-group] Node -1 disconnected.
2026-07-28T07:36:37.568-07:00  WARN 5484 --- [notification-service] [org.springframework.kafka.KafkaListenerEndpointContainer#0-0-C-1] org.apache.kafka.clients.NetworkClient   : [Consumer clientId=consumer-notification-group-5, groupId=notification-group] Connection to node -1 (localhost/127.0.0.1:9092) could not be established. Node may not be available.
2026-07-28T07:36:37.568-07:00  WARN 5484 --- [notification-service] [org.springframework.kafka.KafkaListenerEndpointContainer#0-0-C-1] org.apache.kafka.clients.NetworkClient   : [Consumer clientId=consumer-notification-group-5, groupId=notification-group] Bootstrap broker localhost:9092 (id: -1 rack: null) disconnected
2026-07-28T07:36:37.633-07:00  INFO 5484 --- [notification-service] [org.springframework.kafka.KafkaListenerEndpointContainer#1-0-C-1] org.apache.kafka.clients.NetworkClient   : [Consumer clientId=consumer-notification-group-6, groupId=notification-group] Node -1 disconnected.
2026-07-28T07:36:37.633-07:00  WARN 5484 --- [notification-service] [org.springframework.kafka.KafkaListenerEndpointContainer#1-0-C-1] org.apache.kafka.clients.NetworkClient   : [Consumer clientId=consumer-notification-group-6, groupId=notification-group] Connection to node -1 (localhost/127.0.0.1:9092) could not be established. Node may not be available.
2026-07-28T07:36:37.633-07:00  WARN 5484 --- [notification-service] [org.springframework.kafka.KafkaListenerEndpointContainer#1-0-C-1] org.apache.kafka.clients.NetworkClient   : [Consumer clientId=consumer-notification-group-6, groupId=notification-group] Bootstrap broker localhost:9092 (id: -1 rack: null) disconnected
2026-07-28T07:36:37.901-07:00  INFO 5484 --- [notification-service] [org.springframework.kafka.KafkaListenerEndpointContainer#4-0-C-1] org.apache.kafka.clients.NetworkClient   : [Consumer clientId=consumer-notification-group-3, groupId=notification-group] Node -1 disconnected.
2026-07-28T07:36:37.902-07:00  WARN 5484 --- [notification-service] [org.springframework.kafka.KafkaListenerEndpointContainer#4-0-C-1] org.apache.kafka.clients.NetworkClient   : [Consumer clientId=consumer-notification-group-3, groupId=notification-group] Connection to node -1 (localhost/127.0.0.1:9092) could not be established. Node may not be available.
2026-07-28T07:36:37.902-07:00  WARN 5484 --- [notification-service] [org.springframework.kafka.KafkaListenerEndpointContainer#4-0-C-1] org.apache.kafka.clients.NetworkClient   : [Consumer clientId=consumer-notification-group-3, groupId=notification-group] Bootstrap broker localhost:9092 (id: -1 rack: null) disconnected
2026-07-28T07:36:37.947-07:00  INFO 5484 --- [notification-service] [org.springframework.kafka.KafkaListenerEndpointContainer#0-0-C-1] org.apache.kafka.clients.NetworkClient   : [Consumer clientId=consumer-notification-group-5, groupId=notification-group] Node -1 disconnected.
2026-07-28T07:36:37.948-07:00  WARN 5484 --- [notification-service] [org.springframework.kafka.KafkaListenerEndpointContainer#0-0-C-1] org.apache.kafka.clients.NetworkClient   : [Consumer clientId=consumer-notification-group-5, groupId=notification-group] Connection to node -1 (localhost/127.0.0.1:9092) could not be established. Node may not be available.
2026-07-28T07:36:37.948-07:00  WARN 5484 --- [notification-service] [org.springframework.kafka.KafkaListenerEndpointContainer#0-0-C-1] org.apache.kafka.clients.NetworkClient   : [Consumer clientId=consumer-notification-group-5, groupId=notification-group] Bootstrap broker localhost:9092 (id: -1 rack: null) disconnected
2026-07-28T07:36:38.011-07:00  INFO 5484 --- [notification-service] [org.springframework.kafka.KafkaListenerEndpointContainer#2-0-C-1] org.apache.kafka.clients.NetworkClient   : [Consumer clientId=consumer-notification-group-1, groupId=notification-group] Node -1 disconnected.
2026-07-28T07:36:38.011-07:00  WARN 5484 --- [notification-service] [org.springframework.kafka.KafkaListenerEndpointContainer#2-0-C-1] org.apache.kafka.clients.NetworkClient   : [Consumer clientId=consumer-notification-group-1, groupId=notification-group] Connection to node -1 (localhost/127.0.0.1:9092) could not be established. Node may not be available.
2026-07-28T07:36:38.011-07:00  WARN 5484 --- [notification-service] [org.springframework.kafka.KafkaListenerEndpointContainer#2-0-C-1] org.apache.kafka.clients.NetworkClient   : [Consumer clientId=consumer-notification-group-1, groupId=notification-group] Bootstrap broker localhost:9092 (id: -1 rack: null) disconnected
2026-07-28T07:36:38.025-07:00  INFO 5484 --- [notification-service] [org.springframework.kafka.KafkaListenerEndpointContainer#5-0-C-1] org.apache.kafka.clients.NetworkClient   : [Consumer clientId=consumer-notification-group-4, groupId=notification-group] Node -1 disconnected.
2026-07-28T07:36:38.026-07:00  WARN 5484 --- [notification-service] [org.springframework.kafka.KafkaListenerEndpointContainer#5-0-C-1] org.apache.kafka.clients.NetworkClient   : [Consumer clientId=consumer-notification-group-4, groupId=notification-group] Connection to node -1 (localhost/127.0.0.1:9092) could not be established. Node may not be available.
2026-07-28T07:36:38.026-07:00  WARN 5484 --- [notification-service] [org.springframework.kafka.KafkaListenerEndpointContainer#5-0-C-1] org.apache.kafka.clients.NetworkClient   : [Consumer clientId=consumer-notification-group-4, groupId=notification-group] Bootstrap broker localhost:9092 (id: -1 rack: null) disconnected
2026-07-28T07:36:38.057-07:00  INFO 5484 --- [notification-service] [org.springframework.kafka.KafkaListenerEndpointContainer#3-0-C-1] org.apache.kafka.clients.NetworkClient   : [Consumer clientId=consumer-notification-group-2, groupId=notification-group] Node -1 disconnected.
2026-07-28T07:36:38.057-07:00  WARN 5484 --- [notification-service] [org.springframework.kafka.KafkaListenerEndpointContainer#3-0-C-1] org.apache.kafka.clients.NetworkClient   : [Consumer clientId=consumer-notification-group-2, groupId=notification-group] Connection to node -1 (localhost/127.0.0.1:9092) could not be established. Node may not be available.
2026-07-28T07:36:38.057-07:00  WARN 5484 --- [notification-service] [org.springframework.kafka.KafkaListenerEndpointContainer#3-0-C-1] org.apache.kafka.clients.NetworkClient   : [Consumer clientId=consumer-notification-group-2, groupId=notification-group] Bootstrap broker localhost:9092 (id: -1 rack: null) disconnected
2026-07-28T07:36:38.120-07:00  INFO 5484 --- [notification-service] [org.springframework.kafka.KafkaListenerEndpointContainer#1-0-C-1] org.apache.kafka.clients.NetworkClient   : [Consumer clientId=consumer-notification-group-6, groupId=notification-group] Node -1 disconnected.
2026-07-28T07:36:38.120-07:00  WARN 5484 --- [notification-service] [org.springframework.kafka.KafkaListenerEndpointContainer#1-0-C-1] org.apache.kafka.clients.NetworkClient   : [Consumer clientId=consumer-notification-group-6, groupId=notification-group] Connection to node -1 (localhost/127.0.0.1:9092) could not be established. Node may not be available.
2026-07-28T07:36:38.120-07:00  WARN 5484 --- [notification-service] [org.springframework.kafka.KafkaListenerEndpointContainer#1-0-C-1] org.apache.kafka.clients.NetworkClient   : [Consumer clientId=consumer-notification-group-6, groupId=notification-group] Bootstrap broker localhost:9092 (id: -1 rack: null) disconnected
2026-07-28T07:36:38.700-07:00  INFO 5484 --- [notification-service] [org.springframework.kafka.KafkaListenerEndpointContainer#0-0-C-1] org.apache.kafka.clients.NetworkClient   : [Consumer clientId=consumer-notification-group-5, groupId=notification-group] Node -1 disconnected.
2026-07-28T07:36:38.700-07:00  INFO 5484 --- [notification-service] [org.springframework.kafka.KafkaListenerEndpointContainer#2-0-C-1] org.apache.kafka.clients.NetworkClient   : [Consumer clientId=consumer-notification-group-1, groupId=notification-group] Node -1 disconnected.
2026-07-28T07:36:38.701-07:00  WARN 5484 --- [notification-service] [org.springframework.kafka.KafkaListenerEndpointContainer#2-0-C-1] org.apache.kafka.clients.NetworkClient   : [Consumer clientId=consumer-notification-group-1, groupId=notification-group] Connection to node -1 (localhost/127.0.0.1:9092) could not be established. Node may not be available.
2026-07-28T07:36:38.701-07:00  WARN 5484 --- [notification-service] [org.springframework.kafka.KafkaListenerEndpointContainer#0-0-C-1] org.apache.kafka.clients.NetworkClient   : [Consumer clientId=consumer-notification-group-5, groupId=notification-group] Connection to node -1 (localhost/127.0.0.1:9092) could not be established. Node may not be available.
2026-07-28T07:36:38.701-07:00  WARN 5484 --- [notification-service] [org.springframework.kafka.KafkaListenerEndpointContainer#2-0-C-1] org.apache.kafka.clients.NetworkClient   : [Consumer clientId=consumer-notification-group-1, groupId=notification-group] Bootstrap broker localhost:9092 (id: -1 rack: null) disconnected
2026-07-28T07:36:38.701-07:00  WARN 5484 --- [notification-service] [org.springframework.kafka.KafkaListenerEndpointContainer#0-0-C-1] org.apache.kafka.clients.NetworkClient   : [Consumer clientId=consumer-notification-group-5, groupId=notification-group] Bootstrap broker localhost:9092 (id: -1 rack: null) disconnected
2026-07-28T07:36:38.813-07:00  INFO 5484 --- [notification-service] [org.springframework.kafka.KafkaListenerEndpointContainer#4-0-C-1] org.apache.kafka.clients.NetworkClient   : [Consumer clientId=consumer-notification-group-3, groupId=notification-group] Node -1 disconnected.
2026-07-28T07:36:38.814-07:00  WARN 5484 --- [notification-service] [org.springframework.kafka.KafkaListenerEndpointContainer#4-0-C-1] org.apache.kafka.clients.NetworkClient   : [Consumer clientId=consumer-notification-group-3, groupId=notification-group] Connection to node -1 (localhost/127.0.0.1:9092) could not be established. Node may not be available.
2026-07-28T07:36:38.814-07:00  WARN 5484 --- [notification-service] [org.springframework.kafka.KafkaListenerEndpointContainer#4-0-C-1] org.apache.kafka.clients.NetworkClient   : [Consumer clientId=consumer-notification-group-3, groupId=notification-group] Bootstrap broker localhost:9092 (id: -1 rack: null) disconnected
2026-07-28T07:36:38.931-07:00  INFO 5484 --- [notification-service] [org.springframework.kafka.KafkaListenerEndpointContainer#5-0-C-1] org.apache.kafka.clients.NetworkClient   : [Consumer clientId=consumer-notification-group-4, groupId=notification-group] Node -1 disconnected.
2026-07-28T07:36:38.932-07:00  WARN 5484 --- [notification-service] [org.springframework.kafka.KafkaListenerEndpointContainer#5-0-C-1] org.apache.kafka.clients.NetworkClient   : [Consumer clientId=consumer-notification-group-4, groupId=notification-group] Connection to node -1 (localhost/127.0.0.1:9092) could not be established. Node may not be available.
2026-07-28T07:36:38.932-07:00  WARN 5484 --- [notification-service] [org.springframework.kafka.KafkaListenerEndpointContainer#5-0-C-1] org.apache.kafka.clients.NetworkClient   : [Consumer clientId=consumer-notification-group-4, groupId=notification-group] Bootstrap broker localhost:9092 (id: -1 rack: null) disconnected
2026-07-28T07:36:39.001-07:00  INFO 5484 --- [notification-service] [org.springframework.kafka.KafkaListenerEndpointContainer#1-0-C-1] org.apache.kafka.clients.NetworkClient   : [Consumer clientId=consumer-notification-group-6, groupId=notification-group] Node -1 disconnected.
2026-07-28T07:36:39.001-07:00  WARN 5484 --- [notification-service] [org.springframework.kafka.KafkaListenerEndpointContainer#1-0-C-1] org.apache.kafka.clients.NetworkClient   : [Consumer clientId=consumer-notification-group-6, groupId=notification-group] Connection to node -1 (localhost/127.0.0.1:9092) could not be established. Node may not be available.
2026-07-28T07:36:39.001-07:00  WARN 5484 --- [notification-service] [org.springframework.kafka.KafkaListenerEndpointContainer#1-0-C-1] org.apache.kafka.clients.NetworkClient   : [Consumer clientId=consumer-notification-group-6, groupId=notification-group] Bootstrap broker localhost:9092 (id: -1 rack: null) disconnected
2026-07-28T07:36:39.008-07:00  INFO 5484 --- [notification-service] [org.springframework.kafka.KafkaListenerEndpointContainer#3-0-C-1] org.apache.kafka.clients.NetworkClient   : [Consumer clientId=consumer-notification-group-2, groupId=notification-group] Node -1 disconnected.
2026-07-28T07:36:39.008-07:00  WARN 5484 --- [notification-service] [org.springframework.kafka.KafkaListenerEndpointContainer#3-0-C-1] org.apache.kafka.clients.NetworkClient   : [Consumer clientId=consumer-notification-group-2, groupId=notification-group] Connection to node -1 (localhost/127.0.0.1:9092) could not be established. Node may not be available.
2026-07-28T07:36:39.009-07:00  WARN 5484 --- [notification-service] [org.springframework.kafka.KafkaListenerEndpointContainer#3-0-C-1] org.apache.kafka.clients.NetworkClient   : [Consumer clientId=consumer-notification-group-2, groupId=notification-group] Bootstrap broker localhost:9092 (id: -1 rack: null) disconnected
2026-07-28T07:36:39.701-07:00  INFO 5484 --- [notification-service] [org.springframework.kafka.KafkaListenerEndpointContainer#0-0-C-1] org.apache.kafka.clients.NetworkClient   : [Consumer clientId=consumer-notification-group-5, groupId=notification-group] Node -1 disconnected.
2026-07-28T07:36:39.702-07:00  WARN 5484 --- [notification-service] [org.springframework.kafka.KafkaListenerEndpointContainer#0-0-C-1] org.apache.kafka.clients.NetworkClient   : [Consumer clientId=consumer-notification-group-5, groupId=notification-group] Connection to node -1 (localhost/127.0.0.1:9092) could not be established. Node may not be available.
2026-07-28T07:36:39.702-07:00  WARN 5484 --- [notification-service] [org.springframework.kafka.KafkaListenerEndpointContainer#0-0-C-1] org.apache.kafka.clients.NetworkClient   : [Consumer clientId=consumer-notification-group-5, groupId=notification-group] Bootstrap broker localhost:9092 (id: -1 rack: null) disconnected
2026-07-28T07:36:39.712-07:00  INFO 5484 --- [notification-service] [org.springframework.kafka.KafkaListenerEndpointContainer#4-0-C-1] org.apache.kafka.clients.NetworkClient   : [Consumer clientId=consumer-notification-group-3, groupId=notification-group] Node -1 disconnected.
2026-07-28T07:36:39.713-07:00  WARN 5484 --- [notification-service] [org.springframework.kafka.KafkaListenerEndpointContainer#4-0-C-1] org.apache.kafka.clients.NetworkClient   : [Consumer clientId=consumer-notification-group-3, groupId=notification-group] Connection to node -1 (localhost/127.0.0.1:9092) could not be established. Node may not be available.
2026-07-28T07:36:39.713-07:00  WARN 5484 --- [notification-service] [org.springframework.kafka.KafkaListenerEndpointContainer#4-0-C-1] org.apache.kafka.clients.NetworkClient   : [Consumer clientId=consumer-notification-group-3, groupId=notification-group] Bootstrap broker localhost:9092 (id: -1 rack: null) disconnected
2026-07-28T07:36:39.718-07:00  INFO 5484 --- [notification-service] [org.springframework.kafka.KafkaListenerEndpointContainer#2-0-C-1] org.apache.kafka.clients.NetworkClient   : [Consumer clientId=consumer-notification-group-1, groupId=notification-group] Node -1 disconnected.
2026-07-28T07:36:39.718-07:00  WARN 5484 --- [notification-service] [org.springframework.kafka.KafkaListenerEndpointContainer#2-0-C-1] org.apache.kafka.clients.NetworkClient   : [Consumer clientId=consumer-notification-group-1, groupId=notification-group] Connection to node -1 (localhost/127.0.0.1:9092) could not be established. Node may not be available.
2026-07-28T07:36:39.719-07:00  WARN 5484 --- [notification-service] [org.springframework.kafka.KafkaListenerEndpointContainer#2-0-C-1] org.apache.kafka.clients.NetworkClient   : [Consumer clientId=consumer-notification-group-1, groupId=notification-group] Bootstrap broker localhost:9092 (id: -1 rack: null) disconnected
2026-07-28T07:36:39.818-07:00  INFO 5484 --- [notification-service] [org.springframework.kafka.KafkaListenerEndpointContainer#1-0-C-1] org.apache.kafka.clients.NetworkClient   : [Consumer clientId=consumer-notification-group-6, groupId=notification-group] Node -1 disconnected.
2026-07-28T07:36:39.818-07:00  WARN 5484 --- [notification-service] [org.springframework.kafka.KafkaListenerEndpointContainer#1-0-C-1] org.apache.kafka.clients.NetworkClient   : [Consumer clientId=consumer-notification-group-6, groupId=notification-group] Connection to node -1 (localhost/127.0.0.1:9092) could not be established. Node may not be available.
2026-07-28T07:36:39.818-07:00  WARN 5484 --- [notification-service] [org.springframework.kafka.KafkaListenerEndpointContainer#1-0-C-1] org.apache.kafka.clients.NetworkClient   : [Consumer clientId=consumer-notification-group-6, groupId=notification-group] Bootstrap broker localhost:9092 (id: -1 rack: null) disconnected
2026-07-28T07:36:39.848-07:00  INFO 5484 --- [notification-service] [org.springframework.kafka.KafkaListenerEndpointContainer#5-0-C-1] org.apache.kafka.clients.NetworkClient   : [Consumer clientId=consumer-notification-group-4, groupId=notification-group] Node -1 disconnected.
2026-07-28T07:36:39.849-07:00  WARN 5484 --- [notification-service] [org.springframework.kafka.KafkaListenerEndpointContainer#5-0-C-1] org.apache.kafka.clients.NetworkClient   : [Consumer clientId=consumer-notification-group-4, groupId=notification-group] Connection to node -1 (localhost/127.0.0.1:9092) could not be established. Node may not be available.
2026-07-28T07:36:39.849-07:00  WARN 5484 --- [notification-service] [org.springframework.kafka.KafkaListenerEndpointContainer#5-0-C-1] org.apache.kafka.clients.NetworkClient   : [Consumer clientId=consumer-notification-group-4, groupId=notification-group] Bootstrap broker localhost:9092 (id: -1 rack: null) disconnected
2026-07-28T07:36:39.880-07:00  INFO 5484 --- [notification-service] [org.springframework.kafka.KafkaListenerEndpointContainer#3-0-C-1] org.apache.kafka.clients.NetworkClient   : [Consumer clientId=consumer-notification-group-2, groupId=notification-group] Node -1 disconnected.
2026-07-28T07:36:39.881-07:00  WARN 5484 --- [notification-service] [org.springframework.kafka.KafkaListenerEndpointContainer#3-0-C-1] org.apache.kafka.clients.NetworkClient   : [Consumer clientId=consumer-notification-group-2, groupId=notification-group] Connection to node -1 (localhost/127.0.0.1:9092) could not be established. Node may not be available.
2026-07-28T07:36:39.881-07:00  WARN 5484 --- [notification-service] [org.springframework.kafka.KafkaListenerEndpointContainer#3-0-C-1] org.apache.kafka.clients.NetworkClient   : [Consumer clientId=consumer-notification-group-2, groupId=notification-group] Bootstrap broker localhost:9092 (id: -1 rack: null) disconnected
2026-07-28T07:36:40.578-07:00  INFO 5484 --- [notification-service] [org.springframework.kafka.KafkaListenerEndpointContainer#4-0-C-1] org.apache.kafka.clients.NetworkClient   : [Consumer clientId=consumer-notification-group-3, groupId=notification-group] Node -1 disconnected.
2026-07-28T07:36:40.579-07:00  WARN 5484 --- [notification-service] [org.springframework.kafka.KafkaListenerEndpointContainer#4-0-C-1] org.apache.kafka.clients.NetworkClient   : [Consumer clientId=consumer-notification-group-3, groupId=notification-group] Connection to node -1 (localhost/127.0.0.1:9092) could not be established. Node may not be available.
2026-07-28T07:36:40.579-07:00  WARN 5484 --- [notification-service] [org.springframework.kafka.KafkaListenerEndpointContainer#4-0-C-1] org.apache.kafka.clients.NetworkClient   : [Consumer clientId=consumer-notification-group-3, groupId=notification-group] Bootstrap broker localhost:9092 (id: -1 rack: null) disconnected
2026-07-28T07:36:40.658-07:00  INFO 5484 --- [notification-service] [org.springframework.kafka.KafkaListenerEndpointContainer#2-0-C-1] org.apache.kafka.clients.NetworkClient   : [Consumer clientId=consumer-notification-group-1, groupId=notification-group] Node -1 disconnected.
2026-07-28T07:36:40.659-07:00  WARN 5484 --- [notification-service] [org.springframework.kafka.KafkaListenerEndpointContainer#2-0-C-1] org.apache.kafka.clients.NetworkClient   : [Consumer clientId=consumer-notification-group-1, groupId=notification-group] Connection to node -1 (localhost/127.0.0.1:9092) could not be established. Node may not be available.
2026-07-28T07:36:40.659-07:00  WARN 5484 --- [notification-service] [org.springframework.kafka.KafkaListenerEndpointContainer#2-0-C-1] org.apache.kafka.clients.NetworkClient   : [Consumer clientId=consumer-notification-group-1, groupId=notification-group] Bootstrap broker localhost:9092 (id: -1 rack: null) disconnected
2026-07-28T07:36:40.707-07:00  INFO 5484 --- [notification-service] [org.springframework.kafka.KafkaListenerEndpointContainer#0-0-C-1] org.apache.kafka.clients.NetworkClient   : [Consumer clientId=consumer-notification-group-5, groupId=notification-group] Node -1 disconnected.
2026-07-28T07:36:40.707-07:00  WARN 5484 --- [notification-service] [org.springframework.kafka.KafkaListenerEndpointContainer#0-0-C-1] org.apache.kafka.clients.NetworkClient   : [Consumer clientId=consumer-notification-group-5, groupId=notification-group] Connection to node -1 (localhost/127.0.0.1:9092) could not be established. Node may not be available.
2026-07-28T07:36:40.707-07:00  WARN 5484 --- [notification-service] [org.springframework.kafka.KafkaListenerEndpointContainer#0-0-C-1] org.apache.kafka.clients.NetworkClient   : [Consumer clientId=consumer-notification-group-5, groupId=notification-group] Bootstrap broker localhost:9092 (id: -1 rack: null) disconnected
2026-07-28T07:36:40.832-07:00  INFO 5484 --- [notification-service] [org.springframework.kafka.KafkaListenerEndpointContainer#1-0-C-1] org.apache.kafka.clients.NetworkClient   : [Consumer clientId=consumer-notification-group-6, groupId=notification-group] Node -1 disconnected.
2026-07-28T07:36:40.833-07:00  WARN 5484 --- [notification-service] [org.springframework.kafka.KafkaListenerEndpointContainer#1-0-C-1] org.apache.kafka.clients.NetworkClient   : [Consumer clientId=consumer-notification-group-6, groupId=notification-group] Connection to node -1 (localhost/127.0.0.1:9092) could not be established. Node may not be available.
2026-07-28T07:36:40.833-07:00  WARN 5484 --- [notification-service] [org.springframework.kafka.KafkaListenerEndpointContainer#1-0-C-1] org.apache.kafka.clients.NetworkClient   : [Consumer clientId=consumer-notification-group-6, groupId=notification-group] Bootstrap broker localhost:9092 (id: -1 rack: null) disconnected
2026-07-28T07:36:40.863-07:00  INFO 5484 --- [notification-service] [org.springframework.kafka.KafkaListenerEndpointContainer#5-0-C-1] org.apache.kafka.clients.NetworkClient   : [Consumer clientId=consumer-notification-group-4, groupId=notification-group] Node -1 disconnected.
2026-07-28T07:36:40.864-07:00  WARN 5484 --- [notification-service] [org.springframework.kafka.KafkaListenerEndpointContainer#5-0-C-1] org.apache.kafka.clients.NetworkClient   : [Consumer clientId=consumer-notification-group-4, groupId=notification-group] Connection to node -1 (localhost/127.0.0.1:9092) could not be established. Node may not be available.
2026-07-28T07:36:40.864-07:00  WARN 5484 --- [notification-service] [org.springframework.kafka.KafkaListenerEndpointContainer#5-0-C-1] org.apache.kafka.clients.NetworkClient   : [Consumer clientId=consumer-notification-group-4, groupId=notification-group] Bootstrap broker localhost:9092 (id: -1 rack: null) disconnected
2026-07-28T07:36:40.894-07:00  INFO 5484 --- [notification-service] [org.springframework.kafka.KafkaListenerEndpointContainer#3-0-C-1] org.apache.kafka.clients.NetworkClient   : [Consumer clientId=consumer-notification-group-2, groupId=notification-group] Node -1 disconnected.
2026-07-28T07:36:40.895-07:00  WARN 5484 --- [notification-service] [org.springframework.kafka.KafkaListenerEndpointContainer#3-0-C-1] org.apache.kafka.clients.NetworkClient   : [Consumer clientId=consumer-notification-group-2, groupId=notification-group] Connection to node -1 (localhost/127.0.0.1:9092) could not be established. Node may not be available.
2026-07-28T07:36:40.895-07:00  WARN 5484 --- [notification-service] [org.springframework.kafka.KafkaListenerEndpointContainer#3-0-C-1] org.apache.kafka.clients.NetworkClient   : [Consumer clientId=consumer-notification-group-2, groupId=notification-group] Bootstrap broker localhost:9092 (id: -1 rack: null) disconnected
2026-07-28T07:36:41.579-07:00  INFO 5484 --- [notification-service] [org.springframework.kafka.KafkaListenerEndpointContainer#4-0-C-1] org.apache.kafka.clients.NetworkClient   : [Consumer clientId=consumer-notification-group-3, groupId=notification-group] Node -1 disconnected.
2026-07-28T07:36:41.580-07:00  WARN 5484 --- [notification-service] [org.springframework.kafka.KafkaListenerEndpointContainer#4-0-C-1] org.apache.kafka.clients.NetworkClient   : [Consumer clientId=consumer-notification-group-3, groupId=notification-group] Connection to node -1 (localhost/127.0.0.1:9092) could not be established. Node may not be available.
2026-07-28T07:36:41.580-07:00  WARN 5484 --- [notification-service] [org.springframework.kafka.KafkaListenerEndpointContainer#4-0-C-1] org.apache.kafka.clients.NetworkClient   : [Consumer clientId=consumer-notification-group-3, groupId=notification-group] Bootstrap broker localhost:9092 (id: -1 rack: null) disconnected
2026-07-28T07:36:41.680-07:00  INFO 5484 --- [notification-service] [org.springframework.kafka.KafkaListenerEndpointContainer#2-0-C-1] org.apache.kafka.clients.NetworkClient   : [Consumer clientId=consumer-notification-group-1, groupId=notification-group] Node -1 disconnected.
2026-07-28T07:36:41.680-07:00  WARN 5484 --- [notification-service] [org.springframework.kafka.KafkaListenerEndpointContainer#2-0-C-1] org.apache.kafka.clients.NetworkClient   : [Consumer clientId=consumer-notification-group-1, groupId=notification-group] Connection to node -1 (localhost/127.0.0.1:9092) could not be established. Node may not be available.
2026-07-28T07:36:41.680-07:00  WARN 5484 --- [notification-service] [org.springframework.kafka.KafkaListenerEndpointContainer#2-0-C-1] org.apache.kafka.clients.NetworkClient   : [Consumer clientId=consumer-notification-group-1, groupId=notification-group] Bootstrap broker localhost:9092 (id: -1 rack: null) disconnected
2026-07-28T07:36:41.712-07:00  INFO 5484 --- [notification-service] [org.springframework.kafka.KafkaListenerEndpointContainer#0-0-C-1] org.apache.kafka.clients.NetworkClient   : [Consumer clientId=consumer-notification-group-5, groupId=notification-group] Node -1 disconnected.
2026-07-28T07:36:41.712-07:00  WARN 5484 --- [notification-service] [org.springframework.kafka.KafkaListenerEndpointContainer#0-0-C-1] org.apache.kafka.clients.NetworkClient   : [Consumer clientId=consumer-notification-group-5, groupId=notification-group] Connection to node -1 (localhost/127.0.0.1:9092) could not be established. Node may not be available.
2026-07-28T07:36:41.712-07:00  WARN 5484 --- [notification-service] [org.springframework.kafka.KafkaListenerEndpointContainer#0-0-C-1] org.apache.kafka.clients.NetworkClient   : [Consumer clientId=consumer-notification-group-5, groupId=notification-group] Bootstrap broker localhost:9092 (id: -1 rack: null) disconnected
2026-07-28T07:36:41.743-07:00  INFO 5484 --- [notification-service] [org.springframework.kafka.KafkaListenerEndpointContainer#5-0-C-1] org.apache.kafka.clients.NetworkClient   : [Consumer clientId=consumer-notification-group-4, groupId=notification-group] Node -1 disconnected.
2026-07-28T07:36:41.743-07:00  WARN 5484 --- [notification-service] [org.springframework.kafka.KafkaListenerEndpointContainer#5-0-C-1] org.apache.kafka.clients.NetworkClient   : [Consumer clientId=consumer-notification-group-4, groupId=notification-group] Connection to node -1 (localhost/127.0.0.1:9092) could not be established. Node may not be available.
2026-07-28T07:36:41.744-07:00  WARN 5484 --- [notification-service] [org.springframework.kafka.KafkaListenerEndpointContainer#5-0-C-1] org.apache.kafka.clients.NetworkClient   : [Consumer clientId=consumer-notification-group-4, groupId=notification-group] Bootstrap broker localhost:9092 (id: -1 rack: null) disconnected
2026-07-28T07:36:41.805-07:00  INFO 5484 --- [notification-service] [org.springframework.kafka.KafkaListenerEndpointContainer#1-0-C-1] org.apache.kafka.clients.NetworkClient   : [Consumer clientId=consumer-notification-group-6, groupId=notification-group] Node -1 disconnected.
2026-07-28T07:36:41.805-07:00  WARN 5484 --- [notification-service] [org.springframework.kafka.KafkaListenerEndpointContainer#1-0-C-1] org.apache.kafka.clients.NetworkClient   : [Consumer clientId=consumer-notification-group-6, groupId=notification-group] Connection to node -1 (localhost/127.0.0.1:9092) could not be established. Node may not be available.
2026-07-28T07:36:41.805-07:00  WARN 5484 --- [notification-service] [org.springframework.kafka.KafkaListenerEndpointContainer#1-0-C-1] org.apache.kafka.clients.NetworkClient   : [Consumer clientId=consumer-notification-group-6, groupId=notification-group] Bootstrap broker localhost:9092 (id: -1 rack: null) disconnected
2026-07-28T07:36:41.901-07:00  INFO 5484 --- [notification-service] [org.springframework.kafka.KafkaListenerEndpointContainer#3-0-C-1] org.apache.kafka.clients.NetworkClient   : [Consumer clientId=consumer-notification-group-2, groupId=notification-group] Node -1 disconnected.
2026-07-28T07:36:41.901-07:00  WARN 5484 --- [notification-service] [org.springframework.kafka.KafkaListenerEndpointContainer#3-0-C-1] org.apache.kafka.clients.NetworkClient   : [Consumer clientId=consumer-notification-group-2, groupId=notification-group] Connection to node -1 (localhost/127.0.0.1:9092) could not be established. Node may not be available.
2026-07-28T07:36:41.901-07:00  WARN 5484 --- [notification-service] [org.springframework.kafka.KafkaListenerEndpointContainer#3-0-C-1] org.apache.kafka.clients.NetworkClient   : [Consumer clientId=consumer-notification-group-2, groupId=notification-group] Bootstrap broker localhost:9092 (id: -1 rack: null) disconnected
2026-07-28T07:36:42.450-07:00  INFO 5484 --- [notification-service] [org.springframework.kafka.KafkaListenerEndpointContainer#4-0-C-1] org.apache.kafka.clients.NetworkClient   : [Consumer clientId=consumer-notification-group-3, groupId=notification-group] Node -1 disconnected.
2026-07-28T07:36:42.451-07:00  WARN 5484 --- [notification-service] [org.springframework.kafka.KafkaListenerEndpointContainer#4-0-C-1] org.apache.kafka.clients.NetworkClient   : [Consumer clientId=consumer-notification-group-3, groupId=notification-group] Connection to node -1 (localhost/127.0.0.1:9092) could not be established. Node may not be available.
2026-07-28T07:36:42.451-07:00  WARN 5484 --- [notification-service] [org.springframework.kafka.KafkaListenerEndpointContainer#4-0-C-1] org.apache.kafka.clients.NetworkClient   : [Consumer clientId=consumer-notification-group-3, groupId=notification-group] Bootstrap broker localhost:9092 (id: -1 rack: null) disconnected
2026-07-28T07:36:42.593-07:00  INFO 5484 --- [notification-service] [org.springframework.kafka.KafkaListenerEndpointContainer#0-0-C-1] org.apache.kafka.clients.NetworkClient   : [Consumer clientId=consumer-notification-group-5, groupId=notification-group] Node -1 disconnected.
2026-07-28T07:36:42.593-07:00  WARN 5484 --- [notification-service] [org.springframework.kafka.KafkaListenerEndpointContainer#0-0-C-1] org.apache.kafka.clients.NetworkClient   : [Consumer clientId=consumer-notification-group-5, groupId=notification-group] Connection to node -1 (localhost/127.0.0.1:9092) could not be established. Node may not be available.
2026-07-28T07:36:42.593-07:00  WARN 5484 --- [notification-service] [org.springframework.kafka.KafkaListenerEndpointContainer#0-0-C-1] org.apache.kafka.clients.NetworkClient   : [Consumer clientId=consumer-notification-group-5, groupId=notification-group] Bootstrap broker localhost:9092 (id: -1 rack: null) disconnected
2026-07-28T07:36:42.686-07:00  INFO 5484 --- [notification-service] [org.springframework.kafka.KafkaListenerEndpointContainer#5-0-C-1] org.apache.kafka.clients.NetworkClient   : [Consumer clientId=consumer-notification-group-4, groupId=notification-group] Node -1 disconnected.
2026-07-28T07:36:42.686-07:00  INFO 5484 --- [notification-service] [org.springframework.kafka.KafkaListenerEndpointContainer#2-0-C-1] org.apache.kafka.clients.NetworkClient   : [Consumer clientId=consumer-notification-group-1, groupId=notification-group] Node -1 disconnected.
2026-07-28T07:36:42.687-07:00  WARN 5484 --- [notification-service] [org.springframework.kafka.KafkaListenerEndpointContainer#5-0-C-1] org.apache.kafka.clients.NetworkClient   : [Consumer clientId=consumer-notification-group-4, groupId=notification-group] Connection to node -1 (localhost/127.0.0.1:9092) could not be established. Node may not be available.
2026-07-28T07:36:42.687-07:00  WARN 5484 --- [notification-service] [org.springframework.kafka.KafkaListenerEndpointContainer#2-0-C-1] org.apache.kafka.clients.NetworkClient   : [Consumer clientId=consumer-notification-group-1, groupId=notification-group] Connection to node -1 (localhost/127.0.0.1:9092) could not be established. Node may not be available.
2026-07-28T07:36:42.687-07:00  WARN 5484 --- [notification-service] [org.springframework.kafka.KafkaListenerEndpointContainer#5-0-C-1] org.apache.kafka.clients.NetworkClient   : [Consumer clientId=consumer-notification-group-4, groupId=notification-group] Bootstrap broker localhost:9092 (id: -1 rack: null) disconnected
2026-07-28T07:36:42.687-07:00  WARN 5484 --- [notification-service] [org.springframework.kafka.KafkaListenerEndpointContainer#2-0-C-1] org.apache.kafka.clients.NetworkClient   : [Consumer clientId=consumer-notification-group-1, groupId=notification-group] Bootstrap broker localhost:9092 (id: -1 rack: null) disconnected
2026-07-28T07:36:42.811-07:00  INFO 5484 --- [notification-service] [org.springframework.kafka.KafkaListenerEndpointContainer#1-0-C-1] org.apache.kafka.clients.NetworkClient   : [Consumer clientId=consumer-notification-group-6, groupId=notification-group] Node -1 disconnected.
2026-07-28T07:36:42.811-07:00  WARN 5484 --- [notification-service] [org.springframework.kafka.KafkaListenerEndpointContainer#1-0-C-1] org.apache.kafka.clients.NetworkClient   : [Consumer clientId=consumer-notification-group-6, groupId=notification-group] Connection to node -1 (localhost/127.0.0.1:9092) could not be established. Node may not be available.
2026-07-28T07:36:42.811-07:00  WARN 5484 --- [notification-service] [org.springframework.kafka.KafkaListenerEndpointContainer#1-0-C-1] org.apache.kafka.clients.NetworkClient   : [Consumer clientId=consumer-notification-group-6, groupId=notification-group] Bootstrap broker localhost:9092 (id: -1 rack: null) disconnected
2026-07-28T07:36:42.921-07:00  INFO 5484 --- [notification-service] [org.springframework.kafka.KafkaListenerEndpointContainer#3-0-C-1] org.apache.kafka.clients.NetworkClient   : [Consumer clientId=consumer-notification-group-2, groupId=notification-group] Node -1 disconnected.
2026-07-28T07:36:42.921-07:00  WARN 5484 --- [notification-service] [org.springframework.kafka.KafkaListenerEndpointContainer#3-0-C-1] org.apache.kafka.clients.NetworkClient   : [Consumer clientId=consumer-notification-group-2, groupId=notification-group] Connection to node -1 (localhost/127.0.0.1:9092) could not be established. Node may not be available.
2026-07-28T07:36:42.921-07:00  WARN 5484 --- [notification-service] [org.springframework.kafka.KafkaListenerEndpointContainer#3-0-C-1] org.apache.kafka.clients.NetworkClient   : [Consumer clientId=consumer-notification-group-2, groupId=notification-group] Bootstrap broker localhost:9092 (id: -1 rack: null) disconnected
2026-07-28T07:36:43.471-07:00  INFO 5484 --- [notification-service] [org.springframework.kafka.KafkaListenerEndpointContainer#4-0-C-1] org.apache.kafka.clients.NetworkClient   : [Consumer clientId=consumer-notification-group-3, groupId=notification-group] Node -1 disconnected.
2026-07-28T07:36:43.471-07:00  WARN 5484 --- [notification-service] [org.springframework.kafka.KafkaListenerEndpointContainer#4-0-C-1] org.apache.kafka.clients.NetworkClient   : [Consumer clientId=consumer-notification-group-3, groupId=notification-group] Connection to node -1 (localhost/127.0.0.1:9092) could not be established. Node may not be available.
2026-07-28T07:36:43.471-07:00  WARN 5484 --- [notification-service] [org.springframework.kafka.KafkaListenerEndpointContainer#4-0-C-1] org.apache.kafka.clients.NetworkClient   : [Consumer clientId=consumer-notification-group-3, groupId=notification-group] Bootstrap broker localhost:9092 (id: -1 rack: null) disconnected
2026-07-28T07:36:43.597-07:00  INFO 5484 --- [notification-service] [org.springframework.kafka.KafkaListenerEndpointContainer#0-0-C-1] org.apache.kafka.clients.NetworkClient   : [Consumer clientId=consumer-notification-group-5, groupId=notification-group] Node -1 disconnected.
2026-07-28T07:36:43.597-07:00  WARN 5484 --- [notification-service] [org.springframework.kafka.KafkaListenerEndpointContainer#0-0-C-1] org.apache.kafka.clients.NetworkClient   : [Consumer clientId=consumer-notification-group-5, groupId=notification-group] Connection to node -1 (localhost/127.0.0.1:9092) could not be established. Node may not be available.
2026-07-28T07:36:43.598-07:00  WARN 5484 --- [notification-service] [org.springframework.kafka.KafkaListenerEndpointContainer#0-0-C-1] org.apache.kafka.clients.NetworkClient   : [Consumer clientId=consumer-notification-group-5, groupId=notification-group] Bootstrap broker localhost:9092 (id: -1 rack: null) disconnected
2026-07-28T07:36:43.628-07:00  INFO 5484 --- [notification-service] [org.springframework.kafka.KafkaListenerEndpointContainer#2-0-C-1] org.apache.kafka.clients.NetworkClient   : [Consumer clientId=consumer-notification-group-1, groupId=notification-group] Node -1 disconnected.
2026-07-28T07:36:43.628-07:00  INFO 5484 --- [notification-service] [org.springframework.kafka.KafkaListenerEndpointContainer#5-0-C-1] org.apache.kafka.clients.NetworkClient   : [Consumer clientId=consumer-notification-group-4, groupId=notification-group] Node -1 disconnected.
2026-07-28T07:36:43.628-07:00  WARN 5484 --- [notification-service] [org.springframework.kafka.KafkaListenerEndpointContainer#2-0-C-1] org.apache.kafka.clients.NetworkClient   : [Consumer clientId=consumer-notification-group-1, groupId=notification-group] Connection to node -1 (localhost/127.0.0.1:9092) could not be established. Node may not be available.
2026-07-28T07:36:43.629-07:00  WARN 5484 --- [notification-service] [org.springframework.kafka.KafkaListenerEndpointContainer#2-0-C-1] org.apache.kafka.clients.NetworkClient   : [Consumer clientId=consumer-notification-group-1, groupId=notification-group] Bootstrap broker localhost:9092 (id: -1 rack: null) disconnected
2026-07-28T07:36:43.629-07:00  WARN 5484 --- [notification-service] [org.springframework.kafka.KafkaListenerEndpointContainer#5-0-C-1] org.apache.kafka.clients.NetworkClient   : [Consumer clientId=consumer-notification-group-4, groupId=notification-group] Connection to node -1 (localhost/127.0.0.1:9092) could not be established. Node may not be available.
2026-07-28T07:36:43.629-07:00  WARN 5484 --- [notification-service] [org.springframework.kafka.KafkaListenerEndpointContainer#5-0-C-1] org.apache.kafka.clients.NetworkClient   : [Consumer clientId=consumer-notification-group-4, groupId=notification-group] Bootstrap broker localhost:9092 (id: -1 rack: null) disconnected
2026-07-28T07:36:43.802-07:00  INFO 5484 --- [notification-service] [org.springframework.kafka.KafkaListenerEndpointContainer#3-0-C-1] org.apache.kafka.clients.NetworkClient   : [Consumer clientId=consumer-notification-group-2, groupId=notification-group] Node -1 disconnected.
2026-07-28T07:36:43.802-07:00  WARN 5484 --- [notification-service] [org.springframework.kafka.KafkaListenerEndpointContainer#3-0-C-1] org.apache.kafka.clients.NetworkClient   : [Consumer clientId=consumer-notification-group-2, groupId=notification-group] Connection to node -1 (localhost/127.0.0.1:9092) could not be established. Node may not be available.
2026-07-28T07:36:43.802-07:00  WARN 5484 --- [notification-service] [org.springframework.kafka.KafkaListenerEndpointContainer#3-0-C-1] org.apache.kafka.clients.NetworkClient   : [Consumer clientId=consumer-notification-group-2, groupId=notification-group] Bootstrap broker localhost:9092 (id: -1 rack: null) disconnected
2026-07-28T07:36:43.818-07:00  INFO 5484 --- [notification-service] [org.springframework.kafka.KafkaListenerEndpointContainer#1-0-C-1] org.apache.kafka.clients.NetworkClient   : [Consumer clientId=consumer-notification-group-6, groupId=notification-group] Node -1 disconnected.
2026-07-28T07:36:43.818-07:00  WARN 5484 --- [notification-service] [org.springframework.kafka.KafkaListenerEndpointContainer#1-0-C-1] org.apache.kafka.clients.NetworkClient   : [Consumer clientId=consumer-notification-group-6, groupId=notification-group] Connection to node -1 (localhost/127.0.0.1:9092) could not be established. Node may not be available.
2026-07-28T07:36:43.818-07:00  WARN 5484 --- [notification-service] [org.springframework.kafka.KafkaListenerEndpointContainer#1-0-C-1] org.apache.kafka.clients.NetworkClient   : [Consumer clientId=consumer-notification-group-6, groupId=notification-group] Bootstrap broker localhost:9092 (id: -1 rack: null) disconnected
2026-07-28T07:36:44.351-07:00  INFO 5484 --- [notification-service] [org.springframework.kafka.KafkaListenerEndpointContainer#4-0-C-1] org.apache.kafka.clients.NetworkClient   : [Consumer clientId=consumer-notification-group-3, groupId=notification-group] Node -1 disconnected.
2026-07-28T07:36:44.351-07:00  WARN 5484 --- [notification-service] [org.springframework.kafka.KafkaListenerEndpointContainer#4-0-C-1] org.apache.kafka.clients.NetworkClient   : [Consumer clientId=consumer-notification-group-3, groupId=notification-group] Connection to node -1 (localhost/127.0.0.1:9092) could not be established. Node may not be available.
2026-07-28T07:36:44.351-07:00  WARN 5484 --- [notification-service] [org.springframework.kafka.KafkaListenerEndpointContainer#4-0-C-1] org.apache.kafka.clients.NetworkClient   : [Consumer clientId=consumer-notification-group-3, groupId=notification-group] Bootstrap broker localhost:9092 (id: -1 rack: null) disconnected
2026-07-28T07:36:44.633-07:00  INFO 5484 --- [notification-service] [org.springframework.kafka.KafkaListenerEndpointContainer#2-0-C-1] org.apache.kafka.clients.NetworkClient   : [Consumer clientId=consumer-notification-group-1, groupId=notification-group] Node -1 disconnected.
2026-07-28T07:36:44.633-07:00  INFO 5484 --- [notification-service] [org.springframework.kafka.KafkaListenerEndpointContainer#5-0-C-1] org.apache.kafka.clients.NetworkClient   : [Consumer clientId=consumer-notification-group-4, groupId=notification-group] Node -1 disconnected.
2026-07-28T07:36:44.634-07:00  WARN 5484 --- [notification-service] [org.springframework.kafka.KafkaListenerEndpointContainer#5-0-C-1] org.apache.kafka.clients.NetworkClient   : [Consumer clientId=consumer-notification-group-4, groupId=notification-group] Connection to node -1 (localhost/127.0.0.1:9092) could not be established. Node may not be available.
2026-07-28T07:36:44.634-07:00  WARN 5484 --- [notification-service] [org.springframework.kafka.KafkaListenerEndpointContainer#5-0-C-1] org.apache.kafka.clients.NetworkClient   : [Consumer clientId=consumer-notification-group-4, groupId=notification-group] Bootstrap broker localhost:9092 (id: -1 rack: null) disconnected
2026-07-28T07:36:44.634-07:00  WARN 5484 --- [notification-service] [org.springframework.kafka.KafkaListenerEndpointContainer#2-0-C-1] org.apache.kafka.clients.NetworkClient   : [Consumer clientId=consumer-notification-group-1, groupId=notification-group] Connection to node -1 (localhost/127.0.0.1:9092) could not be established. Node may not be available.
2026-07-28T07:36:44.634-07:00  WARN 5484 --- [notification-service] [org.springframework.kafka.KafkaListenerEndpointContainer#2-0-C-1] org.apache.kafka.clients.NetworkClient   : [Consumer clientId=consumer-notification-group-1, groupId=notification-group] Bootstrap broker localhost:9092 (id: -1 rack: null) disconnected
2026-07-28T07:36:44.650-07:00  INFO 5484 --- [notification-service] [org.springframework.kafka.KafkaListenerEndpointContainer#0-0-C-1] org.apache.kafka.clients.NetworkClient   : [Consumer clientId=consumer-notification-group-5, groupId=notification-group] Node -1 disconnected.
2026-07-28T07:36:44.651-07:00  WARN 5484 --- [notification-service] [org.springframework.kafka.KafkaListenerEndpointContainer#0-0-C-1] org.apache.kafka.clients.NetworkClient   : [Consumer clientId=consumer-notification-group-5, groupId=notification-group] Connection to node -1 (localhost/127.0.0.1:9092) could not be established. Node may not be available.
2026-07-28T07:36:44.651-07:00  WARN 5484 --- [notification-service] [org.springframework.kafka.KafkaListenerEndpointContainer#0-0-C-1] org.apache.kafka.clients.NetworkClient   : [Consumer clientId=consumer-notification-group-5, groupId=notification-group] Bootstrap broker localhost:9092 (id: -1 rack: null) disconnected
2026-07-28T07:36:44.747-07:00  INFO 5484 --- [notification-service] [org.springframework.kafka.KafkaListenerEndpointContainer#3-0-C-1] org.apache.kafka.clients.NetworkClient   : [Consumer clientId=consumer-notification-group-2, groupId=notification-group] Node -1 disconnected.
2026-07-28T07:36:44.747-07:00  WARN 5484 --- [notification-service] [org.springframework.kafka.KafkaListenerEndpointContainer#3-0-C-1] org.apache.kafka.clients.NetworkClient   : [Consumer clientId=consumer-notification-group-2, groupId=notification-group] Connection to node -1 (localhost/127.0.0.1:9092) could not be established. Node may not be available.
2026-07-28T07:36:44.750-07:00  WARN 5484 --- [notification-service] [org.springframework.kafka.KafkaListenerEndpointContainer#3-0-C-1] org.apache.kafka.clients.NetworkClient   : [Consumer clientId=consumer-notification-group-2, groupId=notification-group] Bootstrap broker localhost:9092 (id: -1 rack: null) disconnected
2026-07-28T07:36:44.823-07:00  INFO 5484 --- [notification-service] [org.springframework.kafka.KafkaListenerEndpointContainer#1-0-C-1] org.apache.kafka.clients.NetworkClient   : [Consumer clientId=consumer-notification-group-6, groupId=notification-group] Node -1 disconnected.
2026-07-28T07:36:44.823-07:00  WARN 5484 --- [notification-service] [org.springframework.kafka.KafkaListenerEndpointContainer#1-0-C-1] org.apache.kafka.clients.NetworkClient   : [Consumer clientId=consumer-notification-group-6, groupId=notification-group] Connection to node -1 (localhost/127.0.0.1:9092) could not be established. Node may not be available.
2026-07-28T07:36:44.824-07:00  WARN 5484 --- [notification-service] [org.springframework.kafka.KafkaListenerEndpointContainer#1-0-C-1] org.apache.kafka.clients.NetworkClient   : [Consumer clientId=consumer-notification-group-6, groupId=notification-group] Bootstrap broker localhost:9092 (id: -1 rack: null) disconnected
2026-07-28T07:36:45.235-07:00  INFO 5484 --- [notification-service] [org.springframework.kafka.KafkaListenerEndpointContainer#4-0-C-1] org.apache.kafka.clients.NetworkClient   : [Consumer clientId=consumer-notification-group-3, groupId=notification-group] Node -1 disconnected.
2026-07-28T07:36:45.236-07:00  WARN 5484 --- [notification-service] [org.springframework.kafka.KafkaListenerEndpointContainer#4-0-C-1] org.apache.kafka.clients.NetworkClient   : [Consumer clientId=consumer-notification-group-3, groupId=notification-group] Connection to node -1 (localhost/127.0.0.1:9092) could not be established. Node may not be available.
2026-07-28T07:36:45.236-07:00  WARN 5484 --- [notification-service] [org.springframework.kafka.KafkaListenerEndpointContainer#4-0-C-1] org.apache.kafka.clients.NetworkClient   : [Consumer clientId=consumer-notification-group-3, groupId=notification-group] Bootstrap broker localhost:9092 (id: -1 rack: null) disconnected
2026-07-28T07:36:45.469-07:00  INFO 5484 --- [notification-service] [org.springframework.kafka.KafkaListenerEndpointContainer#0-0-C-1] org.apache.kafka.clients.NetworkClient   : [Consumer clientId=consumer-notification-group-5, groupId=notification-group] Node -1 disconnected.
2026-07-28T07:36:45.469-07:00  WARN 5484 --- [notification-service] [org.springframework.kafka.KafkaListenerEndpointContainer#0-0-C-1] org.apache.kafka.clients.NetworkClient   : [Consumer clientId=consumer-notification-group-5, groupId=notification-group] Connection to node -1 (localhost/127.0.0.1:9092) could not be established. Node may not be available.
2026-07-28T07:36:45.469-07:00  WARN 5484 --- [notification-service] [org.springframework.kafka.KafkaListenerEndpointContainer#0-0-C-1] org.apache.kafka.clients.NetworkClient   : [Consumer clientId=consumer-notification-group-5, groupId=notification-group] Bootstrap broker localhost:9092 (id: -1 rack: null) disconnected
2026-07-28T07:36:45.644-07:00  INFO 5484 --- [notification-service] [org.springframework.kafka.KafkaListenerEndpointContainer#2-0-C-1] org.apache.kafka.clients.NetworkClient   : [Consumer clientId=consumer-notification-group-1, groupId=notification-group] Node -1 disconnected.
2026-07-28T07:36:45.644-07:00  WARN 5484 --- [notification-service] [org.springframework.kafka.KafkaListenerEndpointContainer#2-0-C-1] org.apache.kafka.clients.NetworkClient   : [Consumer clientId=consumer-notification-group-1, groupId=notification-group] Connection to node -1 (localhost/127.0.0.1:9092) could not be established. Node may not be available.
2026-07-28T07:36:45.644-07:00  WARN 5484 --- [notification-service] [org.springframework.kafka.KafkaListenerEndpointContainer#2-0-C-1] org.apache.kafka.clients.NetworkClient   : [Consumer clientId=consumer-notification-group-1, groupId=notification-group] Bootstrap broker localhost:9092 (id: -1 rack: null) disconnected
2026-07-28T07:36:45.675-07:00  INFO 5484 --- [notification-service] [org.springframework.kafka.KafkaListenerEndpointContainer#5-0-C-1] org.apache.kafka.clients.NetworkClient   : [Consumer clientId=consumer-notification-group-4, groupId=notification-group] Node -1 disconnected.
2026-07-28T07:36:45.675-07:00  WARN 5484 --- [notification-service] [org.springframework.kafka.KafkaListenerEndpointContainer#5-0-C-1] org.apache.kafka.clients.NetworkClient   : [Consumer clientId=consumer-notification-group-4, groupId=notification-group] Connection to node -1 (localhost/127.0.0.1:9092) could not be established. Node may not be available.
2026-07-28T07:36:45.676-07:00  WARN 5484 --- [notification-service] [org.springframework.kafka.KafkaListenerEndpointContainer#5-0-C-1] org.apache.kafka.clients.NetworkClient   : [Consumer clientId=consumer-notification-group-4, groupId=notification-group] Bootstrap broker localhost:9092 (id: -1 rack: null) disconnected
2026-07-28T07:36:45.754-07:00  INFO 5484 --- [notification-service] [org.springframework.kafka.KafkaListenerEndpointContainer#3-0-C-1] org.apache.kafka.clients.NetworkClient   : [Consumer clientId=consumer-notification-group-2, groupId=notification-group] Node -1 disconnected.
2026-07-28T07:36:45.755-07:00  WARN 5484 --- [notification-service] [org.springframework.kafka.KafkaListenerEndpointContainer#3-0-C-1] org.apache.kafka.clients.NetworkClient   : [Consumer clientId=consumer-notification-group-2, groupId=notification-group] Connection to node -1 (localhost/127.0.0.1:9092) could not be established. Node may not be available.
2026-07-28T07:36:45.755-07:00  WARN 5484 --- [notification-service] [org.springframework.kafka.KafkaListenerEndpointContainer#3-0-C-1] org.apache.kafka.clients.NetworkClient   : [Consumer clientId=consumer-notification-group-2, groupId=notification-group] Bootstrap broker localhost:9092 (id: -1 rack: null) disconnected
2026-07-28T07:36:45.833-07:00  INFO 5484 --- [notification-service] [org.springframework.kafka.KafkaListenerEndpointContainer#1-0-C-1] org.apache.kafka.clients.NetworkClient   : [Consumer clientId=consumer-notification-group-6, groupId=notification-group] Node -1 disconnected.
2026-07-28T07:36:45.834-07:00  WARN 5484 --- [notification-service] [org.springframework.kafka.KafkaListenerEndpointContainer#1-0-C-1] org.apache.kafka.clients.NetworkClient   : [Consumer clientId=consumer-notification-group-6, groupId=notification-group] Connection to node -1 (localhost/127.0.0.1:9092) could not be established. Node may not be available.
2026-07-28T07:36:45.834-07:00  WARN 5484 --- [notification-service] [org.springframework.kafka.KafkaListenerEndpointContainer#1-0-C-1] org.apache.kafka.clients.NetworkClient   : [Consumer clientId=consumer-notification-group-6, groupId=notification-group] Bootstrap broker localhost:9092 (id: -1 rack: null) disconnected
2026-07-28T07:36:46.241-07:00  INFO 5484 --- [notification-service] [org.springframework.kafka.KafkaListenerEndpointContainer#4-0-C-1] org.apache.kafka.clients.NetworkClient   : [Consumer clientId=consumer-notification-group-3, groupId=notification-group] Node -1 disconnected.
2026-07-28T07:36:46.241-07:00  WARN 5484 --- [notification-service] [org.springframework.kafka.KafkaListenerEndpointContainer#4-0-C-1] org.apache.kafka.clients.NetworkClient   : [Consumer clientId=consumer-notification-group-3, groupId=notification-group] Connection to node -1 (localhost/127.0.0.1:9092) could not be established. Node may not be available.
2026-07-28T07:36:46.242-07:00  WARN 5484 --- [notification-service] [org.springframework.kafka.KafkaListenerEndpointContainer#4-0-C-1] org.apache.kafka.clients.NetworkClient   : [Consumer clientId=consumer-notification-group-3, groupId=notification-group] Bootstrap broker localhost:9092 (id: -1 rack: null) disconnected
2026-07-28T07:36:46.428-07:00  INFO 5484 --- [notification-service] [org.springframework.kafka.KafkaListenerEndpointContainer#0-0-C-1] org.apache.kafka.clients.NetworkClient   : [Consumer clientId=consumer-notification-group-5, groupId=notification-group] Node -1 disconnected.
2026-07-28T07:36:46.428-07:00  WARN 5484 --- [notification-service] [org.springframework.kafka.KafkaListenerEndpointContainer#0-0-C-1] org.apache.kafka.clients.NetworkClient   : [Consumer clientId=consumer-notification-group-5, groupId=notification-group] Connection to node -1 (localhost/127.0.0.1:9092) could not be established. Node may not be available.
2026-07-28T07:36:46.428-07:00  WARN 5484 --- [notification-service] [org.springframework.kafka.KafkaListenerEndpointContainer#0-0-C-1] org.apache.kafka.clients.NetworkClient   : [Consumer clientId=consumer-notification-group-5, groupId=notification-group] Bootstrap broker localhost:9092 (id: -1 rack: null) disconnected
2026-07-28T07:36:46.598-07:00  INFO 5484 --- [notification-service] [org.springframework.kafka.KafkaListenerEndpointContainer#5-0-C-1] org.apache.kafka.clients.NetworkClient   : [Consumer clientId=consumer-notification-group-4, groupId=notification-group] Node -1 disconnected.
2026-07-28T07:36:46.598-07:00  WARN 5484 --- [notification-service] [org.springframework.kafka.KafkaListenerEndpointContainer#5-0-C-1] org.apache.kafka.clients.NetworkClient   : [Consumer clientId=consumer-notification-group-4, groupId=notification-group] Connection to node -1 (localhost/127.0.0.1:9092) could not be established. Node may not be available.
2026-07-28T07:36:46.598-07:00  WARN 5484 --- [notification-service] [org.springframework.kafka.KafkaListenerEndpointContainer#5-0-C-1] org.apache.kafka.clients.NetworkClient   : [Consumer clientId=consumer-notification-group-4, groupId=notification-group] Bootstrap broker localhost:9092 (id: -1 rack: null) disconnected
2026-07-28T07:36:46.615-07:00  INFO 5484 --- [notification-service] [org.springframework.kafka.KafkaListenerEndpointContainer#2-0-C-1] org.apache.kafka.clients.NetworkClient   : [Consumer clientId=consumer-notification-group-1, groupId=notification-group] Node -1 disconnected.
2026-07-28T07:36:46.615-07:00  WARN 5484 --- [notification-service] [org.springframework.kafka.KafkaListenerEndpointContainer#2-0-C-1] org.apache.kafka.clients.NetworkClient   : [Consumer clientId=consumer-notification-group-1, groupId=notification-group] Connection to node -1 (localhost/127.0.0.1:9092) could not be established. Node may not be available.
2026-07-28T07:36:46.616-07:00  WARN 5484 --- [notification-service] [org.springframework.kafka.KafkaListenerEndpointContainer#2-0-C-1] org.apache.kafka.clients.NetworkClient   : [Consumer clientId=consumer-notification-group-1, groupId=notification-group] Bootstrap broker localhost:9092 (id: -1 rack: null) disconnected
2026-07-28T07:36:46.759-07:00  INFO 5484 --- [notification-service] [org.springframework.kafka.KafkaListenerEndpointContainer#3-0-C-1] org.apache.kafka.clients.NetworkClient   : [Consumer clientId=consumer-notification-group-2, groupId=notification-group] Node -1 disconnected.
2026-07-28T07:36:46.759-07:00  WARN 5484 --- [notification-service] [org.springframework.kafka.KafkaListenerEndpointContainer#3-0-C-1] org.apache.kafka.clients.NetworkClient   : [Consumer clientId=consumer-notification-group-2, groupId=notification-group] Connection to node -1 (localhost/127.0.0.1:9092) could not be established. Node may not be available.
2026-07-28T07:36:46.759-07:00  WARN 5484 --- [notification-service] [org.springframework.kafka.KafkaListenerEndpointContainer#3-0-C-1] org.apache.kafka.clients.NetworkClient   : [Consumer clientId=consumer-notification-group-2, groupId=notification-group] Bootstrap broker localhost:9092 (id: -1 rack: null) disconnected
2026-07-28T07:36:46.808-07:00  INFO 5484 --- [notification-service] [org.springframework.kafka.KafkaListenerEndpointContainer#1-0-C-1] org.apache.kafka.clients.NetworkClient   : [Consumer clientId=consumer-notification-group-6, groupId=notification-group] Node -1 disconnected.
2026-07-28T07:36:46.808-07:00  WARN 5484 --- [notification-service] [org.springframework.kafka.KafkaListenerEndpointContainer#1-0-C-1] org.apache.kafka.clients.NetworkClient   : [Consumer clientId=consumer-notification-group-6, groupId=notification-group] Connection to node -1 (localhost/127.0.0.1:9092) could not be established. Node may not be available.
2026-07-28T07:36:46.808-07:00  WARN 5484 --- [notification-service] [org.springframework.kafka.KafkaListenerEndpointContainer#1-0-C-1] org.apache.kafka.clients.NetworkClient   : [Consumer clientId=consumer-notification-group-6, groupId=notification-group] Bootstrap broker localhost:9092 (id: -1 rack: null) disconnected
2026-07-28T07:36:47.288-07:00  INFO 5484 --- [notification-service] [org.springframework.kafka.KafkaListenerEndpointContainer#4-0-C-1] org.apache.kafka.clients.NetworkClient   : [Consumer clientId=consumer-notification-group-3, groupId=notification-group] Node -1 disconnected.
2026-07-28T07:36:47.289-07:00  WARN 5484 --- [notification-service] [org.springframework.kafka.KafkaListenerEndpointContainer#4-0-C-1] org.apache.kafka.clients.NetworkClient   : [Consumer clientId=consumer-notification-group-3, groupId=notification-group] Connection to node -1 (localhost/127.0.0.1:9092) could not be established. Node may not be available.
2026-07-28T07:36:47.289-07:00  WARN 5484 --- [notification-service] [org.springframework.kafka.KafkaListenerEndpointContainer#4-0-C-1] org.apache.kafka.clients.NetworkClient   : [Consumer clientId=consumer-notification-group-3, groupId=notification-group] Bootstrap broker localhost:9092 (id: -1 rack: null) disconnected
2026-07-28T07:36:47.429-07:00  INFO 5484 --- [notification-service] [org.springframework.kafka.KafkaListenerEndpointContainer#0-0-C-1] org.apache.kafka.clients.NetworkClient   : [Consumer clientId=consumer-notification-group-5, groupId=notification-group] Node -1 disconnected.
2026-07-28T07:36:47.430-07:00  WARN 5484 --- [notification-service] [org.springframework.kafka.KafkaListenerEndpointContainer#0-0-C-1] org.apache.kafka.clients.NetworkClient   : [Consumer clientId=consumer-notification-group-5, groupId=notification-group] Connection to node -1 (localhost/127.0.0.1:9092) could not be established. Node may not be available.
2026-07-28T07:36:47.430-07:00  WARN 5484 --- [notification-service] [org.springframework.kafka.KafkaListenerEndpointContainer#0-0-C-1] org.apache.kafka.clients.NetworkClient   : [Consumer clientId=consumer-notification-group-5, groupId=notification-group] Bootstrap broker localhost:9092 (id: -1 rack: null) disconnected
2026-07-28T07:36:47.573-07:00  INFO 5484 --- [notification-service] [org.springframework.kafka.KafkaListenerEndpointContainer#2-0-C-1] org.apache.kafka.clients.NetworkClient   : [Consumer clientId=consumer-notification-group-1, groupId=notification-group] Node -1 disconnected.
2026-07-28T07:36:47.573-07:00  WARN 5484 --- [notification-service] [org.springframework.kafka.KafkaListenerEndpointContainer#2-0-C-1] org.apache.kafka.clients.NetworkClient   : [Consumer clientId=consumer-notification-group-1, groupId=notification-group] Connection to node -1 (localhost/127.0.0.1:9092) could not be established. Node may not be available.
2026-07-28T07:36:47.573-07:00  WARN 5484 --- [notification-service] [org.springframework.kafka.KafkaListenerEndpointContainer#2-0-C-1] org.apache.kafka.clients.NetworkClient   : [Consumer clientId=consumer-notification-group-1, groupId=notification-group] Bootstrap broker localhost:9092 (id: -1 rack: null) disconnected
2026-07-28T07:36:47.620-07:00  INFO 5484 --- [notification-service] [org.springframework.kafka.KafkaListenerEndpointContainer#5-0-C-1] org.apache.kafka.clients.NetworkClient   : [Consumer clientId=consumer-notification-group-4, groupId=notification-group] Node -1 disconnected.
2026-07-28T07:36:47.621-07:00  WARN 5484 --- [notification-service] [org.springframework.kafka.KafkaListenerEndpointContainer#5-0-C-1] org.apache.kafka.clients.NetworkClient   : [Consumer clientId=consumer-notification-group-4, groupId=notification-group] Connection to node -1 (localhost/127.0.0.1:9092) could not be established. Node may not be available.
2026-07-28T07:36:47.621-07:00  WARN 5484 --- [notification-service] [org.springframework.kafka.KafkaListenerEndpointContainer#5-0-C-1] org.apache.kafka.clients.NetworkClient   : [Consumer clientId=consumer-notification-group-4, groupId=notification-group] Bootstrap broker localhost:9092 (id: -1 rack: null) disconnected
2026-07-28T07:36:47.700-07:00  INFO 5484 --- [notification-service] [org.springframework.kafka.KafkaListenerEndpointContainer#3-0-C-1] org.apache.kafka.clients.NetworkClient   : [Consumer clientId=consumer-notification-group-2, groupId=notification-group] Node -1 disconnected.
2026-07-28T07:36:47.700-07:00  WARN 5484 --- [notification-service] [org.springframework.kafka.KafkaListenerEndpointContainer#3-0-C-1] org.apache.kafka.clients.NetworkClient   : [Consumer clientId=consumer-notification-group-2, groupId=notification-group] Connection to node -1 (localhost/127.0.0.1:9092) could not be established. Node may not be available.
2026-07-28T07:36:47.700-07:00  WARN 5484 --- [notification-service] [org.springframework.kafka.KafkaListenerEndpointContainer#3-0-C-1] org.apache.kafka.clients.NetworkClient   : [Consumer clientId=consumer-notification-group-2, groupId=notification-group] Bootstrap broker localhost:9092 (id: -1 rack: null) disconnected
2026-07-28T07:36:47.715-07:00  INFO 5484 --- [notification-service] [org.springframework.kafka.KafkaListenerEndpointContainer#1-0-C-1] org.apache.kafka.clients.NetworkClient   : [Consumer clientId=consumer-notification-group-6, groupId=notification-group] Node -1 disconnected.
2026-07-28T07:36:47.716-07:00  WARN 5484 --- [notification-service] [org.springframework.kafka.KafkaListenerEndpointContainer#1-0-C-1] org.apache.kafka.clients.NetworkClient   : [Consumer clientId=consumer-notification-group-6, groupId=notification-group] Connection to node -1 (localhost/127.0.0.1:9092) could not be established. Node may not be available.
2026-07-28T07:36:47.716-07:00  WARN 5484 --- [notification-service] [org.springframework.kafka.KafkaListenerEndpointContainer#1-0-C-1] org.apache.kafka.clients.NetworkClient   : [Consumer clientId=consumer-notification-group-6, groupId=notification-group] Bootstrap broker localhost:9092 (id: -1 rack: null) disconnected
2026-07-28T07:36:48.112-07:00  INFO 5484 --- [notification-service] [org.springframework.kafka.KafkaListenerEndpointContainer#4-0-C-1] org.apache.kafka.clients.NetworkClient   : [Consumer clientId=consumer-notification-group-3, groupId=notification-group] Node -1 disconnected.
2026-07-28T07:36:48.112-07:00  WARN 5484 --- [notification-service] [org.springframework.kafka.KafkaListenerEndpointContainer#4-0-C-1] org.apache.kafka.clients.NetworkClient   : [Consumer clientId=consumer-notification-group-3, groupId=notification-group] Connection to node -1 (localhost/127.0.0.1:9092) could not be established. Node may not be available.
2026-07-28T07:36:48.112-07:00  WARN 5484 --- [notification-service] [org.springframework.kafka.KafkaListenerEndpointContainer#4-0-C-1] org.apache.kafka.clients.NetworkClient   : [Consumer clientId=consumer-notification-group-3, groupId=notification-group] Bootstrap broker localhost:9092 (id: -1 rack: null) disconnected
2026-07-28T07:36:48.381-07:00  INFO 5484 --- [notification-service] [org.springframework.kafka.KafkaListenerEndpointContainer#0-0-C-1] org.apache.kafka.clients.NetworkClient   : [Consumer clientId=consumer-notification-group-5, groupId=notification-group] Node -1 disconnected.
2026-07-28T07:36:48.381-07:00  WARN 5484 --- [notification-service] [org.springframework.kafka.KafkaListenerEndpointContainer#0-0-C-1] org.apache.kafka.clients.NetworkClient   : [Consumer clientId=consumer-notification-group-5, groupId=notification-group] Connection to node -1 (localhost/127.0.0.1:9092) could not be established. Node may not be available.
2026-07-28T07:36:48.381-07:00  WARN 5484 --- [notification-service] [org.springframework.kafka.KafkaListenerEndpointContainer#0-0-C-1] org.apache.kafka.clients.NetworkClient   : [Consumer clientId=consumer-notification-group-5, groupId=notification-group] Bootstrap broker localhost:9092 (id: -1 rack: null) disconnected
2026-07-28T07:36:48.572-07:00  INFO 5484 --- [notification-service] [org.springframework.kafka.KafkaListenerEndpointContainer#2-0-C-1] org.apache.kafka.clients.NetworkClient   : [Consumer clientId=consumer-notification-group-1, groupId=notification-group] Node -1 disconnected.
2026-07-28T07:36:48.572-07:00  WARN 5484 --- [notification-service] [org.springframework.kafka.KafkaListenerEndpointContainer#2-0-C-1] org.apache.kafka.clients.NetworkClient   : [Consumer clientId=consumer-notification-group-1, groupId=notification-group] Connection to node -1 (localhost/127.0.0.1:9092) could not be established. Node may not be available.
2026-07-28T07:36:48.572-07:00  WARN 5484 --- [notification-service] [org.springframework.kafka.KafkaListenerEndpointContainer#2-0-C-1] org.apache.kafka.clients.NetworkClient   : [Consumer clientId=consumer-notification-group-1, groupId=notification-group] Bootstrap broker localhost:9092 (id: -1 rack: null) disconnected
2026-07-28T07:36:48.651-07:00  INFO 5484 --- [notification-service] [org.springframework.kafka.KafkaListenerEndpointContainer#3-0-C-1] org.apache.kafka.clients.NetworkClient   : [Consumer clientId=consumer-notification-group-2, groupId=notification-group] Node -1 disconnected.
2026-07-28T07:36:48.652-07:00  WARN 5484 --- [notification-service] [org.springframework.kafka.KafkaListenerEndpointContainer#3-0-C-1] org.apache.kafka.clients.NetworkClient   : [Consumer clientId=consumer-notification-group-2, groupId=notification-group] Connection to node -1 (localhost/127.0.0.1:9092) could not be established. Node may not be available.
2026-07-28T07:36:48.652-07:00  WARN 5484 --- [notification-service] [org.springframework.kafka.KafkaListenerEndpointContainer#3-0-C-1] org.apache.kafka.clients.NetworkClient   : [Consumer clientId=consumer-notification-group-2, groupId=notification-group] Bootstrap broker localhost:9092 (id: -1 rack: null) disconnected
2026-07-28T07:36:48.667-07:00  INFO 5484 --- [notification-service] [org.springframework.kafka.KafkaListenerEndpointContainer#5-0-C-1] org.apache.kafka.clients.NetworkClient   : [Consumer clientId=consumer-notification-group-4, groupId=notification-group] Node -1 disconnected.
2026-07-28T07:36:48.667-07:00  WARN 5484 --- [notification-service] [org.springframework.kafka.KafkaListenerEndpointContainer#5-0-C-1] org.apache.kafka.clients.NetworkClient   : [Consumer clientId=consumer-notification-group-4, groupId=notification-group] Connection to node -1 (localhost/127.0.0.1:9092) could not be established. Node may not be available.
2026-07-28T07:36:48.668-07:00  WARN 5484 --- [notification-service] [org.springframework.kafka.KafkaListenerEndpointContainer#5-0-C-1] org.apache.kafka.clients.NetworkClient   : [Consumer clientId=consumer-notification-group-4, groupId=notification-group] Bootstrap broker localhost:9092 (id: -1 rack: null) disconnected
2026-07-28T07:36:48.732-07:00  INFO 5484 --- [notification-service] [org.springframework.kafka.KafkaListenerEndpointContainer#1-0-C-1] org.apache.kafka.clients.NetworkClient   : [Consumer clientId=consumer-notification-group-6, groupId=notification-group] Node -1 disconnected.
2026-07-28T07:36:48.732-07:00  WARN 5484 --- [notification-service] [org.springframework.kafka.KafkaListenerEndpointContainer#1-0-C-1] org.apache.kafka.clients.NetworkClient   : [Consumer clientId=consumer-notification-group-6, groupId=notification-group] Connection to node -1 (localhost/127.0.0.1:9092) could not be established. Node may not be available.
2026-07-28T07:36:48.732-07:00  WARN 5484 --- [notification-service] [org.springframework.kafka.KafkaListenerEndpointContainer#1-0-C-1] org.apache.kafka.clients.NetworkClient   : [Consumer clientId=consumer-notification-group-6, groupId=notification-group] Bootstrap broker localhost:9092 (id: -1 rack: null) disconnected
2026-07-28T07:36:49.059-07:00  INFO 5484 --- [notification-service] [org.springframework.kafka.KafkaListenerEndpointContainer#4-0-C-1] org.apache.kafka.clients.NetworkClient   : [Consumer clientId=consumer-notification-group-3, groupId=notification-group] Node -1 disconnected.
2026-07-28T07:36:49.060-07:00  WARN 5484 --- [notification-service] [org.springframework.kafka.KafkaListenerEndpointContainer#4-0-C-1] org.apache.kafka.clients.NetworkClient   : [Consumer clientId=consumer-notification-group-3, groupId=notification-group] Connection to node -1 (localhost/127.0.0.1:9092) could not be established. Node may not be available.
2026-07-28T07:36:49.060-07:00  WARN 5484 --- [notification-service] [org.springframework.kafka.KafkaListenerEndpointContainer#4-0-C-1] org.apache.kafka.clients.NetworkClient   : [Consumer clientId=consumer-notification-group-3, groupId=notification-group] Bootstrap broker localhost:9092 (id: -1 rack: null) disconnected
2026-07-28T07:36:49.200-07:00  INFO 5484 --- [notification-service] [org.springframework.kafka.KafkaListenerEndpointContainer#0-0-C-1] org.apache.kafka.clients.NetworkClient   : [Consumer clientId=consumer-notification-group-5, groupId=notification-group] Node -1 disconnected.
2026-07-28T07:36:49.200-07:00  WARN 5484 --- [notification-service] [org.springframework.kafka.KafkaListenerEndpointContainer#0-0-C-1] org.apache.kafka.clients.NetworkClient   : [Consumer clientId=consumer-notification-group-5, groupId=notification-group] Connection to node -1 (localhost/127.0.0.1:9092) could not be established. Node may not be available.
2026-07-28T07:36:49.200-07:00  WARN 5484 --- [notification-service] [org.springframework.kafka.KafkaListenerEndpointContainer#0-0-C-1] org.apache.kafka.clients.NetworkClient   : [Consumer clientId=consumer-notification-group-5, groupId=notification-group] Bootstrap broker localhost:9092 (id: -1 rack: null) disconnected
2026-07-28T07:36:49.543-07:00  INFO 5484 --- [notification-service] [org.springframework.kafka.KafkaListenerEndpointContainer#1-0-C-1] org.apache.kafka.clients.NetworkClient   : [Consumer clientId=consumer-notification-group-6, groupId=notification-group] Node -1 disconnected.
2026-07-28T07:36:49.543-07:00  INFO 5484 --- [notification-service] [org.springframework.kafka.KafkaListenerEndpointContainer#5-0-C-1] org.apache.kafka.clients.NetworkClient   : [Consumer clientId=consumer-notification-group-4, groupId=notification-group] Node -1 disconnected.
2026-07-28T07:36:49.543-07:00  WARN 5484 --- [notification-service] [org.springframework.kafka.KafkaListenerEndpointContainer#1-0-C-1] org.apache.kafka.clients.NetworkClient   : [Consumer clientId=consumer-notification-group-6, groupId=notification-group] Connection to node -1 (localhost/127.0.0.1:9092) could not be established. Node may not be available.
2026-07-28T07:36:49.544-07:00  WARN 5484 --- [notification-service] [org.springframework.kafka.KafkaListenerEndpointContainer#5-0-C-1] org.apache.kafka.clients.NetworkClient   : [Consumer clientId=consumer-notification-group-4, groupId=notification-group] Connection to node -1 (localhost/127.0.0.1:9092) could not be established. Node may not be available.
2026-07-28T07:36:49.544-07:00  WARN 5484 --- [notification-service] [org.springframework.kafka.KafkaListenerEndpointContainer#1-0-C-1] org.apache.kafka.clients.NetworkClient   : [Consumer clientId=consumer-notification-group-6, groupId=notification-group] Bootstrap broker localhost:9092 (id: -1 rack: null) disconnected
2026-07-28T07:36:49.544-07:00  WARN 5484 --- [notification-service] [org.springframework.kafka.KafkaListenerEndpointContainer#5-0-C-1] org.apache.kafka.clients.NetworkClient   : [Consumer clientId=consumer-notification-group-4, groupId=notification-group] Bootstrap broker localhost:9092 (id: -1 rack: null) disconnected
2026-07-28T07:36:49.574-07:00  INFO 5484 --- [notification-service] [org.springframework.kafka.KafkaListenerEndpointContainer#2-0-C-1] org.apache.kafka.clients.NetworkClient   : [Consumer clientId=consumer-notification-group-1, groupId=notification-group] Node -1 disconnected.
2026-07-28T07:36:49.575-07:00  WARN 5484 --- [notification-service] [org.springframework.kafka.KafkaListenerEndpointContainer#2-0-C-1] org.apache.kafka.clients.NetworkClient   : [Consumer clientId=consumer-notification-group-1, groupId=notification-group] Connection to node -1 (localhost/127.0.0.1:9092) could not be established. Node may not be available.
2026-07-28T07:36:49.575-07:00  WARN 5484 --- [notification-service] [org.springframework.kafka.KafkaListenerEndpointContainer#2-0-C-1] org.apache.kafka.clients.NetworkClient   : [Consumer clientId=consumer-notification-group-1, groupId=notification-group] Bootstrap broker localhost:9092 (id: -1 rack: null) disconnected
2026-07-28T07:36:49.655-07:00  INFO 5484 --- [notification-service] [org.springframework.kafka.KafkaListenerEndpointContainer#3-0-C-1] org.apache.kafka.clients.NetworkClient   : [Consumer clientId=consumer-notification-group-2, groupId=notification-group] Node -1 disconnected.
2026-07-28T07:36:49.655-07:00  WARN 5484 --- [notification-service] [org.springframework.kafka.KafkaListenerEndpointContainer#3-0-C-1] org.apache.kafka.clients.NetworkClient   : [Consumer clientId=consumer-notification-group-2, groupId=notification-group] Connection to node -1 (localhost/127.0.0.1:9092) could not be established. Node may not be available.
2026-07-28T07:36:49.655-07:00  WARN 5484 --- [notification-service] [org.springframework.kafka.KafkaListenerEndpointContainer#3-0-C-1] org.apache.kafka.clients.NetworkClient   : [Consumer clientId=consumer-notification-group-2, groupId=notification-group] Bootstrap broker localhost:9092 (id: -1 rack: null) disconnected
2026-07-28T07:36:50.075-07:00  INFO 5484 --- [notification-service] [org.springframework.kafka.KafkaListenerEndpointContainer#0-0-C-1] org.apache.kafka.clients.NetworkClient   : [Consumer clientId=consumer-notification-group-5, groupId=notification-group] Node -1 disconnected.
2026-07-28T07:36:50.075-07:00  WARN 5484 --- [notification-service] [org.springframework.kafka.KafkaListenerEndpointContainer#0-0-C-1] org.apache.kafka.clients.NetworkClient   : [Consumer clientId=consumer-notification-group-5, groupId=notification-group] Connection to node -1 (localhost/127.0.0.1:9092) could not be established. Node may not be available.
2026-07-28T07:36:50.075-07:00  WARN 5484 --- [notification-service] [org.springframework.kafka.KafkaListenerEndpointContainer#0-0-C-1] org.apache.kafka.clients.NetworkClient   : [Consumer clientId=consumer-notification-group-5, groupId=notification-group] Bootstrap broker localhost:9092 (id: -1 rack: null) disconnected
2026-07-28T07:36:50.089-07:00  INFO 5484 --- [notification-service] [org.springframework.kafka.KafkaListenerEndpointContainer#4-0-C-1] org.apache.kafka.clients.NetworkClient   : [Consumer clientId=consumer-notification-group-3, groupId=notification-group] Node -1 disconnected.
2026-07-28T07:36:50.089-07:00  WARN 5484 --- [notification-service] [org.springframework.kafka.KafkaListenerEndpointContainer#4-0-C-1] org.apache.kafka.clients.NetworkClient   : [Consumer clientId=consumer-notification-group-3, groupId=notification-group] Connection to node -1 (localhost/127.0.0.1:9092) could not be established. Node may not be available.
2026-07-28T07:36:50.090-07:00  WARN 5484 --- [notification-service] [org.springframework.kafka.KafkaListenerEndpointContainer#4-0-C-1] org.apache.kafka.clients.NetworkClient   : [Consumer clientId=consumer-notification-group-3, groupId=notification-group] Bootstrap broker localhost:9092 (id: -1 rack: null) disconnected
2026-07-28T07:36:50.511-07:00  INFO 5484 --- [notification-service] [org.springframework.kafka.KafkaListenerEndpointContainer#2-0-C-1] org.apache.kafka.clients.NetworkClient   : [Consumer clientId=consumer-notification-group-1, groupId=notification-group] Node -1 disconnected.
2026-07-28T07:36:50.511-07:00  WARN 5484 --- [notification-service] [org.springframework.kafka.KafkaListenerEndpointContainer#2-0-C-1] org.apache.kafka.clients.NetworkClient   : [Consumer clientId=consumer-notification-group-1, groupId=notification-group] Connection to node -1 (localhost/127.0.0.1:9092) could not be established. Node may not be available.
2026-07-28T07:36:50.511-07:00  WARN 5484 --- [notification-service] [org.springframework.kafka.KafkaListenerEndpointContainer#2-0-C-1] org.apache.kafka.clients.NetworkClient   : [Consumer clientId=consumer-notification-group-1, groupId=notification-group] Bootstrap broker localhost:9092 (id: -1 rack: null) disconnected
2026-07-28T07:36:50.590-07:00  INFO 5484 --- [notification-service] [org.springframework.kafka.KafkaListenerEndpointContainer#1-0-C-1] org.apache.kafka.clients.NetworkClient   : [Consumer clientId=consumer-notification-group-6, groupId=notification-group] Node -1 disconnected.
2026-07-28T07:36:50.591-07:00  WARN 5484 --- [notification-service] [org.springframework.kafka.KafkaListenerEndpointContainer#1-0-C-1] org.apache.kafka.clients.NetworkClient   : [Consumer clientId=consumer-notification-group-6, groupId=notification-group] Connection to node -1 (localhost/127.0.0.1:9092) could not be established. Node may not be available.
2026-07-28T07:36:50.591-07:00  WARN 5484 --- [notification-service] [org.springframework.kafka.KafkaListenerEndpointContainer#1-0-C-1] org.apache.kafka.clients.NetworkClient   : [Consumer clientId=consumer-notification-group-6, groupId=notification-group] Bootstrap broker localhost:9092 (id: -1 rack: null) disconnected
2026-07-28T07:36:50.605-07:00  INFO 5484 --- [notification-service] [org.springframework.kafka.KafkaListenerEndpointContainer#5-0-C-1] org.apache.kafka.clients.NetworkClient   : [Consumer clientId=consumer-notification-group-4, groupId=notification-group] Node -1 disconnected.
2026-07-28T07:36:50.605-07:00  WARN 5484 --- [notification-service] [org.springframework.kafka.KafkaListenerEndpointContainer#5-0-C-1] org.apache.kafka.clients.NetworkClient   : [Consumer clientId=consumer-notification-group-4, groupId=notification-group] Connection to node -1 (localhost/127.0.0.1:9092) could not be established. Node may not be available.
2026-07-28T07:36:50.605-07:00  WARN 5484 --- [notification-service] [org.springframework.kafka.KafkaListenerEndpointContainer#5-0-C-1] org.apache.kafka.clients.NetworkClient   : [Consumer clientId=consumer-notification-group-4, groupId=notification-group] Bootstrap broker localhost:9092 (id: -1 rack: null) disconnected
2026-07-28T07:36:50.714-07:00  INFO 5484 --- [notification-service] [org.springframework.kafka.KafkaListenerEndpointContainer#3-0-C-1] org.apache.kafka.clients.NetworkClient   : [Consumer clientId=consumer-notification-group-2, groupId=notification-group] Node -1 disconnected.
2026-07-28T07:36:50.714-07:00  WARN 5484 --- [notification-service] [org.springframework.kafka.KafkaListenerEndpointContainer#3-0-C-1] org.apache.kafka.clients.NetworkClient   : [Consumer clientId=consumer-notification-group-2, groupId=notification-group] Connection to node -1 (localhost/127.0.0.1:9092) could not be established. Node may not be available.
2026-07-28T07:36:50.714-07:00  WARN 5484 --- [notification-service] [org.springframework.kafka.KafkaListenerEndpointContainer#3-0-C-1] org.apache.kafka.clients.NetworkClient   : [Consumer clientId=consumer-notification-group-2, groupId=notification-group] Bootstrap broker localhost:9092 (id: -1 rack: null) disconnected
2026-07-28T07:36:50.945-07:00  INFO 5484 --- [notification-service] [org.springframework.kafka.KafkaListenerEndpointContainer#0-0-C-1] org.apache.kafka.clients.NetworkClient   : [Consumer clientId=consumer-notification-group-5, groupId=notification-group] Node -1 disconnected.
2026-07-28T07:36:50.945-07:00  WARN 5484 --- [notification-service] [org.springframework.kafka.KafkaListenerEndpointContainer#0-0-C-1] org.apache.kafka.clients.NetworkClient   : [Consumer clientId=consumer-notification-group-5, groupId=notification-group] Connection to node -1 (localhost/127.0.0.1:9092) could not be established. Node may not be available.
2026-07-28T07:36:50.946-07:00  WARN 5484 --- [notification-service] [org.springframework.kafka.KafkaListenerEndpointContainer#0-0-C-1] org.apache.kafka.clients.NetworkClient   : [Consumer clientId=consumer-notification-group-5, groupId=notification-group] Bootstrap broker localhost:9092 (id: -1 rack: null) disconnected
2026-07-28T07:36:50.960-07:00  INFO 5484 --- [notification-service] [org.springframework.kafka.KafkaListenerEndpointContainer#4-0-C-1] org.apache.kafka.clients.NetworkClient   : [Consumer clientId=consumer-notification-group-3, groupId=notification-group] Node -1 disconnected.
2026-07-28T07:36:50.960-07:00  WARN 5484 --- [notification-service] [org.springframework.kafka.KafkaListenerEndpointContainer#4-0-C-1] org.apache.kafka.clients.NetworkClient   : [Consumer clientId=consumer-notification-group-3, groupId=notification-group] Connection to node -1 (localhost/127.0.0.1:9092) could not be established. Node may not be available.
2026-07-28T07:36:50.960-07:00  WARN 5484 --- [notification-service] [org.springframework.kafka.KafkaListenerEndpointContainer#4-0-C-1] org.apache.kafka.clients.NetworkClient   : [Consumer clientId=consumer-notification-group-3, groupId=notification-group] Bootstrap broker localhost:9092 (id: -1 rack: null) disconnected
2026-07-28T07:36:51.466-07:00  INFO 5484 --- [notification-service] [org.springframework.kafka.KafkaListenerEndpointContainer#2-0-C-1] org.apache.kafka.clients.NetworkClient   : [Consumer clientId=consumer-notification-group-1, groupId=notification-group] Node -1 disconnected.
2026-07-28T07:36:51.467-07:00  WARN 5484 --- [notification-service] [org.springframework.kafka.KafkaListenerEndpointContainer#2-0-C-1] org.apache.kafka.clients.NetworkClient   : [Consumer clientId=consumer-notification-group-1, groupId=notification-group] Connection to node -1 (localhost/127.0.0.1:9092) could not be established. Node may not be available.
2026-07-28T07:36:51.467-07:00  WARN 5484 --- [notification-service] [org.springframework.kafka.KafkaListenerEndpointContainer#2-0-C-1] org.apache.kafka.clients.NetworkClient   : [Consumer clientId=consumer-notification-group-1, groupId=notification-group] Bootstrap broker localhost:9092 (id: -1 rack: null) disconnected
2026-07-28T07:36:51.616-07:00  INFO 5484 --- [notification-service] [org.springframework.kafka.KafkaListenerEndpointContainer#5-0-C-1] org.apache.kafka.clients.NetworkClient   : [Consumer clientId=consumer-notification-group-4, groupId=notification-group] Node -1 disconnected.
2026-07-28T07:36:51.616-07:00  WARN 5484 --- [notification-service] [org.springframework.kafka.KafkaListenerEndpointContainer#5-0-C-1] org.apache.kafka.clients.NetworkClient   : [Consumer clientId=consumer-notification-group-4, groupId=notification-group] Connection to node -1 (localhost/127.0.0.1:9092) could not be established. Node may not be available.
2026-07-28T07:36:51.616-07:00  WARN 5484 --- [notification-service] [org.springframework.kafka.KafkaListenerEndpointContainer#5-0-C-1] org.apache.kafka.clients.NetworkClient   : [Consumer clientId=consumer-notification-group-4, groupId=notification-group] Bootstrap broker localhost:9092 (id: -1 rack: null) disconnected
2026-07-28T07:36:51.631-07:00  INFO 5484 --- [notification-service] [org.springframework.kafka.KafkaListenerEndpointContainer#1-0-C-1] org.apache.kafka.clients.NetworkClient   : [Consumer clientId=consumer-notification-group-6, groupId=notification-group] Node -1 disconnected.
2026-07-28T07:36:51.631-07:00  WARN 5484 --- [notification-service] [org.springframework.kafka.KafkaListenerEndpointContainer#1-0-C-1] org.apache.kafka.clients.NetworkClient   : [Consumer clientId=consumer-notification-group-6, groupId=notification-group] Connection to node -1 (localhost/127.0.0.1:9092) could not be established. Node may not be available.
2026-07-28T07:36:51.631-07:00  WARN 5484 --- [notification-service] [org.springframework.kafka.KafkaListenerEndpointContainer#1-0-C-1] org.apache.kafka.clients.NetworkClient   : [Consumer clientId=consumer-notification-group-6, groupId=notification-group] Bootstrap broker localhost:9092 (id: -1 rack: null) disconnected
2026-07-28T07:36:51.726-07:00  INFO 5484 --- [notification-service] [org.springframework.kafka.KafkaListenerEndpointContainer#3-0-C-1] org.apache.kafka.clients.NetworkClient   : [Consumer clientId=consumer-notification-group-2, groupId=notification-group] Node -1 disconnected.
2026-07-28T07:36:51.726-07:00  WARN 5484 --- [notification-service] [org.springframework.kafka.KafkaListenerEndpointContainer#3-0-C-1] org.apache.kafka.clients.NetworkClient   : [Consumer clientId=consumer-notification-group-2, groupId=notification-group] Connection to node -1 (localhost/127.0.0.1:9092) could not be established. Node may not be available.
2026-07-28T07:36:51.726-07:00  WARN 5484 --- [notification-service] [org.springframework.kafka.KafkaListenerEndpointContainer#3-0-C-1] org.apache.kafka.clients.NetworkClient   : [Consumer clientId=consumer-notification-group-2, groupId=notification-group] Bootstrap broker localhost:9092 (id: -1 rack: null) disconnected
2026-07-28T07:36:51.959-07:00  INFO 5484 --- [notification-service] [org.springframework.kafka.KafkaListenerEndpointContainer#0-0-C-1] org.apache.kafka.clients.NetworkClient   : [Consumer clientId=consumer-notification-group-5, groupId=notification-group] Node -1 disconnected.
2026-07-28T07:36:51.959-07:00  WARN 5484 --- [notification-service] [org.springframework.kafka.KafkaListenerEndpointContainer#0-0-C-1] org.apache.kafka.clients.NetworkClient   : [Consumer clientId=consumer-notification-group-5, groupId=notification-group] Connection to node -1 (localhost/127.0.0.1:9092) could not be established. Node may not be available.
2026-07-28T07:36:51.959-07:00  WARN 5484 --- [notification-service] [org.springframework.kafka.KafkaListenerEndpointContainer#0-0-C-1] org.apache.kafka.clients.NetworkClient   : [Consumer clientId=consumer-notification-group-5, groupId=notification-group] Bootstrap broker localhost:9092 (id: -1 rack: null) disconnected
2026-07-28T07:36:51.974-07:00  INFO 5484 --- [notification-service] [org.springframework.kafka.KafkaListenerEndpointContainer#4-0-C-1] org.apache.kafka.clients.NetworkClient   : [Consumer clientId=consumer-notification-group-3, groupId=notification-group] Node -1 disconnected.
2026-07-28T07:36:51.975-07:00  WARN 5484 --- [notification-service] [org.springframework.kafka.KafkaListenerEndpointContainer#4-0-C-1] org.apache.kafka.clients.NetworkClient   : [Consumer clientId=consumer-notification-group-3, groupId=notification-group] Connection to node -1 (localhost/127.0.0.1:9092) could not be established. Node may not be available.
2026-07-28T07:36:51.975-07:00  WARN 5484 --- [notification-service] [org.springframework.kafka.KafkaListenerEndpointContainer#4-0-C-1] org.apache.kafka.clients.NetworkClient   : [Consumer clientId=consumer-notification-group-3, groupId=notification-group] Bootstrap broker localhost:9092 (id: -1 rack: null) disconnected
2026-07-28T07:36:52.449-07:00  INFO 5484 --- [notification-service] [org.springframework.kafka.KafkaListenerEndpointContainer#2-0-C-1] org.apache.kafka.clients.NetworkClient   : [Consumer clientId=consumer-notification-group-1, groupId=notification-group] Node -1 disconnected.
2026-07-28T07:36:52.450-07:00  WARN 5484 --- [notification-service] [org.springframework.kafka.KafkaListenerEndpointContainer#2-0-C-1] org.apache.kafka.clients.NetworkClient   : [Consumer clientId=consumer-notification-group-1, groupId=notification-group] Connection to node -1 (localhost/127.0.0.1:9092) could not be established. Node may not be available.
2026-07-28T07:36:52.450-07:00  WARN 5484 --- [notification-service] [org.springframework.kafka.KafkaListenerEndpointContainer#2-0-C-1] org.apache.kafka.clients.NetworkClient   : [Consumer clientId=consumer-notification-group-1, groupId=notification-group] Bootstrap broker localhost:9092 (id: -1 rack: null) disconnected
2026-07-28T07:36:52.496-07:00  INFO 5484 --- [notification-service] [org.springframework.kafka.KafkaListenerEndpointContainer#5-0-C-1] org.apache.kafka.clients.NetworkClient   : [Consumer clientId=consumer-notification-group-4, groupId=notification-group] Node -1 disconnected.
2026-07-28T07:36:52.497-07:00  WARN 5484 --- [notification-service] [org.springframework.kafka.KafkaListenerEndpointContainer#5-0-C-1] org.apache.kafka.clients.NetworkClient   : [Consumer clientId=consumer-notification-group-4, groupId=notification-group] Connection to node -1 (localhost/127.0.0.1:9092) could not be established. Node may not be available.
2026-07-28T07:36:52.497-07:00  WARN 5484 --- [notification-service] [org.springframework.kafka.KafkaListenerEndpointContainer#5-0-C-1] org.apache.kafka.clients.NetworkClient   : [Consumer clientId=consumer-notification-group-4, groupId=notification-group] Bootstrap broker localhost:9092 (id: -1 rack: null) disconnected
2026-07-28T07:36:52.544-07:00  INFO 5484 --- [notification-service] [org.springframework.kafka.KafkaListenerEndpointContainer#3-0-C-1] org.apache.kafka.clients.NetworkClient   : [Consumer clientId=consumer-notification-group-2, groupId=notification-group] Node -1 disconnected.
2026-07-28T07:36:52.545-07:00  WARN 5484 --- [notification-service] [org.springframework.kafka.KafkaListenerEndpointContainer#3-0-C-1] org.apache.kafka.clients.NetworkClient   : [Consumer clientId=consumer-notification-group-2, groupId=notification-group] Connection to node -1 (localhost/127.0.0.1:9092) could not be established. Node may not be available.
2026-07-28T07:36:52.545-07:00  WARN 5484 --- [notification-service] [org.springframework.kafka.KafkaListenerEndpointContainer#3-0-C-1] org.apache.kafka.clients.NetworkClient   : [Consumer clientId=consumer-notification-group-2, groupId=notification-group] Bootstrap broker localhost:9092 (id: -1 rack: null) disconnected
2026-07-28T07:36:52.638-07:00  INFO 5484 --- [notification-service] [org.springframework.kafka.KafkaListenerEndpointContainer#1-0-C-1] org.apache.kafka.clients.NetworkClient   : [Consumer clientId=consumer-notification-group-6, groupId=notification-group] Node -1 disconnected.
2026-07-28T07:36:52.638-07:00  WARN 5484 --- [notification-service] [org.springframework.kafka.KafkaListenerEndpointContainer#1-0-C-1] org.apache.kafka.clients.NetworkClient   : [Consumer clientId=consumer-notification-group-6, groupId=notification-group] Connection to node -1 (localhost/127.0.0.1:9092) could not be established. Node may not be available.
2026-07-28T07:36:52.638-07:00  WARN 5484 --- [notification-service] [org.springframework.kafka.KafkaListenerEndpointContainer#1-0-C-1] org.apache.kafka.clients.NetworkClient   : [Consumer clientId=consumer-notification-group-6, groupId=notification-group] Bootstrap broker localhost:9092 (id: -1 rack: null) disconnected
2026-07-28T07:36:52.916-07:00  INFO 5484 --- [notification-service] [org.springframework.kafka.KafkaListenerEndpointContainer#0-0-C-1] org.apache.kafka.clients.NetworkClient   : [Consumer clientId=consumer-notification-group-5, groupId=notification-group] Node -1 disconnected.
2026-07-28T07:36:52.916-07:00  INFO 5484 --- [notification-service] [org.springframework.kafka.KafkaListenerEndpointContainer#4-0-C-1] org.apache.kafka.clients.NetworkClient   : [Consumer clientId=consumer-notification-group-3, groupId=notification-group] Node -1 disconnected.
2026-07-28T07:36:52.917-07:00  WARN 5484 --- [notification-service] [org.springframework.kafka.KafkaListenerEndpointContainer#4-0-C-1] org.apache.kafka.clients.NetworkClient   : [Consumer clientId=consumer-notification-group-3, groupId=notification-group] Connection to node -1 (localhost/127.0.0.1:9092) could not be established. Node may not be available.
2026-07-28T07:36:52.917-07:00  WARN 5484 --- [notification-service] [org.springframework.kafka.KafkaListenerEndpointContainer#4-0-C-1] org.apache.kafka.clients.NetworkClient   : [Consumer clientId=consumer-notification-group-3, groupId=notification-group] Bootstrap broker localhost:9092 (id: -1 rack: null) disconnected
2026-07-28T07:36:52.917-07:00  WARN 5484 --- [notification-service] [org.springframework.kafka.KafkaListenerEndpointContainer#0-0-C-1] org.apache.kafka.clients.NetworkClient   : [Consumer clientId=consumer-notification-group-5, groupId=notification-group] Connection to node -1 (localhost/127.0.0.1:9092) could not be established. Node may not be available.
2026-07-28T07:36:52.917-07:00  WARN 5484 --- [notification-service] [org.springframework.kafka.KafkaListenerEndpointContainer#0-0-C-1] org.apache.kafka.clients.NetworkClient   : [Consumer clientId=consumer-notification-group-5, groupId=notification-group] Bootstrap broker localhost:9092 (id: -1 rack: null) disconnected
2026-07-28T07:36:53.388-07:00  INFO 5484 --- [notification-service] [org.springframework.kafka.KafkaListenerEndpointContainer#2-0-C-1] org.apache.kafka.clients.NetworkClient   : [Consumer clientId=consumer-notification-group-1, groupId=notification-group] Node -1 disconnected.
2026-07-28T07:36:53.388-07:00  WARN 5484 --- [notification-service] [org.springframework.kafka.KafkaListenerEndpointContainer#2-0-C-1] org.apache.kafka.clients.NetworkClient   : [Consumer clientId=consumer-notification-group-1, groupId=notification-group] Connection to node -1 (localhost/127.0.0.1:9092) could not be established. Node may not be available.
2026-07-28T07:36:53.389-07:00  WARN 5484 --- [notification-service] [org.springframework.kafka.KafkaListenerEndpointContainer#2-0-C-1] org.apache.kafka.clients.NetworkClient   : [Consumer clientId=consumer-notification-group-1, groupId=notification-group] Bootstrap broker localhost:9092 (id: -1 rack: null) disconnected
2026-07-28T07:36:53.419-07:00  INFO 5484 --- [notification-service] [org.springframework.kafka.KafkaListenerEndpointContainer#3-0-C-1] org.apache.kafka.clients.NetworkClient   : [Consumer clientId=consumer-notification-group-2, groupId=notification-group] Node -1 disconnected.
2026-07-28T07:36:53.420-07:00  WARN 5484 --- [notification-service] [org.springframework.kafka.KafkaListenerEndpointContainer#3-0-C-1] org.apache.kafka.clients.NetworkClient   : [Consumer clientId=consumer-notification-group-2, groupId=notification-group] Connection to node -1 (localhost/127.0.0.1:9092) could not be established. Node may not be available.
2026-07-28T07:36:53.420-07:00  WARN 5484 --- [notification-service] [org.springframework.kafka.KafkaListenerEndpointContainer#3-0-C-1] org.apache.kafka.clients.NetworkClient   : [Consumer clientId=consumer-notification-group-2, groupId=notification-group] Bootstrap broker localhost:9092 (id: -1 rack: null) disconnected
2026-07-28T07:36:53.497-07:00  INFO 5484 --- [notification-service] [org.springframework.kafka.KafkaListenerEndpointContainer#5-0-C-1] org.apache.kafka.clients.NetworkClient   : [Consumer clientId=consumer-notification-group-4, groupId=notification-group] Node -1 disconnected.
2026-07-28T07:36:53.497-07:00  WARN 5484 --- [notification-service] [org.springframework.kafka.KafkaListenerEndpointContainer#5-0-C-1] org.apache.kafka.clients.NetworkClient   : [Consumer clientId=consumer-notification-group-4, groupId=notification-group] Connection to node -1 (localhost/127.0.0.1:9092) could not be established. Node may not be available.
2026-07-28T07:36:53.497-07:00  WARN 5484 --- [notification-service] [org.springframework.kafka.KafkaListenerEndpointContainer#5-0-C-1] org.apache.kafka.clients.NetworkClient   : [Consumer clientId=consumer-notification-group-4, groupId=notification-group] Bootstrap broker localhost:9092 (id: -1 rack: null) disconnected
2026-07-28T07:36:53.638-07:00  INFO 5484 --- [notification-service] [org.springframework.kafka.KafkaListenerEndpointContainer#1-0-C-1] org.apache.kafka.clients.NetworkClient   : [Consumer clientId=consumer-notification-group-6, groupId=notification-group] Node -1 disconnected.
2026-07-28T07:36:53.638-07:00  WARN 5484 --- [notification-service] [org.springframework.kafka.KafkaListenerEndpointContainer#1-0-C-1] org.apache.kafka.clients.NetworkClient   : [Consumer clientId=consumer-notification-group-6, groupId=notification-group] Connection to node -1 (localhost/127.0.0.1:9092) could not be established. Node may not be available.
2026-07-28T07:36:53.638-07:00  WARN 5484 --- [notification-service] [org.springframework.kafka.KafkaListenerEndpointContainer#1-0-C-1] org.apache.kafka.clients.NetworkClient   : [Consumer clientId=consumer-notification-group-6, groupId=notification-group] Bootstrap broker localhost:9092 (id: -1 rack: null) disconnected
2026-07-28T07:36:53.919-07:00  INFO 5484 --- [notification-service] [org.springframework.kafka.KafkaListenerEndpointContainer#0-0-C-1] org.apache.kafka.clients.NetworkClient   : [Consumer clientId=consumer-notification-group-5, groupId=notification-group] Node -1 disconnected.
2026-07-28T07:36:53.919-07:00  WARN 5484 --- [notification-service] [org.springframework.kafka.KafkaListenerEndpointContainer#0-0-C-1] org.apache.kafka.clients.NetworkClient   : [Consumer clientId=consumer-notification-group-5, groupId=notification-group] Connection to node -1 (localhost/127.0.0.1:9092) could not be established. Node may not be available.
2026-07-28T07:36:53.920-07:00  WARN 5484 --- [notification-service] [org.springframework.kafka.KafkaListenerEndpointContainer#0-0-C-1] org.apache.kafka.clients.NetworkClient   : [Consumer clientId=consumer-notification-group-5, groupId=notification-group] Bootstrap broker localhost:9092 (id: -1 rack: null) disconnected
2026-07-28T07:36:53.920-07:00  INFO 5484 --- [notification-service] [org.springframework.kafka.KafkaListenerEndpointContainer#4-0-C-1] org.apache.kafka.clients.NetworkClient   : [Consumer clientId=consumer-notification-group-3, groupId=notification-group] Node -1 disconnected.
2026-07-28T07:36:53.920-07:00  WARN 5484 --- [notification-service] [org.springframework.kafka.KafkaListenerEndpointContainer#4-0-C-1] org.apache.kafka.clients.NetworkClient   : [Consumer clientId=consumer-notification-group-3, groupId=notification-group] Connection to node -1 (localhost/127.0.0.1:9092) could not be established. Node may not be available.
2026-07-28T07:36:53.920-07:00  WARN 5484 --- [notification-service] [org.springframework.kafka.KafkaListenerEndpointContainer#4-0-C-1] org.apache.kafka.clients.NetworkClient   : [Consumer clientId=consumer-notification-group-3, groupId=notification-group] Bootstrap broker localhost:9092 (id: -1 rack: null) disconnected
2026-07-28T07:36:54.428-07:00  INFO 5484 --- [notification-service] [org.springframework.kafka.KafkaListenerEndpointContainer#3-0-C-1] org.apache.kafka.clients.NetworkClient   : [Consumer clientId=consumer-notification-group-2, groupId=notification-group] Node -1 disconnected.
2026-07-28T07:36:54.428-07:00  WARN 5484 --- [notification-service] [org.springframework.kafka.KafkaListenerEndpointContainer#3-0-C-1] org.apache.kafka.clients.NetworkClient   : [Consumer clientId=consumer-notification-group-2, groupId=notification-group] Connection to node -1 (localhost/127.0.0.1:9092) could not be established. Node may not be available.
2026-07-28T07:36:54.428-07:00  WARN 5484 --- [notification-service] [org.springframework.kafka.KafkaListenerEndpointContainer#3-0-C-1] org.apache.kafka.clients.NetworkClient   : [Consumer clientId=consumer-notification-group-2, groupId=notification-group] Bootstrap broker localhost:9092 (id: -1 rack: null) disconnected
2026-07-28T07:36:54.443-07:00  INFO 5484 --- [notification-service] [org.springframework.kafka.KafkaListenerEndpointContainer#2-0-C-1] org.apache.kafka.clients.NetworkClient   : [Consumer clientId=consumer-notification-group-1, groupId=notification-group] Node -1 disconnected.
2026-07-28T07:36:54.444-07:00  WARN 5484 --- [notification-service] [org.springframework.kafka.KafkaListenerEndpointContainer#2-0-C-1] org.apache.kafka.clients.NetworkClient   : [Consumer clientId=consumer-notification-group-1, groupId=notification-group] Connection to node -1 (localhost/127.0.0.1:9092) could not be established. Node may not be available.
2026-07-28T07:36:54.444-07:00  WARN 5484 --- [notification-service] [org.springframework.kafka.KafkaListenerEndpointContainer#2-0-C-1] org.apache.kafka.clients.NetworkClient   : [Consumer clientId=consumer-notification-group-1, groupId=notification-group] Bootstrap broker localhost:9092 (id: -1 rack: null) disconnected
2026-07-28T07:36:54.505-07:00  INFO 5484 --- [notification-service] [org.springframework.kafka.KafkaListenerEndpointContainer#5-0-C-1] org.apache.kafka.clients.NetworkClient   : [Consumer clientId=consumer-notification-group-4, groupId=notification-group] Node -1 disconnected.
2026-07-28T07:36:54.506-07:00  WARN 5484 --- [notification-service] [org.springframework.kafka.KafkaListenerEndpointContainer#5-0-C-1] org.apache.kafka.clients.NetworkClient   : [Consumer clientId=consumer-notification-group-4, groupId=notification-group] Connection to node -1 (localhost/127.0.0.1:9092) could not be established. Node may not be available.
2026-07-28T07:36:54.506-07:00  WARN 5484 --- [notification-service] [org.springframework.kafka.KafkaListenerEndpointContainer#5-0-C-1] org.apache.kafka.clients.NetworkClient   : [Consumer clientId=consumer-notification-group-4, groupId=notification-group] Bootstrap broker localhost:9092 (id: -1 rack: null) disconnected
2026-07-28T07:36:54.521-07:00  INFO 5484 --- [notification-service] [org.springframework.kafka.KafkaListenerEndpointContainer#1-0-C-1] org.apache.kafka.clients.NetworkClient   : [Consumer clientId=consumer-notification-group-6, groupId=notification-group] Node -1 disconnected.
2026-07-28T07:36:54.521-07:00  WARN 5484 --- [notification-service] [org.springframework.kafka.KafkaListenerEndpointContainer#1-0-C-1] org.apache.kafka.clients.NetworkClient   : [Consumer clientId=consumer-notification-group-6, groupId=notification-group] Connection to node -1 (localhost/127.0.0.1:9092) could not be established. Node may not be available.
2026-07-28T07:36:54.521-07:00  WARN 5484 --- [notification-service] [org.springframework.kafka.KafkaListenerEndpointContainer#1-0-C-1] org.apache.kafka.clients.NetworkClient   : [Consumer clientId=consumer-notification-group-6, groupId=notification-group] Bootstrap broker localhost:9092 (id: -1 rack: null) disconnected
2026-07-28T07:36:54.804-07:00  INFO 5484 --- [notification-service] [org.springframework.kafka.KafkaListenerEndpointContainer#0-0-C-1] org.apache.kafka.clients.NetworkClient   : [Consumer clientId=consumer-notification-group-5, groupId=notification-group] Node -1 disconnected.
2026-07-28T07:36:54.804-07:00  WARN 5484 --- [notification-service] [org.springframework.kafka.KafkaListenerEndpointContainer#0-0-C-1] org.apache.kafka.clients.NetworkClient   : [Consumer clientId=consumer-notification-group-5, groupId=notification-group] Connection to node -1 (localhost/127.0.0.1:9092) could not be established. Node may not be available.
2026-07-28T07:36:54.804-07:00  WARN 5484 --- [notification-service] [org.springframework.kafka.KafkaListenerEndpointContainer#0-0-C-1] org.apache.kafka.clients.NetworkClient   : [Consumer clientId=consumer-notification-group-5, groupId=notification-group] Bootstrap broker localhost:9092 (id: -1 rack: null) disconnected
2026-07-28T07:36:54.867-07:00  INFO 5484 --- [notification-service] [org.springframework.kafka.KafkaListenerEndpointContainer#4-0-C-1] org.apache.kafka.clients.NetworkClient   : [Consumer clientId=consumer-notification-group-3, groupId=notification-group] Node -1 disconnected.
2026-07-28T07:36:54.867-07:00  WARN 5484 --- [notification-service] [org.springframework.kafka.KafkaListenerEndpointContainer#4-0-C-1] org.apache.kafka.clients.NetworkClient   : [Consumer clientId=consumer-notification-group-3, groupId=notification-group] Connection to node -1 (localhost/127.0.0.1:9092) could not be established. Node may not be available.
2026-07-28T07:36:54.868-07:00  WARN 5484 --- [notification-service] [org.springframework.kafka.KafkaListenerEndpointContainer#4-0-C-1] org.apache.kafka.clients.NetworkClient   : [Consumer clientId=consumer-notification-group-3, groupId=notification-group] Bootstrap broker localhost:9092 (id: -1 rack: null) disconnected
2026-07-28T07:36:55.394-07:00  INFO 5484 --- [notification-service] [org.springframework.kafka.KafkaListenerEndpointContainer#1-0-C-1] org.apache.kafka.clients.NetworkClient   : [Consumer clientId=consumer-notification-group-6, groupId=notification-group] Node -1 disconnected.
2026-07-28T07:36:55.395-07:00  WARN 5484 --- [notification-service] [org.springframework.kafka.KafkaListenerEndpointContainer#1-0-C-1] org.apache.kafka.clients.NetworkClient   : [Consumer clientId=consumer-notification-group-6, groupId=notification-group] Connection to node -1 (localhost/127.0.0.1:9092) could not be established. Node may not be available.
2026-07-28T07:36:55.395-07:00  WARN 5484 --- [notification-service] [org.springframework.kafka.KafkaListenerEndpointContainer#1-0-C-1] org.apache.kafka.clients.NetworkClient   : [Consumer clientId=consumer-notification-group-6, groupId=notification-group] Bootstrap broker localhost:9092 (id: -1 rack: null) disconnected
2026-07-28T07:36:55.440-07:00  INFO 5484 --- [notification-service] [org.springframework.kafka.KafkaListenerEndpointContainer#3-0-C-1] org.apache.kafka.clients.NetworkClient   : [Consumer clientId=consumer-notification-group-2, groupId=notification-group] Node -1 disconnected.
2026-07-28T07:36:55.441-07:00  WARN 5484 --- [notification-service] [org.springframework.kafka.KafkaListenerEndpointContainer#3-0-C-1] org.apache.kafka.clients.NetworkClient   : [Consumer clientId=consumer-notification-group-2, groupId=notification-group] Connection to node -1 (localhost/127.0.0.1:9092) could not be established. Node may not be available.
2026-07-28T07:36:55.441-07:00  WARN 5484 --- [notification-service] [org.springframework.kafka.KafkaListenerEndpointContainer#3-0-C-1] org.apache.kafka.clients.NetworkClient   : [Consumer clientId=consumer-notification-group-2, groupId=notification-group] Bootstrap broker localhost:9092 (id: -1 rack: null) disconnected
2026-07-28T07:36:55.457-07:00  INFO 5484 --- [notification-service] [org.springframework.kafka.KafkaListenerEndpointContainer#2-0-C-1] org.apache.kafka.clients.NetworkClient   : [Consumer clientId=consumer-notification-group-1, groupId=notification-group] Node -1 disconnected.
2026-07-28T07:36:55.457-07:00  WARN 5484 --- [notification-service] [org.springframework.kafka.KafkaListenerEndpointContainer#2-0-C-1] org.apache.kafka.clients.NetworkClient   : [Consumer clientId=consumer-notification-group-1, groupId=notification-group] Connection to node -1 (localhost/127.0.0.1:9092) could not be established. Node may not be available.
2026-07-28T07:36:55.457-07:00  WARN 5484 --- [notification-service] [org.springframework.kafka.KafkaListenerEndpointContainer#2-0-C-1] org.apache.kafka.clients.NetworkClient   : [Consumer clientId=consumer-notification-group-1, groupId=notification-group] Bootstrap broker localhost:9092 (id: -1 rack: null) disconnected
2026-07-28T07:36:55.566-07:00  INFO 5484 --- [notification-service] [org.springframework.kafka.KafkaListenerEndpointContainer#5-0-C-1] org.apache.kafka.clients.NetworkClient   : [Consumer clientId=consumer-notification-group-4, groupId=notification-group] Node -1 disconnected.
2026-07-28T07:36:55.566-07:00  WARN 5484 --- [notification-service] [org.springframework.kafka.KafkaListenerEndpointContainer#5-0-C-1] org.apache.kafka.clients.NetworkClient   : [Consumer clientId=consumer-notification-group-4, groupId=notification-group] Connection to node -1 (localhost/127.0.0.1:9092) could not be established. Node may not be available.
2026-07-28T07:36:55.566-07:00  WARN 5484 --- [notification-service] [org.springframework.kafka.KafkaListenerEndpointContainer#5-0-C-1] org.apache.kafka.clients.NetworkClient   : [Consumer clientId=consumer-notification-group-4, groupId=notification-group] Bootstrap broker localhost:9092 (id: -1 rack: null) disconnected
2026-07-28T07:36:55.862-07:00  INFO 5484 --- [notification-service] [org.springframework.kafka.KafkaListenerEndpointContainer#0-0-C-1] org.apache.kafka.clients.NetworkClient   : [Consumer clientId=consumer-notification-group-5, groupId=notification-group] Node -1 disconnected.
2026-07-28T07:36:55.862-07:00  WARN 5484 --- [notification-service] [org.springframework.kafka.KafkaListenerEndpointContainer#0-0-C-1] org.apache.kafka.clients.NetworkClient   : [Consumer clientId=consumer-notification-group-5, groupId=notification-group] Connection to node -1 (localhost/127.0.0.1:9092) could not be established. Node may not be available.
2026-07-28T07:36:55.862-07:00  WARN 5484 --- [notification-service] [org.springframework.kafka.KafkaListenerEndpointContainer#0-0-C-1] org.apache.kafka.clients.NetworkClient   : [Consumer clientId=consumer-notification-group-5, groupId=notification-group] Bootstrap broker localhost:9092 (id: -1 rack: null) disconnected
2026-07-28T07:36:55.878-07:00  INFO 5484 --- [notification-service] [org.springframework.kafka.KafkaListenerEndpointContainer#4-0-C-1] org.apache.kafka.clients.NetworkClient   : [Consumer clientId=consumer-notification-group-3, groupId=notification-group] Node -1 disconnected.
2026-07-28T07:36:55.878-07:00  WARN 5484 --- [notification-service] [org.springframework.kafka.KafkaListenerEndpointContainer#4-0-C-1] org.apache.kafka.clients.NetworkClient   : [Consumer clientId=consumer-notification-group-3, groupId=notification-group] Connection to node -1 (localhost/127.0.0.1:9092) could not be established. Node may not be available.
2026-07-28T07:36:55.878-07:00  WARN 5484 --- [notification-service] [org.springframework.kafka.KafkaListenerEndpointContainer#4-0-C-1] org.apache.kafka.clients.NetworkClient   : [Consumer clientId=consumer-notification-group-3, groupId=notification-group] Bootstrap broker localhost:9092 (id: -1 rack: null) disconnected
2026-07-28T07:36:56.409-07:00  INFO 5484 --- [notification-service] [org.springframework.kafka.KafkaListenerEndpointContainer#1-0-C-1] org.apache.kafka.clients.NetworkClient   : [Consumer clientId=consumer-notification-group-6, groupId=notification-group] Node -1 disconnected.
2026-07-28T07:36:56.409-07:00  WARN 5484 --- [notification-service] [org.springframework.kafka.KafkaListenerEndpointContainer#1-0-C-1] org.apache.kafka.clients.NetworkClient   : [Consumer clientId=consumer-notification-group-6, groupId=notification-group] Connection to node -1 (localhost/127.0.0.1:9092) could not be established. Node may not be available.
2026-07-28T07:36:56.409-07:00  WARN 5484 --- [notification-service] [org.springframework.kafka.KafkaListenerEndpointContainer#1-0-C-1] org.apache.kafka.clients.NetworkClient   : [Consumer clientId=consumer-notification-group-6, groupId=notification-group] Bootstrap broker localhost:9092 (id: -1 rack: null) disconnected
2026-07-28T07:36:56.482-07:00  INFO 5484 --- [notification-service] [org.springframework.kafka.KafkaListenerEndpointContainer#2-0-C-1] org.apache.kafka.clients.NetworkClient   : [Consumer clientId=consumer-notification-group-1, groupId=notification-group] Node -1 disconnected.
2026-07-28T07:36:56.482-07:00  WARN 5484 --- [notification-service] [org.springframework.kafka.KafkaListenerEndpointContainer#2-0-C-1] org.apache.kafka.clients.NetworkClient   : [Consumer clientId=consumer-notification-group-1, groupId=notification-group] Connection to node -1 (localhost/127.0.0.1:9092) could not be established. Node may not be available.
2026-07-28T07:36:56.482-07:00  WARN 5484 --- [notification-service] [org.springframework.kafka.KafkaListenerEndpointContainer#2-0-C-1] org.apache.kafka.clients.NetworkClient   : [Consumer clientId=consumer-notification-group-1, groupId=notification-group] Bootstrap broker localhost:9092 (id: -1 rack: null) disconnected
2026-07-28T07:36:56.498-07:00  INFO 5484 --- [notification-service] [org.springframework.kafka.KafkaListenerEndpointContainer#3-0-C-1] org.apache.kafka.clients.NetworkClient   : [Consumer clientId=consumer-notification-group-2, groupId=notification-group] Node -1 disconnected.
2026-07-28T07:36:56.499-07:00  WARN 5484 --- [notification-service] [org.springframework.kafka.KafkaListenerEndpointContainer#3-0-C-1] org.apache.kafka.clients.NetworkClient   : [Consumer clientId=consumer-notification-group-2, groupId=notification-group] Connection to node -1 (localhost/127.0.0.1:9092) could not be established. Node may not be available.
2026-07-28T07:36:56.499-07:00  WARN 5484 --- [notification-service] [org.springframework.kafka.KafkaListenerEndpointContainer#3-0-C-1] org.apache.kafka.clients.NetworkClient   : [Consumer clientId=consumer-notification-group-2, groupId=notification-group] Bootstrap broker localhost:9092 (id: -1 rack: null) disconnected
2026-07-28T07:36:56.566-07:00  INFO 5484 --- [notification-service] [org.springframework.kafka.KafkaListenerEndpointContainer#5-0-C-1] org.apache.kafka.clients.NetworkClient   : [Consumer clientId=consumer-notification-group-4, groupId=notification-group] Node -1 disconnected.
2026-07-28T07:36:56.566-07:00  WARN 5484 --- [notification-service] [org.springframework.kafka.KafkaListenerEndpointContainer#5-0-C-1] org.apache.kafka.clients.NetworkClient   : [Consumer clientId=consumer-notification-group-4, groupId=notification-group] Connection to node -1 (localhost/127.0.0.1:9092) could not be established. Node may not be available.
2026-07-28T07:36:56.566-07:00  WARN 5484 --- [notification-service] [org.springframework.kafka.KafkaListenerEndpointContainer#5-0-C-1] org.apache.kafka.clients.NetworkClient   : [Consumer clientId=consumer-notification-group-4, groupId=notification-group] Bootstrap broker localhost:9092 (id: -1 rack: null) disconnected
2026-07-28T07:36:56.720-07:00  INFO 5484 --- [notification-service] [org.springframework.kafka.KafkaListenerEndpointContainer#4-0-C-1] org.apache.kafka.clients.NetworkClient   : [Consumer clientId=consumer-notification-group-3, groupId=notification-group] Node -1 disconnected.
2026-07-28T07:36:56.720-07:00  WARN 5484 --- [notification-service] [org.springframework.kafka.KafkaListenerEndpointContainer#4-0-C-1] org.apache.kafka.clients.NetworkClient   : [Consumer clientId=consumer-notification-group-3, groupId=notification-group] Connection to node -1 (localhost/127.0.0.1:9092) could not be established. Node may not be available.
2026-07-28T07:36:56.720-07:00  WARN 5484 --- [notification-service] [org.springframework.kafka.KafkaListenerEndpointContainer#4-0-C-1] org.apache.kafka.clients.NetworkClient   : [Consumer clientId=consumer-notification-group-3, groupId=notification-group] Bootstrap broker localhost:9092 (id: -1 rack: null) disconnected
2026-07-28T07:36:56.735-07:00  INFO 5484 --- [notification-service] [org.springframework.kafka.KafkaListenerEndpointContainer#0-0-C-1] org.apache.kafka.clients.NetworkClient   : [Consumer clientId=consumer-notification-group-5, groupId=notification-group] Node -1 disconnected.
2026-07-28T07:36:56.736-07:00  WARN 5484 --- [notification-service] [org.springframework.kafka.KafkaListenerEndpointContainer#0-0-C-1] org.apache.kafka.clients.NetworkClient   : [Consumer clientId=consumer-notification-group-5, groupId=notification-group] Connection to node -1 (localhost/127.0.0.1:9092) could not be established. Node may not be available.
2026-07-28T07:36:56.736-07:00  WARN 5484 --- [notification-service] [org.springframework.kafka.KafkaListenerEndpointContainer#0-0-C-1] org.apache.kafka.clients.NetworkClient   : [Consumer clientId=consumer-notification-group-5, groupId=notification-group] Bootstrap broker localhost:9092 (id: -1 rack: null) disconnected
2026-07-28T07:36:57.423-07:00  INFO 5484 --- [notification-service] [org.springframework.kafka.KafkaListenerEndpointContainer#1-0-C-1] org.apache.kafka.clients.NetworkClient   : [Consumer clientId=consumer-notification-group-6, groupId=notification-group] Node -1 disconnected.
2026-07-28T07:36:57.423-07:00  WARN 5484 --- [notification-service] [org.springframework.kafka.KafkaListenerEndpointContainer#1-0-C-1] org.apache.kafka.clients.NetworkClient   : [Consumer clientId=consumer-notification-group-6, groupId=notification-group] Connection to node -1 (localhost/127.0.0.1:9092) could not be established. Node may not be available.
2026-07-28T07:36:57.424-07:00  WARN 5484 --- [notification-service] [org.springframework.kafka.KafkaListenerEndpointContainer#1-0-C-1] org.apache.kafka.clients.NetworkClient   : [Consumer clientId=consumer-notification-group-6, groupId=notification-group] Bootstrap broker localhost:9092 (id: -1 rack: null) disconnected
2026-07-28T07:36:57.503-07:00  INFO 5484 --- [notification-service] [org.springframework.kafka.KafkaListenerEndpointContainer#5-0-C-1] org.apache.kafka.clients.NetworkClient   : [Consumer clientId=consumer-notification-group-4, groupId=notification-group] Node -1 disconnected.
2026-07-28T07:36:57.504-07:00  WARN 5484 --- [notification-service] [org.springframework.kafka.KafkaListenerEndpointContainer#5-0-C-1] org.apache.kafka.clients.NetworkClient   : [Consumer clientId=consumer-notification-group-4, groupId=notification-group] Connection to node -1 (localhost/127.0.0.1:9092) could not be established. Node may not be available.
2026-07-28T07:36:57.504-07:00  WARN 5484 --- [notification-service] [org.springframework.kafka.KafkaListenerEndpointContainer#5-0-C-1] org.apache.kafka.clients.NetworkClient   : [Consumer clientId=consumer-notification-group-4, groupId=notification-group] Bootstrap broker localhost:9092 (id: -1 rack: null) disconnected
2026-07-28T07:36:57.519-07:00  INFO 5484 --- [notification-service] [org.springframework.kafka.KafkaListenerEndpointContainer#3-0-C-1] org.apache.kafka.clients.NetworkClient   : [Consumer clientId=consumer-notification-group-2, groupId=notification-group] Node -1 disconnected.
2026-07-28T07:36:57.519-07:00  INFO 5484 --- [notification-service] [org.springframework.kafka.KafkaListenerEndpointContainer#2-0-C-1] org.apache.kafka.clients.NetworkClient   : [Consumer clientId=consumer-notification-group-1, groupId=notification-group] Node -1 disconnected.
2026-07-28T07:36:57.519-07:00  WARN 5484 --- [notification-service] [org.springframework.kafka.KafkaListenerEndpointContainer#3-0-C-1] org.apache.kafka.clients.NetworkClient   : [Consumer clientId=consumer-notification-group-2, groupId=notification-group] Connection to node -1 (localhost/127.0.0.1:9092) could not be established. Node may not be available.
2026-07-28T07:36:57.519-07:00  WARN 5484 --- [notification-service] [org.springframework.kafka.KafkaListenerEndpointContainer#2-0-C-1] org.apache.kafka.clients.NetworkClient   : [Consumer clientId=consumer-notification-group-1, groupId=notification-group] Connection to node -1 (localhost/127.0.0.1:9092) could not be established. Node may not be available.
2026-07-28T07:36:57.519-07:00  WARN 5484 --- [notification-service] [org.springframework.kafka.KafkaListenerEndpointContainer#3-0-C-1] org.apache.kafka.clients.NetworkClient   : [Consumer clientId=consumer-notification-group-2, groupId=notification-group] Bootstrap broker localhost:9092 (id: -1 rack: null) disconnected
2026-07-28T07:36:57.519-07:00  WARN 5484 --- [notification-service] [org.springframework.kafka.KafkaListenerEndpointContainer#2-0-C-1] org.apache.kafka.clients.NetworkClient   : [Consumer clientId=consumer-notification-group-1, groupId=notification-group] Bootstrap broker localhost:9092 (id: -1 rack: null) disconnected
2026-07-28T07:36:57.583-07:00  INFO 5484 --- [notification-service] [org.springframework.kafka.KafkaListenerEndpointContainer#4-0-C-1] org.apache.kafka.clients.NetworkClient   : [Consumer clientId=consumer-notification-group-3, groupId=notification-group] Node -1 disconnected.
2026-07-28T07:36:57.584-07:00  WARN 5484 --- [notification-service] [org.springframework.kafka.KafkaListenerEndpointContainer#4-0-C-1] org.apache.kafka.clients.NetworkClient   : [Consumer clientId=consumer-notification-group-3, groupId=notification-group] Connection to node -1 (localhost/127.0.0.1:9092) could not be established. Node may not be available.
2026-07-28T07:36:57.584-07:00  WARN 5484 --- [notification-service] [org.springframework.kafka.KafkaListenerEndpointContainer#4-0-C-1] org.apache.kafka.clients.NetworkClient   : [Consumer clientId=consumer-notification-group-3, groupId=notification-group] Bootstrap broker localhost:9092 (id: -1 rack: null) disconnected
2026-07-28T07:36:57.741-07:00  INFO 5484 --- [notification-service] [org.springframework.kafka.KafkaListenerEndpointContainer#0-0-C-1] org.apache.kafka.clients.NetworkClient   : [Consumer clientId=consumer-notification-group-5, groupId=notification-group] Node -1 disconnected.
2026-07-28T07:36:57.742-07:00  WARN 5484 --- [notification-service] [org.springframework.kafka.KafkaListenerEndpointContainer#0-0-C-1] org.apache.kafka.clients.NetworkClient   : [Consumer clientId=consumer-notification-group-5, groupId=notification-group] Connection to node -1 (localhost/127.0.0.1:9092) could not be established. Node may not be available.
2026-07-28T07:36:57.742-07:00  WARN 5484 --- [notification-service] [org.springframework.kafka.KafkaListenerEndpointContainer#0-0-C-1] org.apache.kafka.clients.NetworkClient   : [Consumer clientId=consumer-notification-group-5, groupId=notification-group] Bootstrap broker localhost:9092 (id: -1 rack: null) disconnected
2026-07-28T07:36:58.434-07:00  INFO 5484 --- [notification-service] [org.springframework.kafka.KafkaListenerEndpointContainer#1-0-C-1] org.apache.kafka.clients.NetworkClient   : [Consumer clientId=consumer-notification-group-6, groupId=notification-group] Node -1 disconnected.
2026-07-28T07:36:58.434-07:00  WARN 5484 --- [notification-service] [org.springframework.kafka.KafkaListenerEndpointContainer#1-0-C-1] org.apache.kafka.clients.NetworkClient   : [Consumer clientId=consumer-notification-group-6, groupId=notification-group] Connection to node -1 (localhost/127.0.0.1:9092) could not be established. Node may not be available.
2026-07-28T07:36:58.434-07:00  WARN 5484 --- [notification-service] [org.springframework.kafka.KafkaListenerEndpointContainer#1-0-C-1] org.apache.kafka.clients.NetworkClient   : [Consumer clientId=consumer-notification-group-6, groupId=notification-group] Bootstrap broker localhost:9092 (id: -1 rack: null) disconnected
2026-07-28T07:36:58.464-07:00  INFO 5484 --- [notification-service] [org.springframework.kafka.KafkaListenerEndpointContainer#3-0-C-1] org.apache.kafka.clients.NetworkClient   : [Consumer clientId=consumer-notification-group-2, groupId=notification-group] Node -1 disconnected.
2026-07-28T07:36:58.464-07:00  WARN 5484 --- [notification-service] [org.springframework.kafka.KafkaListenerEndpointContainer#3-0-C-1] org.apache.kafka.clients.NetworkClient   : [Consumer clientId=consumer-notification-group-2, groupId=notification-group] Connection to node -1 (localhost/127.0.0.1:9092) could not be established. Node may not be available.
2026-07-28T07:36:58.464-07:00  WARN 5484 --- [notification-service] [org.springframework.kafka.KafkaListenerEndpointContainer#3-0-C-1] org.apache.kafka.clients.NetworkClient   : [Consumer clientId=consumer-notification-group-2, groupId=notification-group] Bootstrap broker localhost:9092 (id: -1 rack: null) disconnected
2026-07-28T07:36:58.512-07:00  INFO 5484 --- [notification-service] [org.springframework.kafka.KafkaListenerEndpointContainer#5-0-C-1] org.apache.kafka.clients.NetworkClient   : [Consumer clientId=consumer-notification-group-4, groupId=notification-group] Node -1 disconnected.
2026-07-28T07:36:58.512-07:00  WARN 5484 --- [notification-service] [org.springframework.kafka.KafkaListenerEndpointContainer#5-0-C-1] org.apache.kafka.clients.NetworkClient   : [Consumer clientId=consumer-notification-group-4, groupId=notification-group] Connection to node -1 (localhost/127.0.0.1:9092) could not be established. Node may not be available.
2026-07-28T07:36:58.512-07:00  WARN 5484 --- [notification-service] [org.springframework.kafka.KafkaListenerEndpointContainer#5-0-C-1] org.apache.kafka.clients.NetworkClient   : [Consumer clientId=consumer-notification-group-4, groupId=notification-group] Bootstrap broker localhost:9092 (id: -1 rack: null) disconnected
2026-07-28T07:36:58.526-07:00  INFO 5484 --- [notification-service] [org.springframework.kafka.KafkaListenerEndpointContainer#2-0-C-1] org.apache.kafka.clients.NetworkClient   : [Consumer clientId=consumer-notification-group-1, groupId=notification-group] Node -1 disconnected.
2026-07-28T07:36:58.526-07:00  WARN 5484 --- [notification-service] [org.springframework.kafka.KafkaListenerEndpointContainer#2-0-C-1] org.apache.kafka.clients.NetworkClient   : [Consumer clientId=consumer-notification-group-1, groupId=notification-group] Connection to node -1 (localhost/127.0.0.1:9092) could not be established. Node may not be available.
2026-07-28T07:36:58.526-07:00  WARN 5484 --- [notification-service] [org.springframework.kafka.KafkaListenerEndpointContainer#2-0-C-1] org.apache.kafka.clients.NetworkClient   : [Consumer clientId=consumer-notification-group-1, groupId=notification-group] Bootstrap broker localhost:9092 (id: -1 rack: null) disconnected
2026-07-28T07:36:58.589-07:00  INFO 5484 --- [notification-service] [org.springframework.kafka.KafkaListenerEndpointContainer#4-0-C-1] org.apache.kafka.clients.NetworkClient   : [Consumer clientId=consumer-notification-group-3, groupId=notification-group] Node -1 disconnected.
2026-07-28T07:36:58.589-07:00  WARN 5484 --- [notification-service] [org.springframework.kafka.KafkaListenerEndpointContainer#4-0-C-1] org.apache.kafka.clients.NetworkClient   : [Consumer clientId=consumer-notification-group-3, groupId=notification-group] Connection to node -1 (localhost/127.0.0.1:9092) could not be established. Node may not be available.
2026-07-28T07:36:58.589-07:00  WARN 5484 --- [notification-service] [org.springframework.kafka.KafkaListenerEndpointContainer#4-0-C-1] org.apache.kafka.clients.NetworkClient   : [Consumer clientId=consumer-notification-group-3, groupId=notification-group] Bootstrap broker localhost:9092 (id: -1 rack: null) disconnected
2026-07-28T07:36:58.748-07:00  INFO 5484 --- [notification-service] [org.springframework.kafka.KafkaListenerEndpointContainer#0-0-C-1] org.apache.kafka.clients.NetworkClient   : [Consumer clientId=consumer-notification-group-5, groupId=notification-group] Node -1 disconnected.
2026-07-28T07:36:58.749-07:00  WARN 5484 --- [notification-service] [org.springframework.kafka.KafkaListenerEndpointContainer#0-0-C-1] org.apache.kafka.clients.NetworkClient   : [Consumer clientId=consumer-notification-group-5, groupId=notification-group] Connection to node -1 (localhost/127.0.0.1:9092) could not be established. Node may not be available.
2026-07-28T07:36:58.749-07:00  WARN 5484 --- [notification-service] [org.springframework.kafka.KafkaListenerEndpointContainer#0-0-C-1] org.apache.kafka.clients.NetworkClient   : [Consumer clientId=consumer-notification-group-5, groupId=notification-group] Bootstrap broker localhost:9092 (id: -1 rack: null) disconnected
2026-07-28T07:36:59.408-07:00  INFO 5484 --- [notification-service] [org.springframework.kafka.KafkaListenerEndpointContainer#3-0-C-1] org.apache.kafka.clients.NetworkClient   : [Consumer clientId=consumer-notification-group-2, groupId=notification-group] Node -1 disconnected.
2026-07-28T07:36:59.408-07:00  WARN 5484 --- [notification-service] [org.springframework.kafka.KafkaListenerEndpointContainer#3-0-C-1] org.apache.kafka.clients.NetworkClient   : [Consumer clientId=consumer-notification-group-2, groupId=notification-group] Connection to node -1 (localhost/127.0.0.1:9092) could not be established. Node may not be available.
2026-07-28T07:36:59.408-07:00  WARN 5484 --- [notification-service] [org.springframework.kafka.KafkaListenerEndpointContainer#3-0-C-1] org.apache.kafka.clients.NetworkClient   : [Consumer clientId=consumer-notification-group-2, groupId=notification-group] Bootstrap broker localhost:9092 (id: -1 rack: null) disconnected
2026-07-28T07:36:59.469-07:00  INFO 5484 --- [notification-service] [org.springframework.kafka.KafkaListenerEndpointContainer#4-0-C-1] org.apache.kafka.clients.NetworkClient   : [Consumer clientId=consumer-notification-group-3, groupId=notification-group] Node -1 disconnected.
2026-07-28T07:36:59.469-07:00  INFO 5484 --- [notification-service] [org.springframework.kafka.KafkaListenerEndpointContainer#2-0-C-1] org.apache.kafka.clients.NetworkClient   : [Consumer clientId=consumer-notification-group-1, groupId=notification-group] Node -1 disconnected.
2026-07-28T07:36:59.469-07:00  WARN 5484 --- [notification-service] [org.springframework.kafka.KafkaListenerEndpointContainer#4-0-C-1] org.apache.kafka.clients.NetworkClient   : [Consumer clientId=consumer-notification-group-3, groupId=notification-group] Connection to node -1 (localhost/127.0.0.1:9092) could not be established. Node may not be available.
2026-07-28T07:36:59.469-07:00  WARN 5484 --- [notification-service] [org.springframework.kafka.KafkaListenerEndpointContainer#2-0-C-1] org.apache.kafka.clients.NetworkClient   : [Consumer clientId=consumer-notification-group-1, groupId=notification-group] Connection to node -1 (localhost/127.0.0.1:9092) could not be established. Node may not be available.
2026-07-28T07:36:59.469-07:00  WARN 5484 --- [notification-service] [org.springframework.kafka.KafkaListenerEndpointContainer#4-0-C-1] org.apache.kafka.clients.NetworkClient   : [Consumer clientId=consumer-notification-group-3, groupId=notification-group] Bootstrap broker localhost:9092 (id: -1 rack: null) disconnected
2026-07-28T07:36:59.469-07:00  WARN 5484 --- [notification-service] [org.springframework.kafka.KafkaListenerEndpointContainer#2-0-C-1] org.apache.kafka.clients.NetworkClient   : [Consumer clientId=consumer-notification-group-1, groupId=notification-group] Bootstrap broker localhost:9092 (id: -1 rack: null) disconnected
2026-07-28T07:36:59.485-07:00  INFO 5484 --- [notification-service] [org.springframework.kafka.KafkaListenerEndpointContainer#1-0-C-1] org.apache.kafka.clients.NetworkClient   : [Consumer clientId=consumer-notification-group-6, groupId=notification-group] Node -1 disconnected.
2026-07-28T07:36:59.485-07:00  WARN 5484 --- [notification-service] [org.springframework.kafka.KafkaListenerEndpointContainer#1-0-C-1] org.apache.kafka.clients.NetworkClient   : [Consumer clientId=consumer-notification-group-6, groupId=notification-group] Connection to node -1 (localhost/127.0.0.1:9092) could not be established. Node may not be available.
2026-07-28T07:36:59.486-07:00  WARN 5484 --- [notification-service] [org.springframework.kafka.KafkaListenerEndpointContainer#1-0-C-1] org.apache.kafka.clients.NetworkClient   : [Consumer clientId=consumer-notification-group-6, groupId=notification-group] Bootstrap broker localhost:9092 (id: -1 rack: null) disconnected
2026-07-28T07:36:59.517-07:00  INFO 5484 --- [notification-service] [org.springframework.kafka.KafkaListenerEndpointContainer#5-0-C-1] org.apache.kafka.clients.NetworkClient   : [Consumer clientId=consumer-notification-group-4, groupId=notification-group] Node -1 disconnected.
2026-07-28T07:36:59.517-07:00  WARN 5484 --- [notification-service] [org.springframework.kafka.KafkaListenerEndpointContainer#5-0-C-1] org.apache.kafka.clients.NetworkClient   : [Consumer clientId=consumer-notification-group-4, groupId=notification-group] Connection to node -1 (localhost/127.0.0.1:9092) could not be established. Node may not be available.
2026-07-28T07:36:59.517-07:00  WARN 5484 --- [notification-service] [org.springframework.kafka.KafkaListenerEndpointContainer#5-0-C-1] org.apache.kafka.clients.NetworkClient   : [Consumer clientId=consumer-notification-group-4, groupId=notification-group] Bootstrap broker localhost:9092 (id: -1 rack: null) disconnected
2026-07-28T07:36:59.688-07:00  INFO 5484 --- [notification-service] [org.springframework.kafka.KafkaListenerEndpointContainer#0-0-C-1] org.apache.kafka.clients.NetworkClient   : [Consumer clientId=consumer-notification-group-5, groupId=notification-group] Node -1 disconnected.
2026-07-28T07:36:59.689-07:00  WARN 5484 --- [notification-service] [org.springframework.kafka.KafkaListenerEndpointContainer#0-0-C-1] org.apache.kafka.clients.NetworkClient   : [Consumer clientId=consumer-notification-group-5, groupId=notification-group] Connection to node -1 (localhost/127.0.0.1:9092) could not be established. Node may not be available.
2026-07-28T07:36:59.689-07:00  WARN 5484 --- [notification-service] [org.springframework.kafka.KafkaListenerEndpointContainer#0-0-C-1] org.apache.kafka.clients.NetworkClient   : [Consumer clientId=consumer-notification-group-5, groupId=notification-group] Bootstrap broker localhost:9092 (id: -1 rack: null) disconnected
2026-07-28T07:37:00.344-07:00  INFO 5484 --- [notification-service] [org.springframework.kafka.KafkaListenerEndpointContainer#2-0-C-1] org.apache.kafka.clients.NetworkClient   : [Consumer clientId=consumer-notification-group-1, groupId=notification-group] Node -1 disconnected.
2026-07-28T07:37:00.344-07:00  INFO 5484 --- [notification-service] [org.springframework.kafka.KafkaListenerEndpointContainer#4-0-C-1] org.apache.kafka.clients.NetworkClient   : [Consumer clientId=consumer-notification-group-3, groupId=notification-group] Node -1 disconnected.
2026-07-28T07:37:00.344-07:00  WARN 5484 --- [notification-service] [org.springframework.kafka.KafkaListenerEndpointContainer#2-0-C-1] org.apache.kafka.clients.NetworkClient   : [Consumer clientId=consumer-notification-group-1, groupId=notification-group] Connection to node -1 (localhost/127.0.0.1:9092) could not be established. Node may not be available.
2026-07-28T07:37:00.344-07:00  WARN 5484 --- [notification-service] [org.springframework.kafka.KafkaListenerEndpointContainer#4-0-C-1] org.apache.kafka.clients.NetworkClient   : [Consumer clientId=consumer-notification-group-3, groupId=notification-group] Connection to node -1 (localhost/127.0.0.1:9092) could not be established. Node may not be available.
2026-07-28T07:37:00.344-07:00  WARN 5484 --- [notification-service] [org.springframework.kafka.KafkaListenerEndpointContainer#2-0-C-1] org.apache.kafka.clients.NetworkClient   : [Consumer clientId=consumer-notification-group-1, groupId=notification-group] Bootstrap broker localhost:9092 (id: -1 rack: null) disconnected
2026-07-28T07:37:00.344-07:00  WARN 5484 --- [notification-service] [org.springframework.kafka.KafkaListenerEndpointContainer#4-0-C-1] org.apache.kafka.clients.NetworkClient   : [Consumer clientId=consumer-notification-group-3, groupId=notification-group] Bootstrap broker localhost:9092 (id: -1 rack: null) disconnected
2026-07-28T07:37:00.346-07:00  INFO 5484 --- [notification-service] [org.springframework.kafka.KafkaListenerEndpointContainer#3-0-C-1] org.apache.kafka.clients.NetworkClient   : [Consumer clientId=consumer-notification-group-2, groupId=notification-group] Node -1 disconnected.
2026-07-28T07:37:00.346-07:00  WARN 5484 --- [notification-service] [org.springframework.kafka.KafkaListenerEndpointContainer#3-0-C-1] org.apache.kafka.clients.NetworkClient   : [Consumer clientId=consumer-notification-group-2, groupId=notification-group] Connection to node -1 (localhost/127.0.0.1:9092) could not be established. Node may not be available.
2026-07-28T07:37:00.346-07:00  WARN 5484 --- [notification-service] [org.springframework.kafka.KafkaListenerEndpointContainer#3-0-C-1] org.apache.kafka.clients.NetworkClient   : [Consumer clientId=consumer-notification-group-2, groupId=notification-group] Bootstrap broker localhost:9092 (id: -1 rack: null) disconnected
2026-07-28T07:37:00.451-07:00  INFO 5484 --- [notification-service] [org.springframework.kafka.KafkaListenerEndpointContainer#1-0-C-1] org.apache.kafka.clients.NetworkClient   : [Consumer clientId=consumer-notification-group-6, groupId=notification-group] Node -1 disconnected.
2026-07-28T07:37:00.452-07:00  WARN 5484 --- [notification-service] [org.springframework.kafka.KafkaListenerEndpointContainer#1-0-C-1] org.apache.kafka.clients.NetworkClient   : [Consumer clientId=consumer-notification-group-6, groupId=notification-group] Connection to node -1 (localhost/127.0.0.1:9092) could not be established. Node may not be available.
2026-07-28T07:37:00.452-07:00  WARN 5484 --- [notification-service] [org.springframework.kafka.KafkaListenerEndpointContainer#1-0-C-1] org.apache.kafka.clients.NetworkClient   : [Consumer clientId=consumer-notification-group-6, groupId=notification-group] Bootstrap broker localhost:9092 (id: -1 rack: null) disconnected
2026-07-28T07:37:00.530-07:00  INFO 5484 --- [notification-service] [org.springframework.kafka.KafkaListenerEndpointContainer#5-0-C-1] org.apache.kafka.clients.NetworkClient   : [Consumer clientId=consumer-notification-group-4, groupId=notification-group] Node -1 disconnected.
2026-07-28T07:37:00.531-07:00  WARN 5484 --- [notification-service] [org.springframework.kafka.KafkaListenerEndpointContainer#5-0-C-1] org.apache.kafka.clients.NetworkClient   : [Consumer clientId=consumer-notification-group-4, groupId=notification-group] Connection to node -1 (localhost/127.0.0.1:9092) could not be established. Node may not be available.
2026-07-28T07:37:00.531-07:00  WARN 5484 --- [notification-service] [org.springframework.kafka.KafkaListenerEndpointContainer#5-0-C-1] org.apache.kafka.clients.NetworkClient   : [Consumer clientId=consumer-notification-group-4, groupId=notification-group] Bootstrap broker localhost:9092 (id: -1 rack: null) disconnected
2026-07-28T07:37:00.748-07:00  INFO 5484 --- [notification-service] [org.springframework.kafka.KafkaListenerEndpointContainer#0-0-C-1] org.apache.kafka.clients.NetworkClient   : [Consumer clientId=consumer-notification-group-5, groupId=notification-group] Node -1 disconnected.
2026-07-28T07:37:00.748-07:00  WARN 5484 --- [notification-service] [org.springframework.kafka.KafkaListenerEndpointContainer#0-0-C-1] org.apache.kafka.clients.NetworkClient   : [Consumer clientId=consumer-notification-group-5, groupId=notification-group] Connection to node -1 (localhost/127.0.0.1:9092) could not be established. Node may not be available.
2026-07-28T07:37:00.748-07:00  WARN 5484 --- [notification-service] [org.springframework.kafka.KafkaListenerEndpointContainer#0-0-C-1] org.apache.kafka.clients.NetworkClient   : [Consumer clientId=consumer-notification-group-5, groupId=notification-group] Bootstrap broker localhost:9092 (id: -1 rack: null) disconnected
2026-07-28T07:37:01.327-07:00  INFO 5484 --- [notification-service] [org.springframework.kafka.KafkaListenerEndpointContainer#1-0-C-1] org.apache.kafka.clients.NetworkClient   : [Consumer clientId=consumer-notification-group-6, groupId=notification-group] Node -1 disconnected.
2026-07-28T07:37:01.327-07:00  WARN 5484 --- [notification-service] [org.springframework.kafka.KafkaListenerEndpointContainer#1-0-C-1] org.apache.kafka.clients.NetworkClient   : [Consumer clientId=consumer-notification-group-6, groupId=notification-group] Connection to node -1 (localhost/127.0.0.1:9092) could not be established. Node may not be available.
2026-07-28T07:37:01.327-07:00  WARN 5484 --- [notification-service] [org.springframework.kafka.KafkaListenerEndpointContainer#1-0-C-1] org.apache.kafka.clients.NetworkClient   : [Consumer clientId=consumer-notification-group-6, groupId=notification-group] Bootstrap broker localhost:9092 (id: -1 rack: null) disconnected
2026-07-28T07:37:01.358-07:00  INFO 5484 --- [notification-service] [org.springframework.kafka.KafkaListenerEndpointContainer#2-0-C-1] org.apache.kafka.clients.NetworkClient   : [Consumer clientId=consumer-notification-group-1, groupId=notification-group] Node -1 disconnected.
2026-07-28T07:37:01.358-07:00  INFO 5484 --- [notification-service] [org.springframework.kafka.KafkaListenerEndpointContainer#3-0-C-1] org.apache.kafka.clients.NetworkClient   : [Consumer clientId=consumer-notification-group-2, groupId=notification-group] Node -1 disconnected.
2026-07-28T07:37:01.358-07:00  WARN 5484 --- [notification-service] [org.springframework.kafka.KafkaListenerEndpointContainer#2-0-C-1] org.apache.kafka.clients.NetworkClient   : [Consumer clientId=consumer-notification-group-1, groupId=notification-group] Connection to node -1 (localhost/127.0.0.1:9092) could not be established. Node may not be available.
2026-07-28T07:37:01.358-07:00  WARN 5484 --- [notification-service] [org.springframework.kafka.KafkaListenerEndpointContainer#3-0-C-1] org.apache.kafka.clients.NetworkClient   : [Consumer clientId=consumer-notification-group-2, groupId=notification-group] Connection to node -1 (localhost/127.0.0.1:9092) could not be established. Node may not be available.
2026-07-28T07:37:01.359-07:00  WARN 5484 --- [notification-service] [org.springframework.kafka.KafkaListenerEndpointContainer#3-0-C-1] org.apache.kafka.clients.NetworkClient   : [Consumer clientId=consumer-notification-group-2, groupId=notification-group] Bootstrap broker localhost:9092 (id: -1 rack: null) disconnected
2026-07-28T07:37:01.359-07:00  WARN 5484 --- [notification-service] [org.springframework.kafka.KafkaListenerEndpointContainer#2-0-C-1] org.apache.kafka.clients.NetworkClient   : [Consumer clientId=consumer-notification-group-1, groupId=notification-group] Bootstrap broker localhost:9092 (id: -1 rack: null) disconnected
2026-07-28T07:37:01.404-07:00  INFO 5484 --- [notification-service] [org.springframework.kafka.KafkaListenerEndpointContainer#5-0-C-1] org.apache.kafka.clients.NetworkClient   : [Consumer clientId=consumer-notification-group-4, groupId=notification-group] Node -1 disconnected.
2026-07-28T07:37:01.404-07:00  WARN 5484 --- [notification-service] [org.springframework.kafka.KafkaListenerEndpointContainer#5-0-C-1] org.apache.kafka.clients.NetworkClient   : [Consumer clientId=consumer-notification-group-4, groupId=notification-group] Connection to node -1 (localhost/127.0.0.1:9092) could not be established. Node may not be available.
2026-07-28T07:37:01.404-07:00  INFO 5484 --- [notification-service] [org.springframework.kafka.KafkaListenerEndpointContainer#4-0-C-1] org.apache.kafka.clients.NetworkClient   : [Consumer clientId=consumer-notification-group-3, groupId=notification-group] Node -1 disconnected.
2026-07-28T07:37:01.404-07:00  WARN 5484 --- [notification-service] [org.springframework.kafka.KafkaListenerEndpointContainer#5-0-C-1] org.apache.kafka.clients.NetworkClient   : [Consumer clientId=consumer-notification-group-4, groupId=notification-group] Bootstrap broker localhost:9092 (id: -1 rack: null) disconnected
2026-07-28T07:37:01.405-07:00  WARN 5484 --- [notification-service] [org.springframework.kafka.KafkaListenerEndpointContainer#4-0-C-1] org.apache.kafka.clients.NetworkClient   : [Consumer clientId=consumer-notification-group-3, groupId=notification-group] Connection to node -1 (localhost/127.0.0.1:9092) could not be established. Node may not be available.
2026-07-28T07:37:01.405-07:00  WARN 5484 --- [notification-service] [org.springframework.kafka.KafkaListenerEndpointContainer#4-0-C-1] org.apache.kafka.clients.NetworkClient   : [Consumer clientId=consumer-notification-group-3, groupId=notification-group] Bootstrap broker localhost:9092 (id: -1 rack: null) disconnected
2026-07-28T07:37:01.794-07:00  INFO 5484 --- [notification-service] [org.springframework.kafka.KafkaListenerEndpointContainer#0-0-C-1] org.apache.kafka.clients.NetworkClient   : [Consumer clientId=consumer-notification-group-5, groupId=notification-group] Node -1 disconnected.
2026-07-28T07:37:01.794-07:00  WARN 5484 --- [notification-service] [org.springframework.kafka.KafkaListenerEndpointContainer#0-0-C-1] org.apache.kafka.clients.NetworkClient   : [Consumer clientId=consumer-notification-group-5, groupId=notification-group] Connection to node -1 (localhost/127.0.0.1:9092) could not be established. Node may not be available.
2026-07-28T07:37:01.794-07:00  WARN 5484 --- [notification-service] [org.springframework.kafka.KafkaListenerEndpointContainer#0-0-C-1] org.apache.kafka.clients.NetworkClient   : [Consumer clientId=consumer-notification-group-5, groupId=notification-group] Bootstrap broker localhost:9092 (id: -1 rack: null) disconnected
2026-07-28T07:37:02.344-07:00  INFO 5484 --- [notification-service] [org.springframework.kafka.KafkaListenerEndpointContainer#1-0-C-1] org.apache.kafka.clients.NetworkClient   : [Consumer clientId=consumer-notification-group-6, groupId=notification-group] Node -1 disconnected.
2026-07-28T07:37:02.344-07:00  WARN 5484 --- [notification-service] [org.springframework.kafka.KafkaListenerEndpointContainer#1-0-C-1] org.apache.kafka.clients.NetworkClient   : [Consumer clientId=consumer-notification-group-6, groupId=notification-group] Connection to node -1 (localhost/127.0.0.1:9092) could not be established. Node may not be available.
2026-07-28T07:37:02.344-07:00  WARN 5484 --- [notification-service] [org.springframework.kafka.KafkaListenerEndpointContainer#1-0-C-1] org.apache.kafka.clients.NetworkClient   : [Consumer clientId=consumer-notification-group-6, groupId=notification-group] Bootstrap broker localhost:9092 (id: -1 rack: null) disconnected
2026-07-28T07:37:02.360-07:00  INFO 5484 --- [notification-service] [org.springframework.kafka.KafkaListenerEndpointContainer#2-0-C-1] org.apache.kafka.clients.NetworkClient   : [Consumer clientId=consumer-notification-group-1, groupId=notification-group] Node -1 disconnected.
2026-07-28T07:37:02.360-07:00  INFO 5484 --- [notification-service] [org.springframework.kafka.KafkaListenerEndpointContainer#3-0-C-1] org.apache.kafka.clients.NetworkClient   : [Consumer clientId=consumer-notification-group-2, groupId=notification-group] Node -1 disconnected.
2026-07-28T07:37:02.360-07:00  WARN 5484 --- [notification-service] [org.springframework.kafka.KafkaListenerEndpointContainer#2-0-C-1] org.apache.kafka.clients.NetworkClient   : [Consumer clientId=consumer-notification-group-1, groupId=notification-group] Connection to node -1 (localhost/127.0.0.1:9092) could not be established. Node may not be available.
2026-07-28T07:37:02.360-07:00  WARN 5484 --- [notification-service] [org.springframework.kafka.KafkaListenerEndpointContainer#3-0-C-1] org.apache.kafka.clients.NetworkClient   : [Consumer clientId=consumer-notification-group-2, groupId=notification-group] Connection to node -1 (localhost/127.0.0.1:9092) could not be established. Node may not be available.
2026-07-28T07:37:02.360-07:00  WARN 5484 --- [notification-service] [org.springframework.kafka.KafkaListenerEndpointContainer#3-0-C-1] org.apache.kafka.clients.NetworkClient   : [Consumer clientId=consumer-notification-group-2, groupId=notification-group] Bootstrap broker localhost:9092 (id: -1 rack: null) disconnected
2026-07-28T07:37:02.360-07:00  WARN 5484 --- [notification-service] [org.springframework.kafka.KafkaListenerEndpointContainer#2-0-C-1] org.apache.kafka.clients.NetworkClient   : [Consumer clientId=consumer-notification-group-1, groupId=notification-group] Bootstrap broker localhost:9092 (id: -1 rack: null) disconnected
2026-07-28T07:37:02.377-07:00  INFO 5484 --- [notification-service] [org.springframework.kafka.KafkaListenerEndpointContainer#4-0-C-1] org.apache.kafka.clients.NetworkClient   : [Consumer clientId=consumer-notification-group-3, groupId=notification-group] Node -1 disconnected.
2026-07-28T07:37:02.377-07:00  WARN 5484 --- [notification-service] [org.springframework.kafka.KafkaListenerEndpointContainer#4-0-C-1] org.apache.kafka.clients.NetworkClient   : [Consumer clientId=consumer-notification-group-3, groupId=notification-group] Connection to node -1 (localhost/127.0.0.1:9092) could not be established. Node may not be available.
2026-07-28T07:37:02.377-07:00  WARN 5484 --- [notification-service] [org.springframework.kafka.KafkaListenerEndpointContainer#4-0-C-1] org.apache.kafka.clients.NetworkClient   : [Consumer clientId=consumer-notification-group-3, groupId=notification-group] Bootstrap broker localhost:9092 (id: -1 rack: null) disconnected
2026-07-28T07:37:02.455-07:00  INFO 5484 --- [notification-service] [org.springframework.kafka.KafkaListenerEndpointContainer#5-0-C-1] org.apache.kafka.clients.NetworkClient   : [Consumer clientId=consumer-notification-group-4, groupId=notification-group] Node -1 disconnected.
2026-07-28T07:37:02.455-07:00  WARN 5484 --- [notification-service] [org.springframework.kafka.KafkaListenerEndpointContainer#5-0-C-1] org.apache.kafka.clients.NetworkClient   : [Consumer clientId=consumer-notification-group-4, groupId=notification-group] Connection to node -1 (localhost/127.0.0.1:9092) could not be established. Node may not be available.
2026-07-28T07:37:02.456-07:00  WARN 5484 --- [notification-service] [org.springframework.kafka.KafkaListenerEndpointContainer#5-0-C-1] org.apache.kafka.clients.NetworkClient   : [Consumer clientId=consumer-notification-group-4, groupId=notification-group] Bootstrap broker localhost:9092 (id: -1 rack: null) disconnected
2026-07-28T07:37:02.800-07:00  INFO 5484 --- [notification-service] [org.springframework.kafka.KafkaListenerEndpointContainer#0-0-C-1] org.apache.kafka.clients.NetworkClient   : [Consumer clientId=consumer-notification-group-5, groupId=notification-group] Node -1 disconnected.
2026-07-28T07:37:02.800-07:00  WARN 5484 --- [notification-service] [org.springframework.kafka.KafkaListenerEndpointContainer#0-0-C-1] org.apache.kafka.clients.NetworkClient   : [Consumer clientId=consumer-notification-group-5, groupId=notification-group] Connection to node -1 (localhost/127.0.0.1:9092) could not be established. Node may not be available.
2026-07-28T07:37:02.800-07:00  WARN 5484 --- [notification-service] [org.springframework.kafka.KafkaListenerEndpointContainer#0-0-C-1] org.apache.kafka.clients.NetworkClient   : [Consumer clientId=consumer-notification-group-5, groupId=notification-group] Bootstrap broker localhost:9092 (id: -1 rack: null) disconnected
2026-07-28T07:37:03.277-07:00  INFO 5484 --- [notification-service] [org.springframework.kafka.KafkaListenerEndpointContainer#1-0-C-1] org.apache.kafka.clients.NetworkClient   : [Consumer clientId=consumer-notification-group-6, groupId=notification-group] Node -1 disconnected.
2026-07-28T07:37:03.277-07:00  WARN 5484 --- [notification-service] [org.springframework.kafka.KafkaListenerEndpointContainer#1-0-C-1] org.apache.kafka.clients.NetworkClient   : [Consumer clientId=consumer-notification-group-6, groupId=notification-group] Connection to node -1 (localhost/127.0.0.1:9092) could not be established. Node may not be available.
2026-07-28T07:37:03.277-07:00  WARN 5484 --- [notification-service] [org.springframework.kafka.KafkaListenerEndpointContainer#1-0-C-1] org.apache.kafka.clients.NetworkClient   : [Consumer clientId=consumer-notification-group-6, groupId=notification-group] Bootstrap broker localhost:9092 (id: -1 rack: null) disconnected
2026-07-28T07:37:03.372-07:00  INFO 5484 --- [notification-service] [org.springframework.kafka.KafkaListenerEndpointContainer#2-0-C-1] org.apache.kafka.clients.NetworkClient   : [Consumer clientId=consumer-notification-group-1, groupId=notification-group] Node -1 disconnected.
2026-07-28T07:37:03.372-07:00  INFO 5484 --- [notification-service] [org.springframework.kafka.KafkaListenerEndpointContainer#3-0-C-1] org.apache.kafka.clients.NetworkClient   : [Consumer clientId=consumer-notification-group-2, groupId=notification-group] Node -1 disconnected.
2026-07-28T07:37:03.372-07:00  WARN 5484 --- [notification-service] [org.springframework.kafka.KafkaListenerEndpointContainer#2-0-C-1] org.apache.kafka.clients.NetworkClient   : [Consumer clientId=consumer-notification-group-1, groupId=notification-group] Connection to node -1 (localhost/127.0.0.1:9092) could not be established. Node may not be available.
2026-07-28T07:37:03.372-07:00  WARN 5484 --- [notification-service] [org.springframework.kafka.KafkaListenerEndpointContainer#3-0-C-1] org.apache.kafka.clients.NetworkClient   : [Consumer clientId=consumer-notification-group-2, groupId=notification-group] Connection to node -1 (localhost/127.0.0.1:9092) could not be established. Node may not be available.
2026-07-28T07:37:03.372-07:00  WARN 5484 --- [notification-service] [org.springframework.kafka.KafkaListenerEndpointContainer#2-0-C-1] org.apache.kafka.clients.NetworkClient   : [Consumer clientId=consumer-notification-group-1, groupId=notification-group] Bootstrap broker localhost:9092 (id: -1 rack: null) disconnected
2026-07-28T07:37:03.372-07:00  WARN 5484 --- [notification-service] [org.springframework.kafka.KafkaListenerEndpointContainer#3-0-C-1] org.apache.kafka.clients.NetworkClient   : [Consumer clientId=consumer-notification-group-2, groupId=notification-group] Bootstrap broker localhost:9092 (id: -1 rack: null) disconnected
2026-07-28T07:37:03.403-07:00  INFO 5484 --- [notification-service] [org.springframework.kafka.KafkaListenerEndpointContainer#5-0-C-1] org.apache.kafka.clients.NetworkClient   : [Consumer clientId=consumer-notification-group-4, groupId=notification-group] Node -1 disconnected.
2026-07-28T07:37:03.403-07:00  WARN 5484 --- [notification-service] [org.springframework.kafka.KafkaListenerEndpointContainer#5-0-C-1] org.apache.kafka.clients.NetworkClient   : [Consumer clientId=consumer-notification-group-4, groupId=notification-group] Connection to node -1 (localhost/127.0.0.1:9092) could not be established. Node may not be available.
2026-07-28T07:37:03.404-07:00  WARN 5484 --- [notification-service] [org.springframework.kafka.KafkaListenerEndpointContainer#5-0-C-1] org.apache.kafka.clients.NetworkClient   : [Consumer clientId=consumer-notification-group-4, groupId=notification-group] Bootstrap broker localhost:9092 (id: -1 rack: null) disconnected
2026-07-28T07:37:03.420-07:00  INFO 5484 --- [notification-service] [org.springframework.kafka.KafkaListenerEndpointContainer#4-0-C-1] org.apache.kafka.clients.NetworkClient   : [Consumer clientId=consumer-notification-group-3, groupId=notification-group] Node -1 disconnected.
2026-07-28T07:37:03.420-07:00  WARN 5484 --- [notification-service] [org.springframework.kafka.KafkaListenerEndpointContainer#4-0-C-1] org.apache.kafka.clients.NetworkClient   : [Consumer clientId=consumer-notification-group-3, groupId=notification-group] Connection to node -1 (localhost/127.0.0.1:9092) could not be established. Node may not be available.
2026-07-28T07:37:03.420-07:00  WARN 5484 --- [notification-service] [org.springframework.kafka.KafkaListenerEndpointContainer#4-0-C-1] org.apache.kafka.clients.NetworkClient   : [Consumer clientId=consumer-notification-group-3, groupId=notification-group] Bootstrap broker localhost:9092 (id: -1 rack: null) disconnected
2026-07-28T07:37:03.810-07:00  INFO 5484 --- [notification-service] [org.springframework.kafka.KafkaListenerEndpointContainer#0-0-C-1] org.apache.kafka.clients.NetworkClient   : [Consumer clientId=consumer-notification-group-5, groupId=notification-group] Node -1 disconnected.
2026-07-28T07:37:03.811-07:00  WARN 5484 --- [notification-service] [org.springframework.kafka.KafkaListenerEndpointContainer#0-0-C-1] org.apache.kafka.clients.NetworkClient   : [Consumer clientId=consumer-notification-group-5, groupId=notification-group] Connection to node -1 (localhost/127.0.0.1:9092) could not be established. Node may not be available.
2026-07-28T07:37:03.811-07:00  WARN 5484 --- [notification-service] [org.springframework.kafka.KafkaListenerEndpointContainer#0-0-C-1] org.apache.kafka.clients.NetworkClient   : [Consumer clientId=consumer-notification-group-5, groupId=notification-group] Bootstrap broker localhost:9092 (id: -1 rack: null) disconnected
2026-07-28T07:37:04.216-07:00  INFO 5484 --- [notification-service] [org.springframework.kafka.KafkaListenerEndpointContainer#1-0-C-1] org.apache.kafka.clients.NetworkClient   : [Consumer clientId=consumer-notification-group-6, groupId=notification-group] Node -1 disconnected.
2026-07-28T07:37:04.216-07:00  WARN 5484 --- [notification-service] [org.springframework.kafka.KafkaListenerEndpointContainer#1-0-C-1] org.apache.kafka.clients.NetworkClient   : [Consumer clientId=consumer-notification-group-6, groupId=notification-group] Connection to node -1 (localhost/127.0.0.1:9092) could not be established. Node may not be available.
2026-07-28T07:37:04.216-07:00  WARN 5484 --- [notification-service] [org.springframework.kafka.KafkaListenerEndpointContainer#1-0-C-1] org.apache.kafka.clients.NetworkClient   : [Consumer clientId=consumer-notification-group-6, groupId=notification-group] Bootstrap broker localhost:9092 (id: -1 rack: null) disconnected
2026-07-28T07:37:04.361-07:00  INFO 5484 --- [notification-service] [org.springframework.kafka.KafkaListenerEndpointContainer#2-0-C-1] org.apache.kafka.clients.NetworkClient   : [Consumer clientId=consumer-notification-group-1, groupId=notification-group] Node -1 disconnected.
2026-07-28T07:37:04.361-07:00  WARN 5484 --- [notification-service] [org.springframework.kafka.KafkaListenerEndpointContainer#2-0-C-1] org.apache.kafka.clients.NetworkClient   : [Consumer clientId=consumer-notification-group-1, groupId=notification-group] Connection to node -1 (localhost/127.0.0.1:9092) could not be established. Node may not be available.
2026-07-28T07:37:04.362-07:00  WARN 5484 --- [notification-service] [org.springframework.kafka.KafkaListenerEndpointContainer#2-0-C-1] org.apache.kafka.clients.NetworkClient   : [Consumer clientId=consumer-notification-group-1, groupId=notification-group] Bootstrap broker localhost:9092 (id: -1 rack: null) disconnected
2026-07-28T07:37:04.376-07:00  INFO 5484 --- [notification-service] [org.springframework.kafka.KafkaListenerEndpointContainer#3-0-C-1] org.apache.kafka.clients.NetworkClient   : [Consumer clientId=consumer-notification-group-2, groupId=notification-group] Node -1 disconnected.
2026-07-28T07:37:04.376-07:00  WARN 5484 --- [notification-service] [org.springframework.kafka.KafkaListenerEndpointContainer#3-0-C-1] org.apache.kafka.clients.NetworkClient   : [Consumer clientId=consumer-notification-group-2, groupId=notification-group] Connection to node -1 (localhost/127.0.0.1:9092) could not be established. Node may not be available.
2026-07-28T07:37:04.377-07:00  WARN 5484 --- [notification-service] [org.springframework.kafka.KafkaListenerEndpointContainer#3-0-C-1] org.apache.kafka.clients.NetworkClient   : [Consumer clientId=consumer-notification-group-2, groupId=notification-group] Bootstrap broker localhost:9092 (id: -1 rack: null) disconnected
2026-07-28T07:37:04.423-07:00  INFO 5484 --- [notification-service] [org.springframework.kafka.KafkaListenerEndpointContainer#5-0-C-1] org.apache.kafka.clients.NetworkClient   : [Consumer clientId=consumer-notification-group-4, groupId=notification-group] Node -1 disconnected.
2026-07-28T07:37:04.423-07:00  INFO 5484 --- [notification-service] [org.springframework.kafka.KafkaListenerEndpointContainer#4-0-C-1] org.apache.kafka.clients.NetworkClient   : [Consumer clientId=consumer-notification-group-3, groupId=notification-group] Node -1 disconnected.
2026-07-28T07:37:04.423-07:00  WARN 5484 --- [notification-service] [org.springframework.kafka.KafkaListenerEndpointContainer#5-0-C-1] org.apache.kafka.clients.NetworkClient   : [Consumer clientId=consumer-notification-group-4, groupId=notification-group] Connection to node -1 (localhost/127.0.0.1:9092) could not be established. Node may not be available.
2026-07-28T07:37:04.423-07:00  WARN 5484 --- [notification-service] [org.springframework.kafka.KafkaListenerEndpointContainer#4-0-C-1] org.apache.kafka.clients.NetworkClient   : [Consumer clientId=consumer-notification-group-3, groupId=notification-group] Connection to node -1 (localhost/127.0.0.1:9092) could not be established. Node may not be available.
2026-07-28T07:37:04.423-07:00  WARN 5484 --- [notification-service] [org.springframework.kafka.KafkaListenerEndpointContainer#5-0-C-1] org.apache.kafka.clients.NetworkClient   : [Consumer clientId=consumer-notification-group-4, groupId=notification-group] Bootstrap broker localhost:9092 (id: -1 rack: null) disconnected
2026-07-28T07:37:04.423-07:00  WARN 5484 --- [notification-service] [org.springframework.kafka.KafkaListenerEndpointContainer#4-0-C-1] org.apache.kafka.clients.NetworkClient   : [Consumer clientId=consumer-notification-group-3, groupId=notification-group] Bootstrap broker localhost:9092 (id: -1 rack: null) disconnected
2026-07-28T07:37:04.692-07:00  INFO 5484 --- [notification-service] [org.springframework.kafka.KafkaListenerEndpointContainer#0-0-C-1] org.apache.kafka.clients.NetworkClient   : [Consumer clientId=consumer-notification-group-5, groupId=notification-group] Node -1 disconnected.
2026-07-28T07:37:04.693-07:00  WARN 5484 --- [notification-service] [org.springframework.kafka.KafkaListenerEndpointContainer#0-0-C-1] org.apache.kafka.clients.NetworkClient   : [Consumer clientId=consumer-notification-group-5, groupId=notification-group] Connection to node -1 (localhost/127.0.0.1:9092) could not be established. Node may not be available.
2026-07-28T07:37:04.693-07:00  WARN 5484 --- [notification-service] [org.springframework.kafka.KafkaListenerEndpointContainer#0-0-C-1] org.apache.kafka.clients.NetworkClient   : [Consumer clientId=consumer-notification-group-5, groupId=notification-group] Bootstrap broker localhost:9092 (id: -1 rack: null) disconnected
2026-07-28T07:37:05.097-07:00  INFO 5484 --- [notification-service] [org.springframework.kafka.KafkaListenerEndpointContainer#1-0-C-1] org.apache.kafka.clients.NetworkClient   : [Consumer clientId=consumer-notification-group-6, groupId=notification-group] Node -1 disconnected.
2026-07-28T07:37:05.097-07:00  WARN 5484 --- [notification-service] [org.springframework.kafka.KafkaListenerEndpointContainer#1-0-C-1] org.apache.kafka.clients.NetworkClient   : [Consumer clientId=consumer-notification-group-6, groupId=notification-group] Connection to node -1 (localhost/127.0.0.1:9092) could not be established. Node may not be available.
2026-07-28T07:37:05.097-07:00  WARN 5484 --- [notification-service] [org.springframework.kafka.KafkaListenerEndpointContainer#1-0-C-1] org.apache.kafka.clients.NetworkClient   : [Consumer clientId=consumer-notification-group-6, groupId=notification-group] Bootstrap broker localhost:9092 (id: -1 rack: null) disconnected
2026-07-28T07:37:05.236-07:00  INFO 5484 --- [notification-service] [org.springframework.kafka.KafkaListenerEndpointContainer#2-0-C-1] org.apache.kafka.clients.NetworkClient   : [Consumer clientId=consumer-notification-group-1, groupId=notification-group] Node -1 disconnected.
2026-07-28T07:37:05.237-07:00  WARN 5484 --- [notification-service] [org.springframework.kafka.KafkaListenerEndpointContainer#2-0-C-1] org.apache.kafka.clients.NetworkClient   : [Consumer clientId=consumer-notification-group-1, groupId=notification-group] Connection to node -1 (localhost/127.0.0.1:9092) could not be established. Node may not be available.
2026-07-28T07:37:05.237-07:00  WARN 5484 --- [notification-service] [org.springframework.kafka.KafkaListenerEndpointContainer#2-0-C-1] org.apache.kafka.clients.NetworkClient   : [Consumer clientId=consumer-notification-group-1, groupId=notification-group] Bootstrap broker localhost:9092 (id: -1 rack: null) disconnected
2026-07-28T07:37:05.252-07:00  INFO 5484 --- [notification-service] [org.springframework.kafka.KafkaListenerEndpointContainer#3-0-C-1] org.apache.kafka.clients.NetworkClient   : [Consumer clientId=consumer-notification-group-2, groupId=notification-group] Node -1 disconnected.
2026-07-28T07:37:05.252-07:00  WARN 5484 --- [notification-service] [org.springframework.kafka.KafkaListenerEndpointContainer#3-0-C-1] org.apache.kafka.clients.NetworkClient   : [Consumer clientId=consumer-notification-group-2, groupId=notification-group] Connection to node -1 (localhost/127.0.0.1:9092) could not be established. Node may not be available.
2026-07-28T07:37:05.252-07:00  WARN 5484 --- [notification-service] [org.springframework.kafka.KafkaListenerEndpointContainer#3-0-C-1] org.apache.kafka.clients.NetworkClient   : [Consumer clientId=consumer-notification-group-2, groupId=notification-group] Bootstrap broker localhost:9092 (id: -1 rack: null) disconnected
2026-07-28T07:37:05.379-07:00  INFO 5484 --- [notification-service] [org.springframework.kafka.KafkaListenerEndpointContainer#4-0-C-1] org.apache.kafka.clients.NetworkClient   : [Consumer clientId=consumer-notification-group-3, groupId=notification-group] Node -1 disconnected.
2026-07-28T07:37:05.379-07:00  WARN 5484 --- [notification-service] [org.springframework.kafka.KafkaListenerEndpointContainer#4-0-C-1] org.apache.kafka.clients.NetworkClient   : [Consumer clientId=consumer-notification-group-3, groupId=notification-group] Connection to node -1 (localhost/127.0.0.1:9092) could not be established. Node may not be available.
2026-07-28T07:37:05.379-07:00  WARN 5484 --- [notification-service] [org.springframework.kafka.KafkaListenerEndpointContainer#4-0-C-1] org.apache.kafka.clients.NetworkClient   : [Consumer clientId=consumer-notification-group-3, groupId=notification-group] Bootstrap broker localhost:9092 (id: -1 rack: null) disconnected
2026-07-28T07:37:05.427-07:00  INFO 5484 --- [notification-service] [org.springframework.kafka.KafkaListenerEndpointContainer#5-0-C-1] org.apache.kafka.clients.NetworkClient   : [Consumer clientId=consumer-notification-group-4, groupId=notification-group] Node -1 disconnected.
2026-07-28T07:37:05.427-07:00  WARN 5484 --- [notification-service] [org.springframework.kafka.KafkaListenerEndpointContainer#5-0-C-1] org.apache.kafka.clients.NetworkClient   : [Consumer clientId=consumer-notification-group-4, groupId=notification-group] Connection to node -1 (localhost/127.0.0.1:9092) could not be established. Node may not be available.
2026-07-28T07:37:05.427-07:00  WARN 5484 --- [notification-service] [org.springframework.kafka.KafkaListenerEndpointContainer#5-0-C-1] org.apache.kafka.clients.NetworkClient   : [Consumer clientId=consumer-notification-group-4, groupId=notification-group] Bootstrap broker localhost:9092 (id: -1 rack: null) disconnected
2026-07-28T07:37:05.693-07:00  INFO 5484 --- [notification-service] [org.springframework.kafka.KafkaListenerEndpointContainer#0-0-C-1] org.apache.kafka.clients.NetworkClient   : [Consumer clientId=consumer-notification-group-5, groupId=notification-group] Node -1 disconnected.
2026-07-28T07:37:05.694-07:00  WARN 5484 --- [notification-service] [org.springframework.kafka.KafkaListenerEndpointContainer#0-0-C-1] org.apache.kafka.clients.NetworkClient   : [Consumer clientId=consumer-notification-group-5, groupId=notification-group] Connection to node -1 (localhost/127.0.0.1:9092) could not be established. Node may not be available.
2026-07-28T07:37:05.694-07:00  WARN 5484 --- [notification-service] [org.springframework.kafka.KafkaListenerEndpointContainer#0-0-C-1] org.apache.kafka.clients.NetworkClient   : [Consumer clientId=consumer-notification-group-5, groupId=notification-group] Bootstrap broker localhost:9092 (id: -1 rack: null) disconnected
2026-07-28T07:37:05.976-07:00  INFO 5484 --- [notification-service] [org.springframework.kafka.KafkaListenerEndpointContainer#1-0-C-1] org.apache.kafka.clients.NetworkClient   : [Consumer clientId=consumer-notification-group-6, groupId=notification-group] Node -1 disconnected.
2026-07-28T07:37:05.976-07:00  WARN 5484 --- [notification-service] [org.springframework.kafka.KafkaListenerEndpointContainer#1-0-C-1] org.apache.kafka.clients.NetworkClient   : [Consumer clientId=consumer-notification-group-6, groupId=notification-group] Connection to node -1 (localhost/127.0.0.1:9092) could not be established. Node may not be available.
2026-07-28T07:37:05.976-07:00  WARN 5484 --- [notification-service] [org.springframework.kafka.KafkaListenerEndpointContainer#1-0-C-1] org.apache.kafka.clients.NetworkClient   : [Consumer clientId=consumer-notification-group-6, groupId=notification-group] Bootstrap broker localhost:9092 (id: -1 rack: null) disconnected
2026-07-28T07:37:06.245-07:00  INFO 5484 --- [notification-service] [org.springframework.kafka.KafkaListenerEndpointContainer#2-0-C-1] org.apache.kafka.clients.NetworkClient   : [Consumer clientId=consumer-notification-group-1, groupId=notification-group] Node -1 disconnected.
2026-07-28T07:37:06.246-07:00  WARN 5484 --- [notification-service] [org.springframework.kafka.KafkaListenerEndpointContainer#2-0-C-1] org.apache.kafka.clients.NetworkClient   : [Consumer clientId=consumer-notification-group-1, groupId=notification-group] Connection to node -1 (localhost/127.0.0.1:9092) could not be established. Node may not be available.
2026-07-28T07:37:06.246-07:00  WARN 5484 --- [notification-service] [org.springframework.kafka.KafkaListenerEndpointContainer#2-0-C-1] org.apache.kafka.clients.NetworkClient   : [Consumer clientId=consumer-notification-group-1, groupId=notification-group] Bootstrap broker localhost:9092 (id: -1 rack: null) disconnected
2026-07-28T07:37:06.260-07:00  INFO 5484 --- [notification-service] [org.springframework.kafka.KafkaListenerEndpointContainer#3-0-C-1] org.apache.kafka.clients.NetworkClient   : [Consumer clientId=consumer-notification-group-2, groupId=notification-group] Node -1 disconnected.
2026-07-28T07:37:06.260-07:00  WARN 5484 --- [notification-service] [org.springframework.kafka.KafkaListenerEndpointContainer#3-0-C-1] org.apache.kafka.clients.NetworkClient   : [Consumer clientId=consumer-notification-group-2, groupId=notification-group] Connection to node -1 (localhost/127.0.0.1:9092) could not be established. Node may not be available.
2026-07-28T07:37:06.260-07:00  WARN 5484 --- [notification-service] [org.springframework.kafka.KafkaListenerEndpointContainer#3-0-C-1] org.apache.kafka.clients.NetworkClient   : [Consumer clientId=consumer-notification-group-2, groupId=notification-group] Bootstrap broker localhost:9092 (id: -1 rack: null) disconnected
2026-07-28T07:37:06.307-07:00  INFO 5484 --- [notification-service] [org.springframework.kafka.KafkaListenerEndpointContainer#5-0-C-1] org.apache.kafka.clients.NetworkClient   : [Consumer clientId=consumer-notification-group-4, groupId=notification-group] Node -1 disconnected.
2026-07-28T07:37:06.307-07:00  WARN 5484 --- [notification-service] [org.springframework.kafka.KafkaListenerEndpointContainer#5-0-C-1] org.apache.kafka.clients.NetworkClient   : [Consumer clientId=consumer-notification-group-4, groupId=notification-group] Connection to node -1 (localhost/127.0.0.1:9092) could not be established. Node may not be available.
2026-07-28T07:37:06.307-07:00  WARN 5484 --- [notification-service] [org.springframework.kafka.KafkaListenerEndpointContainer#5-0-C-1] org.apache.kafka.clients.NetworkClient   : [Consumer clientId=consumer-notification-group-4, groupId=notification-group] Bootstrap broker localhost:9092 (id: -1 rack: null) disconnected
2026-07-28T07:37:06.322-07:00  INFO 5484 --- [notification-service] [org.springframework.kafka.KafkaListenerEndpointContainer#4-0-C-1] org.apache.kafka.clients.NetworkClient   : [Consumer clientId=consumer-notification-group-3, groupId=notification-group] Node -1 disconnected.
2026-07-28T07:37:06.322-07:00  WARN 5484 --- [notification-service] [org.springframework.kafka.KafkaListenerEndpointContainer#4-0-C-1] org.apache.kafka.clients.NetworkClient   : [Consumer clientId=consumer-notification-group-3, groupId=notification-group] Connection to node -1 (localhost/127.0.0.1:9092) could not be established. Node may not be available.
2026-07-28T07:37:06.323-07:00  WARN 5484 --- [notification-service] [org.springframework.kafka.KafkaListenerEndpointContainer#4-0-C-1] org.apache.kafka.clients.NetworkClient   : [Consumer clientId=consumer-notification-group-3, groupId=notification-group] Bootstrap broker localhost:9092 (id: -1 rack: null) disconnected
2026-07-28T07:37:06.703-07:00  INFO 5484 --- [notification-service] [org.springframework.kafka.KafkaListenerEndpointContainer#0-0-C-1] org.apache.kafka.clients.NetworkClient   : [Consumer clientId=consumer-notification-group-5, groupId=notification-group] Node -1 disconnected.
2026-07-28T07:37:06.703-07:00  WARN 5484 --- [notification-service] [org.springframework.kafka.KafkaListenerEndpointContainer#0-0-C-1] org.apache.kafka.clients.NetworkClient   : [Consumer clientId=consumer-notification-group-5, groupId=notification-group] Connection to node -1 (localhost/127.0.0.1:9092) could not be established. Node may not be available.
2026-07-28T07:37:06.703-07:00  WARN 5484 --- [notification-service] [org.springframework.kafka.KafkaListenerEndpointContainer#0-0-C-1] org.apache.kafka.clients.NetworkClient   : [Consumer clientId=consumer-notification-group-5, groupId=notification-group] Bootstrap broker localhost:9092 (id: -1 rack: null) disconnected
2026-07-28T07:37:06.987-07:00  INFO 5484 --- [notification-service] [org.springframework.kafka.KafkaListenerEndpointContainer#1-0-C-1] org.apache.kafka.clients.NetworkClient   : [Consumer clientId=consumer-notification-group-6, groupId=notification-group] Node -1 disconnected.
2026-07-28T07:37:06.988-07:00  WARN 5484 --- [notification-service] [org.springframework.kafka.KafkaListenerEndpointContainer#1-0-C-1] org.apache.kafka.clients.NetworkClient   : [Consumer clientId=consumer-notification-group-6, groupId=notification-group] Connection to node -1 (localhost/127.0.0.1:9092) could not be established. Node may not be available.
2026-07-28T07:37:06.988-07:00  WARN 5484 --- [notification-service] [org.springframework.kafka.KafkaListenerEndpointContainer#1-0-C-1] org.apache.kafka.clients.NetworkClient   : [Consumer clientId=consumer-notification-group-6, groupId=notification-group] Bootstrap broker localhost:9092 (id: -1 rack: null) disconnected
2026-07-28T07:37:07.224-07:00  INFO 5484 --- [notification-service] [org.springframework.kafka.KafkaListenerEndpointContainer#3-0-C-1] org.apache.kafka.clients.NetworkClient   : [Consumer clientId=consumer-notification-group-2, groupId=notification-group] Node -1 disconnected.
2026-07-28T07:37:07.225-07:00  WARN 5484 --- [notification-service] [org.springframework.kafka.KafkaListenerEndpointContainer#3-0-C-1] org.apache.kafka.clients.NetworkClient   : [Consumer clientId=consumer-notification-group-2, groupId=notification-group] Connection to node -1 (localhost/127.0.0.1:9092) could not be established. Node may not be available.
2026-07-28T07:37:07.225-07:00  WARN 5484 --- [notification-service] [org.springframework.kafka.KafkaListenerEndpointContainer#3-0-C-1] org.apache.kafka.clients.NetworkClient   : [Consumer clientId=consumer-notification-group-2, groupId=notification-group] Bootstrap broker localhost:9092 (id: -1 rack: null) disconnected
2026-07-28T07:37:07.300-07:00  INFO 5484 --- [notification-service] [org.springframework.kafka.KafkaListenerEndpointContainer#2-0-C-1] org.apache.kafka.clients.NetworkClient   : [Consumer clientId=consumer-notification-group-1, groupId=notification-group] Node -1 disconnected.
2026-07-28T07:37:07.301-07:00  WARN 5484 --- [notification-service] [org.springframework.kafka.KafkaListenerEndpointContainer#2-0-C-1] org.apache.kafka.clients.NetworkClient   : [Consumer clientId=consumer-notification-group-1, groupId=notification-group] Connection to node -1 (localhost/127.0.0.1:9092) could not be established. Node may not be available.
2026-07-28T07:37:07.301-07:00  WARN 5484 --- [notification-service] [org.springframework.kafka.KafkaListenerEndpointContainer#2-0-C-1] org.apache.kafka.clients.NetworkClient   : [Consumer clientId=consumer-notification-group-1, groupId=notification-group] Bootstrap broker localhost:9092 (id: -1 rack: null) disconnected
2026-07-28T07:37:07.316-07:00  INFO 5484 --- [notification-service] [org.springframework.kafka.KafkaListenerEndpointContainer#5-0-C-1] org.apache.kafka.clients.NetworkClient   : [Consumer clientId=consumer-notification-group-4, groupId=notification-group] Node -1 disconnected.
2026-07-28T07:37:07.317-07:00  WARN 5484 --- [notification-service] [org.springframework.kafka.KafkaListenerEndpointContainer#5-0-C-1] org.apache.kafka.clients.NetworkClient   : [Consumer clientId=consumer-notification-group-4, groupId=notification-group] Connection to node -1 (localhost/127.0.0.1:9092) could not be established. Node may not be available.
2026-07-28T07:37:07.317-07:00  WARN 5484 --- [notification-service] [org.springframework.kafka.KafkaListenerEndpointContainer#5-0-C-1] org.apache.kafka.clients.NetworkClient   : [Consumer clientId=consumer-notification-group-4, groupId=notification-group] Bootstrap broker localhost:9092 (id: -1 rack: null) disconnected
2026-07-28T07:37:07.333-07:00  INFO 5484 --- [notification-service] [org.springframework.kafka.KafkaListenerEndpointContainer#4-0-C-1] org.apache.kafka.clients.NetworkClient   : [Consumer clientId=consumer-notification-group-3, groupId=notification-group] Node -1 disconnected.
2026-07-28T07:37:07.333-07:00  WARN 5484 --- [notification-service] [org.springframework.kafka.KafkaListenerEndpointContainer#4-0-C-1] org.apache.kafka.clients.NetworkClient   : [Consumer clientId=consumer-notification-group-3, groupId=notification-group] Connection to node -1 (localhost/127.0.0.1:9092) could not be established. Node may not be available.
2026-07-28T07:37:07.333-07:00  WARN 5484 --- [notification-service] [org.springframework.kafka.KafkaListenerEndpointContainer#4-0-C-1] org.apache.kafka.clients.NetworkClient   : [Consumer clientId=consumer-notification-group-3, groupId=notification-group] Bootstrap broker localhost:9092 (id: -1 rack: null) disconnected
2026-07-28T07:37:07.585-07:00  INFO 5484 --- [notification-service] [org.springframework.kafka.KafkaListenerEndpointContainer#0-0-C-1] org.apache.kafka.clients.NetworkClient   : [Consumer clientId=consumer-notification-group-5, groupId=notification-group] Node -1 disconnected.
2026-07-28T07:37:07.585-07:00  WARN 5484 --- [notification-service] [org.springframework.kafka.KafkaListenerEndpointContainer#0-0-C-1] org.apache.kafka.clients.NetworkClient   : [Consumer clientId=consumer-notification-group-5, groupId=notification-group] Connection to node -1 (localhost/127.0.0.1:9092) could not be established. Node may not be available.
2026-07-28T07:37:07.585-07:00  WARN 5484 --- [notification-service] [org.springframework.kafka.KafkaListenerEndpointContainer#0-0-C-1] org.apache.kafka.clients.NetworkClient   : [Consumer clientId=consumer-notification-group-5, groupId=notification-group] Bootstrap broker localhost:9092 (id: -1 rack: null) disconnected
2026-07-28T07:37:07.871-07:00  INFO 5484 --- [notification-service] [org.springframework.kafka.KafkaListenerEndpointContainer#1-0-C-1] org.apache.kafka.clients.NetworkClient   : [Consumer clientId=consumer-notification-group-6, groupId=notification-group] Node -1 disconnected.
2026-07-28T07:37:07.871-07:00  WARN 5484 --- [notification-service] [org.springframework.kafka.KafkaListenerEndpointContainer#1-0-C-1] org.apache.kafka.clients.NetworkClient   : [Consumer clientId=consumer-notification-group-6, groupId=notification-group] Connection to node -1 (localhost/127.0.0.1:9092) could not be established. Node may not be available.
2026-07-28T07:37:07.872-07:00  WARN 5484 --- [notification-service] [org.springframework.kafka.KafkaListenerEndpointContainer#1-0-C-1] org.apache.kafka.clients.NetworkClient   : [Consumer clientId=consumer-notification-group-6, groupId=notification-group] Bootstrap broker localhost:9092 (id: -1 rack: null) disconnected
2026-07-28T07:37:08.091-07:00  INFO 5484 --- [notification-service] [org.springframework.kafka.KafkaListenerEndpointContainer#3-0-C-1] org.apache.kafka.clients.NetworkClient   : [Consumer clientId=consumer-notification-group-2, groupId=notification-group] Node -1 disconnected.
2026-07-28T07:37:08.091-07:00  WARN 5484 --- [notification-service] [org.springframework.kafka.KafkaListenerEndpointContainer#3-0-C-1] org.apache.kafka.clients.NetworkClient   : [Consumer clientId=consumer-notification-group-2, groupId=notification-group] Connection to node -1 (localhost/127.0.0.1:9092) could not be established. Node may not be available.
2026-07-28T07:37:08.091-07:00  WARN 5484 --- [notification-service] [org.springframework.kafka.KafkaListenerEndpointContainer#3-0-C-1] org.apache.kafka.clients.NetworkClient   : [Consumer clientId=consumer-notification-group-2, groupId=notification-group] Bootstrap broker localhost:9092 (id: -1 rack: null) disconnected
2026-07-28T07:37:08.186-07:00  INFO 5484 --- [notification-service] [org.springframework.kafka.KafkaListenerEndpointContainer#2-0-C-1] org.apache.kafka.clients.NetworkClient   : [Consumer clientId=consumer-notification-group-1, groupId=notification-group] Node -1 disconnected.
2026-07-28T07:37:08.186-07:00  WARN 5484 --- [notification-service] [org.springframework.kafka.KafkaListenerEndpointContainer#2-0-C-1] org.apache.kafka.clients.NetworkClient   : [Consumer clientId=consumer-notification-group-1, groupId=notification-group] Connection to node -1 (localhost/127.0.0.1:9092) could not be established. Node may not be available.
2026-07-28T07:37:08.186-07:00  WARN 5484 --- [notification-service] [org.springframework.kafka.KafkaListenerEndpointContainer#2-0-C-1] org.apache.kafka.clients.NetworkClient   : [Consumer clientId=consumer-notification-group-1, groupId=notification-group] Bootstrap broker localhost:9092 (id: -1 rack: null) disconnected
2026-07-28T07:37:08.264-07:00  INFO 5484 --- [notification-service] [org.springframework.kafka.KafkaListenerEndpointContainer#5-0-C-1] org.apache.kafka.clients.NetworkClient   : [Consumer clientId=consumer-notification-group-4, groupId=notification-group] Node -1 disconnected.
2026-07-28T07:37:08.264-07:00  WARN 5484 --- [notification-service] [org.springframework.kafka.KafkaListenerEndpointContainer#5-0-C-1] org.apache.kafka.clients.NetworkClient   : [Consumer clientId=consumer-notification-group-4, groupId=notification-group] Connection to node -1 (localhost/127.0.0.1:9092) could not be established. Node may not be available.
2026-07-28T07:37:08.264-07:00  WARN 5484 --- [notification-service] [org.springframework.kafka.KafkaListenerEndpointContainer#5-0-C-1] org.apache.kafka.clients.NetworkClient   : [Consumer clientId=consumer-notification-group-4, groupId=notification-group] Bootstrap broker localhost:9092 (id: -1 rack: null) disconnected
2026-07-28T07:37:08.343-07:00  INFO 5484 --- [notification-service] [org.springframework.kafka.KafkaListenerEndpointContainer#4-0-C-1] org.apache.kafka.clients.NetworkClient   : [Consumer clientId=consumer-notification-group-3, groupId=notification-group] Node -1 disconnected.
2026-07-28T07:37:08.343-07:00  WARN 5484 --- [notification-service] [org.springframework.kafka.KafkaListenerEndpointContainer#4-0-C-1] org.apache.kafka.clients.NetworkClient   : [Consumer clientId=consumer-notification-group-3, groupId=notification-group] Connection to node -1 (localhost/127.0.0.1:9092) could not be established. Node may not be available.
2026-07-28T07:37:08.343-07:00  WARN 5484 --- [notification-service] [org.springframework.kafka.KafkaListenerEndpointContainer#4-0-C-1] org.apache.kafka.clients.NetworkClient   : [Consumer clientId=consumer-notification-group-3, groupId=notification-group] Bootstrap broker localhost:9092 (id: -1 rack: null) disconnected
2026-07-28T07:37:08.596-07:00  INFO 5484 --- [notification-service] [org.springframework.kafka.KafkaListenerEndpointContainer#0-0-C-1] org.apache.kafka.clients.NetworkClient   : [Consumer clientId=consumer-notification-group-5, groupId=notification-group] Node -1 disconnected.
2026-07-28T07:37:08.596-07:00  WARN 5484 --- [notification-service] [org.springframework.kafka.KafkaListenerEndpointContainer#0-0-C-1] org.apache.kafka.clients.NetworkClient   : [Consumer clientId=consumer-notification-group-5, groupId=notification-group] Connection to node -1 (localhost/127.0.0.1:9092) could not be established. Node may not be available.
2026-07-28T07:37:08.596-07:00  WARN 5484 --- [notification-service] [org.springframework.kafka.KafkaListenerEndpointContainer#0-0-C-1] org.apache.kafka.clients.NetworkClient   : [Consumer clientId=consumer-notification-group-5, groupId=notification-group] Bootstrap broker localhost:9092 (id: -1 rack: null) disconnected
2026-07-28T07:37:08.875-07:00  INFO 5484 --- [notification-service] [org.springframework.kafka.KafkaListenerEndpointContainer#1-0-C-1] org.apache.kafka.clients.NetworkClient   : [Consumer clientId=consumer-notification-group-6, groupId=notification-group] Node -1 disconnected.
2026-07-28T07:37:08.875-07:00  WARN 5484 --- [notification-service] [org.springframework.kafka.KafkaListenerEndpointContainer#1-0-C-1] org.apache.kafka.clients.NetworkClient   : [Consumer clientId=consumer-notification-group-6, groupId=notification-group] Connection to node -1 (localhost/127.0.0.1:9092) could not be established. Node may not be available.
2026-07-28T07:37:08.875-07:00  WARN 5484 --- [notification-service] [org.springframework.kafka.KafkaListenerEndpointContainer#1-0-C-1] org.apache.kafka.clients.NetworkClient   : [Consumer clientId=consumer-notification-group-6, groupId=notification-group] Bootstrap broker localhost:9092 (id: -1 rack: null) disconnected
2026-07-28T07:37:09.127-07:00  INFO 5484 --- [notification-service] [org.springframework.kafka.KafkaListenerEndpointContainer#3-0-C-1] org.apache.kafka.clients.NetworkClient   : [Consumer clientId=consumer-notification-group-2, groupId=notification-group] Node -1 disconnected.
2026-07-28T07:37:09.128-07:00  WARN 5484 --- [notification-service] [org.springframework.kafka.KafkaListenerEndpointContainer#3-0-C-1] org.apache.kafka.clients.NetworkClient   : [Consumer clientId=consumer-notification-group-2, groupId=notification-group] Connection to node -1 (localhost/127.0.0.1:9092) could not be established. Node may not be available.
2026-07-28T07:37:09.128-07:00  WARN 5484 --- [notification-service] [org.springframework.kafka.KafkaListenerEndpointContainer#3-0-C-1] org.apache.kafka.clients.NetworkClient   : [Consumer clientId=consumer-notification-group-2, groupId=notification-group] Bootstrap broker localhost:9092 (id: -1 rack: null) disconnected
2026-07-28T07:37:09.189-07:00  INFO 5484 --- [notification-service] [org.springframework.kafka.KafkaListenerEndpointContainer#2-0-C-1] org.apache.kafka.clients.NetworkClient   : [Consumer clientId=consumer-notification-group-1, groupId=notification-group] Node -1 disconnected.
2026-07-28T07:37:09.189-07:00  WARN 5484 --- [notification-service] [org.springframework.kafka.KafkaListenerEndpointContainer#2-0-C-1] org.apache.kafka.clients.NetworkClient   : [Consumer clientId=consumer-notification-group-1, groupId=notification-group] Connection to node -1 (localhost/127.0.0.1:9092) could not be established. Node may not be available.
2026-07-28T07:37:09.189-07:00  WARN 5484 --- [notification-service] [org.springframework.kafka.KafkaListenerEndpointContainer#2-0-C-1] org.apache.kafka.clients.NetworkClient   : [Consumer clientId=consumer-notification-group-1, groupId=notification-group] Bootstrap broker localhost:9092 (id: -1 rack: null) disconnected
2026-07-28T07:37:09.205-07:00  INFO 5484 --- [notification-service] [org.springframework.kafka.KafkaListenerEndpointContainer#5-0-C-1] org.apache.kafka.clients.NetworkClient   : [Consumer clientId=consumer-notification-group-4, groupId=notification-group] Node -1 disconnected.
2026-07-28T07:37:09.206-07:00  WARN 5484 --- [notification-service] [org.springframework.kafka.KafkaListenerEndpointContainer#5-0-C-1] org.apache.kafka.clients.NetworkClient   : [Consumer clientId=consumer-notification-group-4, groupId=notification-group] Connection to node -1 (localhost/127.0.0.1:9092) could not be established. Node may not be available.
2026-07-28T07:37:09.206-07:00  WARN 5484 --- [notification-service] [org.springframework.kafka.KafkaListenerEndpointContainer#5-0-C-1] org.apache.kafka.clients.NetworkClient   : [Consumer clientId=consumer-notification-group-4, groupId=notification-group] Bootstrap broker localhost:9092 (id: -1 rack: null) disconnected
2026-07-28T07:37:09.317-07:00  INFO 5484 --- [notification-service] [org.springframework.kafka.KafkaListenerEndpointContainer#4-0-C-1] org.apache.kafka.clients.NetworkClient   : [Consumer clientId=consumer-notification-group-3, groupId=notification-group] Node -1 disconnected.
2026-07-28T07:37:09.317-07:00  WARN 5484 --- [notification-service] [org.springframework.kafka.KafkaListenerEndpointContainer#4-0-C-1] org.apache.kafka.clients.NetworkClient   : [Consumer clientId=consumer-notification-group-3, groupId=notification-group] Connection to node -1 (localhost/127.0.0.1:9092) could not be established. Node may not be available.
2026-07-28T07:37:09.317-07:00  WARN 5484 --- [notification-service] [org.springframework.kafka.KafkaListenerEndpointContainer#4-0-C-1] org.apache.kafka.clients.NetworkClient   : [Consumer clientId=consumer-notification-group-3, groupId=notification-group] Bootstrap broker localhost:9092 (id: -1 rack: null) disconnected
2026-07-28T07:37:09.598-07:00  INFO 5484 --- [notification-service] [org.springframework.kafka.KafkaListenerEndpointContainer#0-0-C-1] org.apache.kafka.clients.NetworkClient   : [Consumer clientId=consumer-notification-group-5, groupId=notification-group] Node -1 disconnected.
2026-07-28T07:37:09.598-07:00  WARN 5484 --- [notification-service] [org.springframework.kafka.KafkaListenerEndpointContainer#0-0-C-1] org.apache.kafka.clients.NetworkClient   : [Consumer clientId=consumer-notification-group-5, groupId=notification-group] Connection to node -1 (localhost/127.0.0.1:9092) could not be established. Node may not be available.
2026-07-28T07:37:09.598-07:00  WARN 5484 --- [notification-service] [org.springframework.kafka.KafkaListenerEndpointContainer#0-0-C-1] org.apache.kafka.clients.NetworkClient   : [Consumer clientId=consumer-notification-group-5, groupId=notification-group] Bootstrap broker localhost:9092 (id: -1 rack: null) disconnected
2026-07-28T07:37:09.881-07:00  INFO 5484 --- [notification-service] [org.springframework.kafka.KafkaListenerEndpointContainer#1-0-C-1] org.apache.kafka.clients.NetworkClient   : [Consumer clientId=consumer-notification-group-6, groupId=notification-group] Node -1 disconnected.
2026-07-28T07:37:09.881-07:00  WARN 5484 --- [notification-service] [org.springframework.kafka.KafkaListenerEndpointContainer#1-0-C-1] org.apache.kafka.clients.NetworkClient   : [Consumer clientId=consumer-notification-group-6, groupId=notification-group] Connection to node -1 (localhost/127.0.0.1:9092) could not be established. Node may not be available.
2026-07-28T07:37:09.881-07:00  WARN 5484 --- [notification-service] [org.springframework.kafka.KafkaListenerEndpointContainer#1-0-C-1] org.apache.kafka.clients.NetworkClient   : [Consumer clientId=consumer-notification-group-6, groupId=notification-group] Bootstrap broker localhost:9092 (id: -1 rack: null) disconnected
2026-07-28T07:37:10.087-07:00  INFO 5484 --- [notification-service] [org.springframework.kafka.KafkaListenerEndpointContainer#2-0-C-1] org.apache.kafka.clients.NetworkClient   : [Consumer clientId=consumer-notification-group-1, groupId=notification-group] Node -1 disconnected.
2026-07-28T07:37:10.087-07:00  INFO 5484 --- [notification-service] [org.springframework.kafka.KafkaListenerEndpointContainer#3-0-C-1] org.apache.kafka.clients.NetworkClient   : [Consumer clientId=consumer-notification-group-2, groupId=notification-group] Node -1 disconnected.
2026-07-28T07:37:10.087-07:00  WARN 5484 --- [notification-service] [org.springframework.kafka.KafkaListenerEndpointContainer#2-0-C-1] org.apache.kafka.clients.NetworkClient   : [Consumer clientId=consumer-notification-group-1, groupId=notification-group] Connection to node -1 (localhost/127.0.0.1:9092) could not be established. Node may not be available.
2026-07-28T07:37:10.087-07:00  WARN 5484 --- [notification-service] [org.springframework.kafka.KafkaListenerEndpointContainer#3-0-C-1] org.apache.kafka.clients.NetworkClient   : [Consumer clientId=consumer-notification-group-2, groupId=notification-group] Connection to node -1 (localhost/127.0.0.1:9092) could not be established. Node may not be available.
2026-07-28T07:37:10.087-07:00  WARN 5484 --- [notification-service] [org.springframework.kafka.KafkaListenerEndpointContainer#3-0-C-1] org.apache.kafka.clients.NetworkClient   : [Consumer clientId=consumer-notification-group-2, groupId=notification-group] Bootstrap broker localhost:9092 (id: -1 rack: null) disconnected
2026-07-28T07:37:10.087-07:00  WARN 5484 --- [notification-service] [org.springframework.kafka.KafkaListenerEndpointContainer#2-0-C-1] org.apache.kafka.clients.NetworkClient   : [Consumer clientId=consumer-notification-group-1, groupId=notification-group] Bootstrap broker localhost:9092 (id: -1 rack: null) disconnected
2026-07-28T07:37:10.214-07:00  INFO 5484 --- [notification-service] [org.springframework.kafka.KafkaListenerEndpointContainer#5-0-C-1] org.apache.kafka.clients.NetworkClient   : [Consumer clientId=consumer-notification-group-4, groupId=notification-group] Node -1 disconnected.
2026-07-28T07:37:10.215-07:00  WARN 5484 --- [notification-service] [org.springframework.kafka.KafkaListenerEndpointContainer#5-0-C-1] org.apache.kafka.clients.NetworkClient   : [Consumer clientId=consumer-notification-group-4, groupId=notification-group] Connection to node -1 (localhost/127.0.0.1:9092) could not be established. Node may not be available.
2026-07-28T07:37:10.215-07:00  WARN 5484 --- [notification-service] [org.springframework.kafka.KafkaListenerEndpointContainer#5-0-C-1] org.apache.kafka.clients.NetworkClient   : [Consumer clientId=consumer-notification-group-4, groupId=notification-group] Bootstrap broker localhost:9092 (id: -1 rack: null) disconnected
2026-07-28T07:37:10.340-07:00  INFO 5484 --- [notification-service] [org.springframework.kafka.KafkaListenerEndpointContainer#4-0-C-1] org.apache.kafka.clients.NetworkClient   : [Consumer clientId=consumer-notification-group-3, groupId=notification-group] Node -1 disconnected.
2026-07-28T07:37:10.340-07:00  WARN 5484 --- [notification-service] [org.springframework.kafka.KafkaListenerEndpointContainer#4-0-C-1] org.apache.kafka.clients.NetworkClient   : [Consumer clientId=consumer-notification-group-3, groupId=notification-group] Connection to node -1 (localhost/127.0.0.1:9092) could not be established. Node may not be available.
2026-07-28T07:37:10.341-07:00  WARN 5484 --- [notification-service] [org.springframework.kafka.KafkaListenerEndpointContainer#4-0-C-1] org.apache.kafka.clients.NetworkClient   : [Consumer clientId=consumer-notification-group-3, groupId=notification-group] Bootstrap broker localhost:9092 (id: -1 rack: null) disconnected
2026-07-28T07:37:10.465-07:00  INFO 5484 --- [notification-service] [org.springframework.kafka.KafkaListenerEndpointContainer#0-0-C-1] org.apache.kafka.clients.NetworkClient   : [Consumer clientId=consumer-notification-group-5, groupId=notification-group] Node -1 disconnected.
2026-07-28T07:37:10.465-07:00  WARN 5484 --- [notification-service] [org.springframework.kafka.KafkaListenerEndpointContainer#0-0-C-1] org.apache.kafka.clients.NetworkClient   : [Consumer clientId=consumer-notification-group-5, groupId=notification-group] Connection to node -1 (localhost/127.0.0.1:9092) could not be established. Node may not be available.
2026-07-28T07:37:10.466-07:00  WARN 5484 --- [notification-service] [org.springframework.kafka.KafkaListenerEndpointContainer#0-0-C-1] org.apache.kafka.clients.NetworkClient   : [Consumer clientId=consumer-notification-group-5, groupId=notification-group] Bootstrap broker localhost:9092 (id: -1 rack: null) disconnected
2026-07-28T07:37:10.783-07:00  INFO 5484 --- [notification-service] [org.springframework.kafka.KafkaListenerEndpointContainer#1-0-C-1] org.apache.kafka.clients.NetworkClient   : [Consumer clientId=consumer-notification-group-6, groupId=notification-group] Node -1 disconnected.
2026-07-28T07:37:10.784-07:00  WARN 5484 --- [notification-service] [org.springframework.kafka.KafkaListenerEndpointContainer#1-0-C-1] org.apache.kafka.clients.NetworkClient   : [Consumer clientId=consumer-notification-group-6, groupId=notification-group] Connection to node -1 (localhost/127.0.0.1:9092) could not be established. Node may not be available.
2026-07-28T07:37:10.784-07:00  WARN 5484 --- [notification-service] [org.springframework.kafka.KafkaListenerEndpointContainer#1-0-C-1] org.apache.kafka.clients.NetworkClient   : [Consumer clientId=consumer-notification-group-6, groupId=notification-group] Bootstrap broker localhost:9092 (id: -1 rack: null) disconnected
2026-07-28T07:37:10.956-07:00  INFO 5484 --- [notification-service] [org.springframework.kafka.KafkaListenerEndpointContainer#2-0-C-1] org.apache.kafka.clients.NetworkClient   : [Consumer clientId=consumer-notification-group-1, groupId=notification-group] Node -1 disconnected.
2026-07-28T07:37:10.957-07:00  WARN 5484 --- [notification-service] [org.springframework.kafka.KafkaListenerEndpointContainer#2-0-C-1] org.apache.kafka.clients.NetworkClient   : [Consumer clientId=consumer-notification-group-1, groupId=notification-group] Connection to node -1 (localhost/127.0.0.1:9092) could not be established. Node may not be available.
2026-07-28T07:37:10.957-07:00  WARN 5484 --- [notification-service] [org.springframework.kafka.KafkaListenerEndpointContainer#2-0-C-1] org.apache.kafka.clients.NetworkClient   : [Consumer clientId=consumer-notification-group-1, groupId=notification-group] Bootstrap broker localhost:9092 (id: -1 rack: null) disconnected
2026-07-28T07:37:11.148-07:00  INFO 5484 --- [notification-service] [org.springframework.kafka.KafkaListenerEndpointContainer#3-0-C-1] org.apache.kafka.clients.NetworkClient   : [Consumer clientId=consumer-notification-group-2, groupId=notification-group] Node -1 disconnected.
2026-07-28T07:37:11.148-07:00  WARN 5484 --- [notification-service] [org.springframework.kafka.KafkaListenerEndpointContainer#3-0-C-1] org.apache.kafka.clients.NetworkClient   : [Consumer clientId=consumer-notification-group-2, groupId=notification-group] Connection to node -1 (localhost/127.0.0.1:9092) could not be established. Node may not be available.
2026-07-28T07:37:11.148-07:00  WARN 5484 --- [notification-service] [org.springframework.kafka.KafkaListenerEndpointContainer#3-0-C-1] org.apache.kafka.clients.NetworkClient   : [Consumer clientId=consumer-notification-group-2, groupId=notification-group] Bootstrap broker localhost:9092 (id: -1 rack: null) disconnected
2026-07-28T07:37:11.226-07:00  INFO 5484 --- [notification-service] [org.springframework.kafka.KafkaListenerEndpointContainer#5-0-C-1] org.apache.kafka.clients.NetworkClient   : [Consumer clientId=consumer-notification-group-4, groupId=notification-group] Node -1 disconnected.
2026-07-28T07:37:11.226-07:00  WARN 5484 --- [notification-service] [org.springframework.kafka.KafkaListenerEndpointContainer#5-0-C-1] org.apache.kafka.clients.NetworkClient   : [Consumer clientId=consumer-notification-group-4, groupId=notification-group] Connection to node -1 (localhost/127.0.0.1:9092) could not be established. Node may not be available.
2026-07-28T07:37:11.226-07:00  WARN 5484 --- [notification-service] [org.springframework.kafka.KafkaListenerEndpointContainer#5-0-C-1] org.apache.kafka.clients.NetworkClient   : [Consumer clientId=consumer-notification-group-4, groupId=notification-group] Bootstrap broker localhost:9092 (id: -1 rack: null) disconnected
2026-07-28T07:37:11.352-07:00  INFO 5484 --- [notification-service] [org.springframework.kafka.KafkaListenerEndpointContainer#4-0-C-1] org.apache.kafka.clients.NetworkClient   : [Consumer clientId=consumer-notification-group-3, groupId=notification-group] Node -1 disconnected.
2026-07-28T07:37:11.352-07:00  WARN 5484 --- [notification-service] [org.springframework.kafka.KafkaListenerEndpointContainer#4-0-C-1] org.apache.kafka.clients.NetworkClient   : [Consumer clientId=consumer-notification-group-3, groupId=notification-group] Connection to node -1 (localhost/127.0.0.1:9092) could not be established. Node may not be available.
2026-07-28T07:37:11.352-07:00  WARN 5484 --- [notification-service] [org.springframework.kafka.KafkaListenerEndpointContainer#4-0-C-1] org.apache.kafka.clients.NetworkClient   : [Consumer clientId=consumer-notification-group-3, groupId=notification-group] Bootstrap broker localhost:9092 (id: -1 rack: null) disconnected
2026-07-28T07:37:11.383-07:00  INFO 5484 --- [notification-service] [org.springframework.kafka.KafkaListenerEndpointContainer#0-0-C-1] org.apache.kafka.clients.NetworkClient   : [Consumer clientId=consumer-notification-group-5, groupId=notification-group] Node -1 disconnected.
2026-07-28T07:37:11.384-07:00  WARN 5484 --- [notification-service] [org.springframework.kafka.KafkaListenerEndpointContainer#0-0-C-1] org.apache.kafka.clients.NetworkClient   : [Consumer clientId=consumer-notification-group-5, groupId=notification-group] Connection to node -1 (localhost/127.0.0.1:9092) could not be established. Node may not be available.
2026-07-28T07:37:11.384-07:00  WARN 5484 --- [notification-service] [org.springframework.kafka.KafkaListenerEndpointContainer#0-0-C-1] org.apache.kafka.clients.NetworkClient   : [Consumer clientId=consumer-notification-group-5, groupId=notification-group] Bootstrap broker localhost:9092 (id: -1 rack: null) disconnected
2026-07-28T07:37:11.794-07:00  INFO 5484 --- [notification-service] [org.springframework.kafka.KafkaListenerEndpointContainer#1-0-C-1] org.apache.kafka.clients.NetworkClient   : [Consumer clientId=consumer-notification-group-6, groupId=notification-group] Node -1 disconnected.
2026-07-28T07:37:11.795-07:00  WARN 5484 --- [notification-service] [org.springframework.kafka.KafkaListenerEndpointContainer#1-0-C-1] org.apache.kafka.clients.NetworkClient   : [Consumer clientId=consumer-notification-group-6, groupId=notification-group] Connection to node -1 (localhost/127.0.0.1:9092) could not be established. Node may not be available.
2026-07-28T07:37:11.795-07:00  WARN 5484 --- [notification-service] [org.springframework.kafka.KafkaListenerEndpointContainer#1-0-C-1] org.apache.kafka.clients.NetworkClient   : [Consumer clientId=consumer-notification-group-6, groupId=notification-group] Bootstrap broker localhost:9092 (id: -1 rack: null) disconnected
2026-07-28T07:37:11.872-07:00  INFO 5484 --- [notification-service] [org.springframework.kafka.KafkaListenerEndpointContainer#2-0-C-1] org.apache.kafka.clients.NetworkClient   : [Consumer clientId=consumer-notification-group-1, groupId=notification-group] Node -1 disconnected.
2026-07-28T07:37:11.873-07:00  WARN 5484 --- [notification-service] [org.springframework.kafka.KafkaListenerEndpointContainer#2-0-C-1] org.apache.kafka.clients.NetworkClient   : [Consumer clientId=consumer-notification-group-1, groupId=notification-group] Connection to node -1 (localhost/127.0.0.1:9092) could not be established. Node may not be available.
2026-07-28T07:37:11.873-07:00  WARN 5484 --- [notification-service] [org.springframework.kafka.KafkaListenerEndpointContainer#2-0-C-1] org.apache.kafka.clients.NetworkClient   : [Consumer clientId=consumer-notification-group-1, groupId=notification-group] Bootstrap broker localhost:9092 (id: -1 rack: null) disconnected
2026-07-28T07:37:12.154-07:00  INFO 5484 --- [notification-service] [org.springframework.kafka.KafkaListenerEndpointContainer#3-0-C-1] org.apache.kafka.clients.NetworkClient   : [Consumer clientId=consumer-notification-group-2, groupId=notification-group] Node -1 disconnected.
2026-07-28T07:37:12.155-07:00  WARN 5484 --- [notification-service] [org.springframework.kafka.KafkaListenerEndpointContainer#3-0-C-1] org.apache.kafka.clients.NetworkClient   : [Consumer clientId=consumer-notification-group-2, groupId=notification-group] Connection to node -1 (localhost/127.0.0.1:9092) could not be established. Node may not be available.
2026-07-28T07:37:12.155-07:00  WARN 5484 --- [notification-service] [org.springframework.kafka.KafkaListenerEndpointContainer#3-0-C-1] org.apache.kafka.clients.NetworkClient   : [Consumer clientId=consumer-notification-group-2, groupId=notification-group] Bootstrap broker localhost:9092 (id: -1 rack: null) disconnected
2026-07-28T07:37:12.233-07:00  INFO 5484 --- [notification-service] [org.springframework.kafka.KafkaListenerEndpointContainer#5-0-C-1] org.apache.kafka.clients.NetworkClient   : [Consumer clientId=consumer-notification-group-4, groupId=notification-group] Node -1 disconnected.
2026-07-28T07:37:12.233-07:00  WARN 5484 --- [notification-service] [org.springframework.kafka.KafkaListenerEndpointContainer#5-0-C-1] org.apache.kafka.clients.NetworkClient   : [Consumer clientId=consumer-notification-group-4, groupId=notification-group] Connection to node -1 (localhost/127.0.0.1:9092) could not be established. Node may not be available.
2026-07-28T07:37:12.233-07:00  WARN 5484 --- [notification-service] [org.springframework.kafka.KafkaListenerEndpointContainer#5-0-C-1] org.apache.kafka.clients.NetworkClient   : [Consumer clientId=consumer-notification-group-4, groupId=notification-group] Bootstrap broker localhost:9092 (id: -1 rack: null) disconnected
2026-07-28T07:37:12.357-07:00  INFO 5484 --- [notification-service] [org.springframework.kafka.KafkaListenerEndpointContainer#4-0-C-1] org.apache.kafka.clients.NetworkClient   : [Consumer clientId=consumer-notification-group-3, groupId=notification-group] Node -1 disconnected.
2026-07-28T07:37:12.357-07:00  WARN 5484 --- [notification-service] [org.springframework.kafka.KafkaListenerEndpointContainer#4-0-C-1] org.apache.kafka.clients.NetworkClient   : [Consumer clientId=consumer-notification-group-3, groupId=notification-group] Connection to node -1 (localhost/127.0.0.1:9092) could not be established. Node may not be available.
2026-07-28T07:37:12.357-07:00  WARN 5484 --- [notification-service] [org.springframework.kafka.KafkaListenerEndpointContainer#4-0-C-1] org.apache.kafka.clients.NetworkClient   : [Consumer clientId=consumer-notification-group-3, groupId=notification-group] Bootstrap broker localhost:9092 (id: -1 rack: null) disconnected
2026-07-28T07:37:12.388-07:00  INFO 5484 --- [notification-service] [org.springframework.kafka.KafkaListenerEndpointContainer#0-0-C-1] org.apache.kafka.clients.NetworkClient   : [Consumer clientId=consumer-notification-group-5, groupId=notification-group] Node -1 disconnected.
2026-07-28T07:37:12.388-07:00  WARN 5484 --- [notification-service] [org.springframework.kafka.KafkaListenerEndpointContainer#0-0-C-1] org.apache.kafka.clients.NetworkClient   : [Consumer clientId=consumer-notification-group-5, groupId=notification-group] Connection to node -1 (localhost/127.0.0.1:9092) could not be established. Node may not be available.
2026-07-28T07:37:12.388-07:00  WARN 5484 --- [notification-service] [org.springframework.kafka.KafkaListenerEndpointContainer#0-0-C-1] org.apache.kafka.clients.NetworkClient   : [Consumer clientId=consumer-notification-group-5, groupId=notification-group] Bootstrap broker localhost:9092 (id: -1 rack: null) disconnected
2026-07-28T07:37:12.746-07:00  INFO 5484 --- [notification-service] [org.springframework.kafka.KafkaListenerEndpointContainer#2-0-C-1] org.apache.kafka.clients.NetworkClient   : [Consumer clientId=consumer-notification-group-1, groupId=notification-group] Node -1 disconnected.
2026-07-28T07:37:12.746-07:00  WARN 5484 --- [notification-service] [org.springframework.kafka.KafkaListenerEndpointContainer#2-0-C-1] org.apache.kafka.clients.NetworkClient   : [Consumer clientId=consumer-notification-group-1, groupId=notification-group] Connection to node -1 (localhost/127.0.0.1:9092) could not be established. Node may not be available.
2026-07-28T07:37:12.746-07:00  WARN 5484 --- [notification-service] [org.springframework.kafka.KafkaListenerEndpointContainer#2-0-C-1] org.apache.kafka.clients.NetworkClient   : [Consumer clientId=consumer-notification-group-1, groupId=notification-group] Bootstrap broker localhost:9092 (id: -1 rack: null) disconnected
2026-07-28T07:37:12.793-07:00  INFO 5484 --- [notification-service] [org.springframework.kafka.KafkaListenerEndpointContainer#1-0-C-1] org.apache.kafka.clients.NetworkClient   : [Consumer clientId=consumer-notification-group-6, groupId=notification-group] Node -1 disconnected.
2026-07-28T07:37:12.793-07:00  WARN 5484 --- [notification-service] [org.springframework.kafka.KafkaListenerEndpointContainer#1-0-C-1] org.apache.kafka.clients.NetworkClient   : [Consumer clientId=consumer-notification-group-6, groupId=notification-group] Connection to node -1 (localhost/127.0.0.1:9092) could not be established. Node may not be available.
2026-07-28T07:37:12.793-07:00  WARN 5484 --- [notification-service] [org.springframework.kafka.KafkaListenerEndpointContainer#1-0-C-1] org.apache.kafka.clients.NetworkClient   : [Consumer clientId=consumer-notification-group-6, groupId=notification-group] Bootstrap broker localhost:9092 (id: -1 rack: null) disconnected
2026-07-28T07:37:13.028-07:00  INFO 5484 --- [notification-service] [org.springframework.kafka.KafkaListenerEndpointContainer#3-0-C-1] org.apache.kafka.clients.NetworkClient   : [Consumer clientId=consumer-notification-group-2, groupId=notification-group] Node -1 disconnected.
2026-07-28T07:37:13.028-07:00  WARN 5484 --- [notification-service] [org.springframework.kafka.KafkaListenerEndpointContainer#3-0-C-1] org.apache.kafka.clients.NetworkClient   : [Consumer clientId=consumer-notification-group-2, groupId=notification-group] Connection to node -1 (localhost/127.0.0.1:9092) could not be established. Node may not be available.
2026-07-28T07:37:13.029-07:00  WARN 5484 --- [notification-service] [org.springframework.kafka.KafkaListenerEndpointContainer#3-0-C-1] org.apache.kafka.clients.NetworkClient   : [Consumer clientId=consumer-notification-group-2, groupId=notification-group] Bootstrap broker localhost:9092 (id: -1 rack: null) disconnected
2026-07-28T07:37:13.247-07:00  INFO 5484 --- [notification-service] [org.springframework.kafka.KafkaListenerEndpointContainer#5-0-C-1] org.apache.kafka.clients.NetworkClient   : [Consumer clientId=consumer-notification-group-4, groupId=notification-group] Node -1 disconnected.
2026-07-28T07:37:13.247-07:00  WARN 5484 --- [notification-service] [org.springframework.kafka.KafkaListenerEndpointContainer#5-0-C-1] org.apache.kafka.clients.NetworkClient   : [Consumer clientId=consumer-notification-group-4, groupId=notification-group] Connection to node -1 (localhost/127.0.0.1:9092) could not be established. Node may not be available.
2026-07-28T07:37:13.247-07:00  WARN 5484 --- [notification-service] [org.springframework.kafka.KafkaListenerEndpointContainer#5-0-C-1] org.apache.kafka.clients.NetworkClient   : [Consumer clientId=consumer-notification-group-4, groupId=notification-group] Bootstrap broker localhost:9092 (id: -1 rack: null) disconnected
2026-07-28T07:37:13.402-07:00  INFO 5484 --- [notification-service] [org.springframework.kafka.KafkaListenerEndpointContainer#0-0-C-1] org.apache.kafka.clients.NetworkClient   : [Consumer clientId=consumer-notification-group-5, groupId=notification-group] Node -1 disconnected.
2026-07-28T07:37:13.403-07:00  WARN 5484 --- [notification-service] [org.springframework.kafka.KafkaListenerEndpointContainer#0-0-C-1] org.apache.kafka.clients.NetworkClient   : [Consumer clientId=consumer-notification-group-5, groupId=notification-group] Connection to node -1 (localhost/127.0.0.1:9092) could not be established. Node may not be available.
2026-07-28T07:37:13.403-07:00  WARN 5484 --- [notification-service] [org.springframework.kafka.KafkaListenerEndpointContainer#0-0-C-1] org.apache.kafka.clients.NetworkClient   : [Consumer clientId=consumer-notification-group-5, groupId=notification-group] Bootstrap broker localhost:9092 (id: -1 rack: null) disconnected
2026-07-28T07:37:13.417-07:00  INFO 5484 --- [notification-service] [org.springframework.kafka.KafkaListenerEndpointContainer#4-0-C-1] org.apache.kafka.clients.NetworkClient   : [Consumer clientId=consumer-notification-group-3, groupId=notification-group] Node -1 disconnected.
2026-07-28T07:37:13.418-07:00  WARN 5484 --- [notification-service] [org.springframework.kafka.KafkaListenerEndpointContainer#4-0-C-1] org.apache.kafka.clients.NetworkClient   : [Consumer clientId=consumer-notification-group-3, groupId=notification-group] Connection to node -1 (localhost/127.0.0.1:9092) could not be established. Node may not be available.
2026-07-28T07:37:13.418-07:00  WARN 5484 --- [notification-service] [org.springframework.kafka.KafkaListenerEndpointContainer#4-0-C-1] org.apache.kafka.clients.NetworkClient   : [Consumer clientId=consumer-notification-group-3, groupId=notification-group] Bootstrap broker localhost:9092 (id: -1 rack: null) disconnected
2026-07-28T07:37:13.666-07:00  INFO 5484 --- [notification-service] [org.springframework.kafka.KafkaListenerEndpointContainer#1-0-C-1] org.apache.kafka.clients.NetworkClient   : [Consumer clientId=consumer-notification-group-6, groupId=notification-group] Node -1 disconnected.
2026-07-28T07:37:13.666-07:00  WARN 5484 --- [notification-service] [org.springframework.kafka.KafkaListenerEndpointContainer#1-0-C-1] org.apache.kafka.clients.NetworkClient   : [Consumer clientId=consumer-notification-group-6, groupId=notification-group] Connection to node -1 (localhost/127.0.0.1:9092) could not be established. Node may not be available.
2026-07-28T07:37:13.666-07:00  WARN 5484 --- [notification-service] [org.springframework.kafka.KafkaListenerEndpointContainer#1-0-C-1] org.apache.kafka.clients.NetworkClient   : [Consumer clientId=consumer-notification-group-6, groupId=notification-group] Bootstrap broker localhost:9092 (id: -1 rack: null) disconnected
2026-07-28T07:37:13.761-07:00  INFO 5484 --- [notification-service] [org.springframework.kafka.KafkaListenerEndpointContainer#2-0-C-1] org.apache.kafka.clients.NetworkClient   : [Consumer clientId=consumer-notification-group-1, groupId=notification-group] Node -1 disconnected.
2026-07-28T07:37:13.762-07:00  WARN 5484 --- [notification-service] [org.springframework.kafka.KafkaListenerEndpointContainer#2-0-C-1] org.apache.kafka.clients.NetworkClient   : [Consumer clientId=consumer-notification-group-1, groupId=notification-group] Connection to node -1 (localhost/127.0.0.1:9092) could not be established. Node may not be available.
2026-07-28T07:37:13.762-07:00  WARN 5484 --- [notification-service] [org.springframework.kafka.KafkaListenerEndpointContainer#2-0-C-1] org.apache.kafka.clients.NetworkClient   : [Consumer clientId=consumer-notification-group-1, groupId=notification-group] Bootstrap broker localhost:9092 (id: -1 rack: null) disconnected
2026-07-28T07:37:14.026-07:00  INFO 5484 --- [notification-service] [org.springframework.kafka.KafkaListenerEndpointContainer#3-0-C-1] org.apache.kafka.clients.NetworkClient   : [Consumer clientId=consumer-notification-group-2, groupId=notification-group] Node -1 disconnected.
2026-07-28T07:37:14.026-07:00  WARN 5484 --- [notification-service] [org.springframework.kafka.KafkaListenerEndpointContainer#3-0-C-1] org.apache.kafka.clients.NetworkClient   : [Consumer clientId=consumer-notification-group-2, groupId=notification-group] Connection to node -1 (localhost/127.0.0.1:9092) could not be established. Node may not be available.
2026-07-28T07:37:14.027-07:00  WARN 5484 --- [notification-service] [org.springframework.kafka.KafkaListenerEndpointContainer#3-0-C-1] org.apache.kafka.clients.NetworkClient   : [Consumer clientId=consumer-notification-group-2, groupId=notification-group] Bootstrap broker localhost:9092 (id: -1 rack: null) disconnected
2026-07-28T07:37:14.278-07:00  INFO 5484 --- [notification-service] [org.springframework.kafka.KafkaListenerEndpointContainer#5-0-C-1] org.apache.kafka.clients.NetworkClient   : [Consumer clientId=consumer-notification-group-4, groupId=notification-group] Node -1 disconnected.
2026-07-28T07:37:14.279-07:00  WARN 5484 --- [notification-service] [org.springframework.kafka.KafkaListenerEndpointContainer#5-0-C-1] org.apache.kafka.clients.NetworkClient   : [Consumer clientId=consumer-notification-group-4, groupId=notification-group] Connection to node -1 (localhost/127.0.0.1:9092) could not be established. Node may not be available.
2026-07-28T07:37:14.279-07:00  WARN 5484 --- [notification-service] [org.springframework.kafka.KafkaListenerEndpointContainer#5-0-C-1] org.apache.kafka.clients.NetworkClient   : [Consumer clientId=consumer-notification-group-4, groupId=notification-group] Bootstrap broker localhost:9092 (id: -1 rack: null) disconnected
2026-07-28T07:37:14.278-07:00  INFO 5484 --- [notification-service] [org.springframework.kafka.KafkaListenerEndpointContainer#0-0-C-1] org.apache.kafka.clients.NetworkClient   : [Consumer clientId=consumer-notification-group-5, groupId=notification-group] Node -1 disconnected.
2026-07-28T07:37:14.279-07:00  WARN 5484 --- [notification-service] [org.springframework.kafka.KafkaListenerEndpointContainer#0-0-C-1] org.apache.kafka.clients.NetworkClient   : [Consumer clientId=consumer-notification-group-5, groupId=notification-group] Connection to node -1 (localhost/127.0.0.1:9092) could not be established. Node may not be available.
2026-07-28T07:37:14.279-07:00  WARN 5484 --- [notification-service] [org.springframework.kafka.KafkaListenerEndpointContainer#0-0-C-1] org.apache.kafka.clients.NetworkClient   : [Consumer clientId=consumer-notification-group-5, groupId=notification-group] Bootstrap broker localhost:9092 (id: -1 rack: null) disconnected
2026-07-28T07:37:14.418-07:00  INFO 5484 --- [notification-service] [org.springframework.kafka.KafkaListenerEndpointContainer#4-0-C-1] org.apache.kafka.clients.NetworkClient   : [Consumer clientId=consumer-notification-group-3, groupId=notification-group] Node -1 disconnected.
2026-07-28T07:37:14.419-07:00  WARN 5484 --- [notification-service] [org.springframework.kafka.KafkaListenerEndpointContainer#4-0-C-1] org.apache.kafka.clients.NetworkClient   : [Consumer clientId=consumer-notification-group-3, groupId=notification-group] Connection to node -1 (localhost/127.0.0.1:9092) could not be established. Node may not be available.
2026-07-28T07:37:14.419-07:00  WARN 5484 --- [notification-service] [org.springframework.kafka.KafkaListenerEndpointContainer#4-0-C-1] org.apache.kafka.clients.NetworkClient   : [Consumer clientId=consumer-notification-group-3, groupId=notification-group] Bootstrap broker localhost:9092 (id: -1 rack: null) disconnected
2026-07-28T07:37:14.577-07:00  INFO 5484 --- [notification-service] [org.springframework.kafka.KafkaListenerEndpointContainer#2-0-C-1] org.apache.kafka.clients.NetworkClient   : [Consumer clientId=consumer-notification-group-1, groupId=notification-group] Node -1 disconnected.
2026-07-28T07:37:14.577-07:00  WARN 5484 --- [notification-service] [org.springframework.kafka.KafkaListenerEndpointContainer#2-0-C-1] org.apache.kafka.clients.NetworkClient   : [Consumer clientId=consumer-notification-group-1, groupId=notification-group] Connection to node -1 (localhost/127.0.0.1:9092) could not be established. Node may not be available.
2026-07-28T07:37:14.577-07:00  WARN 5484 --- [notification-service] [org.springframework.kafka.KafkaListenerEndpointContainer#2-0-C-1] org.apache.kafka.clients.NetworkClient   : [Consumer clientId=consumer-notification-group-1, groupId=notification-group] Bootstrap broker localhost:9092 (id: -1 rack: null) disconnected
2026-07-28T07:37:14.608-07:00  INFO 5484 --- [notification-service] [org.springframework.kafka.KafkaListenerEndpointContainer#1-0-C-1] org.apache.kafka.clients.NetworkClient   : [Consumer clientId=consumer-notification-group-6, groupId=notification-group] Node -1 disconnected.
2026-07-28T07:37:14.608-07:00  WARN 5484 --- [notification-service] [org.springframework.kafka.KafkaListenerEndpointContainer#1-0-C-1] org.apache.kafka.clients.NetworkClient   : [Consumer clientId=consumer-notification-group-6, groupId=notification-group] Connection to node -1 (localhost/127.0.0.1:9092) could not be established. Node may not be available.
2026-07-28T07:37:14.609-07:00  WARN 5484 --- [notification-service] [org.springframework.kafka.KafkaListenerEndpointContainer#1-0-C-1] org.apache.kafka.clients.NetworkClient   : [Consumer clientId=consumer-notification-group-6, groupId=notification-group] Bootstrap broker localhost:9092 (id: -1 rack: null) disconnected
2026-07-28T07:37:14.909-07:00  INFO 5484 --- [notification-service] [org.springframework.kafka.KafkaListenerEndpointContainer#3-0-C-1] org.apache.kafka.clients.NetworkClient   : [Consumer clientId=consumer-notification-group-2, groupId=notification-group] Node -1 disconnected.
2026-07-28T07:37:14.909-07:00  WARN 5484 --- [notification-service] [org.springframework.kafka.KafkaListenerEndpointContainer#3-0-C-1] org.apache.kafka.clients.NetworkClient   : [Consumer clientId=consumer-notification-group-2, groupId=notification-group] Connection to node -1 (localhost/127.0.0.1:9092) could not be established. Node may not be available.
2026-07-28T07:37:14.909-07:00  WARN 5484 --- [notification-service] [org.springframework.kafka.KafkaListenerEndpointContainer#3-0-C-1] org.apache.kafka.clients.NetworkClient   : [Consumer clientId=consumer-notification-group-2, groupId=notification-group] Bootstrap broker localhost:9092 (id: -1 rack: null) disconnected
2026-07-28T07:37:15.288-07:00  INFO 5484 --- [notification-service] [org.springframework.kafka.KafkaListenerEndpointContainer#5-0-C-1] org.apache.kafka.clients.NetworkClient   : [Consumer clientId=consumer-notification-group-4, groupId=notification-group] Node -1 disconnected.
2026-07-28T07:37:15.289-07:00  WARN 5484 --- [notification-service] [org.springframework.kafka.KafkaListenerEndpointContainer#5-0-C-1] org.apache.kafka.clients.NetworkClient   : [Consumer clientId=consumer-notification-group-4, groupId=notification-group] Connection to node -1 (localhost/127.0.0.1:9092) could not be established. Node may not be available.
2026-07-28T07:37:15.289-07:00  WARN 5484 --- [notification-service] [org.springframework.kafka.KafkaListenerEndpointContainer#5-0-C-1] org.apache.kafka.clients.NetworkClient   : [Consumer clientId=consumer-notification-group-4, groupId=notification-group] Bootstrap broker localhost:9092 (id: -1 rack: null) disconnected
2026-07-28T07:37:15.305-07:00  INFO 5484 --- [notification-service] [org.springframework.kafka.KafkaListenerEndpointContainer#0-0-C-1] org.apache.kafka.clients.NetworkClient   : [Consumer clientId=consumer-notification-group-5, groupId=notification-group] Node -1 disconnected.
2026-07-28T07:37:15.305-07:00  WARN 5484 --- [notification-service] [org.springframework.kafka.KafkaListenerEndpointContainer#0-0-C-1] org.apache.kafka.clients.NetworkClient   : [Consumer clientId=consumer-notification-group-5, groupId=notification-group] Connection to node -1 (localhost/127.0.0.1:9092) could not be established. Node may not be available.
2026-07-28T07:37:15.305-07:00  WARN 5484 --- [notification-service] [org.springframework.kafka.KafkaListenerEndpointContainer#0-0-C-1] org.apache.kafka.clients.NetworkClient   : [Consumer clientId=consumer-notification-group-5, groupId=notification-group] Bootstrap broker localhost:9092 (id: -1 rack: null) disconnected
2026-07-28T07:37:15.368-07:00  INFO 5484 --- [notification-service] [org.springframework.kafka.KafkaListenerEndpointContainer#4-0-C-1] org.apache.kafka.clients.NetworkClient   : [Consumer clientId=consumer-notification-group-3, groupId=notification-group] Node -1 disconnected.
2026-07-28T07:37:15.369-07:00  WARN 5484 --- [notification-service] [org.springframework.kafka.KafkaListenerEndpointContainer#4-0-C-1] org.apache.kafka.clients.NetworkClient   : [Consumer clientId=consumer-notification-group-3, groupId=notification-group] Connection to node -1 (localhost/127.0.0.1:9092) could not be established. Node may not be available.
2026-07-28T07:37:15.369-07:00  WARN 5484 --- [notification-service] [org.springframework.kafka.KafkaListenerEndpointContainer#4-0-C-1] org.apache.kafka.clients.NetworkClient   : [Consumer clientId=consumer-notification-group-3, groupId=notification-group] Bootstrap broker localhost:9092 (id: -1 rack: null) disconnected
2026-07-28T07:37:15.461-07:00  INFO 5484 --- [notification-service] [org.springframework.kafka.KafkaListenerEndpointContainer#2-0-C-1] org.apache.kafka.clients.NetworkClient   : [Consumer clientId=consumer-notification-group-1, groupId=notification-group] Node -1 disconnected.
2026-07-28T07:37:15.461-07:00  WARN 5484 --- [notification-service] [org.springframework.kafka.KafkaListenerEndpointContainer#2-0-C-1] org.apache.kafka.clients.NetworkClient   : [Consumer clientId=consumer-notification-group-1, groupId=notification-group] Connection to node -1 (localhost/127.0.0.1:9092) could not be established. Node may not be available.
2026-07-28T07:37:15.462-07:00  WARN 5484 --- [notification-service] [org.springframework.kafka.KafkaListenerEndpointContainer#2-0-C-1] org.apache.kafka.clients.NetworkClient   : [Consumer clientId=consumer-notification-group-1, groupId=notification-group] Bootstrap broker localhost:9092 (id: -1 rack: null) disconnected
2026-07-28T07:37:15.620-07:00  INFO 5484 --- [notification-service] [org.springframework.kafka.KafkaListenerEndpointContainer#1-0-C-1] org.apache.kafka.clients.NetworkClient   : [Consumer clientId=consumer-notification-group-6, groupId=notification-group] Node -1 disconnected.
2026-07-28T07:37:15.620-07:00  WARN 5484 --- [notification-service] [org.springframework.kafka.KafkaListenerEndpointContainer#1-0-C-1] org.apache.kafka.clients.NetworkClient   : [Consumer clientId=consumer-notification-group-6, groupId=notification-group] Connection to node -1 (localhost/127.0.0.1:9092) could not be established. Node may not be available.
2026-07-28T07:37:15.620-07:00  WARN 5484 --- [notification-service] [org.springframework.kafka.KafkaListenerEndpointContainer#1-0-C-1] org.apache.kafka.clients.NetworkClient   : [Consumer clientId=consumer-notification-group-6, groupId=notification-group] Bootstrap broker localhost:9092 (id: -1 rack: null) disconnected
2026-07-28T07:37:15.804-07:00  INFO 5484 --- [notification-service] [org.springframework.kafka.KafkaListenerEndpointContainer#3-0-C-1] org.apache.kafka.clients.NetworkClient   : [Consumer clientId=consumer-notification-group-2, groupId=notification-group] Node -1 disconnected.
2026-07-28T07:37:15.804-07:00  WARN 5484 --- [notification-service] [org.springframework.kafka.KafkaListenerEndpointContainer#3-0-C-1] org.apache.kafka.clients.NetworkClient   : [Consumer clientId=consumer-notification-group-2, groupId=notification-group] Connection to node -1 (localhost/127.0.0.1:9092) could not be established. Node may not be available.
2026-07-28T07:37:15.804-07:00  WARN 5484 --- [notification-service] [org.springframework.kafka.KafkaListenerEndpointContainer#3-0-C-1] org.apache.kafka.clients.NetworkClient   : [Consumer clientId=consumer-notification-group-2, groupId=notification-group] Bootstrap broker localhost:9092 (id: -1 rack: null) disconnected
2026-07-28T07:37:16.185-07:00  INFO 5484 --- [notification-service] [org.springframework.kafka.KafkaListenerEndpointContainer#5-0-C-1] org.apache.kafka.clients.NetworkClient   : [Consumer clientId=consumer-notification-group-4, groupId=notification-group] Node -1 disconnected.
2026-07-28T07:37:16.187-07:00  INFO 5484 --- [notification-service] [org.springframework.kafka.KafkaListenerEndpointContainer#4-0-C-1] org.apache.kafka.clients.NetworkClient   : [Consumer clientId=consumer-notification-group-3, groupId=notification-group] Node -1 disconnected.
2026-07-28T07:37:16.188-07:00  WARN 5484 --- [notification-service] [org.springframework.kafka.KafkaListenerEndpointContainer#4-0-C-1] org.apache.kafka.clients.NetworkClient   : [Consumer clientId=consumer-notification-group-3, groupId=notification-group] Connection to node -1 (localhost/127.0.0.1:9092) could not be established. Node may not be available.
2026-07-28T07:37:16.188-07:00  WARN 5484 --- [notification-service] [org.springframework.kafka.KafkaListenerEndpointContainer#4-0-C-1] org.apache.kafka.clients.NetworkClient   : [Consumer clientId=consumer-notification-group-3, groupId=notification-group] Bootstrap broker localhost:9092 (id: -1 rack: null) disconnected
2026-07-28T07:37:16.188-07:00  WARN 5484 --- [notification-service] [org.springframework.kafka.KafkaListenerEndpointContainer#5-0-C-1] org.apache.kafka.clients.NetworkClient   : [Consumer clientId=consumer-notification-group-4, groupId=notification-group] Connection to node -1 (localhost/127.0.0.1:9092) could not be established. Node may not be available.
2026-07-28T07:37:16.188-07:00  WARN 5484 --- [notification-service] [org.springframework.kafka.KafkaListenerEndpointContainer#5-0-C-1] org.apache.kafka.clients.NetworkClient   : [Consumer clientId=consumer-notification-group-4, groupId=notification-group] Bootstrap broker localhost:9092 (id: -1 rack: null) disconnected
2026-07-28T07:37:16.312-07:00  INFO 5484 --- [notification-service] [org.springframework.kafka.KafkaListenerEndpointContainer#0-0-C-1] org.apache.kafka.clients.NetworkClient   : [Consumer clientId=consumer-notification-group-5, groupId=notification-group] Node -1 disconnected.
2026-07-28T07:37:16.312-07:00  WARN 5484 --- [notification-service] [org.springframework.kafka.KafkaListenerEndpointContainer#0-0-C-1] org.apache.kafka.clients.NetworkClient   : [Consumer clientId=consumer-notification-group-5, groupId=notification-group] Connection to node -1 (localhost/127.0.0.1:9092) could not be established. Node may not be available.
2026-07-28T07:37:16.312-07:00  WARN 5484 --- [notification-service] [org.springframework.kafka.KafkaListenerEndpointContainer#0-0-C-1] org.apache.kafka.clients.NetworkClient   : [Consumer clientId=consumer-notification-group-5, groupId=notification-group] Bootstrap broker localhost:9092 (id: -1 rack: null) disconnected
2026-07-28T07:37:16.343-07:00  INFO 5484 --- [notification-service] [org.springframework.kafka.KafkaListenerEndpointContainer#2-0-C-1] org.apache.kafka.clients.NetworkClient   : [Consumer clientId=consumer-notification-group-1, groupId=notification-group] Node -1 disconnected.
2026-07-28T07:37:16.344-07:00  WARN 5484 --- [notification-service] [org.springframework.kafka.KafkaListenerEndpointContainer#2-0-C-1] org.apache.kafka.clients.NetworkClient   : [Consumer clientId=consumer-notification-group-1, groupId=notification-group] Connection to node -1 (localhost/127.0.0.1:9092) could not be established. Node may not be available.
2026-07-28T07:37:16.344-07:00  WARN 5484 --- [notification-service] [org.springframework.kafka.KafkaListenerEndpointContainer#2-0-C-1] org.apache.kafka.clients.NetworkClient   : [Consumer clientId=consumer-notification-group-1, groupId=notification-group] Bootstrap broker localhost:9092 (id: -1 rack: null) disconnected
2026-07-28T07:37:16.657-07:00  INFO 5484 --- [notification-service] [org.springframework.kafka.KafkaListenerEndpointContainer#1-0-C-1] org.apache.kafka.clients.NetworkClient   : [Consumer clientId=consumer-notification-group-6, groupId=notification-group] Node -1 disconnected.
2026-07-28T07:37:16.657-07:00  WARN 5484 --- [notification-service] [org.springframework.kafka.KafkaListenerEndpointContainer#1-0-C-1] org.apache.kafka.clients.NetworkClient   : [Consumer clientId=consumer-notification-group-6, groupId=notification-group] Connection to node -1 (localhost/127.0.0.1:9092) could not be established. Node may not be available.
2026-07-28T07:37:16.658-07:00  WARN 5484 --- [notification-service] [org.springframework.kafka.KafkaListenerEndpointContainer#1-0-C-1] org.apache.kafka.clients.NetworkClient   : [Consumer clientId=consumer-notification-group-6, groupId=notification-group] Bootstrap broker localhost:9092 (id: -1 rack: null) disconnected
2026-07-28T07:37:16.814-07:00  INFO 5484 --- [notification-service] [org.springframework.kafka.KafkaListenerEndpointContainer#3-0-C-1] org.apache.kafka.clients.NetworkClient   : [Consumer clientId=consumer-notification-group-2, groupId=notification-group] Node -1 disconnected.
2026-07-28T07:37:16.814-07:00  WARN 5484 --- [notification-service] [org.springframework.kafka.KafkaListenerEndpointContainer#3-0-C-1] org.apache.kafka.clients.NetworkClient   : [Consumer clientId=consumer-notification-group-2, groupId=notification-group] Connection to node -1 (localhost/127.0.0.1:9092) could not be established. Node may not be available.
2026-07-28T07:37:16.814-07:00  WARN 5484 --- [notification-service] [org.springframework.kafka.KafkaListenerEndpointContainer#3-0-C-1] org.apache.kafka.clients.NetworkClient   : [Consumer clientId=consumer-notification-group-2, groupId=notification-group] Bootstrap broker localhost:9092 (id: -1 rack: null) disconnected
2026-07-28T07:37:17.208-07:00  INFO 5484 --- [notification-service] [org.springframework.kafka.KafkaListenerEndpointContainer#5-0-C-1] org.apache.kafka.clients.NetworkClient   : [Consumer clientId=consumer-notification-group-4, groupId=notification-group] Node -1 disconnected.
2026-07-28T07:37:17.208-07:00  INFO 5484 --- [notification-service] [org.springframework.kafka.KafkaListenerEndpointContainer#4-0-C-1] org.apache.kafka.clients.NetworkClient   : [Consumer clientId=consumer-notification-group-3, groupId=notification-group] Node -1 disconnected.
2026-07-28T07:37:17.208-07:00  WARN 5484 --- [notification-service] [org.springframework.kafka.KafkaListenerEndpointContainer#4-0-C-1] org.apache.kafka.clients.NetworkClient   : [Consumer clientId=consumer-notification-group-3, groupId=notification-group] Connection to node -1 (localhost/127.0.0.1:9092) could not be established. Node may not be available.
2026-07-28T07:37:17.208-07:00  WARN 5484 --- [notification-service] [org.springframework.kafka.KafkaListenerEndpointContainer#4-0-C-1] org.apache.kafka.clients.NetworkClient   : [Consumer clientId=consumer-notification-group-3, groupId=notification-group] Bootstrap broker localhost:9092 (id: -1 rack: null) disconnected
2026-07-28T07:37:17.208-07:00  WARN 5484 --- [notification-service] [org.springframework.kafka.KafkaListenerEndpointContainer#5-0-C-1] org.apache.kafka.clients.NetworkClient   : [Consumer clientId=consumer-notification-group-4, groupId=notification-group] Connection to node -1 (localhost/127.0.0.1:9092) could not be established. Node may not be available.
2026-07-28T07:37:17.209-07:00  WARN 5484 --- [notification-service] [org.springframework.kafka.KafkaListenerEndpointContainer#5-0-C-1] org.apache.kafka.clients.NetworkClient   : [Consumer clientId=consumer-notification-group-4, groupId=notification-group] Bootstrap broker localhost:9092 (id: -1 rack: null) disconnected
2026-07-28T07:37:17.287-07:00  INFO 5484 --- [notification-service] [org.springframework.kafka.KafkaListenerEndpointContainer#2-0-C-1] org.apache.kafka.clients.NetworkClient   : [Consumer clientId=consumer-notification-group-1, groupId=notification-group] Node -1 disconnected.
2026-07-28T07:37:17.287-07:00  WARN 5484 --- [notification-service] [org.springframework.kafka.KafkaListenerEndpointContainer#2-0-C-1] org.apache.kafka.clients.NetworkClient   : [Consumer clientId=consumer-notification-group-1, groupId=notification-group] Connection to node -1 (localhost/127.0.0.1:9092) could not be established. Node may not be available.
2026-07-28T07:37:17.287-07:00  WARN 5484 --- [notification-service] [org.springframework.kafka.KafkaListenerEndpointContainer#2-0-C-1] org.apache.kafka.clients.NetworkClient   : [Consumer clientId=consumer-notification-group-1, groupId=notification-group] Bootstrap broker localhost:9092 (id: -1 rack: null) disconnected
2026-07-28T07:37:17.317-07:00  INFO 5484 --- [notification-service] [org.springframework.kafka.KafkaListenerEndpointContainer#0-0-C-1] org.apache.kafka.clients.NetworkClient   : [Consumer clientId=consumer-notification-group-5, groupId=notification-group] Node -1 disconnected.
2026-07-28T07:37:17.317-07:00  WARN 5484 --- [notification-service] [org.springframework.kafka.KafkaListenerEndpointContainer#0-0-C-1] org.apache.kafka.clients.NetworkClient   : [Consumer clientId=consumer-notification-group-5, groupId=notification-group] Connection to node -1 (localhost/127.0.0.1:9092) could not be established. Node may not be available.
2026-07-28T07:37:17.318-07:00  WARN 5484 --- [notification-service] [org.springframework.kafka.KafkaListenerEndpointContainer#0-0-C-1] org.apache.kafka.clients.NetworkClient   : [Consumer clientId=consumer-notification-group-5, groupId=notification-group] Bootstrap broker localhost:9092 (id: -1 rack: null) disconnected
2026-07-28T07:37:17.664-07:00  INFO 5484 --- [notification-service] [org.springframework.kafka.KafkaListenerEndpointContainer#1-0-C-1] org.apache.kafka.clients.NetworkClient   : [Consumer clientId=consumer-notification-group-6, groupId=notification-group] Node -1 disconnected.
2026-07-28T07:37:17.665-07:00  WARN 5484 --- [notification-service] [org.springframework.kafka.KafkaListenerEndpointContainer#1-0-C-1] org.apache.kafka.clients.NetworkClient   : [Consumer clientId=consumer-notification-group-6, groupId=notification-group] Connection to node -1 (localhost/127.0.0.1:9092) could not be established. Node may not be available.
2026-07-28T07:37:17.665-07:00  WARN 5484 --- [notification-service] [org.springframework.kafka.KafkaListenerEndpointContainer#1-0-C-1] org.apache.kafka.clients.NetworkClient   : [Consumer clientId=consumer-notification-group-6, groupId=notification-group] Bootstrap broker localhost:9092 (id: -1 rack: null) disconnected
2026-07-28T07:37:17.823-07:00  INFO 5484 --- [notification-service] [org.springframework.kafka.KafkaListenerEndpointContainer#3-0-C-1] org.apache.kafka.clients.NetworkClient   : [Consumer clientId=consumer-notification-group-2, groupId=notification-group] Node -1 disconnected.
2026-07-28T07:37:17.823-07:00  WARN 5484 --- [notification-service] [org.springframework.kafka.KafkaListenerEndpointContainer#3-0-C-1] org.apache.kafka.clients.NetworkClient   : [Consumer clientId=consumer-notification-group-2, groupId=notification-group] Connection to node -1 (localhost/127.0.0.1:9092) could not be established. Node may not be available.
2026-07-28T07:37:17.823-07:00  WARN 5484 --- [notification-service] [org.springframework.kafka.KafkaListenerEndpointContainer#3-0-C-1] org.apache.kafka.clients.NetworkClient   : [Consumer clientId=consumer-notification-group-2, groupId=notification-group] Bootstrap broker localhost:9092 (id: -1 rack: null) disconnected
2026-07-28T07:37:18.172-07:00  INFO 5484 --- [notification-service] [org.springframework.kafka.KafkaListenerEndpointContainer#2-0-C-1] org.apache.kafka.clients.NetworkClient   : [Consumer clientId=consumer-notification-group-1, groupId=notification-group] Node -1 disconnected.
2026-07-28T07:37:18.172-07:00  WARN 5484 --- [notification-service] [org.springframework.kafka.KafkaListenerEndpointContainer#2-0-C-1] org.apache.kafka.clients.NetworkClient   : [Consumer clientId=consumer-notification-group-1, groupId=notification-group] Connection to node -1 (localhost/127.0.0.1:9092) could not be established. Node may not be available.
2026-07-28T07:37:18.172-07:00  WARN 5484 --- [notification-service] [org.springframework.kafka.KafkaListenerEndpointContainer#2-0-C-1] org.apache.kafka.clients.NetworkClient   : [Consumer clientId=consumer-notification-group-1, groupId=notification-group] Bootstrap broker localhost:9092 (id: -1 rack: null) disconnected
2026-07-28T07:37:18.219-07:00  INFO 5484 --- [notification-service] [org.springframework.kafka.KafkaListenerEndpointContainer#5-0-C-1] org.apache.kafka.clients.NetworkClient   : [Consumer clientId=consumer-notification-group-4, groupId=notification-group] Node -1 disconnected.
2026-07-28T07:37:18.219-07:00  INFO 5484 --- [notification-service] [org.springframework.kafka.KafkaListenerEndpointContainer#4-0-C-1] org.apache.kafka.clients.NetworkClient   : [Consumer clientId=consumer-notification-group-3, groupId=notification-group] Node -1 disconnected.
2026-07-28T07:37:18.220-07:00  WARN 5484 --- [notification-service] [org.springframework.kafka.KafkaListenerEndpointContainer#5-0-C-1] org.apache.kafka.clients.NetworkClient   : [Consumer clientId=consumer-notification-group-4, groupId=notification-group] Connection to node -1 (localhost/127.0.0.1:9092) could not be established. Node may not be available.
2026-07-28T07:37:18.220-07:00  WARN 5484 --- [notification-service] [org.springframework.kafka.KafkaListenerEndpointContainer#4-0-C-1] org.apache.kafka.clients.NetworkClient   : [Consumer clientId=consumer-notification-group-3, groupId=notification-group] Connection to node -1 (localhost/127.0.0.1:9092) could not be established. Node may not be available.
2026-07-28T07:37:18.220-07:00  WARN 5484 --- [notification-service] [org.springframework.kafka.KafkaListenerEndpointContainer#5-0-C-1] org.apache.kafka.clients.NetworkClient   : [Consumer clientId=consumer-notification-group-4, groupId=notification-group] Bootstrap broker localhost:9092 (id: -1 rack: null) disconnected
2026-07-28T07:37:18.220-07:00  WARN 5484 --- [notification-service] [org.springframework.kafka.KafkaListenerEndpointContainer#4-0-C-1] org.apache.kafka.clients.NetworkClient   : [Consumer clientId=consumer-notification-group-3, groupId=notification-group] Bootstrap broker localhost:9092 (id: -1 rack: null) disconnected
2026-07-28T07:37:18.328-07:00  INFO 5484 --- [notification-service] [org.springframework.kafka.KafkaListenerEndpointContainer#0-0-C-1] org.apache.kafka.clients.NetworkClient   : [Consumer clientId=consumer-notification-group-5, groupId=notification-group] Node -1 disconnected.
2026-07-28T07:37:18.328-07:00  WARN 5484 --- [notification-service] [org.springframework.kafka.KafkaListenerEndpointContainer#0-0-C-1] org.apache.kafka.clients.NetworkClient   : [Consumer clientId=consumer-notification-group-5, groupId=notification-group] Connection to node -1 (localhost/127.0.0.1:9092) could not be established. Node may not be available.
2026-07-28T07:37:18.329-07:00  WARN 5484 --- [notification-service] [org.springframework.kafka.KafkaListenerEndpointContainer#0-0-C-1] org.apache.kafka.clients.NetworkClient   : [Consumer clientId=consumer-notification-group-5, groupId=notification-group] Bootstrap broker localhost:9092 (id: -1 rack: null) disconnected
2026-07-28T07:37:18.674-07:00  INFO 5484 --- [notification-service] [org.springframework.kafka.KafkaListenerEndpointContainer#1-0-C-1] org.apache.kafka.clients.NetworkClient   : [Consumer clientId=consumer-notification-group-6, groupId=notification-group] Node -1 disconnected.
2026-07-28T07:37:18.674-07:00  WARN 5484 --- [notification-service] [org.springframework.kafka.KafkaListenerEndpointContainer#1-0-C-1] org.apache.kafka.clients.NetworkClient   : [Consumer clientId=consumer-notification-group-6, groupId=notification-group] Connection to node -1 (localhost/127.0.0.1:9092) could not be established. Node may not be available.
2026-07-28T07:37:18.674-07:00  WARN 5484 --- [notification-service] [org.springframework.kafka.KafkaListenerEndpointContainer#1-0-C-1] org.apache.kafka.clients.NetworkClient   : [Consumer clientId=consumer-notification-group-6, groupId=notification-group] Bootstrap broker localhost:9092 (id: -1 rack: null) disconnected
2026-07-28T07:37:18.833-07:00  INFO 5484 --- [notification-service] [org.springframework.kafka.KafkaListenerEndpointContainer#3-0-C-1] org.apache.kafka.clients.NetworkClient   : [Consumer clientId=consumer-notification-group-2, groupId=notification-group] Node -1 disconnected.
2026-07-28T07:37:18.834-07:00  WARN 5484 --- [notification-service] [org.springframework.kafka.KafkaListenerEndpointContainer#3-0-C-1] org.apache.kafka.clients.NetworkClient   : [Consumer clientId=consumer-notification-group-2, groupId=notification-group] Connection to node -1 (localhost/127.0.0.1:9092) could not be established. Node may not be available.
2026-07-28T07:37:18.835-07:00  WARN 5484 --- [notification-service] [org.springframework.kafka.KafkaListenerEndpointContainer#3-0-C-1] org.apache.kafka.clients.NetworkClient   : [Consumer clientId=consumer-notification-group-2, groupId=notification-group] Bootstrap broker localhost:9092 (id: -1 rack: null) disconnected
2026-07-28T07:37:18.992-07:00  INFO 5484 --- [notification-service] [org.springframework.kafka.KafkaListenerEndpointContainer#2-0-C-1] org.apache.kafka.clients.NetworkClient   : [Consumer clientId=consumer-notification-group-1, groupId=notification-group] Node -1 disconnected.
2026-07-28T07:37:18.992-07:00  WARN 5484 --- [notification-service] [org.springframework.kafka.KafkaListenerEndpointContainer#2-0-C-1] org.apache.kafka.clients.NetworkClient   : [Consumer clientId=consumer-notification-group-1, groupId=notification-group] Connection to node -1 (localhost/127.0.0.1:9092) could not be established. Node may not be available.
2026-07-28T07:37:18.992-07:00  WARN 5484 --- [notification-service] [org.springframework.kafka.KafkaListenerEndpointContainer#2-0-C-1] org.apache.kafka.clients.NetworkClient   : [Consumer clientId=consumer-notification-group-1, groupId=notification-group] Bootstrap broker localhost:9092 (id: -1 rack: null) disconnected
2026-07-28T07:37:19.165-07:00  INFO 5484 --- [notification-service] [org.springframework.kafka.KafkaListenerEndpointContainer#5-0-C-1] org.apache.kafka.clients.NetworkClient   : [Consumer clientId=consumer-notification-group-4, groupId=notification-group] Node -1 disconnected.
2026-07-28T07:37:19.166-07:00  WARN 5484 --- [notification-service] [org.springframework.kafka.KafkaListenerEndpointContainer#5-0-C-1] org.apache.kafka.clients.NetworkClient   : [Consumer clientId=consumer-notification-group-4, groupId=notification-group] Connection to node -1 (localhost/127.0.0.1:9092) could not be established. Node may not be available.
2026-07-28T07:37:19.166-07:00  WARN 5484 --- [notification-service] [org.springframework.kafka.KafkaListenerEndpointContainer#5-0-C-1] org.apache.kafka.clients.NetworkClient   : [Consumer clientId=consumer-notification-group-4, groupId=notification-group] Bootstrap broker localhost:9092 (id: -1 rack: null) disconnected
2026-07-28T07:37:19.227-07:00  INFO 5484 --- [notification-service] [org.springframework.kafka.KafkaListenerEndpointContainer#4-0-C-1] org.apache.kafka.clients.NetworkClient   : [Consumer clientId=consumer-notification-group-3, groupId=notification-group] Node -1 disconnected.
2026-07-28T07:37:19.227-07:00  WARN 5484 --- [notification-service] [org.springframework.kafka.KafkaListenerEndpointContainer#4-0-C-1] org.apache.kafka.clients.NetworkClient   : [Consumer clientId=consumer-notification-group-3, groupId=notification-group] Connection to node -1 (localhost/127.0.0.1:9092) could not be established. Node may not be available.
2026-07-28T07:37:19.228-07:00  WARN 5484 --- [notification-service] [org.springframework.kafka.KafkaListenerEndpointContainer#4-0-C-1] org.apache.kafka.clients.NetworkClient   : [Consumer clientId=consumer-notification-group-3, groupId=notification-group] Bootstrap broker localhost:9092 (id: -1 rack: null) disconnected
2026-07-28T07:37:19.259-07:00  INFO 5484 --- [notification-service] [org.springframework.kafka.KafkaListenerEndpointContainer#0-0-C-1] org.apache.kafka.clients.NetworkClient   : [Consumer clientId=consumer-notification-group-5, groupId=notification-group] Node -1 disconnected.
2026-07-28T07:37:19.260-07:00  WARN 5484 --- [notification-service] [org.springframework.kafka.KafkaListenerEndpointContainer#0-0-C-1] org.apache.kafka.clients.NetworkClient   : [Consumer clientId=consumer-notification-group-5, groupId=notification-group] Connection to node -1 (localhost/127.0.0.1:9092) could not be established. Node may not be available.
2026-07-28T07:37:19.260-07:00  WARN 5484 --- [notification-service] [org.springframework.kafka.KafkaListenerEndpointContainer#0-0-C-1] org.apache.kafka.clients.NetworkClient   : [Consumer clientId=consumer-notification-group-5, groupId=notification-group] Bootstrap broker localhost:9092 (id: -1 rack: null) disconnected
2026-07-28T07:37:19.677-07:00  INFO 5484 --- [notification-service] [org.springframework.kafka.KafkaListenerEndpointContainer#1-0-C-1] org.apache.kafka.clients.NetworkClient   : [Consumer clientId=consumer-notification-group-6, groupId=notification-group] Node -1 disconnected.
2026-07-28T07:37:19.677-07:00  WARN 5484 --- [notification-service] [org.springframework.kafka.KafkaListenerEndpointContainer#1-0-C-1] org.apache.kafka.clients.NetworkClient   : [Consumer clientId=consumer-notification-group-6, groupId=notification-group] Connection to node -1 (localhost/127.0.0.1:9092) could not be established. Node may not be available.
2026-07-28T07:37:19.677-07:00  WARN 5484 --- [notification-service] [org.springframework.kafka.KafkaListenerEndpointContainer#1-0-C-1] org.apache.kafka.clients.NetworkClient   : [Consumer clientId=consumer-notification-group-6, groupId=notification-group] Bootstrap broker localhost:9092 (id: -1 rack: null) disconnected
2026-07-28T07:37:19.848-07:00  INFO 5484 --- [notification-service] [org.springframework.kafka.KafkaListenerEndpointContainer#3-0-C-1] org.apache.kafka.clients.NetworkClient   : [Consumer clientId=consumer-notification-group-2, groupId=notification-group] Node -1 disconnected.
2026-07-28T07:37:19.848-07:00  WARN 5484 --- [notification-service] [org.springframework.kafka.KafkaListenerEndpointContainer#3-0-C-1] org.apache.kafka.clients.NetworkClient   : [Consumer clientId=consumer-notification-group-2, groupId=notification-group] Connection to node -1 (localhost/127.0.0.1:9092) could not be established. Node may not be available.
2026-07-28T07:37:19.848-07:00  WARN 5484 --- [notification-service] [org.springframework.kafka.KafkaListenerEndpointContainer#3-0-C-1] org.apache.kafka.clients.NetworkClient   : [Consumer clientId=consumer-notification-group-2, groupId=notification-group] Bootstrap broker localhost:9092 (id: -1 rack: null) disconnected
2026-07-28T07:37:20.005-07:00  INFO 5484 --- [notification-service] [org.springframework.kafka.KafkaListenerEndpointContainer#2-0-C-1] org.apache.kafka.clients.NetworkClient   : [Consumer clientId=consumer-notification-group-1, groupId=notification-group] Node -1 disconnected.
2026-07-28T07:37:20.006-07:00  WARN 5484 --- [notification-service] [org.springframework.kafka.KafkaListenerEndpointContainer#2-0-C-1] org.apache.kafka.clients.NetworkClient   : [Consumer clientId=consumer-notification-group-1, groupId=notification-group] Connection to node -1 (localhost/127.0.0.1:9092) could not be established. Node may not be available.
2026-07-28T07:37:20.006-07:00  WARN 5484 --- [notification-service] [org.springframework.kafka.KafkaListenerEndpointContainer#2-0-C-1] org.apache.kafka.clients.NetworkClient   : [Consumer clientId=consumer-notification-group-1, groupId=notification-group] Bootstrap broker localhost:9092 (id: -1 rack: null) disconnected
2026-07-28T07:37:20.117-07:00  INFO 5484 --- [notification-service] [org.springframework.kafka.KafkaListenerEndpointContainer#4-0-C-1] org.apache.kafka.clients.NetworkClient   : [Consumer clientId=consumer-notification-group-3, groupId=notification-group] Node -1 disconnected.
2026-07-28T07:37:20.117-07:00  WARN 5484 --- [notification-service] [org.springframework.kafka.KafkaListenerEndpointContainer#4-0-C-1] org.apache.kafka.clients.NetworkClient   : [Consumer clientId=consumer-notification-group-3, groupId=notification-group] Connection to node -1 (localhost/127.0.0.1:9092) could not be established. Node may not be available.
2026-07-28T07:37:20.117-07:00  WARN 5484 --- [notification-service] [org.springframework.kafka.KafkaListenerEndpointContainer#4-0-C-1] org.apache.kafka.clients.NetworkClient   : [Consumer clientId=consumer-notification-group-3, groupId=notification-group] Bootstrap broker localhost:9092 (id: -1 rack: null) disconnected
2026-07-28T07:37:20.181-07:00  INFO 5484 --- [notification-service] [org.springframework.kafka.KafkaListenerEndpointContainer#5-0-C-1] org.apache.kafka.clients.NetworkClient   : [Consumer clientId=consumer-notification-group-4, groupId=notification-group] Node -1 disconnected.
2026-07-28T07:37:20.181-07:00  WARN 5484 --- [notification-service] [org.springframework.kafka.KafkaListenerEndpointContainer#5-0-C-1] org.apache.kafka.clients.NetworkClient   : [Consumer clientId=consumer-notification-group-4, groupId=notification-group] Connection to node -1 (localhost/127.0.0.1:9092) could not be established. Node may not be available.
2026-07-28T07:37:20.181-07:00  WARN 5484 --- [notification-service] [org.springframework.kafka.KafkaListenerEndpointContainer#5-0-C-1] org.apache.kafka.clients.NetworkClient   : [Consumer clientId=consumer-notification-group-4, groupId=notification-group] Bootstrap broker localhost:9092 (id: -1 rack: null) disconnected
2026-07-28T07:37:20.245-07:00  INFO 5484 --- [notification-service] [org.springframework.kafka.KafkaListenerEndpointContainer#0-0-C-1] org.apache.kafka.clients.NetworkClient   : [Consumer clientId=consumer-notification-group-5, groupId=notification-group] Node -1 disconnected.
2026-07-28T07:37:20.245-07:00  WARN 5484 --- [notification-service] [org.springframework.kafka.KafkaListenerEndpointContainer#0-0-C-1] org.apache.kafka.clients.NetworkClient   : [Consumer clientId=consumer-notification-group-5, groupId=notification-group] Connection to node -1 (localhost/127.0.0.1:9092) could not be established. Node may not be available.
2026-07-28T07:37:20.245-07:00  WARN 5484 --- [notification-service] [org.springframework.kafka.KafkaListenerEndpointContainer#0-0-C-1] org.apache.kafka.clients.NetworkClient   : [Consumer clientId=consumer-notification-group-5, groupId=notification-group] Bootstrap broker localhost:9092 (id: -1 rack: null) disconnected
2026-07-28T07:37:20.656-07:00  INFO 5484 --- [notification-service] [org.springframework.kafka.KafkaListenerEndpointContainer#1-0-C-1] org.apache.kafka.clients.NetworkClient   : [Consumer clientId=consumer-notification-group-6, groupId=notification-group] Node -1 disconnected.
2026-07-28T07:37:20.656-07:00  WARN 5484 --- [notification-service] [org.springframework.kafka.KafkaListenerEndpointContainer#1-0-C-1] org.apache.kafka.clients.NetworkClient   : [Consumer clientId=consumer-notification-group-6, groupId=notification-group] Connection to node -1 (localhost/127.0.0.1:9092) could not be established. Node may not be available.
2026-07-28T07:37:20.656-07:00  WARN 5484 --- [notification-service] [org.springframework.kafka.KafkaListenerEndpointContainer#1-0-C-1] org.apache.kafka.clients.NetworkClient   : [Consumer clientId=consumer-notification-group-6, groupId=notification-group] Bootstrap broker localhost:9092 (id: -1 rack: null) disconnected
2026-07-28T07:37:20.736-07:00  INFO 5484 --- [notification-service] [org.springframework.kafka.KafkaListenerEndpointContainer#3-0-C-1] org.apache.kafka.clients.NetworkClient   : [Consumer clientId=consumer-notification-group-2, groupId=notification-group] Node -1 disconnected.
2026-07-28T07:37:20.736-07:00  WARN 5484 --- [notification-service] [org.springframework.kafka.KafkaListenerEndpointContainer#3-0-C-1] org.apache.kafka.clients.NetworkClient   : [Consumer clientId=consumer-notification-group-2, groupId=notification-group] Connection to node -1 (localhost/127.0.0.1:9092) could not be established. Node may not be available.
2026-07-28T07:37:20.736-07:00  WARN 5484 --- [notification-service] [org.springframework.kafka.KafkaListenerEndpointContainer#3-0-C-1] org.apache.kafka.clients.NetworkClient   : [Consumer clientId=consumer-notification-group-2, groupId=notification-group] Bootstrap broker localhost:9092 (id: -1 rack: null) disconnected
2026-07-28T07:37:21.009-07:00  INFO 5484 --- [notification-service] [org.springframework.kafka.KafkaListenerEndpointContainer#5-0-C-1] org.apache.kafka.clients.NetworkClient   : [Consumer clientId=consumer-notification-group-4, groupId=notification-group] Node -1 disconnected.
2026-07-28T07:37:21.009-07:00  WARN 5484 --- [notification-service] [org.springframework.kafka.KafkaListenerEndpointContainer#5-0-C-1] org.apache.kafka.clients.NetworkClient   : [Consumer clientId=consumer-notification-group-4, groupId=notification-group] Connection to node -1 (localhost/127.0.0.1:9092) could not be established. Node may not be available.
2026-07-28T07:37:21.009-07:00  WARN 5484 --- [notification-service] [org.springframework.kafka.KafkaListenerEndpointContainer#5-0-C-1] org.apache.kafka.clients.NetworkClient   : [Consumer clientId=consumer-notification-group-4, groupId=notification-group] Bootstrap broker localhost:9092 (id: -1 rack: null) disconnected
2026-07-28T07:37:21.024-07:00  INFO 5484 --- [notification-service] [org.springframework.kafka.KafkaListenerEndpointContainer#2-0-C-1] org.apache.kafka.clients.NetworkClient   : [Consumer clientId=consumer-notification-group-1, groupId=notification-group] Node -1 disconnected.
2026-07-28T07:37:21.024-07:00  WARN 5484 --- [notification-service] [org.springframework.kafka.KafkaListenerEndpointContainer#2-0-C-1] org.apache.kafka.clients.NetworkClient   : [Consumer clientId=consumer-notification-group-1, groupId=notification-group] Connection to node -1 (localhost/127.0.0.1:9092) could not be established. Node may not be available.
2026-07-28T07:37:21.024-07:00  WARN 5484 --- [notification-service] [org.springframework.kafka.KafkaListenerEndpointContainer#2-0-C-1] org.apache.kafka.clients.NetworkClient   : [Consumer clientId=consumer-notification-group-1, groupId=notification-group] Bootstrap broker localhost:9092 (id: -1 rack: null) disconnected
2026-07-28T07:37:21.136-07:00  INFO 5484 --- [notification-service] [org.springframework.kafka.KafkaListenerEndpointContainer#4-0-C-1] org.apache.kafka.clients.NetworkClient   : [Consumer clientId=consumer-notification-group-3, groupId=notification-group] Node -1 disconnected.
2026-07-28T07:37:21.136-07:00  WARN 5484 --- [notification-service] [org.springframework.kafka.KafkaListenerEndpointContainer#4-0-C-1] org.apache.kafka.clients.NetworkClient   : [Consumer clientId=consumer-notification-group-3, groupId=notification-group] Connection to node -1 (localhost/127.0.0.1:9092) could not be established. Node may not be available.
2026-07-28T07:37:21.137-07:00  WARN 5484 --- [notification-service] [org.springframework.kafka.KafkaListenerEndpointContainer#4-0-C-1] org.apache.kafka.clients.NetworkClient   : [Consumer clientId=consumer-notification-group-3, groupId=notification-group] Bootstrap broker localhost:9092 (id: -1 rack: null) disconnected
2026-07-28T07:37:21.247-07:00  INFO 5484 --- [notification-service] [org.springframework.kafka.KafkaListenerEndpointContainer#0-0-C-1] org.apache.kafka.clients.NetworkClient   : [Consumer clientId=consumer-notification-group-5, groupId=notification-group] Node -1 disconnected.
2026-07-28T07:37:21.248-07:00  WARN 5484 --- [notification-service] [org.springframework.kafka.KafkaListenerEndpointContainer#0-0-C-1] org.apache.kafka.clients.NetworkClient   : [Consumer clientId=consumer-notification-group-5, groupId=notification-group] Connection to node -1 (localhost/127.0.0.1:9092) could not be established. Node may not be available.
2026-07-28T07:37:21.248-07:00  WARN 5484 --- [notification-service] [org.springframework.kafka.KafkaListenerEndpointContainer#0-0-C-1] org.apache.kafka.clients.NetworkClient   : [Consumer clientId=consumer-notification-group-5, groupId=notification-group] Bootstrap broker localhost:9092 (id: -1 rack: null) disconnected
2026-07-28T07:37:21.676-07:00  INFO 5484 --- [notification-service] [org.springframework.kafka.KafkaListenerEndpointContainer#1-0-C-1] org.apache.kafka.clients.NetworkClient   : [Consumer clientId=consumer-notification-group-6, groupId=notification-group] Node -1 disconnected.
2026-07-28T07:37:21.676-07:00  WARN 5484 --- [notification-service] [org.springframework.kafka.KafkaListenerEndpointContainer#1-0-C-1] org.apache.kafka.clients.NetworkClient   : [Consumer clientId=consumer-notification-group-6, groupId=notification-group] Connection to node -1 (localhost/127.0.0.1:9092) could not be established. Node may not be available.
2026-07-28T07:37:21.676-07:00  WARN 5484 --- [notification-service] [org.springframework.kafka.KafkaListenerEndpointContainer#1-0-C-1] org.apache.kafka.clients.NetworkClient   : [Consumer clientId=consumer-notification-group-6, groupId=notification-group] Bootstrap broker localhost:9092 (id: -1 rack: null) disconnected
2026-07-28T07:37:21.757-07:00  INFO 5484 --- [notification-service] [org.springframework.kafka.KafkaListenerEndpointContainer#3-0-C-1] org.apache.kafka.clients.NetworkClient   : [Consumer clientId=consumer-notification-group-2, groupId=notification-group] Node -1 disconnected.
2026-07-28T07:37:21.757-07:00  WARN 5484 --- [notification-service] [org.springframework.kafka.KafkaListenerEndpointContainer#3-0-C-1] org.apache.kafka.clients.NetworkClient   : [Consumer clientId=consumer-notification-group-2, groupId=notification-group] Connection to node -1 (localhost/127.0.0.1:9092) could not be established. Node may not be available.
2026-07-28T07:37:21.757-07:00  WARN 5484 --- [notification-service] [org.springframework.kafka.KafkaListenerEndpointContainer#3-0-C-1] org.apache.kafka.clients.NetworkClient   : [Consumer clientId=consumer-notification-group-2, groupId=notification-group] Bootstrap broker localhost:9092 (id: -1 rack: null) disconnected
2026-07-28T07:37:21.932-07:00  INFO 5484 --- [notification-service] [org.springframework.kafka.KafkaListenerEndpointContainer#5-0-C-1] org.apache.kafka.clients.NetworkClient   : [Consumer clientId=consumer-notification-group-4, groupId=notification-group] Node -1 disconnected.
2026-07-28T07:37:21.932-07:00  WARN 5484 --- [notification-service] [org.springframework.kafka.KafkaListenerEndpointContainer#5-0-C-1] org.apache.kafka.clients.NetworkClient   : [Consumer clientId=consumer-notification-group-4, groupId=notification-group] Connection to node -1 (localhost/127.0.0.1:9092) could not be established. Node may not be available.
2026-07-28T07:37:21.933-07:00  WARN 5484 --- [notification-service] [org.springframework.kafka.KafkaListenerEndpointContainer#5-0-C-1] org.apache.kafka.clients.NetworkClient   : [Consumer clientId=consumer-notification-group-4, groupId=notification-group] Bootstrap broker localhost:9092 (id: -1 rack: null) disconnected
2026-07-28T07:37:21.964-07:00  INFO 5484 --- [notification-service] [org.springframework.kafka.KafkaListenerEndpointContainer#2-0-C-1] org.apache.kafka.clients.NetworkClient   : [Consumer clientId=consumer-notification-group-1, groupId=notification-group] Node -1 disconnected.
2026-07-28T07:37:21.964-07:00  WARN 5484 --- [notification-service] [org.springframework.kafka.KafkaListenerEndpointContainer#2-0-C-1] org.apache.kafka.clients.NetworkClient   : [Consumer clientId=consumer-notification-group-1, groupId=notification-group] Connection to node -1 (localhost/127.0.0.1:9092) could not be established. Node may not be available.
2026-07-28T07:37:21.964-07:00  WARN 5484 --- [notification-service] [org.springframework.kafka.KafkaListenerEndpointContainer#2-0-C-1] org.apache.kafka.clients.NetworkClient   : [Consumer clientId=consumer-notification-group-1, groupId=notification-group] Bootstrap broker localhost:9092 (id: -1 rack: null) disconnected
2026-07-28T07:37:22.171-07:00  INFO 5484 --- [notification-service] [org.springframework.kafka.KafkaListenerEndpointContainer#4-0-C-1] org.apache.kafka.clients.NetworkClient   : [Consumer clientId=consumer-notification-group-3, groupId=notification-group] Node -1 disconnected.
2026-07-28T07:37:22.171-07:00  INFO 5484 --- [notification-service] [org.springframework.kafka.KafkaListenerEndpointContainer#0-0-C-1] org.apache.kafka.clients.NetworkClient   : [Consumer clientId=consumer-notification-group-5, groupId=notification-group] Node -1 disconnected.
2026-07-28T07:37:22.171-07:00  WARN 5484 --- [notification-service] [org.springframework.kafka.KafkaListenerEndpointContainer#4-0-C-1] org.apache.kafka.clients.NetworkClient   : [Consumer clientId=consumer-notification-group-3, groupId=notification-group] Connection to node -1 (localhost/127.0.0.1:9092) could not be established. Node may not be available.
2026-07-28T07:37:22.171-07:00  WARN 5484 --- [notification-service] [org.springframework.kafka.KafkaListenerEndpointContainer#0-0-C-1] org.apache.kafka.clients.NetworkClient   : [Consumer clientId=consumer-notification-group-5, groupId=notification-group] Connection to node -1 (localhost/127.0.0.1:9092) could not be established. Node may not be available.
2026-07-28T07:37:22.171-07:00  WARN 5484 --- [notification-service] [org.springframework.kafka.KafkaListenerEndpointContainer#4-0-C-1] org.apache.kafka.clients.NetworkClient   : [Consumer clientId=consumer-notification-group-3, groupId=notification-group] Bootstrap broker localhost:9092 (id: -1 rack: null) disconnected
2026-07-28T07:37:22.171-07:00  WARN 5484 --- [notification-service] [org.springframework.kafka.KafkaListenerEndpointContainer#0-0-C-1] org.apache.kafka.clients.NetworkClient   : [Consumer clientId=consumer-notification-group-5, groupId=notification-group] Bootstrap broker localhost:9092 (id: -1 rack: null) disconnected
2026-07-28T07:37:22.693-07:00  INFO 5484 --- [notification-service] [org.springframework.kafka.KafkaListenerEndpointContainer#1-0-C-1] org.apache.kafka.clients.NetworkClient   : [Consumer clientId=consumer-notification-group-6, groupId=notification-group] Node -1 disconnected.
2026-07-28T07:37:22.693-07:00  WARN 5484 --- [notification-service] [org.springframework.kafka.KafkaListenerEndpointContainer#1-0-C-1] org.apache.kafka.clients.NetworkClient   : [Consumer clientId=consumer-notification-group-6, groupId=notification-group] Connection to node -1 (localhost/127.0.0.1:9092) could not be established. Node may not be available.
2026-07-28T07:37:22.693-07:00  WARN 5484 --- [notification-service] [org.springframework.kafka.KafkaListenerEndpointContainer#1-0-C-1] org.apache.kafka.clients.NetworkClient   : [Consumer clientId=consumer-notification-group-6, groupId=notification-group] Bootstrap broker localhost:9092 (id: -1 rack: null) disconnected
2026-07-28T07:37:22.771-07:00  INFO 5484 --- [notification-service] [org.springframework.kafka.KafkaListenerEndpointContainer#3-0-C-1] org.apache.kafka.clients.NetworkClient   : [Consumer clientId=consumer-notification-group-2, groupId=notification-group] Node -1 disconnected.
2026-07-28T07:37:22.771-07:00  WARN 5484 --- [notification-service] [org.springframework.kafka.KafkaListenerEndpointContainer#3-0-C-1] org.apache.kafka.clients.NetworkClient   : [Consumer clientId=consumer-notification-group-2, groupId=notification-group] Connection to node -1 (localhost/127.0.0.1:9092) could not be established. Node may not be available.
2026-07-28T07:37:22.771-07:00  WARN 5484 --- [notification-service] [org.springframework.kafka.KafkaListenerEndpointContainer#3-0-C-1] org.apache.kafka.clients.NetworkClient   : [Consumer clientId=consumer-notification-group-2, groupId=notification-group] Bootstrap broker localhost:9092 (id: -1 rack: null) disconnected
2026-07-28T07:37:22.818-07:00  INFO 5484 --- [notification-service] [org.springframework.kafka.KafkaListenerEndpointContainer#5-0-C-1] org.apache.kafka.clients.NetworkClient   : [Consumer clientId=consumer-notification-group-4, groupId=notification-group] Node -1 disconnected.
2026-07-28T07:37:22.818-07:00  WARN 5484 --- [notification-service] [org.springframework.kafka.KafkaListenerEndpointContainer#5-0-C-1] org.apache.kafka.clients.NetworkClient   : [Consumer clientId=consumer-notification-group-4, groupId=notification-group] Connection to node -1 (localhost/127.0.0.1:9092) could not be established. Node may not be available.
2026-07-28T07:37:22.818-07:00  WARN 5484 --- [notification-service] [org.springframework.kafka.KafkaListenerEndpointContainer#5-0-C-1] org.apache.kafka.clients.NetworkClient   : [Consumer clientId=consumer-notification-group-4, groupId=notification-group] Bootstrap broker localhost:9092 (id: -1 rack: null) disconnected
2026-07-28T07:37:22.849-07:00  INFO 5484 --- [notification-service] [org.springframework.kafka.KafkaListenerEndpointContainer#2-0-C-1] org.apache.kafka.clients.NetworkClient   : [Consumer clientId=consumer-notification-group-1, groupId=notification-group] Node -1 disconnected.
2026-07-28T07:37:22.850-07:00  WARN 5484 --- [notification-service] [org.springframework.kafka.KafkaListenerEndpointContainer#2-0-C-1] org.apache.kafka.clients.NetworkClient   : [Consumer clientId=consumer-notification-group-1, groupId=notification-group] Connection to node -1 (localhost/127.0.0.1:9092) could not be established. Node may not be available.
2026-07-28T07:37:22.850-07:00  WARN 5484 --- [notification-service] [org.springframework.kafka.KafkaListenerEndpointContainer#2-0-C-1] org.apache.kafka.clients.NetworkClient   : [Consumer clientId=consumer-notification-group-1, groupId=notification-group] Bootstrap broker localhost:9092 (id: -1 rack: null) disconnected
2026-07-28T07:37:23.181-07:00  INFO 5484 --- [notification-service] [org.springframework.kafka.KafkaListenerEndpointContainer#0-0-C-1] org.apache.kafka.clients.NetworkClient   : [Consumer clientId=consumer-notification-group-5, groupId=notification-group] Node -1 disconnected.
2026-07-28T07:37:23.181-07:00  INFO 5484 --- [notification-service] [org.springframework.kafka.KafkaListenerEndpointContainer#4-0-C-1] org.apache.kafka.clients.NetworkClient   : [Consumer clientId=consumer-notification-group-3, groupId=notification-group] Node -1 disconnected.
2026-07-28T07:37:23.182-07:00  WARN 5484 --- [notification-service] [org.springframework.kafka.KafkaListenerEndpointContainer#0-0-C-1] org.apache.kafka.clients.NetworkClient   : [Consumer clientId=consumer-notification-group-5, groupId=notification-group] Connection to node -1 (localhost/127.0.0.1:9092) could not be established. Node may not be available.
2026-07-28T07:37:23.182-07:00  WARN 5484 --- [notification-service] [org.springframework.kafka.KafkaListenerEndpointContainer#4-0-C-1] org.apache.kafka.clients.NetworkClient   : [Consumer clientId=consumer-notification-group-3, groupId=notification-group] Connection to node -1 (localhost/127.0.0.1:9092) could not be established. Node may not be available.
2026-07-28T07:37:23.182-07:00  WARN 5484 --- [notification-service] [org.springframework.kafka.KafkaListenerEndpointContainer#4-0-C-1] org.apache.kafka.clients.NetworkClient   : [Consumer clientId=consumer-notification-group-3, groupId=notification-group] Bootstrap broker localhost:9092 (id: -1 rack: null) disconnected
2026-07-28T07:37:23.182-07:00  WARN 5484 --- [notification-service] [org.springframework.kafka.KafkaListenerEndpointContainer#0-0-C-1] org.apache.kafka.clients.NetworkClient   : [Consumer clientId=consumer-notification-group-5, groupId=notification-group] Bootstrap broker localhost:9092 (id: -1 rack: null) disconnected
2026-07-28T07:37:23.635-07:00  INFO 5484 --- [notification-service] [org.springframework.kafka.KafkaListenerEndpointContainer#1-0-C-1] org.apache.kafka.clients.NetworkClient   : [Consumer clientId=consumer-notification-group-6, groupId=notification-group] Node -1 disconnected.
2026-07-28T07:37:23.635-07:00  WARN 5484 --- [notification-service] [org.springframework.kafka.KafkaListenerEndpointContainer#1-0-C-1] org.apache.kafka.clients.NetworkClient   : [Consumer clientId=consumer-notification-group-6, groupId=notification-group] Connection to node -1 (localhost/127.0.0.1:9092) could not be established. Node may not be available.
2026-07-28T07:37:23.635-07:00  WARN 5484 --- [notification-service] [org.springframework.kafka.KafkaListenerEndpointContainer#1-0-C-1] org.apache.kafka.clients.NetworkClient   : [Consumer clientId=consumer-notification-group-6, groupId=notification-group] Bootstrap broker localhost:9092 (id: -1 rack: null) disconnected
2026-07-28T07:37:23.713-07:00  INFO 5484 --- [notification-service] [org.springframework.kafka.KafkaListenerEndpointContainer#3-0-C-1] org.apache.kafka.clients.NetworkClient   : [Consumer clientId=consumer-notification-group-2, groupId=notification-group] Node -1 disconnected.
2026-07-28T07:37:23.713-07:00  WARN 5484 --- [notification-service] [org.springframework.kafka.KafkaListenerEndpointContainer#3-0-C-1] org.apache.kafka.clients.NetworkClient   : [Consumer clientId=consumer-notification-group-2, groupId=notification-group] Connection to node -1 (localhost/127.0.0.1:9092) could not be established. Node may not be available.
2026-07-28T07:37:23.713-07:00  WARN 5484 --- [notification-service] [org.springframework.kafka.KafkaListenerEndpointContainer#3-0-C-1] org.apache.kafka.clients.NetworkClient   : [Consumer clientId=consumer-notification-group-2, groupId=notification-group] Bootstrap broker localhost:9092 (id: -1 rack: null) disconnected
2026-07-28T07:37:23.824-07:00  INFO 5484 --- [notification-service] [org.springframework.kafka.KafkaListenerEndpointContainer#5-0-C-1] org.apache.kafka.clients.NetworkClient   : [Consumer clientId=consumer-notification-group-4, groupId=notification-group] Node -1 disconnected.
2026-07-28T07:37:23.824-07:00  WARN 5484 --- [notification-service] [org.springframework.kafka.KafkaListenerEndpointContainer#5-0-C-1] org.apache.kafka.clients.NetworkClient   : [Consumer clientId=consumer-notification-group-4, groupId=notification-group] Connection to node -1 (localhost/127.0.0.1:9092) could not be established. Node may not be available.
2026-07-28T07:37:23.824-07:00  WARN 5484 --- [notification-service] [org.springframework.kafka.KafkaListenerEndpointContainer#5-0-C-1] org.apache.kafka.clients.NetworkClient   : [Consumer clientId=consumer-notification-group-4, groupId=notification-group] Bootstrap broker localhost:9092 (id: -1 rack: null) disconnected
2026-07-28T07:37:23.854-07:00  INFO 5484 --- [notification-service] [org.springframework.kafka.KafkaListenerEndpointContainer#2-0-C-1] org.apache.kafka.clients.NetworkClient   : [Consumer clientId=consumer-notification-group-1, groupId=notification-group] Node -1 disconnected.
2026-07-28T07:37:23.854-07:00  WARN 5484 --- [notification-service] [org.springframework.kafka.KafkaListenerEndpointContainer#2-0-C-1] org.apache.kafka.clients.NetworkClient   : [Consumer clientId=consumer-notification-group-1, groupId=notification-group] Connection to node -1 (localhost/127.0.0.1:9092) could not be established. Node may not be available.
2026-07-28T07:37:23.854-07:00  WARN 5484 --- [notification-service] [org.springframework.kafka.KafkaListenerEndpointContainer#2-0-C-1] org.apache.kafka.clients.NetworkClient   : [Consumer clientId=consumer-notification-group-1, groupId=notification-group] Bootstrap broker localhost:9092 (id: -1 rack: null) disconnected
2026-07-28T07:37:24.061-07:00  INFO 5484 --- [notification-service] [org.springframework.kafka.KafkaListenerEndpointContainer#4-0-C-1] org.apache.kafka.clients.NetworkClient   : [Consumer clientId=consumer-notification-group-3, groupId=notification-group] Node -1 disconnected.
2026-07-28T07:37:24.061-07:00  INFO 5484 --- [notification-service] [org.springframework.kafka.KafkaListenerEndpointContainer#0-0-C-1] org.apache.kafka.clients.NetworkClient   : [Consumer clientId=consumer-notification-group-5, groupId=notification-group] Node -1 disconnected.
2026-07-28T07:37:24.061-07:00  WARN 5484 --- [notification-service] [org.springframework.kafka.KafkaListenerEndpointContainer#4-0-C-1] org.apache.kafka.clients.NetworkClient   : [Consumer clientId=consumer-notification-group-3, groupId=notification-group] Connection to node -1 (localhost/127.0.0.1:9092) could not be established. Node may not be available.
2026-07-28T07:37:24.061-07:00  WARN 5484 --- [notification-service] [org.springframework.kafka.KafkaListenerEndpointContainer#0-0-C-1] org.apache.kafka.clients.NetworkClient   : [Consumer clientId=consumer-notification-group-5, groupId=notification-group] Connection to node -1 (localhost/127.0.0.1:9092) could not be established. Node may not be available.
2026-07-28T07:37:24.061-07:00  WARN 5484 --- [notification-service] [org.springframework.kafka.KafkaListenerEndpointContainer#4-0-C-1] org.apache.kafka.clients.NetworkClient   : [Consumer clientId=consumer-notification-group-3, groupId=notification-group] Bootstrap broker localhost:9092 (id: -1 rack: null) disconnected
2026-07-28T07:37:24.061-07:00  WARN 5484 --- [notification-service] [org.springframework.kafka.KafkaListenerEndpointContainer#0-0-C-1] org.apache.kafka.clients.NetworkClient   : [Consumer clientId=consumer-notification-group-5, groupId=notification-group] Bootstrap broker localhost:9092 (id: -1 rack: null) disconnected
2026-07-28T07:37:24.592-07:00  INFO 5484 --- [notification-service] [org.springframework.kafka.KafkaListenerEndpointContainer#3-0-C-1] org.apache.kafka.clients.NetworkClient   : [Consumer clientId=consumer-notification-group-2, groupId=notification-group] Node -1 disconnected.
2026-07-28T07:37:24.593-07:00  WARN 5484 --- [notification-service] [org.springframework.kafka.KafkaListenerEndpointContainer#3-0-C-1] org.apache.kafka.clients.NetworkClient   : [Consumer clientId=consumer-notification-group-2, groupId=notification-group] Connection to node -1 (localhost/127.0.0.1:9092) could not be established. Node may not be available.
2026-07-28T07:37:24.593-07:00  WARN 5484 --- [notification-service] [org.springframework.kafka.KafkaListenerEndpointContainer#3-0-C-1] org.apache.kafka.clients.NetworkClient   : [Consumer clientId=consumer-notification-group-2, groupId=notification-group] Bootstrap broker localhost:9092 (id: -1 rack: null) disconnected
2026-07-28T07:37:24.638-07:00  INFO 5484 --- [notification-service] [org.springframework.kafka.KafkaListenerEndpointContainer#1-0-C-1] org.apache.kafka.clients.NetworkClient   : [Consumer clientId=consumer-notification-group-6, groupId=notification-group] Node -1 disconnected.
2026-07-28T07:37:24.638-07:00  WARN 5484 --- [notification-service] [org.springframework.kafka.KafkaListenerEndpointContainer#1-0-C-1] org.apache.kafka.clients.NetworkClient   : [Consumer clientId=consumer-notification-group-6, groupId=notification-group] Connection to node -1 (localhost/127.0.0.1:9092) could not be established. Node may not be available.
2026-07-28T07:37:24.639-07:00  WARN 5484 --- [notification-service] [org.springframework.kafka.KafkaListenerEndpointContainer#1-0-C-1] org.apache.kafka.clients.NetworkClient   : [Consumer clientId=consumer-notification-group-6, groupId=notification-group] Bootstrap broker localhost:9092 (id: -1 rack: null) disconnected
2026-07-28T07:37:24.732-07:00  INFO 5484 --- [notification-service] [org.springframework.kafka.KafkaListenerEndpointContainer#2-0-C-1] org.apache.kafka.clients.NetworkClient   : [Consumer clientId=consumer-notification-group-1, groupId=notification-group] Node -1 disconnected.
2026-07-28T07:37:24.733-07:00  WARN 5484 --- [notification-service] [org.springframework.kafka.KafkaListenerEndpointContainer#2-0-C-1] org.apache.kafka.clients.NetworkClient   : [Consumer clientId=consumer-notification-group-1, groupId=notification-group] Connection to node -1 (localhost/127.0.0.1:9092) could not be established. Node may not be available.
2026-07-28T07:37:24.733-07:00  WARN 5484 --- [notification-service] [org.springframework.kafka.KafkaListenerEndpointContainer#2-0-C-1] org.apache.kafka.clients.NetworkClient   : [Consumer clientId=consumer-notification-group-1, groupId=notification-group] Bootstrap broker localhost:9092 (id: -1 rack: null) disconnected
2026-07-28T07:37:24.763-07:00  INFO 5484 --- [notification-service] [org.springframework.kafka.KafkaListenerEndpointContainer#5-0-C-1] org.apache.kafka.clients.NetworkClient   : [Consumer clientId=consumer-notification-group-4, groupId=notification-group] Node -1 disconnected.
2026-07-28T07:37:24.763-07:00  WARN 5484 --- [notification-service] [org.springframework.kafka.KafkaListenerEndpointContainer#5-0-C-1] org.apache.kafka.clients.NetworkClient   : [Consumer clientId=consumer-notification-group-4, groupId=notification-group] Connection to node -1 (localhost/127.0.0.1:9092) could not be established. Node may not be available.
2026-07-28T07:37:24.763-07:00  WARN 5484 --- [notification-service] [org.springframework.kafka.KafkaListenerEndpointContainer#5-0-C-1] org.apache.kafka.clients.NetworkClient   : [Consumer clientId=consumer-notification-group-4, groupId=notification-group] Bootstrap broker localhost:9092 (id: -1 rack: null) disconnected
2026-07-28T07:37:24.934-07:00  INFO 5484 --- [notification-service] [org.springframework.kafka.KafkaListenerEndpointContainer#0-0-C-1] org.apache.kafka.clients.NetworkClient   : [Consumer clientId=consumer-notification-group-5, groupId=notification-group] Node -1 disconnected.
2026-07-28T07:37:24.935-07:00  WARN 5484 --- [notification-service] [org.springframework.kafka.KafkaListenerEndpointContainer#0-0-C-1] org.apache.kafka.clients.NetworkClient   : [Consumer clientId=consumer-notification-group-5, groupId=notification-group] Connection to node -1 (localhost/127.0.0.1:9092) could not be established. Node may not be available.
2026-07-28T07:37:24.935-07:00  WARN 5484 --- [notification-service] [org.springframework.kafka.KafkaListenerEndpointContainer#0-0-C-1] org.apache.kafka.clients.NetworkClient   : [Consumer clientId=consumer-notification-group-5, groupId=notification-group] Bootstrap broker localhost:9092 (id: -1 rack: null) disconnected
2026-07-28T07:37:25.076-07:00  INFO 5484 --- [notification-service] [org.springframework.kafka.KafkaListenerEndpointContainer#4-0-C-1] org.apache.kafka.clients.NetworkClient   : [Consumer clientId=consumer-notification-group-3, groupId=notification-group] Node -1 disconnected.
2026-07-28T07:37:25.076-07:00  WARN 5484 --- [notification-service] [org.springframework.kafka.KafkaListenerEndpointContainer#4-0-C-1] org.apache.kafka.clients.NetworkClient   : [Consumer clientId=consumer-notification-group-3, groupId=notification-group] Connection to node -1 (localhost/127.0.0.1:9092) could not be established. Node may not be available.
2026-07-28T07:37:25.076-07:00  WARN 5484 --- [notification-service] [org.springframework.kafka.KafkaListenerEndpointContainer#4-0-C-1] org.apache.kafka.clients.NetworkClient   : [Consumer clientId=consumer-notification-group-3, groupId=notification-group] Bootstrap broker localhost:9092 (id: -1 rack: null) disconnected
2026-07-28T07:37:25.578-07:00  INFO 5484 --- [notification-service] [org.springframework.kafka.KafkaListenerEndpointContainer#1-0-C-1] org.apache.kafka.clients.NetworkClient   : [Consumer clientId=consumer-notification-group-6, groupId=notification-group] Node -1 disconnected.
2026-07-28T07:37:25.578-07:00  WARN 5484 --- [notification-service] [org.springframework.kafka.KafkaListenerEndpointContainer#1-0-C-1] org.apache.kafka.clients.NetworkClient   : [Consumer clientId=consumer-notification-group-6, groupId=notification-group] Connection to node -1 (localhost/127.0.0.1:9092) could not be established. Node may not be available.
2026-07-28T07:37:25.578-07:00  WARN 5484 --- [notification-service] [org.springframework.kafka.KafkaListenerEndpointContainer#1-0-C-1] org.apache.kafka.clients.NetworkClient   : [Consumer clientId=consumer-notification-group-6, groupId=notification-group] Bootstrap broker localhost:9092 (id: -1 rack: null) disconnected
2026-07-28T07:37:25.594-07:00  INFO 5484 --- [notification-service] [org.springframework.kafka.KafkaListenerEndpointContainer#3-0-C-1] org.apache.kafka.clients.NetworkClient   : [Consumer clientId=consumer-notification-group-2, groupId=notification-group] Node -1 disconnected.
2026-07-28T07:37:25.594-07:00  WARN 5484 --- [notification-service] [org.springframework.kafka.KafkaListenerEndpointContainer#3-0-C-1] org.apache.kafka.clients.NetworkClient   : [Consumer clientId=consumer-notification-group-2, groupId=notification-group] Connection to node -1 (localhost/127.0.0.1:9092) could not be established. Node may not be available.
2026-07-28T07:37:25.595-07:00  WARN 5484 --- [notification-service] [org.springframework.kafka.KafkaListenerEndpointContainer#3-0-C-1] org.apache.kafka.clients.NetworkClient   : [Consumer clientId=consumer-notification-group-2, groupId=notification-group] Bootstrap broker localhost:9092 (id: -1 rack: null) disconnected
2026-07-28T07:37:25.703-07:00  INFO 5484 --- [notification-service] [org.springframework.kafka.KafkaListenerEndpointContainer#5-0-C-1] org.apache.kafka.clients.NetworkClient   : [Consumer clientId=consumer-notification-group-4, groupId=notification-group] Node -1 disconnected.
2026-07-28T07:37:25.703-07:00  WARN 5484 --- [notification-service] [org.springframework.kafka.KafkaListenerEndpointContainer#5-0-C-1] org.apache.kafka.clients.NetworkClient   : [Consumer clientId=consumer-notification-group-4, groupId=notification-group] Connection to node -1 (localhost/127.0.0.1:9092) could not be established. Node may not be available.
2026-07-28T07:37:25.703-07:00  WARN 5484 --- [notification-service] [org.springframework.kafka.KafkaListenerEndpointContainer#5-0-C-1] org.apache.kafka.clients.NetworkClient   : [Consumer clientId=consumer-notification-group-4, groupId=notification-group] Bootstrap broker localhost:9092 (id: -1 rack: null) disconnected
2026-07-28T07:37:25.735-07:00  INFO 5484 --- [notification-service] [org.springframework.kafka.KafkaListenerEndpointContainer#2-0-C-1] org.apache.kafka.clients.NetworkClient   : [Consumer clientId=consumer-notification-group-1, groupId=notification-group] Node -1 disconnected.
2026-07-28T07:37:25.735-07:00  WARN 5484 --- [notification-service] [org.springframework.kafka.KafkaListenerEndpointContainer#2-0-C-1] org.apache.kafka.clients.NetworkClient   : [Consumer clientId=consumer-notification-group-1, groupId=notification-group] Connection to node -1 (localhost/127.0.0.1:9092) could not be established. Node may not be available.
2026-07-28T07:37:25.735-07:00  WARN 5484 --- [notification-service] [org.springframework.kafka.KafkaListenerEndpointContainer#2-0-C-1] org.apache.kafka.clients.NetworkClient   : [Consumer clientId=consumer-notification-group-1, groupId=notification-group] Bootstrap broker localhost:9092 (id: -1 rack: null) disconnected
2026-07-28T07:37:25.937-07:00  INFO 5484 --- [notification-service] [org.springframework.kafka.KafkaListenerEndpointContainer#0-0-C-1] org.apache.kafka.clients.NetworkClient   : [Consumer clientId=consumer-notification-group-5, groupId=notification-group] Node -1 disconnected.
2026-07-28T07:37:25.938-07:00  WARN 5484 --- [notification-service] [org.springframework.kafka.KafkaListenerEndpointContainer#0-0-C-1] org.apache.kafka.clients.NetworkClient   : [Consumer clientId=consumer-notification-group-5, groupId=notification-group] Connection to node -1 (localhost/127.0.0.1:9092) could not be established. Node may not be available.
2026-07-28T07:37:25.938-07:00  WARN 5484 --- [notification-service] [org.springframework.kafka.KafkaListenerEndpointContainer#0-0-C-1] org.apache.kafka.clients.NetworkClient   : [Consumer clientId=consumer-notification-group-5, groupId=notification-group] Bootstrap broker localhost:9092 (id: -1 rack: null) disconnected
2026-07-28T07:37:26.111-07:00  INFO 5484 --- [notification-service] [org.springframework.kafka.KafkaListenerEndpointContainer#4-0-C-1] org.apache.kafka.clients.NetworkClient   : [Consumer clientId=consumer-notification-group-3, groupId=notification-group] Node -1 disconnected.
2026-07-28T07:37:26.111-07:00  WARN 5484 --- [notification-service] [org.springframework.kafka.KafkaListenerEndpointContainer#4-0-C-1] org.apache.kafka.clients.NetworkClient   : [Consumer clientId=consumer-notification-group-3, groupId=notification-group] Connection to node -1 (localhost/127.0.0.1:9092) could not be established. Node may not be available.
2026-07-28T07:37:26.111-07:00  WARN 5484 --- [notification-service] [org.springframework.kafka.KafkaListenerEndpointContainer#4-0-C-1] org.apache.kafka.clients.NetworkClient   : [Consumer clientId=consumer-notification-group-3, groupId=notification-group] Bootstrap broker localhost:9092 (id: -1 rack: null) disconnected
2026-07-28T07:37:26.566-07:00  INFO 5484 --- [notification-service] [org.springframework.kafka.KafkaListenerEndpointContainer#2-0-C-1] org.apache.kafka.clients.NetworkClient   : [Consumer clientId=consumer-notification-group-1, groupId=notification-group] Node -1 disconnected.
2026-07-28T07:37:26.566-07:00  WARN 5484 --- [notification-service] [org.springframework.kafka.KafkaListenerEndpointContainer#2-0-C-1] org.apache.kafka.clients.NetworkClient   : [Consumer clientId=consumer-notification-group-1, groupId=notification-group] Connection to node -1 (localhost/127.0.0.1:9092) could not be established. Node may not be available.
2026-07-28T07:37:26.566-07:00  WARN 5484 --- [notification-service] [org.springframework.kafka.KafkaListenerEndpointContainer#2-0-C-1] org.apache.kafka.clients.NetworkClient   : [Consumer clientId=consumer-notification-group-1, groupId=notification-group] Bootstrap broker localhost:9092 (id: -1 rack: null) disconnected
2026-07-28T07:37:26.583-07:00  INFO 5484 --- [notification-service] [org.springframework.kafka.KafkaListenerEndpointContainer#3-0-C-1] org.apache.kafka.clients.NetworkClient   : [Consumer clientId=consumer-notification-group-2, groupId=notification-group] Node -1 disconnected.
2026-07-28T07:37:26.583-07:00  INFO 5484 --- [notification-service] [org.springframework.kafka.KafkaListenerEndpointContainer#1-0-C-1] org.apache.kafka.clients.NetworkClient   : [Consumer clientId=consumer-notification-group-6, groupId=notification-group] Node -1 disconnected.
2026-07-28T07:37:26.583-07:00  WARN 5484 --- [notification-service] [org.springframework.kafka.KafkaListenerEndpointContainer#3-0-C-1] org.apache.kafka.clients.NetworkClient   : [Consumer clientId=consumer-notification-group-2, groupId=notification-group] Connection to node -1 (localhost/127.0.0.1:9092) could not be established. Node may not be available.
2026-07-28T07:37:26.583-07:00  WARN 5484 --- [notification-service] [org.springframework.kafka.KafkaListenerEndpointContainer#1-0-C-1] org.apache.kafka.clients.NetworkClient   : [Consumer clientId=consumer-notification-group-6, groupId=notification-group] Connection to node -1 (localhost/127.0.0.1:9092) could not be established. Node may not be available.
2026-07-28T07:37:26.583-07:00  WARN 5484 --- [notification-service] [org.springframework.kafka.KafkaListenerEndpointContainer#3-0-C-1] org.apache.kafka.clients.NetworkClient   : [Consumer clientId=consumer-notification-group-2, groupId=notification-group] Bootstrap broker localhost:9092 (id: -1 rack: null) disconnected
2026-07-28T07:37:26.583-07:00  WARN 5484 --- [notification-service] [org.springframework.kafka.KafkaListenerEndpointContainer#1-0-C-1] org.apache.kafka.clients.NetworkClient   : [Consumer clientId=consumer-notification-group-6, groupId=notification-group] Bootstrap broker localhost:9092 (id: -1 rack: null) disconnected
2026-07-28T07:37:26.748-07:00  INFO 5484 --- [notification-service] [org.springframework.kafka.KafkaListenerEndpointContainer#5-0-C-1] org.apache.kafka.clients.NetworkClient   : [Consumer clientId=consumer-notification-group-4, groupId=notification-group] Node -1 disconnected.
2026-07-28T07:37:26.749-07:00  WARN 5484 --- [notification-service] [org.springframework.kafka.KafkaListenerEndpointContainer#5-0-C-1] org.apache.kafka.clients.NetworkClient   : [Consumer clientId=consumer-notification-group-4, groupId=notification-group] Connection to node -1 (localhost/127.0.0.1:9092) could not be established. Node may not be available.
2026-07-28T07:37:26.749-07:00  WARN 5484 --- [notification-service] [org.springframework.kafka.KafkaListenerEndpointContainer#5-0-C-1] org.apache.kafka.clients.NetworkClient   : [Consumer clientId=consumer-notification-group-4, groupId=notification-group] Bootstrap broker localhost:9092 (id: -1 rack: null) disconnected
2026-07-28T07:37:26.937-07:00  INFO 5484 --- [notification-service] [org.springframework.kafka.KafkaListenerEndpointContainer#0-0-C-1] org.apache.kafka.clients.NetworkClient   : [Consumer clientId=consumer-notification-group-5, groupId=notification-group] Node -1 disconnected.
2026-07-28T07:37:26.937-07:00  WARN 5484 --- [notification-service] [org.springframework.kafka.KafkaListenerEndpointContainer#0-0-C-1] org.apache.kafka.clients.NetworkClient   : [Consumer clientId=consumer-notification-group-5, groupId=notification-group] Connection to node -1 (localhost/127.0.0.1:9092) could not be established. Node may not be available.
2026-07-28T07:37:26.937-07:00  WARN 5484 --- [notification-service] [org.springframework.kafka.KafkaListenerEndpointContainer#0-0-C-1] org.apache.kafka.clients.NetworkClient   : [Consumer clientId=consumer-notification-group-5, groupId=notification-group] Bootstrap broker localhost:9092 (id: -1 rack: null) disconnected
2026-07-28T07:37:27.170-07:00  INFO 5484 --- [notification-service] [org.springframework.kafka.KafkaListenerEndpointContainer#4-0-C-1] org.apache.kafka.clients.NetworkClient   : [Consumer clientId=consumer-notification-group-3, groupId=notification-group] Node -1 disconnected.
2026-07-28T07:37:27.171-07:00  WARN 5484 --- [notification-service] [org.springframework.kafka.KafkaListenerEndpointContainer#4-0-C-1] org.apache.kafka.clients.NetworkClient   : [Consumer clientId=consumer-notification-group-3, groupId=notification-group] Connection to node -1 (localhost/127.0.0.1:9092) could not be established. Node may not be available.
2026-07-28T07:37:27.171-07:00  WARN 5484 --- [notification-service] [org.springframework.kafka.KafkaListenerEndpointContainer#4-0-C-1] org.apache.kafka.clients.NetworkClient   : [Consumer clientId=consumer-notification-group-3, groupId=notification-group] Bootstrap broker localhost:9092 (id: -1 rack: null) disconnected
2026-07-28T07:37:27.488-07:00  INFO 5484 --- [notification-service] [org.springframework.kafka.KafkaListenerEndpointContainer#3-0-C-1] org.apache.kafka.clients.NetworkClient   : [Consumer clientId=consumer-notification-group-2, groupId=notification-group] Node -1 disconnected.
2026-07-28T07:37:27.488-07:00  INFO 5484 --- [notification-service] [org.springframework.kafka.KafkaListenerEndpointContainer#2-0-C-1] org.apache.kafka.clients.NetworkClient   : [Consumer clientId=consumer-notification-group-1, groupId=notification-group] Node -1 disconnected.
2026-07-28T07:37:27.488-07:00  WARN 5484 --- [notification-service] [org.springframework.kafka.KafkaListenerEndpointContainer#2-0-C-1] org.apache.kafka.clients.NetworkClient   : [Consumer clientId=consumer-notification-group-1, groupId=notification-group] Connection to node -1 (localhost/127.0.0.1:9092) could not be established. Node may not be available.
2026-07-28T07:37:27.488-07:00  WARN 5484 --- [notification-service] [org.springframework.kafka.KafkaListenerEndpointContainer#2-0-C-1] org.apache.kafka.clients.NetworkClient   : [Consumer clientId=consumer-notification-group-1, groupId=notification-group] Bootstrap broker localhost:9092 (id: -1 rack: null) disconnected
2026-07-28T07:37:27.488-07:00  WARN 5484 --- [notification-service] [org.springframework.kafka.KafkaListenerEndpointContainer#3-0-C-1] org.apache.kafka.clients.NetworkClient   : [Consumer clientId=consumer-notification-group-2, groupId=notification-group] Connection to node -1 (localhost/127.0.0.1:9092) could not be established. Node may not be available.
2026-07-28T07:37:27.488-07:00  WARN 5484 --- [notification-service] [org.springframework.kafka.KafkaListenerEndpointContainer#3-0-C-1] org.apache.kafka.clients.NetworkClient   : [Consumer clientId=consumer-notification-group-2, groupId=notification-group] Bootstrap broker localhost:9092 (id: -1 rack: null) disconnected
2026-07-28T07:37:27.584-07:00  INFO 5484 --- [notification-service] [org.springframework.kafka.KafkaListenerEndpointContainer#1-0-C-1] org.apache.kafka.clients.NetworkClient   : [Consumer clientId=consumer-notification-group-6, groupId=notification-group] Node -1 disconnected.
2026-07-28T07:37:27.584-07:00  WARN 5484 --- [notification-service] [org.springframework.kafka.KafkaListenerEndpointContainer#1-0-C-1] org.apache.kafka.clients.NetworkClient   : [Consumer clientId=consumer-notification-group-6, groupId=notification-group] Connection to node -1 (localhost/127.0.0.1:9092) could not be established. Node may not be available.
2026-07-28T07:37:27.584-07:00  WARN 5484 --- [notification-service] [org.springframework.kafka.KafkaListenerEndpointContainer#1-0-C-1] org.apache.kafka.clients.NetworkClient   : [Consumer clientId=consumer-notification-group-6, groupId=notification-group] Bootstrap broker localhost:9092 (id: -1 rack: null) disconnected
2026-07-28T07:37:27.632-07:00  INFO 5484 --- [notification-service] [org.springframework.kafka.KafkaListenerEndpointContainer#5-0-C-1] org.apache.kafka.clients.NetworkClient   : [Consumer clientId=consumer-notification-group-4, groupId=notification-group] Node -1 disconnected.
2026-07-28T07:37:27.632-07:00  WARN 5484 --- [notification-service] [org.springframework.kafka.KafkaListenerEndpointContainer#5-0-C-1] org.apache.kafka.clients.NetworkClient   : [Consumer clientId=consumer-notification-group-4, groupId=notification-group] Connection to node -1 (localhost/127.0.0.1:9092) could not be established. Node may not be available.
2026-07-28T07:37:27.632-07:00  WARN 5484 --- [notification-service] [org.springframework.kafka.KafkaListenerEndpointContainer#5-0-C-1] org.apache.kafka.clients.NetworkClient   : [Consumer clientId=consumer-notification-group-4, groupId=notification-group] Bootstrap broker localhost:9092 (id: -1 rack: null) disconnected
2026-07-28T07:37:27.885-07:00  INFO 5484 --- [notification-service] [org.springframework.kafka.KafkaListenerEndpointContainer#0-0-C-1] org.apache.kafka.clients.NetworkClient   : [Consumer clientId=consumer-notification-group-5, groupId=notification-group] Node -1 disconnected.
2026-07-28T07:37:27.885-07:00  WARN 5484 --- [notification-service] [org.springframework.kafka.KafkaListenerEndpointContainer#0-0-C-1] org.apache.kafka.clients.NetworkClient   : [Consumer clientId=consumer-notification-group-5, groupId=notification-group] Connection to node -1 (localhost/127.0.0.1:9092) could not be established. Node may not be available.
2026-07-28T07:37:27.886-07:00  WARN 5484 --- [notification-service] [org.springframework.kafka.KafkaListenerEndpointContainer#0-0-C-1] org.apache.kafka.clients.NetworkClient   : [Consumer clientId=consumer-notification-group-5, groupId=notification-group] Bootstrap broker localhost:9092 (id: -1 rack: null) disconnected
2026-07-28T07:37:28.188-07:00  INFO 5484 --- [notification-service] [org.springframework.kafka.KafkaListenerEndpointContainer#4-0-C-1] org.apache.kafka.clients.NetworkClient   : [Consumer clientId=consumer-notification-group-3, groupId=notification-group] Node -1 disconnected.
2026-07-28T07:37:28.188-07:00  WARN 5484 --- [notification-service] [org.springframework.kafka.KafkaListenerEndpointContainer#4-0-C-1] org.apache.kafka.clients.NetworkClient   : [Consumer clientId=consumer-notification-group-3, groupId=notification-group] Connection to node -1 (localhost/127.0.0.1:9092) could not be established. Node may not be available.
2026-07-28T07:37:28.188-07:00  WARN 5484 --- [notification-service] [org.springframework.kafka.KafkaListenerEndpointContainer#4-0-C-1] org.apache.kafka.clients.NetworkClient   : [Consumer clientId=consumer-notification-group-3, groupId=notification-group] Bootstrap broker localhost:9092 (id: -1 rack: null) disconnected
2026-07-28T07:37:28.424-07:00  INFO 5484 --- [notification-service] [org.springframework.kafka.KafkaListenerEndpointContainer#3-0-C-1] org.apache.kafka.clients.NetworkClient   : [Consumer clientId=consumer-notification-group-2, groupId=notification-group] Node -1 disconnected.
2026-07-28T07:37:28.425-07:00  WARN 5484 --- [notification-service] [org.springframework.kafka.KafkaListenerEndpointContainer#3-0-C-1] org.apache.kafka.clients.NetworkClient   : [Consumer clientId=consumer-notification-group-2, groupId=notification-group] Connection to node -1 (localhost/127.0.0.1:9092) could not be established. Node may not be available.
2026-07-28T07:37:28.425-07:00  WARN 5484 --- [notification-service] [org.springframework.kafka.KafkaListenerEndpointContainer#3-0-C-1] org.apache.kafka.clients.NetworkClient   : [Consumer clientId=consumer-notification-group-2, groupId=notification-group] Bootstrap broker localhost:9092 (id: -1 rack: null) disconnected
2026-07-28T07:37:28.503-07:00  INFO 5484 --- [notification-service] [org.springframework.kafka.KafkaListenerEndpointContainer#2-0-C-1] org.apache.kafka.clients.NetworkClient   : [Consumer clientId=consumer-notification-group-1, groupId=notification-group] Node -1 disconnected.
2026-07-28T07:37:28.503-07:00  WARN 5484 --- [notification-service] [org.springframework.kafka.KafkaListenerEndpointContainer#2-0-C-1] org.apache.kafka.clients.NetworkClient   : [Consumer clientId=consumer-notification-group-1, groupId=notification-group] Connection to node -1 (localhost/127.0.0.1:9092) could not be established. Node may not be available.
2026-07-28T07:37:28.503-07:00  WARN 5484 --- [notification-service] [org.springframework.kafka.KafkaListenerEndpointContainer#2-0-C-1] org.apache.kafka.clients.NetworkClient   : [Consumer clientId=consumer-notification-group-1, groupId=notification-group] Bootstrap broker localhost:9092 (id: -1 rack: null) disconnected
2026-07-28T07:37:28.598-07:00  INFO 5484 --- [notification-service] [org.springframework.kafka.KafkaListenerEndpointContainer#1-0-C-1] org.apache.kafka.clients.NetworkClient   : [Consumer clientId=consumer-notification-group-6, groupId=notification-group] Node -1 disconnected.
2026-07-28T07:37:28.598-07:00  WARN 5484 --- [notification-service] [org.springframework.kafka.KafkaListenerEndpointContainer#1-0-C-1] org.apache.kafka.clients.NetworkClient   : [Consumer clientId=consumer-notification-group-6, groupId=notification-group] Connection to node -1 (localhost/127.0.0.1:9092) could not be established. Node may not be available.
2026-07-28T07:37:28.598-07:00  WARN 5484 --- [notification-service] [org.springframework.kafka.KafkaListenerEndpointContainer#1-0-C-1] org.apache.kafka.clients.NetworkClient   : [Consumer clientId=consumer-notification-group-6, groupId=notification-group] Bootstrap broker localhost:9092 (id: -1 rack: null) disconnected
2026-07-28T07:37:28.645-07:00  INFO 5484 --- [notification-service] [org.springframework.kafka.KafkaListenerEndpointContainer#5-0-C-1] org.apache.kafka.clients.NetworkClient   : [Consumer clientId=consumer-notification-group-4, groupId=notification-group] Node -1 disconnected.
2026-07-28T07:37:28.645-07:00  WARN 5484 --- [notification-service] [org.springframework.kafka.KafkaListenerEndpointContainer#5-0-C-1] org.apache.kafka.clients.NetworkClient   : [Consumer clientId=consumer-notification-group-4, groupId=notification-group] Connection to node -1 (localhost/127.0.0.1:9092) could not be established. Node may not be available.
2026-07-28T07:37:28.645-07:00  WARN 5484 --- [notification-service] [org.springframework.kafka.KafkaListenerEndpointContainer#5-0-C-1] org.apache.kafka.clients.NetworkClient   : [Consumer clientId=consumer-notification-group-4, groupId=notification-group] Bootstrap broker localhost:9092 (id: -1 rack: null) disconnected
2026-07-28T07:37:28.895-07:00  INFO 5484 --- [notification-service] [org.springframework.kafka.KafkaListenerEndpointContainer#0-0-C-1] org.apache.kafka.clients.NetworkClient   : [Consumer clientId=consumer-notification-group-5, groupId=notification-group] Node -1 disconnected.
2026-07-28T07:37:28.895-07:00  WARN 5484 --- [notification-service] [org.springframework.kafka.KafkaListenerEndpointContainer#0-0-C-1] org.apache.kafka.clients.NetworkClient   : [Consumer clientId=consumer-notification-group-5, groupId=notification-group] Connection to node -1 (localhost/127.0.0.1:9092) could not be established. Node may not be available.
2026-07-28T07:37:28.896-07:00  WARN 5484 --- [notification-service] [org.springframework.kafka.KafkaListenerEndpointContainer#0-0-C-1] org.apache.kafka.clients.NetworkClient   : [Consumer clientId=consumer-notification-group-5, groupId=notification-group] Bootstrap broker localhost:9092 (id: -1 rack: null) disconnected
2026-07-28T07:37:29.192-07:00  INFO 5484 --- [notification-service] [org.springframework.kafka.KafkaListenerEndpointContainer#4-0-C-1] org.apache.kafka.clients.NetworkClient   : [Consumer clientId=consumer-notification-group-3, groupId=notification-group] Node -1 disconnected.
2026-07-28T07:37:29.192-07:00  WARN 5484 --- [notification-service] [org.springframework.kafka.KafkaListenerEndpointContainer#4-0-C-1] org.apache.kafka.clients.NetworkClient   : [Consumer clientId=consumer-notification-group-3, groupId=notification-group] Connection to node -1 (localhost/127.0.0.1:9092) could not be established. Node may not be available.
2026-07-28T07:37:29.192-07:00  WARN 5484 --- [notification-service] [org.springframework.kafka.KafkaListenerEndpointContainer#4-0-C-1] org.apache.kafka.clients.NetworkClient   : [Consumer clientId=consumer-notification-group-3, groupId=notification-group] Bootstrap broker localhost:9092 (id: -1 rack: null) disconnected
2026-07-28T07:37:29.441-07:00  INFO 5484 --- [notification-service] [org.springframework.kafka.KafkaListenerEndpointContainer#3-0-C-1] org.apache.kafka.clients.NetworkClient   : [Consumer clientId=consumer-notification-group-2, groupId=notification-group] Node -1 disconnected.
2026-07-28T07:37:29.441-07:00  WARN 5484 --- [notification-service] [org.springframework.kafka.KafkaListenerEndpointContainer#3-0-C-1] org.apache.kafka.clients.NetworkClient   : [Consumer clientId=consumer-notification-group-2, groupId=notification-group] Connection to node -1 (localhost/127.0.0.1:9092) could not be established. Node may not be available.
2026-07-28T07:37:29.441-07:00  WARN 5484 --- [notification-service] [org.springframework.kafka.KafkaListenerEndpointContainer#3-0-C-1] org.apache.kafka.clients.NetworkClient   : [Consumer clientId=consumer-notification-group-2, groupId=notification-group] Bootstrap broker localhost:9092 (id: -1 rack: null) disconnected
2026-07-28T07:37:29.503-07:00  INFO 5484 --- [notification-service] [org.springframework.kafka.KafkaListenerEndpointContainer#2-0-C-1] org.apache.kafka.clients.NetworkClient   : [Consumer clientId=consumer-notification-group-1, groupId=notification-group] Node -1 disconnected.
2026-07-28T07:37:29.504-07:00  WARN 5484 --- [notification-service] [org.springframework.kafka.KafkaListenerEndpointContainer#2-0-C-1] org.apache.kafka.clients.NetworkClient   : [Consumer clientId=consumer-notification-group-1, groupId=notification-group] Connection to node -1 (localhost/127.0.0.1:9092) could not be established. Node may not be available.
2026-07-28T07:37:29.504-07:00  WARN 5484 --- [notification-service] [org.springframework.kafka.KafkaListenerEndpointContainer#2-0-C-1] org.apache.kafka.clients.NetworkClient   : [Consumer clientId=consumer-notification-group-1, groupId=notification-group] Bootstrap broker localhost:9092 (id: -1 rack: null) disconnected
2026-07-28T07:37:29.518-07:00  INFO 5484 --- [notification-service] [org.springframework.kafka.KafkaListenerEndpointContainer#5-0-C-1] org.apache.kafka.clients.NetworkClient   : [Consumer clientId=consumer-notification-group-4, groupId=notification-group] Node -1 disconnected.
2026-07-28T07:37:29.518-07:00  WARN 5484 --- [notification-service] [org.springframework.kafka.KafkaListenerEndpointContainer#5-0-C-1] org.apache.kafka.clients.NetworkClient   : [Consumer clientId=consumer-notification-group-4, groupId=notification-group] Connection to node -1 (localhost/127.0.0.1:9092) could not be established. Node may not be available.
2026-07-28T07:37:29.518-07:00  WARN 5484 --- [notification-service] [org.springframework.kafka.KafkaListenerEndpointContainer#5-0-C-1] org.apache.kafka.clients.NetworkClient   : [Consumer clientId=consumer-notification-group-4, groupId=notification-group] Bootstrap broker localhost:9092 (id: -1 rack: null) disconnected
2026-07-28T07:37:29.597-07:00  INFO 5484 --- [notification-service] [org.springframework.kafka.KafkaListenerEndpointContainer#1-0-C-1] org.apache.kafka.clients.NetworkClient   : [Consumer clientId=consumer-notification-group-6, groupId=notification-group] Node -1 disconnected.
2026-07-28T07:37:29.597-07:00  WARN 5484 --- [notification-service] [org.springframework.kafka.KafkaListenerEndpointContainer#1-0-C-1] org.apache.kafka.clients.NetworkClient   : [Consumer clientId=consumer-notification-group-6, groupId=notification-group] Connection to node -1 (localhost/127.0.0.1:9092) could not be established. Node may not be available.
2026-07-28T07:37:29.597-07:00  WARN 5484 --- [notification-service] [org.springframework.kafka.KafkaListenerEndpointContainer#1-0-C-1] org.apache.kafka.clients.NetworkClient   : [Consumer clientId=consumer-notification-group-6, groupId=notification-group] Bootstrap broker localhost:9092 (id: -1 rack: null) disconnected
2026-07-28T07:37:29.831-07:00  INFO 5484 --- [notification-service] [org.springframework.kafka.KafkaListenerEndpointContainer#0-0-C-1] org.apache.kafka.clients.NetworkClient   : [Consumer clientId=consumer-notification-group-5, groupId=notification-group] Node -1 disconnected.
2026-07-28T07:37:29.831-07:00  WARN 5484 --- [notification-service] [org.springframework.kafka.KafkaListenerEndpointContainer#0-0-C-1] org.apache.kafka.clients.NetworkClient   : [Consumer clientId=consumer-notification-group-5, groupId=notification-group] Connection to node -1 (localhost/127.0.0.1:9092) could not be established. Node may not be available.
2026-07-28T07:37:29.831-07:00  WARN 5484 --- [notification-service] [org.springframework.kafka.KafkaListenerEndpointContainer#0-0-C-1] org.apache.kafka.clients.NetworkClient   : [Consumer clientId=consumer-notification-group-5, groupId=notification-group] Bootstrap broker localhost:9092 (id: -1 rack: null) disconnected
2026-07-28T07:37:30.068-07:00  INFO 5484 --- [notification-service] [org.springframework.kafka.KafkaListenerEndpointContainer#4-0-C-1] org.apache.kafka.clients.NetworkClient   : [Consumer clientId=consumer-notification-group-3, groupId=notification-group] Node -1 disconnected.
2026-07-28T07:37:30.068-07:00  WARN 5484 --- [notification-service] [org.springframework.kafka.KafkaListenerEndpointContainer#4-0-C-1] org.apache.kafka.clients.NetworkClient   : [Consumer clientId=consumer-notification-group-3, groupId=notification-group] Connection to node -1 (localhost/127.0.0.1:9092) could not be established. Node may not be available.
2026-07-28T07:37:30.068-07:00  WARN 5484 --- [notification-service] [org.springframework.kafka.KafkaListenerEndpointContainer#4-0-C-1] org.apache.kafka.clients.NetworkClient   : [Consumer clientId=consumer-notification-group-3, groupId=notification-group] Bootstrap broker localhost:9092 (id: -1 rack: null) disconnected
2026-07-28T07:37:30.386-07:00  INFO 5484 --- [notification-service] [org.springframework.kafka.KafkaListenerEndpointContainer#3-0-C-1] org.apache.kafka.clients.NetworkClient   : [Consumer clientId=consumer-notification-group-2, groupId=notification-group] Node -1 disconnected.
2026-07-28T07:37:30.386-07:00  WARN 5484 --- [notification-service] [org.springframework.kafka.KafkaListenerEndpointContainer#3-0-C-1] org.apache.kafka.clients.NetworkClient   : [Consumer clientId=consumer-notification-group-2, groupId=notification-group] Connection to node -1 (localhost/127.0.0.1:9092) could not be established. Node may not be available.
2026-07-28T07:37:30.386-07:00  WARN 5484 --- [notification-service] [org.springframework.kafka.KafkaListenerEndpointContainer#3-0-C-1] org.apache.kafka.clients.NetworkClient   : [Consumer clientId=consumer-notification-group-2, groupId=notification-group] Bootstrap broker localhost:9092 (id: -1 rack: null) disconnected
2026-07-28T07:37:30.514-07:00  INFO 5484 --- [notification-service] [org.springframework.kafka.KafkaListenerEndpointContainer#2-0-C-1] org.apache.kafka.clients.NetworkClient   : [Consumer clientId=consumer-notification-group-1, groupId=notification-group] Node -1 disconnected.
2026-07-28T07:37:30.514-07:00  WARN 5484 --- [notification-service] [org.springframework.kafka.KafkaListenerEndpointContainer#2-0-C-1] org.apache.kafka.clients.NetworkClient   : [Consumer clientId=consumer-notification-group-1, groupId=notification-group] Connection to node -1 (localhost/127.0.0.1:9092) could not be established. Node may not be available.
2026-07-28T07:37:30.514-07:00  WARN 5484 --- [notification-service] [org.springframework.kafka.KafkaListenerEndpointContainer#2-0-C-1] org.apache.kafka.clients.NetworkClient   : [Consumer clientId=consumer-notification-group-1, groupId=notification-group] Bootstrap broker localhost:9092 (id: -1 rack: null) disconnected
2026-07-28T07:37:30.545-07:00  INFO 5484 --- [notification-service] [org.springframework.kafka.KafkaListenerEndpointContainer#1-0-C-1] org.apache.kafka.clients.NetworkClient   : [Consumer clientId=consumer-notification-group-6, groupId=notification-group] Node -1 disconnected.
2026-07-28T07:37:30.545-07:00  INFO 5484 --- [notification-service] [org.springframework.kafka.KafkaListenerEndpointContainer#5-0-C-1] org.apache.kafka.clients.NetworkClient   : [Consumer clientId=consumer-notification-group-4, groupId=notification-group] Node -1 disconnected.
2026-07-28T07:37:30.546-07:00  WARN 5484 --- [notification-service] [org.springframework.kafka.KafkaListenerEndpointContainer#1-0-C-1] org.apache.kafka.clients.NetworkClient   : [Consumer clientId=consumer-notification-group-6, groupId=notification-group] Connection to node -1 (localhost/127.0.0.1:9092) could not be established. Node may not be available.
2026-07-28T07:37:30.546-07:00  WARN 5484 --- [notification-service] [org.springframework.kafka.KafkaListenerEndpointContainer#5-0-C-1] org.apache.kafka.clients.NetworkClient   : [Consumer clientId=consumer-notification-group-4, groupId=notification-group] Connection to node -1 (localhost/127.0.0.1:9092) could not be established. Node may not be available.
2026-07-28T07:37:30.546-07:00  WARN 5484 --- [notification-service] [org.springframework.kafka.KafkaListenerEndpointContainer#5-0-C-1] org.apache.kafka.clients.NetworkClient   : [Consumer clientId=consumer-notification-group-4, groupId=notification-group] Bootstrap broker localhost:9092 (id: -1 rack: null) disconnected
2026-07-28T07:37:30.546-07:00  WARN 5484 --- [notification-service] [org.springframework.kafka.KafkaListenerEndpointContainer#1-0-C-1] org.apache.kafka.clients.NetworkClient   : [Consumer clientId=consumer-notification-group-6, groupId=notification-group] Bootstrap broker localhost:9092 (id: -1 rack: null) disconnected
2026-07-28T07:37:30.718-07:00  INFO 5484 --- [notification-service] [org.springframework.kafka.KafkaListenerEndpointContainer#0-0-C-1] org.apache.kafka.clients.NetworkClient   : [Consumer clientId=consumer-notification-group-5, groupId=notification-group] Node -1 disconnected.
2026-07-28T07:37:30.718-07:00  WARN 5484 --- [notification-service] [org.springframework.kafka.KafkaListenerEndpointContainer#0-0-C-1] org.apache.kafka.clients.NetworkClient   : [Consumer clientId=consumer-notification-group-5, groupId=notification-group] Connection to node -1 (localhost/127.0.0.1:9092) could not be established. Node may not be available.
2026-07-28T07:37:30.718-07:00  WARN 5484 --- [notification-service] [org.springframework.kafka.KafkaListenerEndpointContainer#0-0-C-1] org.apache.kafka.clients.NetworkClient   : [Consumer clientId=consumer-notification-group-5, groupId=notification-group] Bootstrap broker localhost:9092 (id: -1 rack: null) disconnected
2026-07-28T07:37:30.877-07:00  INFO 5484 --- [notification-service] [org.springframework.kafka.KafkaListenerEndpointContainer#4-0-C-1] org.apache.kafka.clients.NetworkClient   : [Consumer clientId=consumer-notification-group-3, groupId=notification-group] Node -1 disconnected.
2026-07-28T07:37:30.877-07:00  WARN 5484 --- [notification-service] [org.springframework.kafka.KafkaListenerEndpointContainer#4-0-C-1] org.apache.kafka.clients.NetworkClient   : [Consumer clientId=consumer-notification-group-3, groupId=notification-group] Connection to node -1 (localhost/127.0.0.1:9092) could not be established. Node may not be available.
2026-07-28T07:37:30.877-07:00  WARN 5484 --- [notification-service] [org.springframework.kafka.KafkaListenerEndpointContainer#4-0-C-1] org.apache.kafka.clients.NetworkClient   : [Consumer clientId=consumer-notification-group-3, groupId=notification-group] Bootstrap broker localhost:9092 (id: -1 rack: null) disconnected
2026-07-28T07:37:31.400-07:00  INFO 5484 --- [notification-service] [org.springframework.kafka.KafkaListenerEndpointContainer#3-0-C-1] org.apache.kafka.clients.NetworkClient   : [Consumer clientId=consumer-notification-group-2, groupId=notification-group] Node -1 disconnected.
2026-07-28T07:37:31.400-07:00  WARN 5484 --- [notification-service] [org.springframework.kafka.KafkaListenerEndpointContainer#3-0-C-1] org.apache.kafka.clients.NetworkClient   : [Consumer clientId=consumer-notification-group-2, groupId=notification-group] Connection to node -1 (localhost/127.0.0.1:9092) could not be established. Node may not be available.
2026-07-28T07:37:31.400-07:00  WARN 5484 --- [notification-service] [org.springframework.kafka.KafkaListenerEndpointContainer#3-0-C-1] org.apache.kafka.clients.NetworkClient   : [Consumer clientId=consumer-notification-group-2, groupId=notification-group] Bootstrap broker localhost:9092 (id: -1 rack: null) disconnected
2026-07-28T07:37:31.432-07:00  INFO 5484 --- [notification-service] [org.springframework.kafka.KafkaListenerEndpointContainer#1-0-C-1] org.apache.kafka.clients.NetworkClient   : [Consumer clientId=consumer-notification-group-6, groupId=notification-group] Node -1 disconnected.
2026-07-28T07:37:31.433-07:00  WARN 5484 --- [notification-service] [org.springframework.kafka.KafkaListenerEndpointContainer#1-0-C-1] org.apache.kafka.clients.NetworkClient   : [Consumer clientId=consumer-notification-group-6, groupId=notification-group] Connection to node -1 (localhost/127.0.0.1:9092) could not be established. Node may not be available.
2026-07-28T07:37:31.433-07:00  WARN 5484 --- [notification-service] [org.springframework.kafka.KafkaListenerEndpointContainer#1-0-C-1] org.apache.kafka.clients.NetworkClient   : [Consumer clientId=consumer-notification-group-6, groupId=notification-group] Bootstrap broker localhost:9092 (id: -1 rack: null) disconnected
2026-07-28T07:37:31.530-07:00  INFO 5484 --- [notification-service] [org.springframework.kafka.KafkaListenerEndpointContainer#2-0-C-1] org.apache.kafka.clients.NetworkClient   : [Consumer clientId=consumer-notification-group-1, groupId=notification-group] Node -1 disconnected.
2026-07-28T07:37:31.530-07:00  WARN 5484 --- [notification-service] [org.springframework.kafka.KafkaListenerEndpointContainer#2-0-C-1] org.apache.kafka.clients.NetworkClient   : [Consumer clientId=consumer-notification-group-1, groupId=notification-group] Connection to node -1 (localhost/127.0.0.1:9092) could not be established. Node may not be available.
2026-07-28T07:37:31.530-07:00  WARN 5484 --- [notification-service] [org.springframework.kafka.KafkaListenerEndpointContainer#2-0-C-1] org.apache.kafka.clients.NetworkClient   : [Consumer clientId=consumer-notification-group-1, groupId=notification-group] Bootstrap broker localhost:9092 (id: -1 rack: null) disconnected
2026-07-28T07:37:31.579-07:00  INFO 5484 --- [notification-service] [org.springframework.kafka.KafkaListenerEndpointContainer#5-0-C-1] org.apache.kafka.clients.NetworkClient   : [Consumer clientId=consumer-notification-group-4, groupId=notification-group] Node -1 disconnected.
2026-07-28T07:37:31.580-07:00  WARN 5484 --- [notification-service] [org.springframework.kafka.KafkaListenerEndpointContainer#5-0-C-1] org.apache.kafka.clients.NetworkClient   : [Consumer clientId=consumer-notification-group-4, groupId=notification-group] Connection to node -1 (localhost/127.0.0.1:9092) could not be established. Node may not be available.
2026-07-28T07:37:31.580-07:00  WARN 5484 --- [notification-service] [org.springframework.kafka.KafkaListenerEndpointContainer#5-0-C-1] org.apache.kafka.clients.NetworkClient   : [Consumer clientId=consumer-notification-group-4, groupId=notification-group] Bootstrap broker localhost:9092 (id: -1 rack: null) disconnected
2026-07-28T07:37:31.733-07:00  INFO 5484 --- [notification-service] [org.springframework.kafka.KafkaListenerEndpointContainer#0-0-C-1] org.apache.kafka.clients.NetworkClient   : [Consumer clientId=consumer-notification-group-5, groupId=notification-group] Node -1 disconnected.
2026-07-28T07:37:31.733-07:00  WARN 5484 --- [notification-service] [org.springframework.kafka.KafkaListenerEndpointContainer#0-0-C-1] org.apache.kafka.clients.NetworkClient   : [Consumer clientId=consumer-notification-group-5, groupId=notification-group] Connection to node -1 (localhost/127.0.0.1:9092) could not be established. Node may not be available.
2026-07-28T07:37:31.734-07:00  WARN 5484 --- [notification-service] [org.springframework.kafka.KafkaListenerEndpointContainer#0-0-C-1] org.apache.kafka.clients.NetworkClient   : [Consumer clientId=consumer-notification-group-5, groupId=notification-group] Bootstrap broker localhost:9092 (id: -1 rack: null) disconnected
2026-07-28T07:37:31.892-07:00  INFO 5484 --- [notification-service] [org.springframework.kafka.KafkaListenerEndpointContainer#4-0-C-1] org.apache.kafka.clients.NetworkClient   : [Consumer clientId=consumer-notification-group-3, groupId=notification-group] Node -1 disconnected.
2026-07-28T07:37:31.892-07:00  WARN 5484 --- [notification-service] [org.springframework.kafka.KafkaListenerEndpointContainer#4-0-C-1] org.apache.kafka.clients.NetworkClient   : [Consumer clientId=consumer-notification-group-3, groupId=notification-group] Connection to node -1 (localhost/127.0.0.1:9092) could not be established. Node may not be available.
2026-07-28T07:37:31.892-07:00  WARN 5484 --- [notification-service] [org.springframework.kafka.KafkaListenerEndpointContainer#4-0-C-1] org.apache.kafka.clients.NetworkClient   : [Consumer clientId=consumer-notification-group-3, groupId=notification-group] Bootstrap broker localhost:9092 (id: -1 rack: null) disconnected
2026-07-28T07:37:32.413-07:00  INFO 5484 --- [notification-service] [org.springframework.kafka.KafkaListenerEndpointContainer#3-0-C-1] org.apache.kafka.clients.NetworkClient   : [Consumer clientId=consumer-notification-group-2, groupId=notification-group] Node -1 disconnected.
2026-07-28T07:37:32.414-07:00  WARN 5484 --- [notification-service] [org.springframework.kafka.KafkaListenerEndpointContainer#3-0-C-1] org.apache.kafka.clients.NetworkClient   : [Consumer clientId=consumer-notification-group-2, groupId=notification-group] Connection to node -1 (localhost/127.0.0.1:9092) could not be established. Node may not be available.
2026-07-28T07:37:32.414-07:00  WARN 5484 --- [notification-service] [org.springframework.kafka.KafkaListenerEndpointContainer#3-0-C-1] org.apache.kafka.clients.NetworkClient   : [Consumer clientId=consumer-notification-group-2, groupId=notification-group] Bootstrap broker localhost:9092 (id: -1 rack: null) disconnected
2026-07-28T07:37:32.444-07:00  INFO 5484 --- [notification-service] [org.springframework.kafka.KafkaListenerEndpointContainer#1-0-C-1] org.apache.kafka.clients.NetworkClient   : [Consumer clientId=consumer-notification-group-6, groupId=notification-group] Node -1 disconnected.
2026-07-28T07:37:32.444-07:00  WARN 5484 --- [notification-service] [org.springframework.kafka.KafkaListenerEndpointContainer#1-0-C-1] org.apache.kafka.clients.NetworkClient   : [Consumer clientId=consumer-notification-group-6, groupId=notification-group] Connection to node -1 (localhost/127.0.0.1:9092) could not be established. Node may not be available.
2026-07-28T07:37:32.444-07:00  WARN 5484 --- [notification-service] [org.springframework.kafka.KafkaListenerEndpointContainer#1-0-C-1] org.apache.kafka.clients.NetworkClient   : [Consumer clientId=consumer-notification-group-6, groupId=notification-group] Bootstrap broker localhost:9092 (id: -1 rack: null) disconnected
2026-07-28T07:37:32.587-07:00  INFO 5484 --- [notification-service] [org.springframework.kafka.KafkaListenerEndpointContainer#5-0-C-1] org.apache.kafka.clients.NetworkClient   : [Consumer clientId=consumer-notification-group-4, groupId=notification-group] Node -1 disconnected.
2026-07-28T07:37:32.587-07:00  WARN 5484 --- [notification-service] [org.springframework.kafka.KafkaListenerEndpointContainer#5-0-C-1] org.apache.kafka.clients.NetworkClient   : [Consumer clientId=consumer-notification-group-4, groupId=notification-group] Connection to node -1 (localhost/127.0.0.1:9092) could not be established. Node may not be available.
2026-07-28T07:37:32.587-07:00  WARN 5484 --- [notification-service] [org.springframework.kafka.KafkaListenerEndpointContainer#5-0-C-1] org.apache.kafka.clients.NetworkClient   : [Consumer clientId=consumer-notification-group-4, groupId=notification-group] Bootstrap broker localhost:9092 (id: -1 rack: null) disconnected
2026-07-28T07:37:32.587-07:00  INFO 5484 --- [notification-service] [org.springframework.kafka.KafkaListenerEndpointContainer#2-0-C-1] org.apache.kafka.clients.NetworkClient   : [Consumer clientId=consumer-notification-group-1, groupId=notification-group] Node -1 disconnected.
2026-07-28T07:37:32.587-07:00  WARN 5484 --- [notification-service] [org.springframework.kafka.KafkaListenerEndpointContainer#2-0-C-1] org.apache.kafka.clients.NetworkClient   : [Consumer clientId=consumer-notification-group-1, groupId=notification-group] Connection to node -1 (localhost/127.0.0.1:9092) could not be established. Node may not be available.
2026-07-28T07:37:32.587-07:00  WARN 5484 --- [notification-service] [org.springframework.kafka.KafkaListenerEndpointContainer#2-0-C-1] org.apache.kafka.clients.NetworkClient   : [Consumer clientId=consumer-notification-group-1, groupId=notification-group] Bootstrap broker localhost:9092 (id: -1 rack: null) disconnected
2026-07-28T07:37:32.745-07:00  INFO 5484 --- [notification-service] [org.springframework.kafka.KafkaListenerEndpointContainer#0-0-C-1] org.apache.kafka.clients.NetworkClient   : [Consumer clientId=consumer-notification-group-5, groupId=notification-group] Node -1 disconnected.
2026-07-28T07:37:32.745-07:00  WARN 5484 --- [notification-service] [org.springframework.kafka.KafkaListenerEndpointContainer#0-0-C-1] org.apache.kafka.clients.NetworkClient   : [Consumer clientId=consumer-notification-group-5, groupId=notification-group] Connection to node -1 (localhost/127.0.0.1:9092) could not be established. Node may not be available.
2026-07-28T07:37:32.745-07:00  WARN 5484 --- [notification-service] [org.springframework.kafka.KafkaListenerEndpointContainer#0-0-C-1] org.apache.kafka.clients.NetworkClient   : [Consumer clientId=consumer-notification-group-5, groupId=notification-group] Bootstrap broker localhost:9092 (id: -1 rack: null) disconnected
2026-07-28T07:37:32.905-07:00  INFO 5484 --- [notification-service] [org.springframework.kafka.KafkaListenerEndpointContainer#4-0-C-1] org.apache.kafka.clients.NetworkClient   : [Consumer clientId=consumer-notification-group-3, groupId=notification-group] Node -1 disconnected.
2026-07-28T07:37:32.905-07:00  WARN 5484 --- [notification-service] [org.springframework.kafka.KafkaListenerEndpointContainer#4-0-C-1] org.apache.kafka.clients.NetworkClient   : [Consumer clientId=consumer-notification-group-3, groupId=notification-group] Connection to node -1 (localhost/127.0.0.1:9092) could not be established. Node may not be available.
2026-07-28T07:37:32.905-07:00  WARN 5484 --- [notification-service] [org.springframework.kafka.KafkaListenerEndpointContainer#4-0-C-1] org.apache.kafka.clients.NetworkClient   : [Consumer clientId=consumer-notification-group-3, groupId=notification-group] Bootstrap broker localhost:9092 (id: -1 rack: null) disconnected
2026-07-28T07:37:33.269-07:00  INFO 5484 --- [notification-service] [org.springframework.kafka.KafkaListenerEndpointContainer#1-0-C-1] org.apache.kafka.clients.NetworkClient   : [Consumer clientId=consumer-notification-group-6, groupId=notification-group] Node -1 disconnected.
2026-07-28T07:37:33.269-07:00  WARN 5484 --- [notification-service] [org.springframework.kafka.KafkaListenerEndpointContainer#1-0-C-1] org.apache.kafka.clients.NetworkClient   : [Consumer clientId=consumer-notification-group-6, groupId=notification-group] Connection to node -1 (localhost/127.0.0.1:9092) could not be established. Node may not be available.
2026-07-28T07:37:33.270-07:00  WARN 5484 --- [notification-service] [org.springframework.kafka.KafkaListenerEndpointContainer#1-0-C-1] org.apache.kafka.clients.NetworkClient   : [Consumer clientId=consumer-notification-group-6, groupId=notification-group] Bootstrap broker localhost:9092 (id: -1 rack: null) disconnected
2026-07-28T07:37:33.364-07:00  INFO 5484 --- [notification-service] [org.springframework.kafka.KafkaListenerEndpointContainer#3-0-C-1] org.apache.kafka.clients.NetworkClient   : [Consumer clientId=consumer-notification-group-2, groupId=notification-group] Node -1 disconnected.
2026-07-28T07:37:33.365-07:00  WARN 5484 --- [notification-service] [org.springframework.kafka.KafkaListenerEndpointContainer#3-0-C-1] org.apache.kafka.clients.NetworkClient   : [Consumer clientId=consumer-notification-group-2, groupId=notification-group] Connection to node -1 (localhost/127.0.0.1:9092) could not be established. Node may not be available.
2026-07-28T07:37:33.365-07:00  WARN 5484 --- [notification-service] [org.springframework.kafka.KafkaListenerEndpointContainer#3-0-C-1] org.apache.kafka.clients.NetworkClient   : [Consumer clientId=consumer-notification-group-2, groupId=notification-group] Bootstrap broker localhost:9092 (id: -1 rack: null) disconnected
2026-07-28T07:37:33.537-07:00  INFO 5484 --- [notification-service] [org.springframework.kafka.KafkaListenerEndpointContainer#5-0-C-1] org.apache.kafka.clients.NetworkClient   : [Consumer clientId=consumer-notification-group-4, groupId=notification-group] Node -1 disconnected.
2026-07-28T07:37:33.537-07:00  WARN 5484 --- [notification-service] [org.springframework.kafka.KafkaListenerEndpointContainer#5-0-C-1] org.apache.kafka.clients.NetworkClient   : [Consumer clientId=consumer-notification-group-4, groupId=notification-group] Connection to node -1 (localhost/127.0.0.1:9092) could not be established. Node may not be available.
2026-07-28T07:37:33.538-07:00  WARN 5484 --- [notification-service] [org.springframework.kafka.KafkaListenerEndpointContainer#5-0-C-1] org.apache.kafka.clients.NetworkClient   : [Consumer clientId=consumer-notification-group-4, groupId=notification-group] Bootstrap broker localhost:9092 (id: -1 rack: null) disconnected
2026-07-28T07:37:33.599-07:00  INFO 5484 --- [notification-service] [org.springframework.kafka.KafkaListenerEndpointContainer#2-0-C-1] org.apache.kafka.clients.NetworkClient   : [Consumer clientId=consumer-notification-group-1, groupId=notification-group] Node -1 disconnected.
2026-07-28T07:37:33.599-07:00  WARN 5484 --- [notification-service] [org.springframework.kafka.KafkaListenerEndpointContainer#2-0-C-1] org.apache.kafka.clients.NetworkClient   : [Consumer clientId=consumer-notification-group-1, groupId=notification-group] Connection to node -1 (localhost/127.0.0.1:9092) could not be established. Node may not be available.
2026-07-28T07:37:33.599-07:00  WARN 5484 --- [notification-service] [org.springframework.kafka.KafkaListenerEndpointContainer#2-0-C-1] org.apache.kafka.clients.NetworkClient   : [Consumer clientId=consumer-notification-group-1, groupId=notification-group] Bootstrap broker localhost:9092 (id: -1 rack: null) disconnected
2026-07-28T07:37:33.756-07:00  INFO 5484 --- [notification-service] [org.springframework.kafka.KafkaListenerEndpointContainer#0-0-C-1] org.apache.kafka.clients.NetworkClient   : [Consumer clientId=consumer-notification-group-5, groupId=notification-group] Node -1 disconnected.
2026-07-28T07:37:33.756-07:00  WARN 5484 --- [notification-service] [org.springframework.kafka.KafkaListenerEndpointContainer#0-0-C-1] org.apache.kafka.clients.NetworkClient   : [Consumer clientId=consumer-notification-group-5, groupId=notification-group] Connection to node -1 (localhost/127.0.0.1:9092) could not be established. Node may not be available.
2026-07-28T07:37:33.757-07:00  WARN 5484 --- [notification-service] [org.springframework.kafka.KafkaListenerEndpointContainer#0-0-C-1] org.apache.kafka.clients.NetworkClient   : [Consumer clientId=consumer-notification-group-5, groupId=notification-group] Bootstrap broker localhost:9092 (id: -1 rack: null) disconnected
2026-07-28T07:37:33.915-07:00  INFO 5484 --- [notification-service] [org.springframework.kafka.KafkaListenerEndpointContainer#4-0-C-1] org.apache.kafka.clients.NetworkClient   : [Consumer clientId=consumer-notification-group-3, groupId=notification-group] Node -1 disconnected.
2026-07-28T07:37:33.915-07:00  WARN 5484 --- [notification-service] [org.springframework.kafka.KafkaListenerEndpointContainer#4-0-C-1] org.apache.kafka.clients.NetworkClient   : [Consumer clientId=consumer-notification-group-3, groupId=notification-group] Connection to node -1 (localhost/127.0.0.1:9092) could not be established. Node may not be available.
2026-07-28T07:37:33.915-07:00  WARN 5484 --- [notification-service] [org.springframework.kafka.KafkaListenerEndpointContainer#4-0-C-1] org.apache.kafka.clients.NetworkClient   : [Consumer clientId=consumer-notification-group-3, groupId=notification-group] Bootstrap broker localhost:9092 (id: -1 rack: null) disconnected
2026-07-28T07:37:34.281-07:00  INFO 5484 --- [notification-service] [org.springframework.kafka.KafkaListenerEndpointContainer#1-0-C-1] org.apache.kafka.clients.NetworkClient   : [Consumer clientId=consumer-notification-group-6, groupId=notification-group] Node -1 disconnected.
2026-07-28T07:37:34.281-07:00  WARN 5484 --- [notification-service] [org.springframework.kafka.KafkaListenerEndpointContainer#1-0-C-1] org.apache.kafka.clients.NetworkClient   : [Consumer clientId=consumer-notification-group-6, groupId=notification-group] Connection to node -1 (localhost/127.0.0.1:9092) could not be established. Node may not be available.
2026-07-28T07:37:34.281-07:00  WARN 5484 --- [notification-service] [org.springframework.kafka.KafkaListenerEndpointContainer#1-0-C-1] org.apache.kafka.clients.NetworkClient   : [Consumer clientId=consumer-notification-group-6, groupId=notification-group] Bootstrap broker localhost:9092 (id: -1 rack: null) disconnected
2026-07-28T07:37:34.376-07:00  INFO 5484 --- [notification-service] [org.springframework.kafka.KafkaListenerEndpointContainer#3-0-C-1] org.apache.kafka.clients.NetworkClient   : [Consumer clientId=consumer-notification-group-2, groupId=notification-group] Node -1 disconnected.
2026-07-28T07:37:34.376-07:00  WARN 5484 --- [notification-service] [org.springframework.kafka.KafkaListenerEndpointContainer#3-0-C-1] org.apache.kafka.clients.NetworkClient   : [Consumer clientId=consumer-notification-group-2, groupId=notification-group] Connection to node -1 (localhost/127.0.0.1:9092) could not be established. Node may not be available.
2026-07-28T07:37:34.376-07:00  WARN 5484 --- [notification-service] [org.springframework.kafka.KafkaListenerEndpointContainer#3-0-C-1] org.apache.kafka.clients.NetworkClient   : [Consumer clientId=consumer-notification-group-2, groupId=notification-group] Bootstrap broker localhost:9092 (id: -1 rack: null) disconnected
2026-07-28T07:37:34.423-07:00  INFO 5484 --- [notification-service] [org.springframework.kafka.KafkaListenerEndpointContainer#5-0-C-1] org.apache.kafka.clients.NetworkClient   : [Consumer clientId=consumer-notification-group-4, groupId=notification-group] Node -1 disconnected.
2026-07-28T07:37:34.424-07:00  WARN 5484 --- [notification-service] [org.springframework.kafka.KafkaListenerEndpointContainer#5-0-C-1] org.apache.kafka.clients.NetworkClient   : [Consumer clientId=consumer-notification-group-4, groupId=notification-group] Connection to node -1 (localhost/127.0.0.1:9092) could not be established. Node may not be available.
2026-07-28T07:37:34.424-07:00  WARN 5484 --- [notification-service] [org.springframework.kafka.KafkaListenerEndpointContainer#5-0-C-1] org.apache.kafka.clients.NetworkClient   : [Consumer clientId=consumer-notification-group-4, groupId=notification-group] Bootstrap broker localhost:9092 (id: -1 rack: null) disconnected
2026-07-28T07:37:34.612-07:00  INFO 5484 --- [notification-service] [org.springframework.kafka.KafkaListenerEndpointContainer#2-0-C-1] org.apache.kafka.clients.NetworkClient   : [Consumer clientId=consumer-notification-group-1, groupId=notification-group] Node -1 disconnected.
2026-07-28T07:37:34.612-07:00  WARN 5484 --- [notification-service] [org.springframework.kafka.KafkaListenerEndpointContainer#2-0-C-1] org.apache.kafka.clients.NetworkClient   : [Consumer clientId=consumer-notification-group-1, groupId=notification-group] Connection to node -1 (localhost/127.0.0.1:9092) could not be established. Node may not be available.
2026-07-28T07:37:34.612-07:00  WARN 5484 --- [notification-service] [org.springframework.kafka.KafkaListenerEndpointContainer#2-0-C-1] org.apache.kafka.clients.NetworkClient   : [Consumer clientId=consumer-notification-group-1, groupId=notification-group] Bootstrap broker localhost:9092 (id: -1 rack: null) disconnected
2026-07-28T07:37:34.644-07:00  INFO 5484 --- [notification-service] [org.springframework.kafka.KafkaListenerEndpointContainer#0-0-C-1] org.apache.kafka.clients.NetworkClient   : [Consumer clientId=consumer-notification-group-5, groupId=notification-group] Node -1 disconnected.
2026-07-28T07:37:34.644-07:00  WARN 5484 --- [notification-service] [org.springframework.kafka.KafkaListenerEndpointContainer#0-0-C-1] org.apache.kafka.clients.NetworkClient   : [Consumer clientId=consumer-notification-group-5, groupId=notification-group] Connection to node -1 (localhost/127.0.0.1:9092) could not be established. Node may not be available.
2026-07-28T07:37:34.644-07:00  WARN 5484 --- [notification-service] [org.springframework.kafka.KafkaListenerEndpointContainer#0-0-C-1] org.apache.kafka.clients.NetworkClient   : [Consumer clientId=consumer-notification-group-5, groupId=notification-group] Bootstrap broker localhost:9092 (id: -1 rack: null) disconnected
2026-07-28T07:37:34.738-07:00  INFO 5484 --- [notification-service] [org.springframework.kafka.KafkaListenerEndpointContainer#4-0-C-1] org.apache.kafka.clients.NetworkClient   : [Consumer clientId=consumer-notification-group-3, groupId=notification-group] Node -1 disconnected.
2026-07-28T07:37:34.738-07:00  WARN 5484 --- [notification-service] [org.springframework.kafka.KafkaListenerEndpointContainer#4-0-C-1] org.apache.kafka.clients.NetworkClient   : [Consumer clientId=consumer-notification-group-3, groupId=notification-group] Connection to node -1 (localhost/127.0.0.1:9092) could not be established. Node may not be available.
2026-07-28T07:37:34.738-07:00  WARN 5484 --- [notification-service] [org.springframework.kafka.KafkaListenerEndpointContainer#4-0-C-1] org.apache.kafka.clients.NetworkClient   : [Consumer clientId=consumer-notification-group-3, groupId=notification-group] Bootstrap broker localhost:9092 (id: -1 rack: null) disconnected
2026-07-28T07:37:35.228-07:00  INFO 5484 --- [notification-service] [org.springframework.kafka.KafkaListenerEndpointContainer#1-0-C-1] org.apache.kafka.clients.NetworkClient   : [Consumer clientId=consumer-notification-group-6, groupId=notification-group] Node -1 disconnected.
2026-07-28T07:37:35.228-07:00  WARN 5484 --- [notification-service] [org.springframework.kafka.KafkaListenerEndpointContainer#1-0-C-1] org.apache.kafka.clients.NetworkClient   : [Consumer clientId=consumer-notification-group-6, groupId=notification-group] Connection to node -1 (localhost/127.0.0.1:9092) could not be established. Node may not be available.
2026-07-28T07:37:35.228-07:00  WARN 5484 --- [notification-service] [org.springframework.kafka.KafkaListenerEndpointContainer#1-0-C-1] org.apache.kafka.clients.NetworkClient   : [Consumer clientId=consumer-notification-group-6, groupId=notification-group] Bootstrap broker localhost:9092 (id: -1 rack: null) disconnected
2026-07-28T07:37:35.305-07:00  INFO 5484 --- [notification-service] [org.springframework.kafka.KafkaListenerEndpointContainer#5-0-C-1] org.apache.kafka.clients.NetworkClient   : [Consumer clientId=consumer-notification-group-4, groupId=notification-group] Node -1 disconnected.
2026-07-28T07:37:35.305-07:00  WARN 5484 --- [notification-service] [org.springframework.kafka.KafkaListenerEndpointContainer#5-0-C-1] org.apache.kafka.clients.NetworkClient   : [Consumer clientId=consumer-notification-group-4, groupId=notification-group] Connection to node -1 (localhost/127.0.0.1:9092) could not be established. Node may not be available.
2026-07-28T07:37:35.305-07:00  WARN 5484 --- [notification-service] [org.springframework.kafka.KafkaListenerEndpointContainer#5-0-C-1] org.apache.kafka.clients.NetworkClient   : [Consumer clientId=consumer-notification-group-4, groupId=notification-group] Bootstrap broker localhost:9092 (id: -1 rack: null) disconnected
2026-07-28T07:37:35.385-07:00  INFO 5484 --- [notification-service] [org.springframework.kafka.KafkaListenerEndpointContainer#3-0-C-1] org.apache.kafka.clients.NetworkClient   : [Consumer clientId=consumer-notification-group-2, groupId=notification-group] Node -1 disconnected.
2026-07-28T07:37:35.385-07:00  WARN 5484 --- [notification-service] [org.springframework.kafka.KafkaListenerEndpointContainer#3-0-C-1] org.apache.kafka.clients.NetworkClient   : [Consumer clientId=consumer-notification-group-2, groupId=notification-group] Connection to node -1 (localhost/127.0.0.1:9092) could not be established. Node may not be available.
2026-07-28T07:37:35.385-07:00  WARN 5484 --- [notification-service] [org.springframework.kafka.KafkaListenerEndpointContainer#3-0-C-1] org.apache.kafka.clients.NetworkClient   : [Consumer clientId=consumer-notification-group-2, groupId=notification-group] Bootstrap broker localhost:9092 (id: -1 rack: null) disconnected
2026-07-28T07:37:35.625-07:00  INFO 5484 --- [notification-service] [org.springframework.kafka.KafkaListenerEndpointContainer#2-0-C-1] org.apache.kafka.clients.NetworkClient   : [Consumer clientId=consumer-notification-group-1, groupId=notification-group] Node -1 disconnected.
2026-07-28T07:37:35.625-07:00  WARN 5484 --- [notification-service] [org.springframework.kafka.KafkaListenerEndpointContainer#2-0-C-1] org.apache.kafka.clients.NetworkClient   : [Consumer clientId=consumer-notification-group-1, groupId=notification-group] Connection to node -1 (localhost/127.0.0.1:9092) could not be established. Node may not be available.
2026-07-28T07:37:35.625-07:00  WARN 5484 --- [notification-service] [org.springframework.kafka.KafkaListenerEndpointContainer#2-0-C-1] org.apache.kafka.clients.NetworkClient   : [Consumer clientId=consumer-notification-group-1, groupId=notification-group] Bootstrap broker localhost:9092 (id: -1 rack: null) disconnected
2026-07-28T07:37:35.659-07:00  INFO 5484 --- [notification-service] [org.springframework.kafka.KafkaListenerEndpointContainer#0-0-C-1] org.apache.kafka.clients.NetworkClient   : [Consumer clientId=consumer-notification-group-5, groupId=notification-group] Node -1 disconnected.
2026-07-28T07:37:35.659-07:00  WARN 5484 --- [notification-service] [org.springframework.kafka.KafkaListenerEndpointContainer#0-0-C-1] org.apache.kafka.clients.NetworkClient   : [Consumer clientId=consumer-notification-group-5, groupId=notification-group] Connection to node -1 (localhost/127.0.0.1:9092) could not be established. Node may not be available.
2026-07-28T07:37:35.659-07:00  WARN 5484 --- [notification-service] [org.springframework.kafka.KafkaListenerEndpointContainer#0-0-C-1] org.apache.kafka.clients.NetworkClient   : [Consumer clientId=consumer-notification-group-5, groupId=notification-group] Bootstrap broker localhost:9092 (id: -1 rack: null) disconnected
2026-07-28T07:37:35.750-07:00  INFO 5484 --- [notification-service] [org.springframework.kafka.KafkaListenerEndpointContainer#4-0-C-1] org.apache.kafka.clients.NetworkClient   : [Consumer clientId=consumer-notification-group-3, groupId=notification-group] Node -1 disconnected.
2026-07-28T07:37:35.751-07:00  WARN 5484 --- [notification-service] [org.springframework.kafka.KafkaListenerEndpointContainer#4-0-C-1] org.apache.kafka.clients.NetworkClient   : [Consumer clientId=consumer-notification-group-3, groupId=notification-group] Connection to node -1 (localhost/127.0.0.1:9092) could not be established. Node may not be available.
2026-07-28T07:37:35.751-07:00  WARN 5484 --- [notification-service] [org.springframework.kafka.KafkaListenerEndpointContainer#4-0-C-1] org.apache.kafka.clients.NetworkClient   : [Consumer clientId=consumer-notification-group-3, groupId=notification-group] Bootstrap broker localhost:9092 (id: -1 rack: null) disconnected
2026-07-28T07:37:36.240-07:00  INFO 5484 --- [notification-service] [org.springframework.kafka.KafkaListenerEndpointContainer#1-0-C-1] org.apache.kafka.clients.NetworkClient   : [Consumer clientId=consumer-notification-group-6, groupId=notification-group] Node -1 disconnected.
2026-07-28T07:37:36.240-07:00  WARN 5484 --- [notification-service] [org.springframework.kafka.KafkaListenerEndpointContainer#1-0-C-1] org.apache.kafka.clients.NetworkClient   : [Consumer clientId=consumer-notification-group-6, groupId=notification-group] Connection to node -1 (localhost/127.0.0.1:9092) could not be established. Node may not be available.
2026-07-28T07:37:36.240-07:00  WARN 5484 --- [notification-service] [org.springframework.kafka.KafkaListenerEndpointContainer#1-0-C-1] org.apache.kafka.clients.NetworkClient   : [Consumer clientId=consumer-notification-group-6, groupId=notification-group] Bootstrap broker localhost:9092 (id: -1 rack: null) disconnected
2026-07-28T07:37:36.271-07:00  INFO 5484 --- [notification-service] [org.springframework.kafka.KafkaListenerEndpointContainer#3-0-C-1] org.apache.kafka.clients.NetworkClient   : [Consumer clientId=consumer-notification-group-2, groupId=notification-group] Node -1 disconnected.
2026-07-28T07:37:36.271-07:00  WARN 5484 --- [notification-service] [org.springframework.kafka.KafkaListenerEndpointContainer#3-0-C-1] org.apache.kafka.clients.NetworkClient   : [Consumer clientId=consumer-notification-group-2, groupId=notification-group] Connection to node -1 (localhost/127.0.0.1:9092) could not be established. Node may not be available.
2026-07-28T07:37:36.272-07:00  WARN 5484 --- [notification-service] [org.springframework.kafka.KafkaListenerEndpointContainer#3-0-C-1] org.apache.kafka.clients.NetworkClient   : [Consumer clientId=consumer-notification-group-2, groupId=notification-group] Bootstrap broker localhost:9092 (id: -1 rack: null) disconnected
2026-07-28T07:37:36.319-07:00  INFO 5484 --- [notification-service] [org.springframework.kafka.KafkaListenerEndpointContainer#5-0-C-1] org.apache.kafka.clients.NetworkClient   : [Consumer clientId=consumer-notification-group-4, groupId=notification-group] Node -1 disconnected.
2026-07-28T07:37:36.319-07:00  WARN 5484 --- [notification-service] [org.springframework.kafka.KafkaListenerEndpointContainer#5-0-C-1] org.apache.kafka.clients.NetworkClient   : [Consumer clientId=consumer-notification-group-4, groupId=notification-group] Connection to node -1 (localhost/127.0.0.1:9092) could not be established. Node may not be available.
2026-07-28T07:37:36.319-07:00  WARN 5484 --- [notification-service] [org.springframework.kafka.KafkaListenerEndpointContainer#5-0-C-1] org.apache.kafka.clients.NetworkClient   : [Consumer clientId=consumer-notification-group-4, groupId=notification-group] Bootstrap broker localhost:9092 (id: -1 rack: null) disconnected
2026-07-28T07:37:36.476-07:00  INFO 5484 --- [notification-service] [org.springframework.kafka.KafkaListenerEndpointContainer#0-0-C-1] org.apache.kafka.clients.NetworkClient   : [Consumer clientId=consumer-notification-group-5, groupId=notification-group] Node -1 disconnected.
2026-07-28T07:37:36.476-07:00  WARN 5484 --- [notification-service] [org.springframework.kafka.KafkaListenerEndpointContainer#0-0-C-1] org.apache.kafka.clients.NetworkClient   : [Consumer clientId=consumer-notification-group-5, groupId=notification-group] Connection to node -1 (localhost/127.0.0.1:9092) could not be established. Node may not be available.
2026-07-28T07:37:36.477-07:00  WARN 5484 --- [notification-service] [org.springframework.kafka.KafkaListenerEndpointContainer#0-0-C-1] org.apache.kafka.clients.NetworkClient   : [Consumer clientId=consumer-notification-group-5, groupId=notification-group] Bootstrap broker localhost:9092 (id: -1 rack: null) disconnected
2026-07-28T07:37:36.560-07:00  INFO 5484 --- [notification-service] [org.springframework.kafka.KafkaListenerEndpointContainer#2-0-C-1] org.apache.kafka.clients.NetworkClient   : [Consumer clientId=consumer-notification-group-1, groupId=notification-group] Node -1 disconnected.
2026-07-28T07:37:36.560-07:00  WARN 5484 --- [notification-service] [org.springframework.kafka.KafkaListenerEndpointContainer#2-0-C-1] org.apache.kafka.clients.NetworkClient   : [Consumer clientId=consumer-notification-group-1, groupId=notification-group] Connection to node -1 (localhost/127.0.0.1:9092) could not be established. Node may not be available.
2026-07-28T07:37:36.560-07:00  WARN 5484 --- [notification-service] [org.springframework.kafka.KafkaListenerEndpointContainer#2-0-C-1] org.apache.kafka.clients.NetworkClient   : [Consumer clientId=consumer-notification-group-1, groupId=notification-group] Bootstrap broker localhost:9092 (id: -1 rack: null) disconnected
2026-07-28T07:37:36.691-07:00  INFO 5484 --- [notification-service] [org.springframework.kafka.KafkaListenerEndpointContainer#4-0-C-1] org.apache.kafka.clients.NetworkClient   : [Consumer clientId=consumer-notification-group-3, groupId=notification-group] Node -1 disconnected.
2026-07-28T07:37:36.691-07:00  WARN 5484 --- [notification-service] [org.springframework.kafka.KafkaListenerEndpointContainer#4-0-C-1] org.apache.kafka.clients.NetworkClient   : [Consumer clientId=consumer-notification-group-3, groupId=notification-group] Connection to node -1 (localhost/127.0.0.1:9092) could not be established. Node may not be available.
2026-07-28T07:37:36.691-07:00  WARN 5484 --- [notification-service] [org.springframework.kafka.KafkaListenerEndpointContainer#4-0-C-1] org.apache.kafka.clients.NetworkClient   : [Consumer clientId=consumer-notification-group-3, groupId=notification-group] Bootstrap broker localhost:9092 (id: -1 rack: null) disconnected
2026-07-28T07:37:37.172-07:00  INFO 5484 --- [notification-service] [org.springframework.kafka.KafkaListenerEndpointContainer#1-0-C-1] org.apache.kafka.clients.NetworkClient   : [Consumer clientId=consumer-notification-group-6, groupId=notification-group] Node -1 disconnected.
2026-07-28T07:37:37.172-07:00  WARN 5484 --- [notification-service] [org.springframework.kafka.KafkaListenerEndpointContainer#1-0-C-1] org.apache.kafka.clients.NetworkClient   : [Consumer clientId=consumer-notification-group-6, groupId=notification-group] Connection to node -1 (localhost/127.0.0.1:9092) could not be established. Node may not be available.
2026-07-28T07:37:37.173-07:00  WARN 5484 --- [notification-service] [org.springframework.kafka.KafkaListenerEndpointContainer#1-0-C-1] org.apache.kafka.clients.NetworkClient   : [Consumer clientId=consumer-notification-group-6, groupId=notification-group] Bootstrap broker localhost:9092 (id: -1 rack: null) disconnected
2026-07-28T07:37:37.251-07:00  INFO 5484 --- [notification-service] [org.springframework.kafka.KafkaListenerEndpointContainer#3-0-C-1] org.apache.kafka.clients.NetworkClient   : [Consumer clientId=consumer-notification-group-2, groupId=notification-group] Node -1 disconnected.
2026-07-28T07:37:37.251-07:00  WARN 5484 --- [notification-service] [org.springframework.kafka.KafkaListenerEndpointContainer#3-0-C-1] org.apache.kafka.clients.NetworkClient   : [Consumer clientId=consumer-notification-group-2, groupId=notification-group] Connection to node -1 (localhost/127.0.0.1:9092) could not be established. Node may not be available.
2026-07-28T07:37:37.251-07:00  WARN 5484 --- [notification-service] [org.springframework.kafka.KafkaListenerEndpointContainer#3-0-C-1] org.apache.kafka.clients.NetworkClient   : [Consumer clientId=consumer-notification-group-2, groupId=notification-group] Bootstrap broker localhost:9092 (id: -1 rack: null) disconnected
2026-07-28T07:37:37.329-07:00  INFO 5484 --- [notification-service] [org.springframework.kafka.KafkaListenerEndpointContainer#5-0-C-1] org.apache.kafka.clients.NetworkClient   : [Consumer clientId=consumer-notification-group-4, groupId=notification-group] Node -1 disconnected.
2026-07-28T07:37:37.329-07:00  WARN 5484 --- [notification-service] [org.springframework.kafka.KafkaListenerEndpointContainer#5-0-C-1] org.apache.kafka.clients.NetworkClient   : [Consumer clientId=consumer-notification-group-4, groupId=notification-group] Connection to node -1 (localhost/127.0.0.1:9092) could not be established. Node may not be available.
2026-07-28T07:37:37.330-07:00  WARN 5484 --- [notification-service] [org.springframework.kafka.KafkaListenerEndpointContainer#5-0-C-1] org.apache.kafka.clients.NetworkClient   : [Consumer clientId=consumer-notification-group-4, groupId=notification-group] Bootstrap broker localhost:9092 (id: -1 rack: null) disconnected
2026-07-28T07:37:37.506-07:00  INFO 5484 --- [notification-service] [org.springframework.kafka.KafkaListenerEndpointContainer#0-0-C-1] org.apache.kafka.clients.NetworkClient   : [Consumer clientId=consumer-notification-group-5, groupId=notification-group] Node -1 disconnected.
2026-07-28T07:37:37.506-07:00  WARN 5484 --- [notification-service] [org.springframework.kafka.KafkaListenerEndpointContainer#0-0-C-1] org.apache.kafka.clients.NetworkClient   : [Consumer clientId=consumer-notification-group-5, groupId=notification-group] Connection to node -1 (localhost/127.0.0.1:9092) could not be established. Node may not be available.
2026-07-28T07:37:37.506-07:00  WARN 5484 --- [notification-service] [org.springframework.kafka.KafkaListenerEndpointContainer#0-0-C-1] org.apache.kafka.clients.NetworkClient   : [Consumer clientId=consumer-notification-group-5, groupId=notification-group] Bootstrap broker localhost:9092 (id: -1 rack: null) disconnected
2026-07-28T07:37:37.583-07:00  INFO 5484 --- [notification-service] [org.springframework.kafka.KafkaListenerEndpointContainer#2-0-C-1] org.apache.kafka.clients.NetworkClient   : [Consumer clientId=consumer-notification-group-1, groupId=notification-group] Node -1 disconnected.
2026-07-28T07:37:37.583-07:00  WARN 5484 --- [notification-service] [org.springframework.kafka.KafkaListenerEndpointContainer#2-0-C-1] org.apache.kafka.clients.NetworkClient   : [Consumer clientId=consumer-notification-group-1, groupId=notification-group] Connection to node -1 (localhost/127.0.0.1:9092) could not be established. Node may not be available.
2026-07-28T07:37:37.584-07:00  WARN 5484 --- [notification-service] [org.springframework.kafka.KafkaListenerEndpointContainer#2-0-C-1] org.apache.kafka.clients.NetworkClient   : [Consumer clientId=consumer-notification-group-1, groupId=notification-group] Bootstrap broker localhost:9092 (id: -1 rack: null) disconnected
2026-07-28T07:37:37.630-07:00  INFO 5484 --- [notification-service] [org.springframework.kafka.KafkaListenerEndpointContainer#4-0-C-1] org.apache.kafka.clients.NetworkClient   : [Consumer clientId=consumer-notification-group-3, groupId=notification-group] Node -1 disconnected.
2026-07-28T07:37:37.630-07:00  WARN 5484 --- [notification-service] [org.springframework.kafka.KafkaListenerEndpointContainer#4-0-C-1] org.apache.kafka.clients.NetworkClient   : [Consumer clientId=consumer-notification-group-3, groupId=notification-group] Connection to node -1 (localhost/127.0.0.1:9092) could not be established. Node may not be available.
2026-07-28T07:37:37.631-07:00  WARN 5484 --- [notification-service] [org.springframework.kafka.KafkaListenerEndpointContainer#4-0-C-1] org.apache.kafka.clients.NetworkClient   : [Consumer clientId=consumer-notification-group-3, groupId=notification-group] Bootstrap broker localhost:9092 (id: -1 rack: null) disconnected
2026-07-28T07:37:38.183-07:00  INFO 5484 --- [notification-service] [org.springframework.kafka.KafkaListenerEndpointContainer#1-0-C-1] org.apache.kafka.clients.NetworkClient   : [Consumer clientId=consumer-notification-group-6, groupId=notification-group] Node -1 disconnected.
2026-07-28T07:37:38.183-07:00  WARN 5484 --- [notification-service] [org.springframework.kafka.KafkaListenerEndpointContainer#1-0-C-1] org.apache.kafka.clients.NetworkClient   : [Consumer clientId=consumer-notification-group-6, groupId=notification-group] Connection to node -1 (localhost/127.0.0.1:9092) could not be established. Node may not be available.
2026-07-28T07:37:38.184-07:00  WARN 5484 --- [notification-service] [org.springframework.kafka.KafkaListenerEndpointContainer#1-0-C-1] org.apache.kafka.clients.NetworkClient   : [Consumer clientId=consumer-notification-group-6, groupId=notification-group] Bootstrap broker localhost:9092 (id: -1 rack: null) disconnected
2026-07-28T07:37:38.261-07:00  INFO 5484 --- [notification-service] [org.springframework.kafka.KafkaListenerEndpointContainer#3-0-C-1] org.apache.kafka.clients.NetworkClient   : [Consumer clientId=consumer-notification-group-2, groupId=notification-group] Node -1 disconnected.
2026-07-28T07:37:38.262-07:00  WARN 5484 --- [notification-service] [org.springframework.kafka.KafkaListenerEndpointContainer#3-0-C-1] org.apache.kafka.clients.NetworkClient   : [Consumer clientId=consumer-notification-group-2, groupId=notification-group] Connection to node -1 (localhost/127.0.0.1:9092) could not be established. Node may not be available.
2026-07-28T07:37:38.262-07:00  WARN 5484 --- [notification-service] [org.springframework.kafka.KafkaListenerEndpointContainer#3-0-C-1] org.apache.kafka.clients.NetworkClient   : [Consumer clientId=consumer-notification-group-2, groupId=notification-group] Bootstrap broker localhost:9092 (id: -1 rack: null) disconnected
2026-07-28T07:37:38.338-07:00  INFO 5484 --- [notification-service] [org.springframework.kafka.KafkaListenerEndpointContainer#5-0-C-1] org.apache.kafka.clients.NetworkClient   : [Consumer clientId=consumer-notification-group-4, groupId=notification-group] Node -1 disconnected.
2026-07-28T07:37:38.338-07:00  WARN 5484 --- [notification-service] [org.springframework.kafka.KafkaListenerEndpointContainer#5-0-C-1] org.apache.kafka.clients.NetworkClient   : [Consumer clientId=consumer-notification-group-4, groupId=notification-group] Connection to node -1 (localhost/127.0.0.1:9092) could not be established. Node may not be available.
2026-07-28T07:37:38.338-07:00  WARN 5484 --- [notification-service] [org.springframework.kafka.KafkaListenerEndpointContainer#5-0-C-1] org.apache.kafka.clients.NetworkClient   : [Consumer clientId=consumer-notification-group-4, groupId=notification-group] Bootstrap broker localhost:9092 (id: -1 rack: null) disconnected
2026-07-28T07:37:38.541-07:00  INFO 5484 --- [notification-service] [org.springframework.kafka.KafkaListenerEndpointContainer#0-0-C-1] org.apache.kafka.clients.NetworkClient   : [Consumer clientId=consumer-notification-group-5, groupId=notification-group] Node -1 disconnected.
2026-07-28T07:37:38.542-07:00  WARN 5484 --- [notification-service] [org.springframework.kafka.KafkaListenerEndpointContainer#0-0-C-1] org.apache.kafka.clients.NetworkClient   : [Consumer clientId=consumer-notification-group-5, groupId=notification-group] Connection to node -1 (localhost/127.0.0.1:9092) could not be established. Node may not be available.
2026-07-28T07:37:38.542-07:00  WARN 5484 --- [notification-service] [org.springframework.kafka.KafkaListenerEndpointContainer#0-0-C-1] org.apache.kafka.clients.NetworkClient   : [Consumer clientId=consumer-notification-group-5, groupId=notification-group] Bootstrap broker localhost:9092 (id: -1 rack: null) disconnected
2026-07-28T07:37:38.588-07:00  INFO 5484 --- [notification-service] [org.springframework.kafka.KafkaListenerEndpointContainer#2-0-C-1] org.apache.kafka.clients.NetworkClient   : [Consumer clientId=consumer-notification-group-1, groupId=notification-group] Node -1 disconnected.
2026-07-28T07:37:38.588-07:00  WARN 5484 --- [notification-service] [org.springframework.kafka.KafkaListenerEndpointContainer#2-0-C-1] org.apache.kafka.clients.NetworkClient   : [Consumer clientId=consumer-notification-group-1, groupId=notification-group] Connection to node -1 (localhost/127.0.0.1:9092) could not be established. Node may not be available.
2026-07-28T07:37:38.588-07:00  WARN 5484 --- [notification-service] [org.springframework.kafka.KafkaListenerEndpointContainer#2-0-C-1] org.apache.kafka.clients.NetworkClient   : [Consumer clientId=consumer-notification-group-1, groupId=notification-group] Bootstrap broker localhost:9092 (id: -1 rack: null) disconnected
2026-07-28T07:37:38.636-07:00  INFO 5484 --- [notification-service] [org.springframework.kafka.KafkaListenerEndpointContainer#4-0-C-1] org.apache.kafka.clients.NetworkClient   : [Consumer clientId=consumer-notification-group-3, groupId=notification-group] Node -1 disconnected.
2026-07-28T07:37:38.636-07:00  WARN 5484 --- [notification-service] [org.springframework.kafka.KafkaListenerEndpointContainer#4-0-C-1] org.apache.kafka.clients.NetworkClient   : [Consumer clientId=consumer-notification-group-3, groupId=notification-group] Connection to node -1 (localhost/127.0.0.1:9092) could not be established. Node may not be available.
2026-07-28T07:37:38.637-07:00  WARN 5484 --- [notification-service] [org.springframework.kafka.KafkaListenerEndpointContainer#4-0-C-1] org.apache.kafka.clients.NetworkClient   : [Consumer clientId=consumer-notification-group-3, groupId=notification-group] Bootstrap broker localhost:9092 (id: -1 rack: null) disconnected
2026-07-28T07:37:39.141-07:00  INFO 5484 --- [notification-service] [org.springframework.kafka.KafkaListenerEndpointContainer#3-0-C-1] org.apache.kafka.clients.NetworkClient   : [Consumer clientId=consumer-notification-group-2, groupId=notification-group] Node -1 disconnected.
2026-07-28T07:37:39.141-07:00  WARN 5484 --- [notification-service] [org.springframework.kafka.KafkaListenerEndpointContainer#3-0-C-1] org.apache.kafka.clients.NetworkClient   : [Consumer clientId=consumer-notification-group-2, groupId=notification-group] Connection to node -1 (localhost/127.0.0.1:9092) could not be established. Node may not be available.
2026-07-28T07:37:39.141-07:00  WARN 5484 --- [notification-service] [org.springframework.kafka.KafkaListenerEndpointContainer#3-0-C-1] org.apache.kafka.clients.NetworkClient   : [Consumer clientId=consumer-notification-group-2, groupId=notification-group] Bootstrap broker localhost:9092 (id: -1 rack: null) disconnected
2026-07-28T07:37:39.186-07:00  INFO 5484 --- [notification-service] [org.springframework.kafka.KafkaListenerEndpointContainer#1-0-C-1] org.apache.kafka.clients.NetworkClient   : [Consumer clientId=consumer-notification-group-6, groupId=notification-group] Node -1 disconnected.
2026-07-28T07:37:39.186-07:00  WARN 5484 --- [notification-service] [org.springframework.kafka.KafkaListenerEndpointContainer#1-0-C-1] org.apache.kafka.clients.NetworkClient   : [Consumer clientId=consumer-notification-group-6, groupId=notification-group] Connection to node -1 (localhost/127.0.0.1:9092) could not be established. Node may not be available.
2026-07-28T07:37:39.186-07:00  WARN 5484 --- [notification-service] [org.springframework.kafka.KafkaListenerEndpointContainer#1-0-C-1] org.apache.kafka.clients.NetworkClient   : [Consumer clientId=consumer-notification-group-6, groupId=notification-group] Bootstrap broker localhost:9092 (id: -1 rack: null) disconnected
2026-07-28T07:37:39.376-07:00  INFO 5484 --- [notification-service] [org.springframework.kafka.KafkaListenerEndpointContainer#5-0-C-1] org.apache.kafka.clients.NetworkClient   : [Consumer clientId=consumer-notification-group-4, groupId=notification-group] Node -1 disconnected.
2026-07-28T07:37:39.377-07:00  WARN 5484 --- [notification-service] [org.springframework.kafka.KafkaListenerEndpointContainer#5-0-C-1] org.apache.kafka.clients.NetworkClient   : [Consumer clientId=consumer-notification-group-4, groupId=notification-group] Connection to node -1 (localhost/127.0.0.1:9092) could not be established. Node may not be available.
2026-07-28T07:37:39.377-07:00  WARN 5484 --- [notification-service] [org.springframework.kafka.KafkaListenerEndpointContainer#5-0-C-1] org.apache.kafka.clients.NetworkClient   : [Consumer clientId=consumer-notification-group-4, groupId=notification-group] Bootstrap broker localhost:9092 (id: -1 rack: null) disconnected
2026-07-28T07:37:39.488-07:00  INFO 5484 --- [notification-service] [org.springframework.kafka.KafkaListenerEndpointContainer#0-0-C-1] org.apache.kafka.clients.NetworkClient   : [Consumer clientId=consumer-notification-group-5, groupId=notification-group] Node -1 disconnected.
2026-07-28T07:37:39.488-07:00  WARN 5484 --- [notification-service] [org.springframework.kafka.KafkaListenerEndpointContainer#0-0-C-1] org.apache.kafka.clients.NetworkClient   : [Consumer clientId=consumer-notification-group-5, groupId=notification-group] Connection to node -1 (localhost/127.0.0.1:9092) could not be established. Node may not be available.
2026-07-28T07:37:39.488-07:00  WARN 5484 --- [notification-service] [org.springframework.kafka.KafkaListenerEndpointContainer#0-0-C-1] org.apache.kafka.clients.NetworkClient   : [Consumer clientId=consumer-notification-group-5, groupId=notification-group] Bootstrap broker localhost:9092 (id: -1 rack: null) disconnected
2026-07-28T07:37:39.601-07:00  INFO 5484 --- [notification-service] [org.springframework.kafka.KafkaListenerEndpointContainer#2-0-C-1] org.apache.kafka.clients.NetworkClient   : [Consumer clientId=consumer-notification-group-1, groupId=notification-group] Node -1 disconnected.
2026-07-28T07:37:39.601-07:00  WARN 5484 --- [notification-service] [org.springframework.kafka.KafkaListenerEndpointContainer#2-0-C-1] org.apache.kafka.clients.NetworkClient   : [Consumer clientId=consumer-notification-group-1, groupId=notification-group] Connection to node -1 (localhost/127.0.0.1:9092) could not be established. Node may not be available.
2026-07-28T07:37:39.601-07:00  WARN 5484 --- [notification-service] [org.springframework.kafka.KafkaListenerEndpointContainer#2-0-C-1] org.apache.kafka.clients.NetworkClient   : [Consumer clientId=consumer-notification-group-1, groupId=notification-group] Bootstrap broker localhost:9092 (id: -1 rack: null) disconnected
2026-07-28T07:37:39.646-07:00  INFO 5484 --- [notification-service] [org.springframework.kafka.KafkaListenerEndpointContainer#4-0-C-1] org.apache.kafka.clients.NetworkClient   : [Consumer clientId=consumer-notification-group-3, groupId=notification-group] Node -1 disconnected.
2026-07-28T07:37:39.646-07:00  WARN 5484 --- [notification-service] [org.springframework.kafka.KafkaListenerEndpointContainer#4-0-C-1] org.apache.kafka.clients.NetworkClient   : [Consumer clientId=consumer-notification-group-3, groupId=notification-group] Connection to node -1 (localhost/127.0.0.1:9092) could not be established. Node may not be available.
2026-07-28T07:37:39.646-07:00  WARN 5484 --- [notification-service] [org.springframework.kafka.KafkaListenerEndpointContainer#4-0-C-1] org.apache.kafka.clients.NetworkClient   : [Consumer clientId=consumer-notification-group-3, groupId=notification-group] Bootstrap broker localhost:9092 (id: -1 rack: null) disconnected
2026-07-28T07:37:40.151-07:00  INFO 5484 --- [notification-service] [org.springframework.kafka.KafkaListenerEndpointContainer#3-0-C-1] org.apache.kafka.clients.NetworkClient   : [Consumer clientId=consumer-notification-group-2, groupId=notification-group] Node -1 disconnected.
2026-07-28T07:37:40.151-07:00  WARN 5484 --- [notification-service] [org.springframework.kafka.KafkaListenerEndpointContainer#3-0-C-1] org.apache.kafka.clients.NetworkClient   : [Consumer clientId=consumer-notification-group-2, groupId=notification-group] Connection to node -1 (localhost/127.0.0.1:9092) could not be established. Node may not be available.
2026-07-28T07:37:40.151-07:00  WARN 5484 --- [notification-service] [org.springframework.kafka.KafkaListenerEndpointContainer#3-0-C-1] org.apache.kafka.clients.NetworkClient   : [Consumer clientId=consumer-notification-group-2, groupId=notification-group] Bootstrap broker localhost:9092 (id: -1 rack: null) disconnected
2026-07-28T07:37:40.196-07:00  INFO 5484 --- [notification-service] [org.springframework.kafka.KafkaListenerEndpointContainer#1-0-C-1] org.apache.kafka.clients.NetworkClient   : [Consumer clientId=consumer-notification-group-6, groupId=notification-group] Node -1 disconnected.
2026-07-28T07:37:40.196-07:00  WARN 5484 --- [notification-service] [org.springframework.kafka.KafkaListenerEndpointContainer#1-0-C-1] org.apache.kafka.clients.NetworkClient   : [Consumer clientId=consumer-notification-group-6, groupId=notification-group] Connection to node -1 (localhost/127.0.0.1:9092) could not be established. Node may not be available.
2026-07-28T07:37:40.196-07:00  WARN 5484 --- [notification-service] [org.springframework.kafka.KafkaListenerEndpointContainer#1-0-C-1] org.apache.kafka.clients.NetworkClient   : [Consumer clientId=consumer-notification-group-6, groupId=notification-group] Bootstrap broker localhost:9092 (id: -1 rack: null) disconnected
2026-07-28T07:37:40.371-07:00  INFO 5484 --- [notification-service] [org.springframework.kafka.KafkaListenerEndpointContainer#0-0-C-1] org.apache.kafka.clients.NetworkClient   : [Consumer clientId=consumer-notification-group-5, groupId=notification-group] Node -1 disconnected.
2026-07-28T07:37:40.371-07:00  WARN 5484 --- [notification-service] [org.springframework.kafka.KafkaListenerEndpointContainer#0-0-C-1] org.apache.kafka.clients.NetworkClient   : [Consumer clientId=consumer-notification-group-5, groupId=notification-group] Connection to node -1 (localhost/127.0.0.1:9092) could not be established. Node may not be available.
2026-07-28T07:37:40.372-07:00  WARN 5484 --- [notification-service] [org.springframework.kafka.KafkaListenerEndpointContainer#0-0-C-1] org.apache.kafka.clients.NetworkClient   : [Consumer clientId=consumer-notification-group-5, groupId=notification-group] Bootstrap broker localhost:9092 (id: -1 rack: null) disconnected
2026-07-28T07:37:40.388-07:00  INFO 5484 --- [notification-service] [org.springframework.kafka.KafkaListenerEndpointContainer#5-0-C-1] org.apache.kafka.clients.NetworkClient   : [Consumer clientId=consumer-notification-group-4, groupId=notification-group] Node -1 disconnected.
2026-07-28T07:37:40.388-07:00  WARN 5484 --- [notification-service] [org.springframework.kafka.KafkaListenerEndpointContainer#5-0-C-1] org.apache.kafka.clients.NetworkClient   : [Consumer clientId=consumer-notification-group-4, groupId=notification-group] Connection to node -1 (localhost/127.0.0.1:9092) could not be established. Node may not be available.
2026-07-28T07:37:40.388-07:00  WARN 5484 --- [notification-service] [org.springframework.kafka.KafkaListenerEndpointContainer#5-0-C-1] org.apache.kafka.clients.NetworkClient   : [Consumer clientId=consumer-notification-group-4, groupId=notification-group] Bootstrap broker localhost:9092 (id: -1 rack: null) disconnected
2026-07-28T07:37:40.483-07:00  INFO 5484 --- [notification-service] [org.springframework.kafka.KafkaListenerEndpointContainer#2-0-C-1] org.apache.kafka.clients.NetworkClient   : [Consumer clientId=consumer-notification-group-1, groupId=notification-group] Node -1 disconnected.
2026-07-28T07:37:40.483-07:00  WARN 5484 --- [notification-service] [org.springframework.kafka.KafkaListenerEndpointContainer#2-0-C-1] org.apache.kafka.clients.NetworkClient   : [Consumer clientId=consumer-notification-group-1, groupId=notification-group] Connection to node -1 (localhost/127.0.0.1:9092) could not be established. Node may not be available.
2026-07-28T07:37:40.483-07:00  WARN 5484 --- [notification-service] [org.springframework.kafka.KafkaListenerEndpointContainer#2-0-C-1] org.apache.kafka.clients.NetworkClient   : [Consumer clientId=consumer-notification-group-1, groupId=notification-group] Bootstrap broker localhost:9092 (id: -1 rack: null) disconnected
2026-07-28T07:37:40.530-07:00  INFO 5484 --- [notification-service] [org.springframework.kafka.KafkaListenerEndpointContainer#4-0-C-1] org.apache.kafka.clients.NetworkClient   : [Consumer clientId=consumer-notification-group-3, groupId=notification-group] Node -1 disconnected.
2026-07-28T07:37:40.530-07:00  WARN 5484 --- [notification-service] [org.springframework.kafka.KafkaListenerEndpointContainer#4-0-C-1] org.apache.kafka.clients.NetworkClient   : [Consumer clientId=consumer-notification-group-3, groupId=notification-group] Connection to node -1 (localhost/127.0.0.1:9092) could not be established. Node may not be available.
2026-07-28T07:37:40.530-07:00  WARN 5484 --- [notification-service] [org.springframework.kafka.KafkaListenerEndpointContainer#4-0-C-1] org.apache.kafka.clients.NetworkClient   : [Consumer clientId=consumer-notification-group-3, groupId=notification-group] Bootstrap broker localhost:9092 (id: -1 rack: null) disconnected
2026-07-28T07:37:41.117-07:00  INFO 5484 --- [notification-service] [org.springframework.kafka.KafkaListenerEndpointContainer#3-0-C-1] org.apache.kafka.clients.NetworkClient   : [Consumer clientId=consumer-notification-group-2, groupId=notification-group] Node -1 disconnected.
2026-07-28T07:37:41.117-07:00  WARN 5484 --- [notification-service] [org.springframework.kafka.KafkaListenerEndpointContainer#3-0-C-1] org.apache.kafka.clients.NetworkClient   : [Consumer clientId=consumer-notification-group-2, groupId=notification-group] Connection to node -1 (localhost/127.0.0.1:9092) could not be established. Node may not be available.
2026-07-28T07:37:41.117-07:00  WARN 5484 --- [notification-service] [org.springframework.kafka.KafkaListenerEndpointContainer#3-0-C-1] org.apache.kafka.clients.NetworkClient   : [Consumer clientId=consumer-notification-group-2, groupId=notification-group] Bootstrap broker localhost:9092 (id: -1 rack: null) disconnected
2026-07-28T07:37:41.228-07:00  INFO 5484 --- [notification-service] [org.springframework.kafka.KafkaListenerEndpointContainer#1-0-C-1] org.apache.kafka.clients.NetworkClient   : [Consumer clientId=consumer-notification-group-6, groupId=notification-group] Node -1 disconnected.
2026-07-28T07:37:41.228-07:00  WARN 5484 --- [notification-service] [org.springframework.kafka.KafkaListenerEndpointContainer#1-0-C-1] org.apache.kafka.clients.NetworkClient   : [Consumer clientId=consumer-notification-group-6, groupId=notification-group] Connection to node -1 (localhost/127.0.0.1:9092) could not be established. Node may not be available.
2026-07-28T07:37:41.228-07:00  WARN 5484 --- [notification-service] [org.springframework.kafka.KafkaListenerEndpointContainer#1-0-C-1] org.apache.kafka.clients.NetworkClient   : [Consumer clientId=consumer-notification-group-6, groupId=notification-group] Bootstrap broker localhost:9092 (id: -1 rack: null) disconnected
2026-07-28T07:37:41.322-07:00  INFO 5484 --- [notification-service] [org.springframework.kafka.KafkaListenerEndpointContainer#0-0-C-1] org.apache.kafka.clients.NetworkClient   : [Consumer clientId=consumer-notification-group-5, groupId=notification-group] Node -1 disconnected.
2026-07-28T07:37:41.322-07:00  WARN 5484 --- [notification-service] [org.springframework.kafka.KafkaListenerEndpointContainer#0-0-C-1] org.apache.kafka.clients.NetworkClient   : [Consumer clientId=consumer-notification-group-5, groupId=notification-group] Connection to node -1 (localhost/127.0.0.1:9092) could not be established. Node may not be available.
2026-07-28T07:37:41.322-07:00  WARN 5484 --- [notification-service] [org.springframework.kafka.KafkaListenerEndpointContainer#0-0-C-1] org.apache.kafka.clients.NetworkClient   : [Consumer clientId=consumer-notification-group-5, groupId=notification-group] Bootstrap broker localhost:9092 (id: -1 rack: null) disconnected
2026-07-28T07:37:41.370-07:00  INFO 5484 --- [notification-service] [org.springframework.kafka.KafkaListenerEndpointContainer#2-0-C-1] org.apache.kafka.clients.NetworkClient   : [Consumer clientId=consumer-notification-group-1, groupId=notification-group] Node -1 disconnected.
2026-07-28T07:37:41.371-07:00  WARN 5484 --- [notification-service] [org.springframework.kafka.KafkaListenerEndpointContainer#2-0-C-1] org.apache.kafka.clients.NetworkClient   : [Consumer clientId=consumer-notification-group-1, groupId=notification-group] Connection to node -1 (localhost/127.0.0.1:9092) could not be established. Node may not be available.
2026-07-28T07:37:41.371-07:00  WARN 5484 --- [notification-service] [org.springframework.kafka.KafkaListenerEndpointContainer#2-0-C-1] org.apache.kafka.clients.NetworkClient   : [Consumer clientId=consumer-notification-group-1, groupId=notification-group] Bootstrap broker localhost:9092 (id: -1 rack: null) disconnected
2026-07-28T07:37:41.401-07:00  INFO 5484 --- [notification-service] [org.springframework.kafka.KafkaListenerEndpointContainer#5-0-C-1] org.apache.kafka.clients.NetworkClient   : [Consumer clientId=consumer-notification-group-4, groupId=notification-group] Node -1 disconnected.
2026-07-28T07:37:41.402-07:00  WARN 5484 --- [notification-service] [org.springframework.kafka.KafkaListenerEndpointContainer#5-0-C-1] org.apache.kafka.clients.NetworkClient   : [Consumer clientId=consumer-notification-group-4, groupId=notification-group] Connection to node -1 (localhost/127.0.0.1:9092) could not be established. Node may not be available.
2026-07-28T07:37:41.402-07:00  WARN 5484 --- [notification-service] [org.springframework.kafka.KafkaListenerEndpointContainer#5-0-C-1] org.apache.kafka.clients.NetworkClient   : [Consumer clientId=consumer-notification-group-4, groupId=notification-group] Bootstrap broker localhost:9092 (id: -1 rack: null) disconnected
2026-07-28T07:37:41.568-07:00  INFO 5484 --- [notification-service] [org.springframework.kafka.KafkaListenerEndpointContainer#4-0-C-1] org.apache.kafka.clients.NetworkClient   : [Consumer clientId=consumer-notification-group-3, groupId=notification-group] Node -1 disconnected.
2026-07-28T07:37:41.568-07:00  WARN 5484 --- [notification-service] [org.springframework.kafka.KafkaListenerEndpointContainer#4-0-C-1] org.apache.kafka.clients.NetworkClient   : [Consumer clientId=consumer-notification-group-3, groupId=notification-group] Connection to node -1 (localhost/127.0.0.1:9092) could not be established. Node may not be available.
2026-07-28T07:37:41.568-07:00  WARN 5484 --- [notification-service] [org.springframework.kafka.KafkaListenerEndpointContainer#4-0-C-1] org.apache.kafka.clients.NetworkClient   : [Consumer clientId=consumer-notification-group-3, groupId=notification-group] Bootstrap broker localhost:9092 (id: -1 rack: null) disconnected
2026-07-28T07:37:42.123-07:00  INFO 5484 --- [notification-service] [org.springframework.kafka.KafkaListenerEndpointContainer#3-0-C-1] org.apache.kafka.clients.NetworkClient   : [Consumer clientId=consumer-notification-group-2, groupId=notification-group] Node -1 disconnected.
2026-07-28T07:37:42.123-07:00  WARN 5484 --- [notification-service] [org.springframework.kafka.KafkaListenerEndpointContainer#3-0-C-1] org.apache.kafka.clients.NetworkClient   : [Consumer clientId=consumer-notification-group-2, groupId=notification-group] Connection to node -1 (localhost/127.0.0.1:9092) could not be established. Node may not be available.
2026-07-28T07:37:42.123-07:00  WARN 5484 --- [notification-service] [org.springframework.kafka.KafkaListenerEndpointContainer#3-0-C-1] org.apache.kafka.clients.NetworkClient   : [Consumer clientId=consumer-notification-group-2, groupId=notification-group] Bootstrap broker localhost:9092 (id: -1 rack: null) disconnected
2026-07-28T07:37:42.232-07:00  INFO 5484 --- [notification-service] [org.springframework.kafka.KafkaListenerEndpointContainer#2-0-C-1] org.apache.kafka.clients.NetworkClient   : [Consumer clientId=consumer-notification-group-1, groupId=notification-group] Node -1 disconnected.
2026-07-28T07:37:42.232-07:00  INFO 5484 --- [notification-service] [org.springframework.kafka.KafkaListenerEndpointContainer#1-0-C-1] org.apache.kafka.clients.NetworkClient   : [Consumer clientId=consumer-notification-group-6, groupId=notification-group] Node -1 disconnected.
2026-07-28T07:37:42.232-07:00  WARN 5484 --- [notification-service] [org.springframework.kafka.KafkaListenerEndpointContainer#1-0-C-1] org.apache.kafka.clients.NetworkClient   : [Consumer clientId=consumer-notification-group-6, groupId=notification-group] Connection to node -1 (localhost/127.0.0.1:9092) could not be established. Node may not be available.
2026-07-28T07:37:42.233-07:00  WARN 5484 --- [notification-service] [org.springframework.kafka.KafkaListenerEndpointContainer#1-0-C-1] org.apache.kafka.clients.NetworkClient   : [Consumer clientId=consumer-notification-group-6, groupId=notification-group] Bootstrap broker localhost:9092 (id: -1 rack: null) disconnected
2026-07-28T07:37:42.232-07:00  WARN 5484 --- [notification-service] [org.springframework.kafka.KafkaListenerEndpointContainer#2-0-C-1] org.apache.kafka.clients.NetworkClient   : [Consumer clientId=consumer-notification-group-1, groupId=notification-group] Connection to node -1 (localhost/127.0.0.1:9092) could not be established. Node may not be available.
2026-07-28T07:37:42.233-07:00  WARN 5484 --- [notification-service] [org.springframework.kafka.KafkaListenerEndpointContainer#2-0-C-1] org.apache.kafka.clients.NetworkClient   : [Consumer clientId=consumer-notification-group-1, groupId=notification-group] Bootstrap broker localhost:9092 (id: -1 rack: null) disconnected
2026-07-28T07:37:42.326-07:00  INFO 5484 --- [notification-service] [org.springframework.kafka.KafkaListenerEndpointContainer#5-0-C-1] org.apache.kafka.clients.NetworkClient   : [Consumer clientId=consumer-notification-group-4, groupId=notification-group] Node -1 disconnected.
2026-07-28T07:37:42.326-07:00  WARN 5484 --- [notification-service] [org.springframework.kafka.KafkaListenerEndpointContainer#5-0-C-1] org.apache.kafka.clients.NetworkClient   : [Consumer clientId=consumer-notification-group-4, groupId=notification-group] Connection to node -1 (localhost/127.0.0.1:9092) could not be established. Node may not be available.
2026-07-28T07:37:42.326-07:00  WARN 5484 --- [notification-service] [org.springframework.kafka.KafkaListenerEndpointContainer#5-0-C-1] org.apache.kafka.clients.NetworkClient   : [Consumer clientId=consumer-notification-group-4, groupId=notification-group] Bootstrap broker localhost:9092 (id: -1 rack: null) disconnected
2026-07-28T07:37:42.374-07:00  INFO 5484 --- [notification-service] [org.springframework.kafka.KafkaListenerEndpointContainer#0-0-C-1] org.apache.kafka.clients.NetworkClient   : [Consumer clientId=consumer-notification-group-5, groupId=notification-group] Node -1 disconnected.
2026-07-28T07:37:42.374-07:00  WARN 5484 --- [notification-service] [org.springframework.kafka.KafkaListenerEndpointContainer#0-0-C-1] org.apache.kafka.clients.NetworkClient   : [Consumer clientId=consumer-notification-group-5, groupId=notification-group] Connection to node -1 (localhost/127.0.0.1:9092) could not be established. Node may not be available.
2026-07-28T07:37:42.374-07:00  WARN 5484 --- [notification-service] [org.springframework.kafka.KafkaListenerEndpointContainer#0-0-C-1] org.apache.kafka.clients.NetworkClient   : [Consumer clientId=consumer-notification-group-5, groupId=notification-group] Bootstrap broker localhost:9092 (id: -1 rack: null) disconnected
2026-07-28T07:37:42.580-07:00  INFO 5484 --- [notification-service] [org.springframework.kafka.KafkaListenerEndpointContainer#4-0-C-1] org.apache.kafka.clients.NetworkClient   : [Consumer clientId=consumer-notification-group-3, groupId=notification-group] Node -1 disconnected.
2026-07-28T07:37:42.581-07:00  WARN 5484 --- [notification-service] [org.springframework.kafka.KafkaListenerEndpointContainer#4-0-C-1] org.apache.kafka.clients.NetworkClient   : [Consumer clientId=consumer-notification-group-3, groupId=notification-group] Connection to node -1 (localhost/127.0.0.1:9092) could not be established. Node may not be available.
2026-07-28T07:37:42.581-07:00  WARN 5484 --- [notification-service] [org.springframework.kafka.KafkaListenerEndpointContainer#4-0-C-1] org.apache.kafka.clients.NetworkClient   : [Consumer clientId=consumer-notification-group-3, groupId=notification-group] Bootstrap broker localhost:9092 (id: -1 rack: null) disconnected
2026-07-28T07:37:43.114-07:00  INFO 5484 --- [notification-service] [org.springframework.kafka.KafkaListenerEndpointContainer#1-0-C-1] org.apache.kafka.clients.NetworkClient   : [Consumer clientId=consumer-notification-group-6, groupId=notification-group] Node -1 disconnected.
2026-07-28T07:37:43.114-07:00  WARN 5484 --- [notification-service] [org.springframework.kafka.KafkaListenerEndpointContainer#1-0-C-1] org.apache.kafka.clients.NetworkClient   : [Consumer clientId=consumer-notification-group-6, groupId=notification-group] Connection to node -1 (localhost/127.0.0.1:9092) could not be established. Node may not be available.
2026-07-28T07:37:43.115-07:00  WARN 5484 --- [notification-service] [org.springframework.kafka.KafkaListenerEndpointContainer#1-0-C-1] org.apache.kafka.clients.NetworkClient   : [Consumer clientId=consumer-notification-group-6, groupId=notification-group] Bootstrap broker localhost:9092 (id: -1 rack: null) disconnected
2026-07-28T07:37:43.130-07:00  INFO 5484 --- [notification-service] [org.springframework.kafka.KafkaListenerEndpointContainer#3-0-C-1] org.apache.kafka.clients.NetworkClient   : [Consumer clientId=consumer-notification-group-2, groupId=notification-group] Node -1 disconnected.
2026-07-28T07:37:43.131-07:00  WARN 5484 --- [notification-service] [org.springframework.kafka.KafkaListenerEndpointContainer#3-0-C-1] org.apache.kafka.clients.NetworkClient   : [Consumer clientId=consumer-notification-group-2, groupId=notification-group] Connection to node -1 (localhost/127.0.0.1:9092) could not be established. Node may not be available.
2026-07-28T07:37:43.131-07:00  WARN 5484 --- [notification-service] [org.springframework.kafka.KafkaListenerEndpointContainer#3-0-C-1] org.apache.kafka.clients.NetworkClient   : [Consumer clientId=consumer-notification-group-2, groupId=notification-group] Bootstrap broker localhost:9092 (id: -1 rack: null) disconnected
2026-07-28T07:37:43.177-07:00  INFO 5484 --- [notification-service] [org.springframework.kafka.KafkaListenerEndpointContainer#2-0-C-1] org.apache.kafka.clients.NetworkClient   : [Consumer clientId=consumer-notification-group-1, groupId=notification-group] Node -1 disconnected.
2026-07-28T07:37:43.177-07:00  WARN 5484 --- [notification-service] [org.springframework.kafka.KafkaListenerEndpointContainer#2-0-C-1] org.apache.kafka.clients.NetworkClient   : [Consumer clientId=consumer-notification-group-1, groupId=notification-group] Connection to node -1 (localhost/127.0.0.1:9092) could not be established. Node may not be available.
2026-07-28T07:37:43.177-07:00  WARN 5484 --- [notification-service] [org.springframework.kafka.KafkaListenerEndpointContainer#2-0-C-1] org.apache.kafka.clients.NetworkClient   : [Consumer clientId=consumer-notification-group-1, groupId=notification-group] Bootstrap broker localhost:9092 (id: -1 rack: null) disconnected
2026-07-28T07:37:43.335-07:00  INFO 5484 --- [notification-service] [org.springframework.kafka.KafkaListenerEndpointContainer#5-0-C-1] org.apache.kafka.clients.NetworkClient   : [Consumer clientId=consumer-notification-group-4, groupId=notification-group] Node -1 disconnected.
2026-07-28T07:37:43.336-07:00  WARN 5484 --- [notification-service] [org.springframework.kafka.KafkaListenerEndpointContainer#5-0-C-1] org.apache.kafka.clients.NetworkClient   : [Consumer clientId=consumer-notification-group-4, groupId=notification-group] Connection to node -1 (localhost/127.0.0.1:9092) could not be established. Node may not be available.
2026-07-28T07:37:43.336-07:00  WARN 5484 --- [notification-service] [org.springframework.kafka.KafkaListenerEndpointContainer#5-0-C-1] org.apache.kafka.clients.NetworkClient   : [Consumer clientId=consumer-notification-group-4, groupId=notification-group] Bootstrap broker localhost:9092 (id: -1 rack: null) disconnected
2026-07-28T07:37:43.380-07:00  INFO 5484 --- [notification-service] [org.springframework.kafka.KafkaListenerEndpointContainer#0-0-C-1] org.apache.kafka.clients.NetworkClient   : [Consumer clientId=consumer-notification-group-5, groupId=notification-group] Node -1 disconnected.
2026-07-28T07:37:43.381-07:00  WARN 5484 --- [notification-service] [org.springframework.kafka.KafkaListenerEndpointContainer#0-0-C-1] org.apache.kafka.clients.NetworkClient   : [Consumer clientId=consumer-notification-group-5, groupId=notification-group] Connection to node -1 (localhost/127.0.0.1:9092) could not be established. Node may not be available.
2026-07-28T07:37:43.381-07:00  WARN 5484 --- [notification-service] [org.springframework.kafka.KafkaListenerEndpointContainer#0-0-C-1] org.apache.kafka.clients.NetworkClient   : [Consumer clientId=consumer-notification-group-5, groupId=notification-group] Bootstrap broker localhost:9092 (id: -1 rack: null) disconnected
2026-07-28T07:37:43.584-07:00  INFO 5484 --- [notification-service] [org.springframework.kafka.KafkaListenerEndpointContainer#4-0-C-1] org.apache.kafka.clients.NetworkClient   : [Consumer clientId=consumer-notification-group-3, groupId=notification-group] Node -1 disconnected.
2026-07-28T07:37:43.584-07:00  WARN 5484 --- [notification-service] [org.springframework.kafka.KafkaListenerEndpointContainer#4-0-C-1] org.apache.kafka.clients.NetworkClient   : [Consumer clientId=consumer-notification-group-3, groupId=notification-group] Connection to node -1 (localhost/127.0.0.1:9092) could not be established. Node may not be available.
2026-07-28T07:37:43.584-07:00  WARN 5484 --- [notification-service] [org.springframework.kafka.KafkaListenerEndpointContainer#4-0-C-1] org.apache.kafka.clients.NetworkClient   : [Consumer clientId=consumer-notification-group-3, groupId=notification-group] Bootstrap broker localhost:9092 (id: -1 rack: null) disconnected
2026-07-28T07:37:44.070-07:00  INFO 5484 --- [notification-service] [org.springframework.kafka.KafkaListenerEndpointContainer#3-0-C-1] org.apache.kafka.clients.NetworkClient   : [Consumer clientId=consumer-notification-group-2, groupId=notification-group] Node -1 disconnected.
2026-07-28T07:37:44.070-07:00  WARN 5484 --- [notification-service] [org.springframework.kafka.KafkaListenerEndpointContainer#3-0-C-1] org.apache.kafka.clients.NetworkClient   : [Consumer clientId=consumer-notification-group-2, groupId=notification-group] Connection to node -1 (localhost/127.0.0.1:9092) could not be established. Node may not be available.
2026-07-28T07:37:44.071-07:00  WARN 5484 --- [notification-service] [org.springframework.kafka.KafkaListenerEndpointContainer#3-0-C-1] org.apache.kafka.clients.NetworkClient   : [Consumer clientId=consumer-notification-group-2, groupId=notification-group] Bootstrap broker localhost:9092 (id: -1 rack: null) disconnected
2026-07-28T07:37:44.134-07:00  INFO 5484 --- [notification-service] [org.springframework.kafka.KafkaListenerEndpointContainer#1-0-C-1] org.apache.kafka.clients.NetworkClient   : [Consumer clientId=consumer-notification-group-6, groupId=notification-group] Node -1 disconnected.
2026-07-28T07:37:44.134-07:00  WARN 5484 --- [notification-service] [org.springframework.kafka.KafkaListenerEndpointContainer#1-0-C-1] org.apache.kafka.clients.NetworkClient   : [Consumer clientId=consumer-notification-group-6, groupId=notification-group] Connection to node -1 (localhost/127.0.0.1:9092) could not be established. Node may not be available.
2026-07-28T07:37:44.134-07:00  WARN 5484 --- [notification-service] [org.springframework.kafka.KafkaListenerEndpointContainer#1-0-C-1] org.apache.kafka.clients.NetworkClient   : [Consumer clientId=consumer-notification-group-6, groupId=notification-group] Bootstrap broker localhost:9092 (id: -1 rack: null) disconnected
2026-07-28T07:37:44.179-07:00  INFO 5484 --- [notification-service] [org.springframework.kafka.KafkaListenerEndpointContainer#2-0-C-1] org.apache.kafka.clients.NetworkClient   : [Consumer clientId=consumer-notification-group-1, groupId=notification-group] Node -1 disconnected.
2026-07-28T07:37:44.180-07:00  WARN 5484 --- [notification-service] [org.springframework.kafka.KafkaListenerEndpointContainer#2-0-C-1] org.apache.kafka.clients.NetworkClient   : [Consumer clientId=consumer-notification-group-1, groupId=notification-group] Connection to node -1 (localhost/127.0.0.1:9092) could not be established. Node may not be available.
2026-07-28T07:37:44.180-07:00  WARN 5484 --- [notification-service] [org.springframework.kafka.KafkaListenerEndpointContainer#2-0-C-1] org.apache.kafka.clients.NetworkClient   : [Consumer clientId=consumer-notification-group-1, groupId=notification-group] Bootstrap broker localhost:9092 (id: -1 rack: null) disconnected
2026-07-28T07:37:44.272-07:00  INFO 5484 --- [notification-service] [org.springframework.kafka.KafkaListenerEndpointContainer#5-0-C-1] org.apache.kafka.clients.NetworkClient   : [Consumer clientId=consumer-notification-group-4, groupId=notification-group] Node -1 disconnected.
2026-07-28T07:37:44.273-07:00  WARN 5484 --- [notification-service] [org.springframework.kafka.KafkaListenerEndpointContainer#5-0-C-1] org.apache.kafka.clients.NetworkClient   : [Consumer clientId=consumer-notification-group-4, groupId=notification-group] Connection to node -1 (localhost/127.0.0.1:9092) could not be established. Node may not be available.
2026-07-28T07:37:44.273-07:00  WARN 5484 --- [notification-service] [org.springframework.kafka.KafkaListenerEndpointContainer#5-0-C-1] org.apache.kafka.clients.NetworkClient   : [Consumer clientId=consumer-notification-group-4, groupId=notification-group] Bootstrap broker localhost:9092 (id: -1 rack: null) disconnected
2026-07-28T07:37:44.385-07:00  INFO 5484 --- [notification-service] [org.springframework.kafka.KafkaListenerEndpointContainer#0-0-C-1] org.apache.kafka.clients.NetworkClient   : [Consumer clientId=consumer-notification-group-5, groupId=notification-group] Node -1 disconnected.
2026-07-28T07:37:44.385-07:00  WARN 5484 --- [notification-service] [org.springframework.kafka.KafkaListenerEndpointContainer#0-0-C-1] org.apache.kafka.clients.NetworkClient   : [Consumer clientId=consumer-notification-group-5, groupId=notification-group] Connection to node -1 (localhost/127.0.0.1:9092) could not be established. Node may not be available.
2026-07-28T07:37:44.385-07:00  WARN 5484 --- [notification-service] [org.springframework.kafka.KafkaListenerEndpointContainer#0-0-C-1] org.apache.kafka.clients.NetworkClient   : [Consumer clientId=consumer-notification-group-5, groupId=notification-group] Bootstrap broker localhost:9092 (id: -1 rack: null) disconnected
2026-07-28T07:37:44.590-07:00  INFO 5484 --- [notification-service] [org.springframework.kafka.KafkaListenerEndpointContainer#4-0-C-1] org.apache.kafka.clients.NetworkClient   : [Consumer clientId=consumer-notification-group-3, groupId=notification-group] Node -1 disconnected.
2026-07-28T07:37:44.591-07:00  WARN 5484 --- [notification-service] [org.springframework.kafka.KafkaListenerEndpointContainer#4-0-C-1] org.apache.kafka.clients.NetworkClient   : [Consumer clientId=consumer-notification-group-3, groupId=notification-group] Connection to node -1 (localhost/127.0.0.1:9092) could not be established. Node may not be available.
2026-07-28T07:37:44.591-07:00  WARN 5484 --- [notification-service] [org.springframework.kafka.KafkaListenerEndpointContainer#4-0-C-1] org.apache.kafka.clients.NetworkClient   : [Consumer clientId=consumer-notification-group-3, groupId=notification-group] Bootstrap broker localhost:9092 (id: -1 rack: null) disconnected
2026-07-28T07:37:45.076-07:00  INFO 5484 --- [notification-service] [org.springframework.kafka.KafkaListenerEndpointContainer#3-0-C-1] org.apache.kafka.clients.NetworkClient   : [Consumer clientId=consumer-notification-group-2, groupId=notification-group] Node -1 disconnected.
2026-07-28T07:37:45.077-07:00  WARN 5484 --- [notification-service] [org.springframework.kafka.KafkaListenerEndpointContainer#3-0-C-1] org.apache.kafka.clients.NetworkClient   : [Consumer clientId=consumer-notification-group-2, groupId=notification-group] Connection to node -1 (localhost/127.0.0.1:9092) could not be established. Node may not be available.
2026-07-28T07:37:45.077-07:00  WARN 5484 --- [notification-service] [org.springframework.kafka.KafkaListenerEndpointContainer#3-0-C-1] org.apache.kafka.clients.NetworkClient   : [Consumer clientId=consumer-notification-group-2, groupId=notification-group] Bootstrap broker localhost:9092 (id: -1 rack: null) disconnected
2026-07-28T07:37:45.139-07:00  INFO 5484 --- [notification-service] [org.springframework.kafka.KafkaListenerEndpointContainer#1-0-C-1] org.apache.kafka.clients.NetworkClient   : [Consumer clientId=consumer-notification-group-6, groupId=notification-group] Node -1 disconnected.
2026-07-28T07:37:45.139-07:00  WARN 5484 --- [notification-service] [org.springframework.kafka.KafkaListenerEndpointContainer#1-0-C-1] org.apache.kafka.clients.NetworkClient   : [Consumer clientId=consumer-notification-group-6, groupId=notification-group] Connection to node -1 (localhost/127.0.0.1:9092) could not be established. Node may not be available.
2026-07-28T07:37:45.139-07:00  WARN 5484 --- [notification-service] [org.springframework.kafka.KafkaListenerEndpointContainer#1-0-C-1] org.apache.kafka.clients.NetworkClient   : [Consumer clientId=consumer-notification-group-6, groupId=notification-group] Bootstrap broker localhost:9092 (id: -1 rack: null) disconnected
2026-07-28T07:37:45.155-07:00  INFO 5484 --- [notification-service] [org.springframework.kafka.KafkaListenerEndpointContainer#5-0-C-1] org.apache.kafka.clients.NetworkClient   : [Consumer clientId=consumer-notification-group-4, groupId=notification-group] Node -1 disconnected.
2026-07-28T07:37:45.155-07:00  WARN 5484 --- [notification-service] [org.springframework.kafka.KafkaListenerEndpointContainer#5-0-C-1] org.apache.kafka.clients.NetworkClient   : [Consumer clientId=consumer-notification-group-4, groupId=notification-group] Connection to node -1 (localhost/127.0.0.1:9092) could not be established. Node may not be available.
2026-07-28T07:37:45.155-07:00  WARN 5484 --- [notification-service] [org.springframework.kafka.KafkaListenerEndpointContainer#5-0-C-1] org.apache.kafka.clients.NetworkClient   : [Consumer clientId=consumer-notification-group-4, groupId=notification-group] Bootstrap broker localhost:9092 (id: -1 rack: null) disconnected
2026-07-28T07:37:45.186-07:00  INFO 5484 --- [notification-service] [org.springframework.kafka.KafkaListenerEndpointContainer#2-0-C-1] org.apache.kafka.clients.NetworkClient   : [Consumer clientId=consumer-notification-group-1, groupId=notification-group] Node -1 disconnected.
2026-07-28T07:37:45.186-07:00  WARN 5484 --- [notification-service] [org.springframework.kafka.KafkaListenerEndpointContainer#2-0-C-1] org.apache.kafka.clients.NetworkClient   : [Consumer clientId=consumer-notification-group-1, groupId=notification-group] Connection to node -1 (localhost/127.0.0.1:9092) could not be established. Node may not be available.
2026-07-28T07:37:45.186-07:00  WARN 5484 --- [notification-service] [org.springframework.kafka.KafkaListenerEndpointContainer#2-0-C-1] org.apache.kafka.clients.NetworkClient   : [Consumer clientId=consumer-notification-group-1, groupId=notification-group] Bootstrap broker localhost:9092 (id: -1 rack: null) disconnected
2026-07-28T07:37:45.390-07:00  INFO 5484 --- [notification-service] [org.springframework.kafka.KafkaListenerEndpointContainer#0-0-C-1] org.apache.kafka.clients.NetworkClient   : [Consumer clientId=consumer-notification-group-5, groupId=notification-group] Node -1 disconnected.
2026-07-28T07:37:45.390-07:00  WARN 5484 --- [notification-service] [org.springframework.kafka.KafkaListenerEndpointContainer#0-0-C-1] org.apache.kafka.clients.NetworkClient   : [Consumer clientId=consumer-notification-group-5, groupId=notification-group] Connection to node -1 (localhost/127.0.0.1:9092) could not be established. Node may not be available.
2026-07-28T07:37:45.390-07:00  WARN 5484 --- [notification-service] [org.springframework.kafka.KafkaListenerEndpointContainer#0-0-C-1] org.apache.kafka.clients.NetworkClient   : [Consumer clientId=consumer-notification-group-5, groupId=notification-group] Bootstrap broker localhost:9092 (id: -1 rack: null) disconnected
2026-07-28T07:37:45.594-07:00  INFO 5484 --- [notification-service] [org.springframework.kafka.KafkaListenerEndpointContainer#4-0-C-1] org.apache.kafka.clients.NetworkClient   : [Consumer clientId=consumer-notification-group-3, groupId=notification-group] Node -1 disconnected.
2026-07-28T07:37:45.595-07:00  WARN 5484 --- [notification-service] [org.springframework.kafka.KafkaListenerEndpointContainer#4-0-C-1] org.apache.kafka.clients.NetworkClient   : [Consumer clientId=consumer-notification-group-3, groupId=notification-group] Connection to node -1 (localhost/127.0.0.1:9092) could not be established. Node may not be available.
2026-07-28T07:37:45.595-07:00  WARN 5484 --- [notification-service] [org.springframework.kafka.KafkaListenerEndpointContainer#4-0-C-1] org.apache.kafka.clients.NetworkClient   : [Consumer clientId=consumer-notification-group-3, groupId=notification-group] Bootstrap broker localhost:9092 (id: -1 rack: null) disconnected
2026-07-28T07:37:46.081-07:00  INFO 5484 --- [notification-service] [org.springframework.kafka.KafkaListenerEndpointContainer#1-0-C-1] org.apache.kafka.clients.NetworkClient   : [Consumer clientId=consumer-notification-group-6, groupId=notification-group] Node -1 disconnected.
2026-07-28T07:37:46.081-07:00  INFO 5484 --- [notification-service] [org.springframework.kafka.KafkaListenerEndpointContainer#3-0-C-1] org.apache.kafka.clients.NetworkClient   : [Consumer clientId=consumer-notification-group-2, groupId=notification-group] Node -1 disconnected.
2026-07-28T07:37:46.081-07:00  WARN 5484 --- [notification-service] [org.springframework.kafka.KafkaListenerEndpointContainer#1-0-C-1] org.apache.kafka.clients.NetworkClient   : [Consumer clientId=consumer-notification-group-6, groupId=notification-group] Connection to node -1 (localhost/127.0.0.1:9092) could not be established. Node may not be available.
2026-07-28T07:37:46.081-07:00  WARN 5484 --- [notification-service] [org.springframework.kafka.KafkaListenerEndpointContainer#3-0-C-1] org.apache.kafka.clients.NetworkClient   : [Consumer clientId=consumer-notification-group-2, groupId=notification-group] Connection to node -1 (localhost/127.0.0.1:9092) could not be established. Node may not be available.
2026-07-28T07:37:46.082-07:00  WARN 5484 --- [notification-service] [org.springframework.kafka.KafkaListenerEndpointContainer#1-0-C-1] org.apache.kafka.clients.NetworkClient   : [Consumer clientId=consumer-notification-group-6, groupId=notification-group] Bootstrap broker localhost:9092 (id: -1 rack: null) disconnected
2026-07-28T07:37:46.082-07:00  WARN 5484 --- [notification-service] [org.springframework.kafka.KafkaListenerEndpointContainer#3-0-C-1] org.apache.kafka.clients.NetworkClient   : [Consumer clientId=consumer-notification-group-2, groupId=notification-group] Bootstrap broker localhost:9092 (id: -1 rack: null) disconnected
2026-07-28T07:37:46.161-07:00  INFO 5484 --- [notification-service] [org.springframework.kafka.KafkaListenerEndpointContainer#5-0-C-1] org.apache.kafka.clients.NetworkClient   : [Consumer clientId=consumer-notification-group-4, groupId=notification-group] Node -1 disconnected.
2026-07-28T07:37:46.161-07:00  WARN 5484 --- [notification-service] [org.springframework.kafka.KafkaListenerEndpointContainer#5-0-C-1] org.apache.kafka.clients.NetworkClient   : [Consumer clientId=consumer-notification-group-4, groupId=notification-group] Connection to node -1 (localhost/127.0.0.1:9092) could not be established. Node may not be available.
2026-07-28T07:37:46.162-07:00  WARN 5484 --- [notification-service] [org.springframework.kafka.KafkaListenerEndpointContainer#5-0-C-1] org.apache.kafka.clients.NetworkClient   : [Consumer clientId=consumer-notification-group-4, groupId=notification-group] Bootstrap broker localhost:9092 (id: -1 rack: null) disconnected
2026-07-28T07:37:46.194-07:00  INFO 5484 --- [notification-service] [org.springframework.kafka.KafkaListenerEndpointContainer#2-0-C-1] org.apache.kafka.clients.NetworkClient   : [Consumer clientId=consumer-notification-group-1, groupId=notification-group] Node -1 disconnected.
2026-07-28T07:37:46.194-07:00  WARN 5484 --- [notification-service] [org.springframework.kafka.KafkaListenerEndpointContainer#2-0-C-1] org.apache.kafka.clients.NetworkClient   : [Consumer clientId=consumer-notification-group-1, groupId=notification-group] Connection to node -1 (localhost/127.0.0.1:9092) could not be established. Node may not be available.
2026-07-28T07:37:46.194-07:00  WARN 5484 --- [notification-service] [org.springframework.kafka.KafkaListenerEndpointContainer#2-0-C-1] org.apache.kafka.clients.NetworkClient   : [Consumer clientId=consumer-notification-group-1, groupId=notification-group] Bootstrap broker localhost:9092 (id: -1 rack: null) disconnected
2026-07-28T07:37:46.289-07:00  INFO 5484 --- [notification-service] [org.springframework.kafka.KafkaListenerEndpointContainer#0-0-C-1] org.apache.kafka.clients.NetworkClient   : [Consumer clientId=consumer-notification-group-5, groupId=notification-group] Node -1 disconnected.
2026-07-28T07:37:46.289-07:00  WARN 5484 --- [notification-service] [org.springframework.kafka.KafkaListenerEndpointContainer#0-0-C-1] org.apache.kafka.clients.NetworkClient   : [Consumer clientId=consumer-notification-group-5, groupId=notification-group] Connection to node -1 (localhost/127.0.0.1:9092) could not be established. Node may not be available.
2026-07-28T07:37:46.289-07:00  WARN 5484 --- [notification-service] [org.springframework.kafka.KafkaListenerEndpointContainer#0-0-C-1] org.apache.kafka.clients.NetworkClient   : [Consumer clientId=consumer-notification-group-5, groupId=notification-group] Bootstrap broker localhost:9092 (id: -1 rack: null) disconnected
2026-07-28T07:37:46.633-07:00  INFO 5484 --- [notification-service] [org.springframework.kafka.KafkaListenerEndpointContainer#4-0-C-1] org.apache.kafka.clients.NetworkClient   : [Consumer clientId=consumer-notification-group-3, groupId=notification-group] Node -1 disconnected.
2026-07-28T07:37:46.634-07:00  WARN 5484 --- [notification-service] [org.springframework.kafka.KafkaListenerEndpointContainer#4-0-C-1] org.apache.kafka.clients.NetworkClient   : [Consumer clientId=consumer-notification-group-3, groupId=notification-group] Connection to node -1 (localhost/127.0.0.1:9092) could not be established. Node may not be available.
2026-07-28T07:37:46.634-07:00  WARN 5484 --- [notification-service] [org.springframework.kafka.KafkaListenerEndpointContainer#4-0-C-1] org.apache.kafka.clients.NetworkClient   : [Consumer clientId=consumer-notification-group-3, groupId=notification-group] Bootstrap broker localhost:9092 (id: -1 rack: null) disconnected
2026-07-28T07:37:46.982-07:00  INFO 5484 --- [notification-service] [org.springframework.kafka.KafkaListenerEndpointContainer#1-0-C-1] org.apache.kafka.clients.NetworkClient   : [Consumer clientId=consumer-notification-group-6, groupId=notification-group] Node -1 disconnected.
2026-07-28T07:37:46.983-07:00  WARN 5484 --- [notification-service] [org.springframework.kafka.KafkaListenerEndpointContainer#1-0-C-1] org.apache.kafka.clients.NetworkClient   : [Consumer clientId=consumer-notification-group-6, groupId=notification-group] Connection to node -1 (localhost/127.0.0.1:9092) could not be established. Node may not be available.
2026-07-28T07:37:46.983-07:00  WARN 5484 --- [notification-service] [org.springframework.kafka.KafkaListenerEndpointContainer#1-0-C-1] org.apache.kafka.clients.NetworkClient   : [Consumer clientId=consumer-notification-group-6, groupId=notification-group] Bootstrap broker localhost:9092 (id: -1 rack: null) disconnected
2026-07-28T07:37:47.123-07:00  INFO 5484 --- [notification-service] [org.springframework.kafka.KafkaListenerEndpointContainer#3-0-C-1] org.apache.kafka.clients.NetworkClient   : [Consumer clientId=consumer-notification-group-2, groupId=notification-group] Node -1 disconnected.
2026-07-28T07:37:47.124-07:00  WARN 5484 --- [notification-service] [org.springframework.kafka.KafkaListenerEndpointContainer#3-0-C-1] org.apache.kafka.clients.NetworkClient   : [Consumer clientId=consumer-notification-group-2, groupId=notification-group] Connection to node -1 (localhost/127.0.0.1:9092) could not be established. Node may not be available.
2026-07-28T07:37:47.124-07:00  WARN 5484 --- [notification-service] [org.springframework.kafka.KafkaListenerEndpointContainer#3-0-C-1] org.apache.kafka.clients.NetworkClient   : [Consumer clientId=consumer-notification-group-2, groupId=notification-group] Bootstrap broker localhost:9092 (id: -1 rack: null) disconnected
2026-07-28T07:37:47.170-07:00  INFO 5484 --- [notification-service] [org.springframework.kafka.KafkaListenerEndpointContainer#5-0-C-1] org.apache.kafka.clients.NetworkClient   : [Consumer clientId=consumer-notification-group-4, groupId=notification-group] Node -1 disconnected.
2026-07-28T07:37:47.170-07:00  WARN 5484 --- [notification-service] [org.springframework.kafka.KafkaListenerEndpointContainer#5-0-C-1] org.apache.kafka.clients.NetworkClient   : [Consumer clientId=consumer-notification-group-4, groupId=notification-group] Connection to node -1 (localhost/127.0.0.1:9092) could not be established. Node may not be available.
2026-07-28T07:37:47.171-07:00  WARN 5484 --- [notification-service] [org.springframework.kafka.KafkaListenerEndpointContainer#5-0-C-1] org.apache.kafka.clients.NetworkClient   : [Consumer clientId=consumer-notification-group-4, groupId=notification-group] Bootstrap broker localhost:9092 (id: -1 rack: null) disconnected
2026-07-28T07:37:47.202-07:00  INFO 5484 --- [notification-service] [org.springframework.kafka.KafkaListenerEndpointContainer#2-0-C-1] org.apache.kafka.clients.NetworkClient   : [Consumer clientId=consumer-notification-group-1, groupId=notification-group] Node -1 disconnected.
2026-07-28T07:37:47.202-07:00  WARN 5484 --- [notification-service] [org.springframework.kafka.KafkaListenerEndpointContainer#2-0-C-1] org.apache.kafka.clients.NetworkClient   : [Consumer clientId=consumer-notification-group-1, groupId=notification-group] Connection to node -1 (localhost/127.0.0.1:9092) could not be established. Node may not be available.
2026-07-28T07:37:47.202-07:00  WARN 5484 --- [notification-service] [org.springframework.kafka.KafkaListenerEndpointContainer#2-0-C-1] org.apache.kafka.clients.NetworkClient   : [Consumer clientId=consumer-notification-group-1, groupId=notification-group] Bootstrap broker localhost:9092 (id: -1 rack: null) disconnected
2026-07-28T07:37:47.329-07:00  INFO 5484 --- [notification-service] [org.springframework.kafka.KafkaListenerEndpointContainer#0-0-C-1] org.apache.kafka.clients.NetworkClient   : [Consumer clientId=consumer-notification-group-5, groupId=notification-group] Node -1 disconnected.
2026-07-28T07:37:47.329-07:00  WARN 5484 --- [notification-service] [org.springframework.kafka.KafkaListenerEndpointContainer#0-0-C-1] org.apache.kafka.clients.NetworkClient   : [Consumer clientId=consumer-notification-group-5, groupId=notification-group] Connection to node -1 (localhost/127.0.0.1:9092) could not be established. Node may not be available.
2026-07-28T07:37:47.329-07:00  WARN 5484 --- [notification-service] [org.springframework.kafka.KafkaListenerEndpointContainer#0-0-C-1] org.apache.kafka.clients.NetworkClient   : [Consumer clientId=consumer-notification-group-5, groupId=notification-group] Bootstrap broker localhost:9092 (id: -1 rack: null) disconnected
2026-07-28T07:37:47.645-07:00  INFO 5484 --- [notification-service] [org.springframework.kafka.KafkaListenerEndpointContainer#4-0-C-1] org.apache.kafka.clients.NetworkClient   : [Consumer clientId=consumer-notification-group-3, groupId=notification-group] Node -1 disconnected.
2026-07-28T07:37:47.645-07:00  WARN 5484 --- [notification-service] [org.springframework.kafka.KafkaListenerEndpointContainer#4-0-C-1] org.apache.kafka.clients.NetworkClient   : [Consumer clientId=consumer-notification-group-3, groupId=notification-group] Connection to node -1 (localhost/127.0.0.1:9092) could not be established. Node may not be available.
2026-07-28T07:37:47.645-07:00  WARN 5484 --- [notification-service] [org.springframework.kafka.KafkaListenerEndpointContainer#4-0-C-1] org.apache.kafka.clients.NetworkClient   : [Consumer clientId=consumer-notification-group-3, groupId=notification-group] Bootstrap broker localhost:9092 (id: -1 rack: null) disconnected
2026-07-28T07:37:47.995-07:00  INFO 5484 --- [notification-service] [org.springframework.kafka.KafkaListenerEndpointContainer#1-0-C-1] org.apache.kafka.clients.NetworkClient   : [Consumer clientId=consumer-notification-group-6, groupId=notification-group] Node -1 disconnected.
2026-07-28T07:37:47.995-07:00  WARN 5484 --- [notification-service] [org.springframework.kafka.KafkaListenerEndpointContainer#1-0-C-1] org.apache.kafka.clients.NetworkClient   : [Consumer clientId=consumer-notification-group-6, groupId=notification-group] Connection to node -1 (localhost/127.0.0.1:9092) could not be established. Node may not be available.
2026-07-28T07:37:47.995-07:00  WARN 5484 --- [notification-service] [org.springframework.kafka.KafkaListenerEndpointContainer#1-0-C-1] org.apache.kafka.clients.NetworkClient   : [Consumer clientId=consumer-notification-group-6, groupId=notification-group] Bootstrap broker localhost:9092 (id: -1 rack: null) disconnected
2026-07-28T07:37:48.058-07:00  INFO 5484 --- [notification-service] [org.springframework.kafka.KafkaListenerEndpointContainer#5-0-C-1] org.apache.kafka.clients.NetworkClient   : [Consumer clientId=consumer-notification-group-4, groupId=notification-group] Node -1 disconnected.
2026-07-28T07:37:48.058-07:00  WARN 5484 --- [notification-service] [org.springframework.kafka.KafkaListenerEndpointContainer#5-0-C-1] org.apache.kafka.clients.NetworkClient   : [Consumer clientId=consumer-notification-group-4, groupId=notification-group] Connection to node -1 (localhost/127.0.0.1:9092) could not be established. Node may not be available.
2026-07-28T07:37:48.058-07:00  WARN 5484 --- [notification-service] [org.springframework.kafka.KafkaListenerEndpointContainer#5-0-C-1] org.apache.kafka.clients.NetworkClient   : [Consumer clientId=consumer-notification-group-4, groupId=notification-group] Bootstrap broker localhost:9092 (id: -1 rack: null) disconnected
2026-07-28T07:37:48.074-07:00  INFO 5484 --- [notification-service] [org.springframework.kafka.KafkaListenerEndpointContainer#3-0-C-1] org.apache.kafka.clients.NetworkClient   : [Consumer clientId=consumer-notification-group-2, groupId=notification-group] Node -1 disconnected.
2026-07-28T07:37:48.074-07:00  WARN 5484 --- [notification-service] [org.springframework.kafka.KafkaListenerEndpointContainer#3-0-C-1] org.apache.kafka.clients.NetworkClient   : [Consumer clientId=consumer-notification-group-2, groupId=notification-group] Connection to node -1 (localhost/127.0.0.1:9092) could not be established. Node may not be available.
2026-07-28T07:37:48.074-07:00  WARN 5484 --- [notification-service] [org.springframework.kafka.KafkaListenerEndpointContainer#3-0-C-1] org.apache.kafka.clients.NetworkClient   : [Consumer clientId=consumer-notification-group-2, groupId=notification-group] Bootstrap broker localhost:9092 (id: -1 rack: null) disconnected
2026-07-28T07:37:48.217-07:00  INFO 5484 --- [notification-service] [org.springframework.kafka.KafkaListenerEndpointContainer#2-0-C-1] org.apache.kafka.clients.NetworkClient   : [Consumer clientId=consumer-notification-group-1, groupId=notification-group] Node -1 disconnected.
2026-07-28T07:37:48.217-07:00  WARN 5484 --- [notification-service] [org.springframework.kafka.KafkaListenerEndpointContainer#2-0-C-1] org.apache.kafka.clients.NetworkClient   : [Consumer clientId=consumer-notification-group-1, groupId=notification-group] Connection to node -1 (localhost/127.0.0.1:9092) could not be established. Node may not be available.
2026-07-28T07:37:48.217-07:00  WARN 5484 --- [notification-service] [org.springframework.kafka.KafkaListenerEndpointContainer#2-0-C-1] org.apache.kafka.clients.NetworkClient   : [Consumer clientId=consumer-notification-group-1, groupId=notification-group] Bootstrap broker localhost:9092 (id: -1 rack: null) disconnected
2026-07-28T07:37:48.281-07:00  INFO 5484 --- [notification-service] [org.springframework.kafka.KafkaListenerEndpointContainer#0-0-C-1] org.apache.kafka.clients.NetworkClient   : [Consumer clientId=consumer-notification-group-5, groupId=notification-group] Node -1 disconnected.
2026-07-28T07:37:48.281-07:00  WARN 5484 --- [notification-service] [org.springframework.kafka.KafkaListenerEndpointContainer#0-0-C-1] org.apache.kafka.clients.NetworkClient   : [Consumer clientId=consumer-notification-group-5, groupId=notification-group] Connection to node -1 (localhost/127.0.0.1:9092) could not be established. Node may not be available.
2026-07-28T07:37:48.281-07:00  WARN 5484 --- [notification-service] [org.springframework.kafka.KafkaListenerEndpointContainer#0-0-C-1] org.apache.kafka.clients.NetworkClient   : [Consumer clientId=consumer-notification-group-5, groupId=notification-group] Bootstrap broker localhost:9092 (id: -1 rack: null) disconnected
2026-07-28T07:37:48.660-07:00  INFO 5484 --- [notification-service] [org.springframework.kafka.KafkaListenerEndpointContainer#4-0-C-1] org.apache.kafka.clients.NetworkClient   : [Consumer clientId=consumer-notification-group-3, groupId=notification-group] Node -1 disconnected.
2026-07-28T07:37:48.661-07:00  WARN 5484 --- [notification-service] [org.springframework.kafka.KafkaListenerEndpointContainer#4-0-C-1] org.apache.kafka.clients.NetworkClient   : [Consumer clientId=consumer-notification-group-3, groupId=notification-group] Connection to node -1 (localhost/127.0.0.1:9092) could not be established. Node may not be available.
2026-07-28T07:37:48.661-07:00  WARN 5484 --- [notification-service] [org.springframework.kafka.KafkaListenerEndpointContainer#4-0-C-1] org.apache.kafka.clients.NetworkClient   : [Consumer clientId=consumer-notification-group-3, groupId=notification-group] Bootstrap broker localhost:9092 (id: -1 rack: null) disconnected
2026-07-28T07:37:49.008-07:00  INFO 5484 --- [notification-service] [org.springframework.kafka.KafkaListenerEndpointContainer#1-0-C-1] org.apache.kafka.clients.NetworkClient   : [Consumer clientId=consumer-notification-group-6, groupId=notification-group] Node -1 disconnected.
2026-07-28T07:37:49.009-07:00  WARN 5484 --- [notification-service] [org.springframework.kafka.KafkaListenerEndpointContainer#1-0-C-1] org.apache.kafka.clients.NetworkClient   : [Consumer clientId=consumer-notification-group-6, groupId=notification-group] Connection to node -1 (localhost/127.0.0.1:9092) could not be established. Node may not be available.
2026-07-28T07:37:49.009-07:00  WARN 5484 --- [notification-service] [org.springframework.kafka.KafkaListenerEndpointContainer#1-0-C-1] org.apache.kafka.clients.NetworkClient   : [Consumer clientId=consumer-notification-group-6, groupId=notification-group] Bootstrap broker localhost:9092 (id: -1 rack: null) disconnected
2026-07-28T07:37:49.069-07:00  INFO 5484 --- [notification-service] [org.springframework.kafka.KafkaListenerEndpointContainer#5-0-C-1] org.apache.kafka.clients.NetworkClient   : [Consumer clientId=consumer-notification-group-4, groupId=notification-group] Node -1 disconnected.
2026-07-28T07:37:49.069-07:00  WARN 5484 --- [notification-service] [org.springframework.kafka.KafkaListenerEndpointContainer#5-0-C-1] org.apache.kafka.clients.NetworkClient   : [Consumer clientId=consumer-notification-group-4, groupId=notification-group] Connection to node -1 (localhost/127.0.0.1:9092) could not be established. Node may not be available.
2026-07-28T07:37:49.069-07:00  WARN 5484 --- [notification-service] [org.springframework.kafka.KafkaListenerEndpointContainer#5-0-C-1] org.apache.kafka.clients.NetworkClient   : [Consumer clientId=consumer-notification-group-4, groupId=notification-group] Bootstrap broker localhost:9092 (id: -1 rack: null) disconnected
2026-07-28T07:37:49.084-07:00  INFO 5484 --- [notification-service] [org.springframework.kafka.KafkaListenerEndpointContainer#3-0-C-1] org.apache.kafka.clients.NetworkClient   : [Consumer clientId=consumer-notification-group-2, groupId=notification-group] Node -1 disconnected.
2026-07-28T07:37:49.084-07:00  WARN 5484 --- [notification-service] [org.springframework.kafka.KafkaListenerEndpointContainer#3-0-C-1] org.apache.kafka.clients.NetworkClient   : [Consumer clientId=consumer-notification-group-2, groupId=notification-group] Connection to node -1 (localhost/127.0.0.1:9092) could not be established. Node may not be available.
2026-07-28T07:37:49.084-07:00  WARN 5484 --- [notification-service] [org.springframework.kafka.KafkaListenerEndpointContainer#3-0-C-1] org.apache.kafka.clients.NetworkClient   : [Consumer clientId=consumer-notification-group-2, groupId=notification-group] Bootstrap broker localhost:9092 (id: -1 rack: null) disconnected
2026-07-28T07:37:49.162-07:00  INFO 5484 --- [notification-service] [org.springframework.kafka.KafkaListenerEndpointContainer#2-0-C-1] org.apache.kafka.clients.NetworkClient   : [Consumer clientId=consumer-notification-group-1, groupId=notification-group] Node -1 disconnected.
2026-07-28T07:37:49.162-07:00  WARN 5484 --- [notification-service] [org.springframework.kafka.KafkaListenerEndpointContainer#2-0-C-1] org.apache.kafka.clients.NetworkClient   : [Consumer clientId=consumer-notification-group-1, groupId=notification-group] Connection to node -1 (localhost/127.0.0.1:9092) could not be established. Node may not be available.
2026-07-28T07:37:49.163-07:00  WARN 5484 --- [notification-service] [org.springframework.kafka.KafkaListenerEndpointContainer#2-0-C-1] org.apache.kafka.clients.NetworkClient   : [Consumer clientId=consumer-notification-group-1, groupId=notification-group] Bootstrap broker localhost:9092 (id: -1 rack: null) disconnected
2026-07-28T07:37:49.286-07:00  INFO 5484 --- [notification-service] [org.springframework.kafka.KafkaListenerEndpointContainer#0-0-C-1] org.apache.kafka.clients.NetworkClient   : [Consumer clientId=consumer-notification-group-5, groupId=notification-group] Node -1 disconnected.
2026-07-28T07:37:49.286-07:00  WARN 5484 --- [notification-service] [org.springframework.kafka.KafkaListenerEndpointContainer#0-0-C-1] org.apache.kafka.clients.NetworkClient   : [Consumer clientId=consumer-notification-group-5, groupId=notification-group] Connection to node -1 (localhost/127.0.0.1:9092) could not be established. Node may not be available.
2026-07-28T07:37:49.286-07:00  WARN 5484 --- [notification-service] [org.springframework.kafka.KafkaListenerEndpointContainer#0-0-C-1] org.apache.kafka.clients.NetworkClient   : [Consumer clientId=consumer-notification-group-5, groupId=notification-group] Bootstrap broker localhost:9092 (id: -1 rack: null) disconnected
2026-07-28T07:37:49.662-07:00  INFO 5484 --- [notification-service] [org.springframework.kafka.KafkaListenerEndpointContainer#4-0-C-1] org.apache.kafka.clients.NetworkClient   : [Consumer clientId=consumer-notification-group-3, groupId=notification-group] Node -1 disconnected.
2026-07-28T07:37:49.662-07:00  WARN 5484 --- [notification-service] [org.springframework.kafka.KafkaListenerEndpointContainer#4-0-C-1] org.apache.kafka.clients.NetworkClient   : [Consumer clientId=consumer-notification-group-3, groupId=notification-group] Connection to node -1 (localhost/127.0.0.1:9092) could not be established. Node may not be available.
2026-07-28T07:37:49.662-07:00  WARN 5484 --- [notification-service] [org.springframework.kafka.KafkaListenerEndpointContainer#4-0-C-1] org.apache.kafka.clients.NetworkClient   : [Consumer clientId=consumer-notification-group-3, groupId=notification-group] Bootstrap broker localhost:9092 (id: -1 rack: null) disconnected
2026-07-28T07:37:49.901-07:00  INFO 5484 --- [notification-service] [org.springframework.kafka.KafkaListenerEndpointContainer#3-0-C-1] org.apache.kafka.clients.NetworkClient   : [Consumer clientId=consumer-notification-group-2, groupId=notification-group] Node -1 disconnected.
2026-07-28T07:37:49.902-07:00  WARN 5484 --- [notification-service] [org.springframework.kafka.KafkaListenerEndpointContainer#3-0-C-1] org.apache.kafka.clients.NetworkClient   : [Consumer clientId=consumer-notification-group-2, groupId=notification-group] Connection to node -1 (localhost/127.0.0.1:9092) could not be established. Node may not be available.
2026-07-28T07:37:49.902-07:00  WARN 5484 --- [notification-service] [org.springframework.kafka.KafkaListenerEndpointContainer#3-0-C-1] org.apache.kafka.clients.NetworkClient   : [Consumer clientId=consumer-notification-group-2, groupId=notification-group] Bootstrap broker localhost:9092 (id: -1 rack: null) disconnected
2026-07-28T07:37:50.014-07:00  INFO 5484 --- [notification-service] [org.springframework.kafka.KafkaListenerEndpointContainer#1-0-C-1] org.apache.kafka.clients.NetworkClient   : [Consumer clientId=consumer-notification-group-6, groupId=notification-group] Node -1 disconnected.
2026-07-28T07:37:50.014-07:00  WARN 5484 --- [notification-service] [org.springframework.kafka.KafkaListenerEndpointContainer#1-0-C-1] org.apache.kafka.clients.NetworkClient   : [Consumer clientId=consumer-notification-group-6, groupId=notification-group] Connection to node -1 (localhost/127.0.0.1:9092) could not be established. Node may not be available.
2026-07-28T07:37:50.014-07:00  WARN 5484 --- [notification-service] [org.springframework.kafka.KafkaListenerEndpointContainer#1-0-C-1] org.apache.kafka.clients.NetworkClient   : [Consumer clientId=consumer-notification-group-6, groupId=notification-group] Bootstrap broker localhost:9092 (id: -1 rack: null) disconnected
2026-07-28T07:37:50.045-07:00  INFO 5484 --- [notification-service] [org.springframework.kafka.KafkaListenerEndpointContainer#2-0-C-1] org.apache.kafka.clients.NetworkClient   : [Consumer clientId=consumer-notification-group-1, groupId=notification-group] Node -1 disconnected.
2026-07-28T07:37:50.046-07:00  WARN 5484 --- [notification-service] [org.springframework.kafka.KafkaListenerEndpointContainer#2-0-C-1] org.apache.kafka.clients.NetworkClient   : [Consumer clientId=consumer-notification-group-1, groupId=notification-group] Connection to node -1 (localhost/127.0.0.1:9092) could not be established. Node may not be available.
2026-07-28T07:37:50.046-07:00  WARN 5484 --- [notification-service] [org.springframework.kafka.KafkaListenerEndpointContainer#2-0-C-1] org.apache.kafka.clients.NetworkClient   : [Consumer clientId=consumer-notification-group-1, groupId=notification-group] Bootstrap broker localhost:9092 (id: -1 rack: null) disconnected
2026-07-28T07:37:50.089-07:00  INFO 5484 --- [notification-service] [org.springframework.kafka.KafkaListenerEndpointContainer#5-0-C-1] org.apache.kafka.clients.NetworkClient   : [Consumer clientId=consumer-notification-group-4, groupId=notification-group] Node -1 disconnected.
2026-07-28T07:37:50.089-07:00  WARN 5484 --- [notification-service] [org.springframework.kafka.KafkaListenerEndpointContainer#5-0-C-1] org.apache.kafka.clients.NetworkClient   : [Consumer clientId=consumer-notification-group-4, groupId=notification-group] Connection to node -1 (localhost/127.0.0.1:9092) could not be established. Node may not be available.
2026-07-28T07:37:50.089-07:00  WARN 5484 --- [notification-service] [org.springframework.kafka.KafkaListenerEndpointContainer#5-0-C-1] org.apache.kafka.clients.NetworkClient   : [Consumer clientId=consumer-notification-group-4, groupId=notification-group] Bootstrap broker localhost:9092 (id: -1 rack: null) disconnected
2026-07-28T07:37:50.176-07:00  INFO 5484 --- [notification-service] [org.springframework.kafka.KafkaListenerEndpointContainer#0-0-C-1] org.apache.kafka.clients.NetworkClient   : [Consumer clientId=consumer-notification-group-5, groupId=notification-group] Node -1 disconnected.
2026-07-28T07:37:50.176-07:00  WARN 5484 --- [notification-service] [org.springframework.kafka.KafkaListenerEndpointContainer#0-0-C-1] org.apache.kafka.clients.NetworkClient   : [Consumer clientId=consumer-notification-group-5, groupId=notification-group] Connection to node -1 (localhost/127.0.0.1:9092) could not be established. Node may not be available.
2026-07-28T07:37:50.176-07:00  WARN 5484 --- [notification-service] [org.springframework.kafka.KafkaListenerEndpointContainer#0-0-C-1] org.apache.kafka.clients.NetworkClient   : [Consumer clientId=consumer-notification-group-5, groupId=notification-group] Bootstrap broker localhost:9092 (id: -1 rack: null) disconnected
2026-07-28T07:37:50.665-07:00  INFO 5484 --- [notification-service] [org.springframework.kafka.KafkaListenerEndpointContainer#4-0-C-1] org.apache.kafka.clients.NetworkClient   : [Consumer clientId=consumer-notification-group-3, groupId=notification-group] Node -1 disconnected.
2026-07-28T07:37:50.665-07:00  WARN 5484 --- [notification-service] [org.springframework.kafka.KafkaListenerEndpointContainer#4-0-C-1] org.apache.kafka.clients.NetworkClient   : [Consumer clientId=consumer-notification-group-3, groupId=notification-group] Connection to node -1 (localhost/127.0.0.1:9092) could not be established. Node may not be available.
2026-07-28T07:37:50.665-07:00  WARN 5484 --- [notification-service] [org.springframework.kafka.KafkaListenerEndpointContainer#4-0-C-1] org.apache.kafka.clients.NetworkClient   : [Consumer clientId=consumer-notification-group-3, groupId=notification-group] Bootstrap broker localhost:9092 (id: -1 rack: null) disconnected
2026-07-28T07:37:50.913-07:00  INFO 5484 --- [notification-service] [org.springframework.kafka.KafkaListenerEndpointContainer#3-0-C-1] org.apache.kafka.clients.NetworkClient   : [Consumer clientId=consumer-notification-group-2, groupId=notification-group] Node -1 disconnected.
2026-07-28T07:37:50.914-07:00  WARN 5484 --- [notification-service] [org.springframework.kafka.KafkaListenerEndpointContainer#3-0-C-1] org.apache.kafka.clients.NetworkClient   : [Consumer clientId=consumer-notification-group-2, groupId=notification-group] Connection to node -1 (localhost/127.0.0.1:9092) could not be established. Node may not be available.
2026-07-28T07:37:50.914-07:00  WARN 5484 --- [notification-service] [org.springframework.kafka.KafkaListenerEndpointContainer#3-0-C-1] org.apache.kafka.clients.NetworkClient   : [Consumer clientId=consumer-notification-group-2, groupId=notification-group] Bootstrap broker localhost:9092 (id: -1 rack: null) disconnected
2026-07-28T07:37:50.945-07:00  INFO 5484 --- [notification-service] [org.springframework.kafka.KafkaListenerEndpointContainer#1-0-C-1] org.apache.kafka.clients.NetworkClient   : [Consumer clientId=consumer-notification-group-6, groupId=notification-group] Node -1 disconnected.
2026-07-28T07:37:50.946-07:00  WARN 5484 --- [notification-service] [org.springframework.kafka.KafkaListenerEndpointContainer#1-0-C-1] org.apache.kafka.clients.NetworkClient   : [Consumer clientId=consumer-notification-group-6, groupId=notification-group] Connection to node -1 (localhost/127.0.0.1:9092) could not be established. Node may not be available.
2026-07-28T07:37:50.946-07:00  WARN 5484 --- [notification-service] [org.springframework.kafka.KafkaListenerEndpointContainer#1-0-C-1] org.apache.kafka.clients.NetworkClient   : [Consumer clientId=consumer-notification-group-6, groupId=notification-group] Bootstrap broker localhost:9092 (id: -1 rack: null) disconnected
2026-07-28T07:37:51.056-07:00  INFO 5484 --- [notification-service] [org.springframework.kafka.KafkaListenerEndpointContainer#2-0-C-1] org.apache.kafka.clients.NetworkClient   : [Consumer clientId=consumer-notification-group-1, groupId=notification-group] Node -1 disconnected.
2026-07-28T07:37:51.057-07:00  WARN 5484 --- [notification-service] [org.springframework.kafka.KafkaListenerEndpointContainer#2-0-C-1] org.apache.kafka.clients.NetworkClient   : [Consumer clientId=consumer-notification-group-1, groupId=notification-group] Connection to node -1 (localhost/127.0.0.1:9092) could not be established. Node may not be available.
2026-07-28T07:37:51.057-07:00  WARN 5484 --- [notification-service] [org.springframework.kafka.KafkaListenerEndpointContainer#2-0-C-1] org.apache.kafka.clients.NetworkClient   : [Consumer clientId=consumer-notification-group-1, groupId=notification-group] Bootstrap broker localhost:9092 (id: -1 rack: null) disconnected
2026-07-28T07:37:51.104-07:00  INFO 5484 --- [notification-service] [org.springframework.kafka.KafkaListenerEndpointContainer#5-0-C-1] org.apache.kafka.clients.NetworkClient   : [Consumer clientId=consumer-notification-group-4, groupId=notification-group] Node -1 disconnected.
2026-07-28T07:37:51.104-07:00  WARN 5484 --- [notification-service] [org.springframework.kafka.KafkaListenerEndpointContainer#5-0-C-1] org.apache.kafka.clients.NetworkClient   : [Consumer clientId=consumer-notification-group-4, groupId=notification-group] Connection to node -1 (localhost/127.0.0.1:9092) could not be established. Node may not be available.
2026-07-28T07:37:51.104-07:00  WARN 5484 --- [notification-service] [org.springframework.kafka.KafkaListenerEndpointContainer#5-0-C-1] org.apache.kafka.clients.NetworkClient   : [Consumer clientId=consumer-notification-group-4, groupId=notification-group] Bootstrap broker localhost:9092 (id: -1 rack: null) disconnected
2026-07-28T07:37:51.182-07:00  INFO 5484 --- [notification-service] [org.springframework.kafka.KafkaListenerEndpointContainer#0-0-C-1] org.apache.kafka.clients.NetworkClient   : [Consumer clientId=consumer-notification-group-5, groupId=notification-group] Node -1 disconnected.
2026-07-28T07:37:51.182-07:00  WARN 5484 --- [notification-service] [org.springframework.kafka.KafkaListenerEndpointContainer#0-0-C-1] org.apache.kafka.clients.NetworkClient   : [Consumer clientId=consumer-notification-group-5, groupId=notification-group] Connection to node -1 (localhost/127.0.0.1:9092) could not be established. Node may not be available.
2026-07-28T07:37:51.182-07:00  WARN 5484 --- [notification-service] [org.springframework.kafka.KafkaListenerEndpointContainer#0-0-C-1] org.apache.kafka.clients.NetworkClient   : [Consumer clientId=consumer-notification-group-5, groupId=notification-group] Bootstrap broker localhost:9092 (id: -1 rack: null) disconnected
2026-07-28T07:37:51.599-07:00  INFO 5484 --- [notification-service] [org.springframework.kafka.KafkaListenerEndpointContainer#4-0-C-1] org.apache.kafka.clients.NetworkClient   : [Consumer clientId=consumer-notification-group-3, groupId=notification-group] Node -1 disconnected.
2026-07-28T07:37:51.599-07:00  WARN 5484 --- [notification-service] [org.springframework.kafka.KafkaListenerEndpointContainer#4-0-C-1] org.apache.kafka.clients.NetworkClient   : [Consumer clientId=consumer-notification-group-3, groupId=notification-group] Connection to node -1 (localhost/127.0.0.1:9092) could not be established. Node may not be available.
2026-07-28T07:37:51.599-07:00  WARN 5484 --- [notification-service] [org.springframework.kafka.KafkaListenerEndpointContainer#4-0-C-1] org.apache.kafka.clients.NetworkClient   : [Consumer clientId=consumer-notification-group-3, groupId=notification-group] Bootstrap broker localhost:9092 (id: -1 rack: null) disconnected
2026-07-28T07:37:51.798-07:00  INFO 5484 --- [notification-service] [org.springframework.kafka.KafkaListenerEndpointContainer#3-0-C-1] org.apache.kafka.clients.NetworkClient   : [Consumer clientId=consumer-notification-group-2, groupId=notification-group] Node -1 disconnected.
2026-07-28T07:37:51.798-07:00  WARN 5484 --- [notification-service] [org.springframework.kafka.KafkaListenerEndpointContainer#3-0-C-1] org.apache.kafka.clients.NetworkClient   : [Consumer clientId=consumer-notification-group-2, groupId=notification-group] Connection to node -1 (localhost/127.0.0.1:9092) could not be established. Node may not be available.
2026-07-28T07:37:51.799-07:00  WARN 5484 --- [notification-service] [org.springframework.kafka.KafkaListenerEndpointContainer#3-0-C-1] org.apache.kafka.clients.NetworkClient   : [Consumer clientId=consumer-notification-group-2, groupId=notification-group] Bootstrap broker localhost:9092 (id: -1 rack: null) disconnected
2026-07-28T07:37:51.860-07:00  INFO 5484 --- [notification-service] [org.springframework.kafka.KafkaListenerEndpointContainer#1-0-C-1] org.apache.kafka.clients.NetworkClient   : [Consumer clientId=consumer-notification-group-6, groupId=notification-group] Node -1 disconnected.
2026-07-28T07:37:51.861-07:00  WARN 5484 --- [notification-service] [org.springframework.kafka.KafkaListenerEndpointContainer#1-0-C-1] org.apache.kafka.clients.NetworkClient   : [Consumer clientId=consumer-notification-group-6, groupId=notification-group] Connection to node -1 (localhost/127.0.0.1:9092) could not be established. Node may not be available.
2026-07-28T07:37:51.861-07:00  WARN 5484 --- [notification-service] [org.springframework.kafka.KafkaListenerEndpointContainer#1-0-C-1] org.apache.kafka.clients.NetworkClient   : [Consumer clientId=consumer-notification-group-6, groupId=notification-group] Bootstrap broker localhost:9092 (id: -1 rack: null) disconnected
2026-07-28T07:37:52.000-07:00  INFO 5484 --- [notification-service] [org.springframework.kafka.KafkaListenerEndpointContainer#2-0-C-1] org.apache.kafka.clients.NetworkClient   : [Consumer clientId=consumer-notification-group-1, groupId=notification-group] Node -1 disconnected.
2026-07-28T07:37:52.000-07:00  WARN 5484 --- [notification-service] [org.springframework.kafka.KafkaListenerEndpointContainer#2-0-C-1] org.apache.kafka.clients.NetworkClient   : [Consumer clientId=consumer-notification-group-1, groupId=notification-group] Connection to node -1 (localhost/127.0.0.1:9092) could not be established. Node may not be available.
2026-07-28T07:37:52.000-07:00  WARN 5484 --- [notification-service] [org.springframework.kafka.KafkaListenerEndpointContainer#2-0-C-1] org.apache.kafka.clients.NetworkClient   : [Consumer clientId=consumer-notification-group-1, groupId=notification-group] Bootstrap broker localhost:9092 (id: -1 rack: null) disconnected
2026-07-28T07:37:52.159-07:00  INFO 5484 --- [notification-service] [org.springframework.kafka.KafkaListenerEndpointContainer#5-0-C-1] org.apache.kafka.clients.NetworkClient   : [Consumer clientId=consumer-notification-group-4, groupId=notification-group] Node -1 disconnected.
2026-07-28T07:37:52.159-07:00  WARN 5484 --- [notification-service] [org.springframework.kafka.KafkaListenerEndpointContainer#5-0-C-1] org.apache.kafka.clients.NetworkClient   : [Consumer clientId=consumer-notification-group-4, groupId=notification-group] Connection to node -1 (localhost/127.0.0.1:9092) could not be established. Node may not be available.
2026-07-28T07:37:52.159-07:00  WARN 5484 --- [notification-service] [org.springframework.kafka.KafkaListenerEndpointContainer#5-0-C-1] org.apache.kafka.clients.NetworkClient   : [Consumer clientId=consumer-notification-group-4, groupId=notification-group] Bootstrap broker localhost:9092 (id: -1 rack: null) disconnected
2026-07-28T07:37:52.190-07:00  INFO 5484 --- [notification-service] [org.springframework.kafka.KafkaListenerEndpointContainer#0-0-C-1] org.apache.kafka.clients.NetworkClient   : [Consumer clientId=consumer-notification-group-5, groupId=notification-group] Node -1 disconnected.
2026-07-28T07:37:52.191-07:00  WARN 5484 --- [notification-service] [org.springframework.kafka.KafkaListenerEndpointContainer#0-0-C-1] org.apache.kafka.clients.NetworkClient   : [Consumer clientId=consumer-notification-group-5, groupId=notification-group] Connection to node -1 (localhost/127.0.0.1:9092) could not be established. Node may not be available.
2026-07-28T07:37:52.191-07:00  WARN 5484 --- [notification-service] [org.springframework.kafka.KafkaListenerEndpointContainer#0-0-C-1] org.apache.kafka.clients.NetworkClient   : [Consumer clientId=consumer-notification-group-5, groupId=notification-group] Bootstrap broker localhost:9092 (id: -1 rack: null) disconnected
2026-07-28T07:37:52.617-07:00  INFO 5484 --- [notification-service] [org.springframework.kafka.KafkaListenerEndpointContainer#4-0-C-1] org.apache.kafka.clients.NetworkClient   : [Consumer clientId=consumer-notification-group-3, groupId=notification-group] Node -1 disconnected.
2026-07-28T07:37:52.617-07:00  WARN 5484 --- [notification-service] [org.springframework.kafka.KafkaListenerEndpointContainer#4-0-C-1] org.apache.kafka.clients.NetworkClient   : [Consumer clientId=consumer-notification-group-3, groupId=notification-group] Connection to node -1 (localhost/127.0.0.1:9092) could not be established. Node may not be available.
2026-07-28T07:37:52.617-07:00  WARN 5484 --- [notification-service] [org.springframework.kafka.KafkaListenerEndpointContainer#4-0-C-1] org.apache.kafka.clients.NetworkClient   : [Consumer clientId=consumer-notification-group-3, groupId=notification-group] Bootstrap broker localhost:9092 (id: -1 rack: null) disconnected
2026-07-28T07:37:52.807-07:00  INFO 5484 --- [notification-service] [org.springframework.kafka.KafkaListenerEndpointContainer#3-0-C-1] org.apache.kafka.clients.NetworkClient   : [Consumer clientId=consumer-notification-group-2, groupId=notification-group] Node -1 disconnected.
2026-07-28T07:37:52.808-07:00  WARN 5484 --- [notification-service] [org.springframework.kafka.KafkaListenerEndpointContainer#3-0-C-1] org.apache.kafka.clients.NetworkClient   : [Consumer clientId=consumer-notification-group-2, groupId=notification-group] Connection to node -1 (localhost/127.0.0.1:9092) could not be established. Node may not be available.
2026-07-28T07:37:52.808-07:00  WARN 5484 --- [notification-service] [org.springframework.kafka.KafkaListenerEndpointContainer#3-0-C-1] org.apache.kafka.clients.NetworkClient   : [Consumer clientId=consumer-notification-group-2, groupId=notification-group] Bootstrap broker localhost:9092 (id: -1 rack: null) disconnected
2026-07-28T07:37:52.870-07:00  INFO 5484 --- [notification-service] [org.springframework.kafka.KafkaListenerEndpointContainer#1-0-C-1] org.apache.kafka.clients.NetworkClient   : [Consumer clientId=consumer-notification-group-6, groupId=notification-group] Node -1 disconnected.
2026-07-28T07:37:52.870-07:00  WARN 5484 --- [notification-service] [org.springframework.kafka.KafkaListenerEndpointContainer#1-0-C-1] org.apache.kafka.clients.NetworkClient   : [Consumer clientId=consumer-notification-group-6, groupId=notification-group] Connection to node -1 (localhost/127.0.0.1:9092) could not be established. Node may not be available.
2026-07-28T07:37:52.871-07:00  WARN 5484 --- [notification-service] [org.springframework.kafka.KafkaListenerEndpointContainer#1-0-C-1] org.apache.kafka.clients.NetworkClient   : [Consumer clientId=consumer-notification-group-6, groupId=notification-group] Bootstrap broker localhost:9092 (id: -1 rack: null) disconnected
2026-07-28T07:37:53.060-07:00  INFO 5484 --- [notification-service] [org.springframework.kafka.KafkaListenerEndpointContainer#2-0-C-1] org.apache.kafka.clients.NetworkClient   : [Consumer clientId=consumer-notification-group-1, groupId=notification-group] Node -1 disconnected.
2026-07-28T07:37:53.060-07:00  WARN 5484 --- [notification-service] [org.springframework.kafka.KafkaListenerEndpointContainer#2-0-C-1] org.apache.kafka.clients.NetworkClient   : [Consumer clientId=consumer-notification-group-1, groupId=notification-group] Connection to node -1 (localhost/127.0.0.1:9092) could not be established. Node may not be available.
2026-07-28T07:37:53.060-07:00  WARN 5484 --- [notification-service] [org.springframework.kafka.KafkaListenerEndpointContainer#2-0-C-1] org.apache.kafka.clients.NetworkClient   : [Consumer clientId=consumer-notification-group-1, groupId=notification-group] Bootstrap broker localhost:9092 (id: -1 rack: null) disconnected
2026-07-28T07:37:53.107-07:00  INFO 5484 --- [notification-service] [org.springframework.kafka.KafkaListenerEndpointContainer#5-0-C-1] org.apache.kafka.clients.NetworkClient   : [Consumer clientId=consumer-notification-group-4, groupId=notification-group] Node -1 disconnected.
2026-07-28T07:37:53.108-07:00  WARN 5484 --- [notification-service] [org.springframework.kafka.KafkaListenerEndpointContainer#5-0-C-1] org.apache.kafka.clients.NetworkClient   : [Consumer clientId=consumer-notification-group-4, groupId=notification-group] Connection to node -1 (localhost/127.0.0.1:9092) could not be established. Node may not be available.
2026-07-28T07:37:53.108-07:00  WARN 5484 --- [notification-service] [org.springframework.kafka.KafkaListenerEndpointContainer#5-0-C-1] org.apache.kafka.clients.NetworkClient   : [Consumer clientId=consumer-notification-group-4, groupId=notification-group] Bootstrap broker localhost:9092 (id: -1 rack: null) disconnected
2026-07-28T07:37:53.203-07:00  INFO 5484 --- [notification-service] [org.springframework.kafka.KafkaListenerEndpointContainer#0-0-C-1] org.apache.kafka.clients.NetworkClient   : [Consumer clientId=consumer-notification-group-5, groupId=notification-group] Node -1 disconnected.
2026-07-28T07:37:53.203-07:00  WARN 5484 --- [notification-service] [org.springframework.kafka.KafkaListenerEndpointContainer#0-0-C-1] org.apache.kafka.clients.NetworkClient   : [Consumer clientId=consumer-notification-group-5, groupId=notification-group] Connection to node -1 (localhost/127.0.0.1:9092) could not be established. Node may not be available.
2026-07-28T07:37:53.204-07:00  WARN 5484 --- [notification-service] [org.springframework.kafka.KafkaListenerEndpointContainer#0-0-C-1] org.apache.kafka.clients.NetworkClient   : [Consumer clientId=consumer-notification-group-5, groupId=notification-group] Bootstrap broker localhost:9092 (id: -1 rack: null) disconnected
2026-07-28T07:37:53.659-07:00  INFO 5484 --- [notification-service] [org.springframework.kafka.KafkaListenerEndpointContainer#4-0-C-1] org.apache.kafka.clients.NetworkClient   : [Consumer clientId=consumer-notification-group-3, groupId=notification-group] Node -1 disconnected.
2026-07-28T07:37:53.659-07:00  WARN 5484 --- [notification-service] [org.springframework.kafka.KafkaListenerEndpointContainer#4-0-C-1] org.apache.kafka.clients.NetworkClient   : [Consumer clientId=consumer-notification-group-3, groupId=notification-group] Connection to node -1 (localhost/127.0.0.1:9092) could not be established. Node may not be available.
2026-07-28T07:37:53.659-07:00  WARN 5484 --- [notification-service] [org.springframework.kafka.KafkaListenerEndpointContainer#4-0-C-1] org.apache.kafka.clients.NetworkClient   : [Consumer clientId=consumer-notification-group-3, groupId=notification-group] Bootstrap broker localhost:9092 (id: -1 rack: null) disconnected
2026-07-28T07:37:53.689-07:00  INFO 5484 --- [notification-service] [org.springframework.kafka.KafkaListenerEndpointContainer#3-0-C-1] org.apache.kafka.clients.NetworkClient   : [Consumer clientId=consumer-notification-group-2, groupId=notification-group] Node -1 disconnected.
2026-07-28T07:37:53.689-07:00  WARN 5484 --- [notification-service] [org.springframework.kafka.KafkaListenerEndpointContainer#3-0-C-1] org.apache.kafka.clients.NetworkClient   : [Consumer clientId=consumer-notification-group-2, groupId=notification-group] Connection to node -1 (localhost/127.0.0.1:9092) could not be established. Node may not be available.
2026-07-28T07:37:53.690-07:00  WARN 5484 --- [notification-service] [org.springframework.kafka.KafkaListenerEndpointContainer#3-0-C-1] org.apache.kafka.clients.NetworkClient   : [Consumer clientId=consumer-notification-group-2, groupId=notification-group] Bootstrap broker localhost:9092 (id: -1 rack: null) disconnected
2026-07-28T07:37:53.880-07:00  INFO 5484 --- [notification-service] [org.springframework.kafka.KafkaListenerEndpointContainer#1-0-C-1] org.apache.kafka.clients.NetworkClient   : [Consumer clientId=consumer-notification-group-6, groupId=notification-group] Node -1 disconnected.
2026-07-28T07:37:53.880-07:00  WARN 5484 --- [notification-service] [org.springframework.kafka.KafkaListenerEndpointContainer#1-0-C-1] org.apache.kafka.clients.NetworkClient   : [Consumer clientId=consumer-notification-group-6, groupId=notification-group] Connection to node -1 (localhost/127.0.0.1:9092) could not be established. Node may not be available.
2026-07-28T07:37:53.881-07:00  WARN 5484 --- [notification-service] [org.springframework.kafka.KafkaListenerEndpointContainer#1-0-C-1] org.apache.kafka.clients.NetworkClient   : [Consumer clientId=consumer-notification-group-6, groupId=notification-group] Bootstrap broker localhost:9092 (id: -1 rack: null) disconnected
2026-07-28T07:37:53.959-07:00  INFO 5484 --- [notification-service] [org.springframework.kafka.KafkaListenerEndpointContainer#2-0-C-1] org.apache.kafka.clients.NetworkClient   : [Consumer clientId=consumer-notification-group-1, groupId=notification-group] Node -1 disconnected.
2026-07-28T07:37:53.960-07:00  WARN 5484 --- [notification-service] [org.springframework.kafka.KafkaListenerEndpointContainer#2-0-C-1] org.apache.kafka.clients.NetworkClient   : [Consumer clientId=consumer-notification-group-1, groupId=notification-group] Connection to node -1 (localhost/127.0.0.1:9092) could not be established. Node may not be available.
2026-07-28T07:37:53.960-07:00  WARN 5484 --- [notification-service] [org.springframework.kafka.KafkaListenerEndpointContainer#2-0-C-1] org.apache.kafka.clients.NetworkClient   : [Consumer clientId=consumer-notification-group-1, groupId=notification-group] Bootstrap broker localhost:9092 (id: -1 rack: null) disconnected
2026-07-28T07:37:54.112-07:00  INFO 5484 --- [notification-service] [org.springframework.kafka.KafkaListenerEndpointContainer#5-0-C-1] org.apache.kafka.clients.NetworkClient   : [Consumer clientId=consumer-notification-group-4, groupId=notification-group] Node -1 disconnected.
2026-07-28T07:37:54.113-07:00  WARN 5484 --- [notification-service] [org.springframework.kafka.KafkaListenerEndpointContainer#5-0-C-1] org.apache.kafka.clients.NetworkClient   : [Consumer clientId=consumer-notification-group-4, groupId=notification-group] Connection to node -1 (localhost/127.0.0.1:9092) could not be established. Node may not be available.
2026-07-28T07:37:54.113-07:00  WARN 5484 --- [notification-service] [org.springframework.kafka.KafkaListenerEndpointContainer#5-0-C-1] org.apache.kafka.clients.NetworkClient   : [Consumer clientId=consumer-notification-group-4, groupId=notification-group] Bootstrap broker localhost:9092 (id: -1 rack: null) disconnected
2026-07-28T07:37:54.207-07:00  INFO 5484 --- [notification-service] [org.springframework.kafka.KafkaListenerEndpointContainer#0-0-C-1] org.apache.kafka.clients.NetworkClient   : [Consumer clientId=consumer-notification-group-5, groupId=notification-group] Node -1 disconnected.
2026-07-28T07:37:54.207-07:00  WARN 5484 --- [notification-service] [org.springframework.kafka.KafkaListenerEndpointContainer#0-0-C-1] org.apache.kafka.clients.NetworkClient   : [Consumer clientId=consumer-notification-group-5, groupId=notification-group] Connection to node -1 (localhost/127.0.0.1:9092) could not be established. Node may not be available.
2026-07-28T07:37:54.207-07:00  WARN 5484 --- [notification-service] [org.springframework.kafka.KafkaListenerEndpointContainer#0-0-C-1] org.apache.kafka.clients.NetworkClient   : [Consumer clientId=consumer-notification-group-5, groupId=notification-group] Bootstrap broker localhost:9092 (id: -1 rack: null) disconnected
2026-07-28T07:37:54.598-07:00  INFO 5484 --- [notification-service] [org.springframework.kafka.KafkaListenerEndpointContainer#4-0-C-1] org.apache.kafka.clients.NetworkClient   : [Consumer clientId=consumer-notification-group-3, groupId=notification-group] Node -1 disconnected.
2026-07-28T07:37:54.598-07:00  WARN 5484 --- [notification-service] [org.springframework.kafka.KafkaListenerEndpointContainer#4-0-C-1] org.apache.kafka.clients.NetworkClient   : [Consumer clientId=consumer-notification-group-3, groupId=notification-group] Connection to node -1 (localhost/127.0.0.1:9092) could not be established. Node may not be available.
2026-07-28T07:37:54.598-07:00  WARN 5484 --- [notification-service] [org.springframework.kafka.KafkaListenerEndpointContainer#4-0-C-1] org.apache.kafka.clients.NetworkClient   : [Consumer clientId=consumer-notification-group-3, groupId=notification-group] Bootstrap broker localhost:9092 (id: -1 rack: null) disconnected
2026-07-28T07:37:54.629-07:00  INFO 5484 --- [notification-service] [org.springframework.kafka.KafkaListenerEndpointContainer#3-0-C-1] org.apache.kafka.clients.NetworkClient   : [Consumer clientId=consumer-notification-group-2, groupId=notification-group] Node -1 disconnected.
2026-07-28T07:37:54.630-07:00  WARN 5484 --- [notification-service] [org.springframework.kafka.KafkaListenerEndpointContainer#3-0-C-1] org.apache.kafka.clients.NetworkClient   : [Consumer clientId=consumer-notification-group-2, groupId=notification-group] Connection to node -1 (localhost/127.0.0.1:9092) could not be established. Node may not be available.
2026-07-28T07:37:54.630-07:00  WARN 5484 --- [notification-service] [org.springframework.kafka.KafkaListenerEndpointContainer#3-0-C-1] org.apache.kafka.clients.NetworkClient   : [Consumer clientId=consumer-notification-group-2, groupId=notification-group] Bootstrap broker localhost:9092 (id: -1 rack: null) disconnected
2026-07-28T07:37:54.879-07:00  INFO 5484 --- [notification-service] [org.springframework.kafka.KafkaListenerEndpointContainer#1-0-C-1] org.apache.kafka.clients.NetworkClient   : [Consumer clientId=consumer-notification-group-6, groupId=notification-group] Node -1 disconnected.
2026-07-28T07:37:54.879-07:00  WARN 5484 --- [notification-service] [org.springframework.kafka.KafkaListenerEndpointContainer#1-0-C-1] org.apache.kafka.clients.NetworkClient   : [Consumer clientId=consumer-notification-group-6, groupId=notification-group] Connection to node -1 (localhost/127.0.0.1:9092) could not be established. Node may not be available.
2026-07-28T07:37:54.879-07:00  WARN 5484 --- [notification-service] [org.springframework.kafka.KafkaListenerEndpointContainer#1-0-C-1] org.apache.kafka.clients.NetworkClient   : [Consumer clientId=consumer-notification-group-6, groupId=notification-group] Bootstrap broker localhost:9092 (id: -1 rack: null) disconnected
2026-07-28T07:37:54.894-07:00  INFO 5484 --- [notification-service] [org.springframework.kafka.KafkaListenerEndpointContainer#2-0-C-1] org.apache.kafka.clients.NetworkClient   : [Consumer clientId=consumer-notification-group-1, groupId=notification-group] Node -1 disconnected.
2026-07-28T07:37:54.895-07:00  WARN 5484 --- [notification-service] [org.springframework.kafka.KafkaListenerEndpointContainer#2-0-C-1] org.apache.kafka.clients.NetworkClient   : [Consumer clientId=consumer-notification-group-1, groupId=notification-group] Connection to node -1 (localhost/127.0.0.1:9092) could not be established. Node may not be available.
2026-07-28T07:37:54.895-07:00  WARN 5484 --- [notification-service] [org.springframework.kafka.KafkaListenerEndpointContainer#2-0-C-1] org.apache.kafka.clients.NetworkClient   : [Consumer clientId=consumer-notification-group-1, groupId=notification-group] Bootstrap broker localhost:9092 (id: -1 rack: null) disconnected
2026-07-28T07:37:55.019-07:00  INFO 5484 --- [notification-service] [org.springframework.kafka.KafkaListenerEndpointContainer#0-0-C-1] org.apache.kafka.clients.NetworkClient   : [Consumer clientId=consumer-notification-group-5, groupId=notification-group] Node -1 disconnected.
2026-07-28T07:37:55.019-07:00  WARN 5484 --- [notification-service] [org.springframework.kafka.KafkaListenerEndpointContainer#0-0-C-1] org.apache.kafka.clients.NetworkClient   : [Consumer clientId=consumer-notification-group-5, groupId=notification-group] Connection to node -1 (localhost/127.0.0.1:9092) could not be established. Node may not be available.
2026-07-28T07:37:55.019-07:00  WARN 5484 --- [notification-service] [org.springframework.kafka.KafkaListenerEndpointContainer#0-0-C-1] org.apache.kafka.clients.NetworkClient   : [Consumer clientId=consumer-notification-group-5, groupId=notification-group] Bootstrap broker localhost:9092 (id: -1 rack: null) disconnected
2026-07-28T07:37:55.050-07:00  INFO 5484 --- [notification-service] [org.springframework.kafka.KafkaListenerEndpointContainer#5-0-C-1] org.apache.kafka.clients.NetworkClient   : [Consumer clientId=consumer-notification-group-4, groupId=notification-group] Node -1 disconnected.
2026-07-28T07:37:55.050-07:00  WARN 5484 --- [notification-service] [org.springframework.kafka.KafkaListenerEndpointContainer#5-0-C-1] org.apache.kafka.clients.NetworkClient   : [Consumer clientId=consumer-notification-group-4, groupId=notification-group] Connection to node -1 (localhost/127.0.0.1:9092) could not be established. Node may not be available.
2026-07-28T07:37:55.051-07:00  WARN 5484 --- [notification-service] [org.springframework.kafka.KafkaListenerEndpointContainer#5-0-C-1] org.apache.kafka.clients.NetworkClient   : [Consumer clientId=consumer-notification-group-4, groupId=notification-group] Bootstrap broker localhost:9092 (id: -1 rack: null) disconnected
2026-07-28T07:37:55.599-07:00  INFO 5484 --- [notification-service] [org.springframework.kafka.KafkaListenerEndpointContainer#4-0-C-1] org.apache.kafka.clients.NetworkClient   : [Consumer clientId=consumer-notification-group-3, groupId=notification-group] Node -1 disconnected.
2026-07-28T07:37:55.599-07:00  WARN 5484 --- [notification-service] [org.springframework.kafka.KafkaListenerEndpointContainer#4-0-C-1] org.apache.kafka.clients.NetworkClient   : [Consumer clientId=consumer-notification-group-3, groupId=notification-group] Connection to node -1 (localhost/127.0.0.1:9092) could not be established. Node may not be available.
2026-07-28T07:37:55.599-07:00  WARN 5484 --- [notification-service] [org.springframework.kafka.KafkaListenerEndpointContainer#4-0-C-1] org.apache.kafka.clients.NetworkClient   : [Consumer clientId=consumer-notification-group-3, groupId=notification-group] Bootstrap broker localhost:9092 (id: -1 rack: null) disconnected
2026-07-28T07:37:55.631-07:00  INFO 5484 --- [notification-service] [org.springframework.kafka.KafkaListenerEndpointContainer#3-0-C-1] org.apache.kafka.clients.NetworkClient   : [Consumer clientId=consumer-notification-group-2, groupId=notification-group] Node -1 disconnected.
2026-07-28T07:37:55.632-07:00  WARN 5484 --- [notification-service] [org.springframework.kafka.KafkaListenerEndpointContainer#3-0-C-1] org.apache.kafka.clients.NetworkClient   : [Consumer clientId=consumer-notification-group-2, groupId=notification-group] Connection to node -1 (localhost/127.0.0.1:9092) could not be established. Node may not be available.
2026-07-28T07:37:55.632-07:00  WARN 5484 --- [notification-service] [org.springframework.kafka.KafkaListenerEndpointContainer#3-0-C-1] org.apache.kafka.clients.NetworkClient   : [Consumer clientId=consumer-notification-group-2, groupId=notification-group] Bootstrap broker localhost:9092 (id: -1 rack: null) disconnected
2026-07-28T07:37:55.865-07:00  INFO 5484 --- [notification-service] [org.springframework.kafka.KafkaListenerEndpointContainer#2-0-C-1] org.apache.kafka.clients.NetworkClient   : [Consumer clientId=consumer-notification-group-1, groupId=notification-group] Node -1 disconnected.
2026-07-28T07:37:55.866-07:00  WARN 5484 --- [notification-service] [org.springframework.kafka.KafkaListenerEndpointContainer#2-0-C-1] org.apache.kafka.clients.NetworkClient   : [Consumer clientId=consumer-notification-group-1, groupId=notification-group] Connection to node -1 (localhost/127.0.0.1:9092) could not be established. Node may not be available.
2026-07-28T07:37:55.866-07:00  WARN 5484 --- [notification-service] [org.springframework.kafka.KafkaListenerEndpointContainer#2-0-C-1] org.apache.kafka.clients.NetworkClient   : [Consumer clientId=consumer-notification-group-1, groupId=notification-group] Bootstrap broker localhost:9092 (id: -1 rack: null) disconnected
2026-07-28T07:37:55.881-07:00  INFO 5484 --- [notification-service] [org.springframework.kafka.KafkaListenerEndpointContainer#1-0-C-1] org.apache.kafka.clients.NetworkClient   : [Consumer clientId=consumer-notification-group-6, groupId=notification-group] Node -1 disconnected.
2026-07-28T07:37:55.881-07:00  WARN 5484 --- [notification-service] [org.springframework.kafka.KafkaListenerEndpointContainer#1-0-C-1] org.apache.kafka.clients.NetworkClient   : [Consumer clientId=consumer-notification-group-6, groupId=notification-group] Connection to node -1 (localhost/127.0.0.1:9092) could not be established. Node may not be available.
2026-07-28T07:37:55.881-07:00  WARN 5484 --- [notification-service] [org.springframework.kafka.KafkaListenerEndpointContainer#1-0-C-1] org.apache.kafka.clients.NetworkClient   : [Consumer clientId=consumer-notification-group-6, groupId=notification-group] Bootstrap broker localhost:9092 (id: -1 rack: null) disconnected
2026-07-28T07:37:55.912-07:00  INFO 5484 --- [notification-service] [org.springframework.kafka.KafkaListenerEndpointContainer#0-0-C-1] org.apache.kafka.clients.NetworkClient   : [Consumer clientId=consumer-notification-group-5, groupId=notification-group] Node -1 disconnected.
2026-07-28T07:37:55.913-07:00  WARN 5484 --- [notification-service] [org.springframework.kafka.KafkaListenerEndpointContainer#0-0-C-1] org.apache.kafka.clients.NetworkClient   : [Consumer clientId=consumer-notification-group-5, groupId=notification-group] Connection to node -1 (localhost/127.0.0.1:9092) could not be established. Node may not be available.
2026-07-28T07:37:55.913-07:00  WARN 5484 --- [notification-service] [org.springframework.kafka.KafkaListenerEndpointContainer#0-0-C-1] org.apache.kafka.clients.NetworkClient   : [Consumer clientId=consumer-notification-group-5, groupId=notification-group] Bootstrap broker localhost:9092 (id: -1 rack: null) disconnected
2026-07-28T07:37:56.053-07:00  INFO 5484 --- [notification-service] [org.springframework.kafka.KafkaListenerEndpointContainer#5-0-C-1] org.apache.kafka.clients.NetworkClient   : [Consumer clientId=consumer-notification-group-4, groupId=notification-group] Node -1 disconnected.
2026-07-28T07:37:56.053-07:00  WARN 5484 --- [notification-service] [org.springframework.kafka.KafkaListenerEndpointContainer#5-0-C-1] org.apache.kafka.clients.NetworkClient   : [Consumer clientId=consumer-notification-group-4, groupId=notification-group] Connection to node -1 (localhost/127.0.0.1:9092) could not be established. Node may not be available.
2026-07-28T07:37:56.053-07:00  WARN 5484 --- [notification-service] [org.springframework.kafka.KafkaListenerEndpointContainer#5-0-C-1] org.apache.kafka.clients.NetworkClient   : [Consumer clientId=consumer-notification-group-4, groupId=notification-group] Bootstrap broker localhost:9092 (id: -1 rack: null) disconnected
2026-07-28T07:37:56.634-07:00  INFO 5484 --- [notification-service] [org.springframework.kafka.KafkaListenerEndpointContainer#4-0-C-1] org.apache.kafka.clients.NetworkClient   : [Consumer clientId=consumer-notification-group-3, groupId=notification-group] Node -1 disconnected.
2026-07-28T07:37:56.634-07:00  WARN 5484 --- [notification-service] [org.springframework.kafka.KafkaListenerEndpointContainer#4-0-C-1] org.apache.kafka.clients.NetworkClient   : [Consumer clientId=consumer-notification-group-3, groupId=notification-group] Connection to node -1 (localhost/127.0.0.1:9092) could not be established. Node may not be available.
2026-07-28T07:37:56.634-07:00  WARN 5484 --- [notification-service] [org.springframework.kafka.KafkaListenerEndpointContainer#4-0-C-1] org.apache.kafka.clients.NetworkClient   : [Consumer clientId=consumer-notification-group-3, groupId=notification-group] Bootstrap broker localhost:9092 (id: -1 rack: null) disconnected
2026-07-28T07:37:56.640-07:00  INFO 5484 --- [notification-service] [org.springframework.kafka.KafkaListenerEndpointContainer#3-0-C-1] org.apache.kafka.clients.NetworkClient   : [Consumer clientId=consumer-notification-group-2, groupId=notification-group] Node -1 disconnected.
2026-07-28T07:37:56.640-07:00  WARN 5484 --- [notification-service] [org.springframework.kafka.KafkaListenerEndpointContainer#3-0-C-1] org.apache.kafka.clients.NetworkClient   : [Consumer clientId=consumer-notification-group-2, groupId=notification-group] Connection to node -1 (localhost/127.0.0.1:9092) could not be established. Node may not be available.
2026-07-28T07:37:56.641-07:00  WARN 5484 --- [notification-service] [org.springframework.kafka.KafkaListenerEndpointContainer#3-0-C-1] org.apache.kafka.clients.NetworkClient   : [Consumer clientId=consumer-notification-group-2, groupId=notification-group] Bootstrap broker localhost:9092 (id: -1 rack: null) disconnected
2026-07-28T07:37:56.734-07:00  INFO 5484 --- [notification-service] [org.springframework.kafka.KafkaListenerEndpointContainer#0-0-C-1] org.apache.kafka.clients.NetworkClient   : [Consumer clientId=consumer-notification-group-5, groupId=notification-group] Node -1 disconnected.
2026-07-28T07:37:56.734-07:00  WARN 5484 --- [notification-service] [org.springframework.kafka.KafkaListenerEndpointContainer#0-0-C-1] org.apache.kafka.clients.NetworkClient   : [Consumer clientId=consumer-notification-group-5, groupId=notification-group] Connection to node -1 (localhost/127.0.0.1:9092) could not be established. Node may not be available.
2026-07-28T07:37:56.735-07:00  WARN 5484 --- [notification-service] [org.springframework.kafka.KafkaListenerEndpointContainer#0-0-C-1] org.apache.kafka.clients.NetworkClient   : [Consumer clientId=consumer-notification-group-5, groupId=notification-group] Bootstrap broker localhost:9092 (id: -1 rack: null) disconnected
2026-07-28T07:37:56.890-07:00  INFO 5484 --- [notification-service] [org.springframework.kafka.KafkaListenerEndpointContainer#1-0-C-1] org.apache.kafka.clients.NetworkClient   : [Consumer clientId=consumer-notification-group-6, groupId=notification-group] Node -1 disconnected.
2026-07-28T07:37:56.890-07:00  WARN 5484 --- [notification-service] [org.springframework.kafka.KafkaListenerEndpointContainer#1-0-C-1] org.apache.kafka.clients.NetworkClient   : [Consumer clientId=consumer-notification-group-6, groupId=notification-group] Connection to node -1 (localhost/127.0.0.1:9092) could not be established. Node may not be available.
2026-07-28T07:37:56.890-07:00  WARN 5484 --- [notification-service] [org.springframework.kafka.KafkaListenerEndpointContainer#1-0-C-1] org.apache.kafka.clients.NetworkClient   : [Consumer clientId=consumer-notification-group-6, groupId=notification-group] Bootstrap broker localhost:9092 (id: -1 rack: null) disconnected
2026-07-28T07:37:56.921-07:00  INFO 5484 --- [notification-service] [org.springframework.kafka.KafkaListenerEndpointContainer#2-0-C-1] org.apache.kafka.clients.NetworkClient   : [Consumer clientId=consumer-notification-group-1, groupId=notification-group] Node -1 disconnected.
2026-07-28T07:37:56.922-07:00  WARN 5484 --- [notification-service] [org.springframework.kafka.KafkaListenerEndpointContainer#2-0-C-1] org.apache.kafka.clients.NetworkClient   : [Consumer clientId=consumer-notification-group-1, groupId=notification-group] Connection to node -1 (localhost/127.0.0.1:9092) could not be established. Node may not be available.
2026-07-28T07:37:56.922-07:00  WARN 5484 --- [notification-service] [org.springframework.kafka.KafkaListenerEndpointContainer#2-0-C-1] org.apache.kafka.clients.NetworkClient   : [Consumer clientId=consumer-notification-group-1, groupId=notification-group] Bootstrap broker localhost:9092 (id: -1 rack: null) disconnected
2026-07-28T07:37:57.064-07:00  INFO 5484 --- [notification-service] [org.springframework.kafka.KafkaListenerEndpointContainer#5-0-C-1] org.apache.kafka.clients.NetworkClient   : [Consumer clientId=consumer-notification-group-4, groupId=notification-group] Node -1 disconnected.
2026-07-28T07:37:57.064-07:00  WARN 5484 --- [notification-service] [org.springframework.kafka.KafkaListenerEndpointContainer#5-0-C-1] org.apache.kafka.clients.NetworkClient   : [Consumer clientId=consumer-notification-group-4, groupId=notification-group] Connection to node -1 (localhost/127.0.0.1:9092) could not be established. Node may not be available.
2026-07-28T07:37:57.064-07:00  WARN 5484 --- [notification-service] [org.springframework.kafka.KafkaListenerEndpointContainer#5-0-C-1] org.apache.kafka.clients.NetworkClient   : [Consumer clientId=consumer-notification-group-4, groupId=notification-group] Bootstrap broker localhost:9092 (id: -1 rack: null) disconnected
2026-07-28T07:37:57.647-07:00  INFO 5484 --- [notification-service] [org.springframework.kafka.KafkaListenerEndpointContainer#4-0-C-1] org.apache.kafka.clients.NetworkClient   : [Consumer clientId=consumer-notification-group-3, groupId=notification-group] Node -1 disconnected.
2026-07-28T07:37:57.648-07:00  WARN 5484 --- [notification-service] [org.springframework.kafka.KafkaListenerEndpointContainer#4-0-C-1] org.apache.kafka.clients.NetworkClient   : [Consumer clientId=consumer-notification-group-3, groupId=notification-group] Connection to node -1 (localhost/127.0.0.1:9092) could not be established. Node may not be available.
2026-07-28T07:37:57.648-07:00  WARN 5484 --- [notification-service] [org.springframework.kafka.KafkaListenerEndpointContainer#4-0-C-1] org.apache.kafka.clients.NetworkClient   : [Consumer clientId=consumer-notification-group-3, groupId=notification-group] Bootstrap broker localhost:9092 (id: -1 rack: null) disconnected
2026-07-28T07:37:57.662-07:00  INFO 5484 --- [notification-service] [org.springframework.kafka.KafkaListenerEndpointContainer#3-0-C-1] org.apache.kafka.clients.NetworkClient   : [Consumer clientId=consumer-notification-group-2, groupId=notification-group] Node -1 disconnected.
2026-07-28T07:37:57.662-07:00  WARN 5484 --- [notification-service] [org.springframework.kafka.KafkaListenerEndpointContainer#3-0-C-1] org.apache.kafka.clients.NetworkClient   : [Consumer clientId=consumer-notification-group-2, groupId=notification-group] Connection to node -1 (localhost/127.0.0.1:9092) could not be established. Node may not be available.
2026-07-28T07:37:57.663-07:00  WARN 5484 --- [notification-service] [org.springframework.kafka.KafkaListenerEndpointContainer#3-0-C-1] org.apache.kafka.clients.NetworkClient   : [Consumer clientId=consumer-notification-group-2, groupId=notification-group] Bootstrap broker localhost:9092 (id: -1 rack: null) disconnected
2026-07-28T07:37:57.741-07:00  INFO 5484 --- [notification-service] [org.springframework.kafka.KafkaListenerEndpointContainer#0-0-C-1] org.apache.kafka.clients.NetworkClient   : [Consumer clientId=consumer-notification-group-5, groupId=notification-group] Node -1 disconnected.
2026-07-28T07:37:57.741-07:00  WARN 5484 --- [notification-service] [org.springframework.kafka.KafkaListenerEndpointContainer#0-0-C-1] org.apache.kafka.clients.NetworkClient   : [Consumer clientId=consumer-notification-group-5, groupId=notification-group] Connection to node -1 (localhost/127.0.0.1:9092) could not be established. Node may not be available.
2026-07-28T07:37:57.741-07:00  WARN 5484 --- [notification-service] [org.springframework.kafka.KafkaListenerEndpointContainer#0-0-C-1] org.apache.kafka.clients.NetworkClient   : [Consumer clientId=consumer-notification-group-5, groupId=notification-group] Bootstrap broker localhost:9092 (id: -1 rack: null) disconnected
2026-07-28T07:37:57.837-07:00  INFO 5484 --- [notification-service] [org.springframework.kafka.KafkaListenerEndpointContainer#1-0-C-1] org.apache.kafka.clients.NetworkClient   : [Consumer clientId=consumer-notification-group-6, groupId=notification-group] Node -1 disconnected.
2026-07-28T07:37:57.838-07:00  WARN 5484 --- [notification-service] [org.springframework.kafka.KafkaListenerEndpointContainer#1-0-C-1] org.apache.kafka.clients.NetworkClient   : [Consumer clientId=consumer-notification-group-6, groupId=notification-group] Connection to node -1 (localhost/127.0.0.1:9092) could not be established. Node may not be available.
2026-07-28T07:37:57.838-07:00  WARN 5484 --- [notification-service] [org.springframework.kafka.KafkaListenerEndpointContainer#1-0-C-1] org.apache.kafka.clients.NetworkClient   : [Consumer clientId=consumer-notification-group-6, groupId=notification-group] Bootstrap broker localhost:9092 (id: -1 rack: null) disconnected
2026-07-28T07:37:57.885-07:00  INFO 5484 --- [notification-service] [org.springframework.kafka.KafkaListenerEndpointContainer#5-0-C-1] org.apache.kafka.clients.NetworkClient   : [Consumer clientId=consumer-notification-group-4, groupId=notification-group] Node -1 disconnected.
2026-07-28T07:37:57.885-07:00  WARN 5484 --- [notification-service] [org.springframework.kafka.KafkaListenerEndpointContainer#5-0-C-1] org.apache.kafka.clients.NetworkClient   : [Consumer clientId=consumer-notification-group-4, groupId=notification-group] Connection to node -1 (localhost/127.0.0.1:9092) could not be established. Node may not be available.
2026-07-28T07:37:57.885-07:00  WARN 5484 --- [notification-service] [org.springframework.kafka.KafkaListenerEndpointContainer#5-0-C-1] org.apache.kafka.clients.NetworkClient   : [Consumer clientId=consumer-notification-group-4, groupId=notification-group] Bootstrap broker localhost:9092 (id: -1 rack: null) disconnected
2026-07-28T07:37:57.932-07:00  INFO 5484 --- [notification-service] [org.springframework.kafka.KafkaListenerEndpointContainer#2-0-C-1] org.apache.kafka.clients.NetworkClient   : [Consumer clientId=consumer-notification-group-1, groupId=notification-group] Node -1 disconnected.
2026-07-28T07:37:57.932-07:00  WARN 5484 --- [notification-service] [org.springframework.kafka.KafkaListenerEndpointContainer#2-0-C-1] org.apache.kafka.clients.NetworkClient   : [Consumer clientId=consumer-notification-group-1, groupId=notification-group] Connection to node -1 (localhost/127.0.0.1:9092) could not be established. Node may not be available.
2026-07-28T07:37:57.932-07:00  WARN 5484 --- [notification-service] [org.springframework.kafka.KafkaListenerEndpointContainer#2-0-C-1] org.apache.kafka.clients.NetworkClient   : [Consumer clientId=consumer-notification-group-1, groupId=notification-group] Bootstrap broker localhost:9092 (id: -1 rack: null) disconnected
2026-07-28T07:37:58.542-07:00  INFO 5484 --- [notification-service] [org.springframework.kafka.KafkaListenerEndpointContainer#3-0-C-1] org.apache.kafka.clients.NetworkClient   : [Consumer clientId=consumer-notification-group-2, groupId=notification-group] Node -1 disconnected.
2026-07-28T07:37:58.542-07:00  WARN 5484 --- [notification-service] [org.springframework.kafka.KafkaListenerEndpointContainer#3-0-C-1] org.apache.kafka.clients.NetworkClient   : [Consumer clientId=consumer-notification-group-2, groupId=notification-group] Connection to node -1 (localhost/127.0.0.1:9092) could not be established. Node may not be available.
2026-07-28T07:37:58.542-07:00  WARN 5484 --- [notification-service] [org.springframework.kafka.KafkaListenerEndpointContainer#3-0-C-1] org.apache.kafka.clients.NetworkClient   : [Consumer clientId=consumer-notification-group-2, groupId=notification-group] Bootstrap broker localhost:9092 (id: -1 rack: null) disconnected
2026-07-28T07:37:58.654-07:00  INFO 5484 --- [notification-service] [org.springframework.kafka.KafkaListenerEndpointContainer#4-0-C-1] org.apache.kafka.clients.NetworkClient   : [Consumer clientId=consumer-notification-group-3, groupId=notification-group] Node -1 disconnected.
2026-07-28T07:37:58.654-07:00  WARN 5484 --- [notification-service] [org.springframework.kafka.KafkaListenerEndpointContainer#4-0-C-1] org.apache.kafka.clients.NetworkClient   : [Consumer clientId=consumer-notification-group-3, groupId=notification-group] Connection to node -1 (localhost/127.0.0.1:9092) could not be established. Node may not be available.
2026-07-28T07:37:58.654-07:00  WARN 5484 --- [notification-service] [org.springframework.kafka.KafkaListenerEndpointContainer#4-0-C-1] org.apache.kafka.clients.NetworkClient   : [Consumer clientId=consumer-notification-group-3, groupId=notification-group] Bootstrap broker localhost:9092 (id: -1 rack: null) disconnected
2026-07-28T07:37:58.734-07:00  INFO 5484 --- [notification-service] [org.springframework.kafka.KafkaListenerEndpointContainer#5-0-C-1] org.apache.kafka.clients.NetworkClient   : [Consumer clientId=consumer-notification-group-4, groupId=notification-group] Node -1 disconnected.
2026-07-28T07:37:58.734-07:00  WARN 5484 --- [notification-service] [org.springframework.kafka.KafkaListenerEndpointContainer#5-0-C-1] org.apache.kafka.clients.NetworkClient   : [Consumer clientId=consumer-notification-group-4, groupId=notification-group] Connection to node -1 (localhost/127.0.0.1:9092) could not be established. Node may not be available.
2026-07-28T07:37:58.734-07:00  WARN 5484 --- [notification-service] [org.springframework.kafka.KafkaListenerEndpointContainer#5-0-C-1] org.apache.kafka.clients.NetworkClient   : [Consumer clientId=consumer-notification-group-4, groupId=notification-group] Bootstrap broker localhost:9092 (id: -1 rack: null) disconnected
2026-07-28T07:37:58.749-07:00  INFO 5484 --- [notification-service] [org.springframework.kafka.KafkaListenerEndpointContainer#0-0-C-1] org.apache.kafka.clients.NetworkClient   : [Consumer clientId=consumer-notification-group-5, groupId=notification-group] Node -1 disconnected.
2026-07-28T07:37:58.750-07:00  WARN 5484 --- [notification-service] [org.springframework.kafka.KafkaListenerEndpointContainer#0-0-C-1] org.apache.kafka.clients.NetworkClient   : [Consumer clientId=consumer-notification-group-5, groupId=notification-group] Connection to node -1 (localhost/127.0.0.1:9092) could not be established. Node may not be available.
2026-07-28T07:37:58.750-07:00  WARN 5484 --- [notification-service] [org.springframework.kafka.KafkaListenerEndpointContainer#0-0-C-1] org.apache.kafka.clients.NetworkClient   : [Consumer clientId=consumer-notification-group-5, groupId=notification-group] Bootstrap broker localhost:9092 (id: -1 rack: null) disconnected
2026-07-28T07:37:58.844-07:00  INFO 5484 --- [notification-service] [org.springframework.kafka.KafkaListenerEndpointContainer#1-0-C-1] org.apache.kafka.clients.NetworkClient   : [Consumer clientId=consumer-notification-group-6, groupId=notification-group] Node -1 disconnected.
2026-07-28T07:37:58.845-07:00  WARN 5484 --- [notification-service] [org.springframework.kafka.KafkaListenerEndpointContainer#1-0-C-1] org.apache.kafka.clients.NetworkClient   : [Consumer clientId=consumer-notification-group-6, groupId=notification-group] Connection to node -1 (localhost/127.0.0.1:9092) could not be established. Node may not be available.
2026-07-28T07:37:58.845-07:00  WARN 5484 --- [notification-service] [org.springframework.kafka.KafkaListenerEndpointContainer#1-0-C-1] org.apache.kafka.clients.NetworkClient   : [Consumer clientId=consumer-notification-group-6, groupId=notification-group] Bootstrap broker localhost:9092 (id: -1 rack: null) disconnected
2026-07-28T07:37:58.937-07:00  INFO 5484 --- [notification-service] [org.springframework.kafka.KafkaListenerEndpointContainer#2-0-C-1] org.apache.kafka.clients.NetworkClient   : [Consumer clientId=consumer-notification-group-1, groupId=notification-group] Node -1 disconnected.
2026-07-28T07:37:58.937-07:00  WARN 5484 --- [notification-service] [org.springframework.kafka.KafkaListenerEndpointContainer#2-0-C-1] org.apache.kafka.clients.NetworkClient   : [Consumer clientId=consumer-notification-group-1, groupId=notification-group] Connection to node -1 (localhost/127.0.0.1:9092) could not be established. Node may not be available.
2026-07-28T07:37:58.938-07:00  WARN 5484 --- [notification-service] [org.springframework.kafka.KafkaListenerEndpointContainer#2-0-C-1] org.apache.kafka.clients.NetworkClient   : [Consumer clientId=consumer-notification-group-1, groupId=notification-group] Bootstrap broker localhost:9092 (id: -1 rack: null) disconnected
2026-07-28T07:37:59.363-07:00  INFO 5484 --- [notification-service] [org.springframework.kafka.KafkaListenerEndpointContainer#3-0-C-1] org.apache.kafka.clients.NetworkClient   : [Consumer clientId=consumer-notification-group-2, groupId=notification-group] Node -1 disconnected.
2026-07-28T07:37:59.363-07:00  WARN 5484 --- [notification-service] [org.springframework.kafka.KafkaListenerEndpointContainer#3-0-C-1] org.apache.kafka.clients.NetworkClient   : [Consumer clientId=consumer-notification-group-2, groupId=notification-group] Connection to node -1 (localhost/127.0.0.1:9092) could not be established. Node may not be available.
2026-07-28T07:37:59.364-07:00  WARN 5484 --- [notification-service] [org.springframework.kafka.KafkaListenerEndpointContainer#3-0-C-1] org.apache.kafka.clients.NetworkClient   : [Consumer clientId=consumer-notification-group-2, groupId=notification-group] Bootstrap broker localhost:9092 (id: -1 rack: null) disconnected
2026-07-28T07:37:59.596-07:00  INFO 5484 --- [notification-service] [org.springframework.kafka.KafkaListenerEndpointContainer#4-0-C-1] org.apache.kafka.clients.NetworkClient   : [Consumer clientId=consumer-notification-group-3, groupId=notification-group] Node -1 disconnected.
2026-07-28T07:37:59.596-07:00  WARN 5484 --- [notification-service] [org.springframework.kafka.KafkaListenerEndpointContainer#4-0-C-1] org.apache.kafka.clients.NetworkClient   : [Consumer clientId=consumer-notification-group-3, groupId=notification-group] Connection to node -1 (localhost/127.0.0.1:9092) could not be established. Node may not be available.
2026-07-28T07:37:59.597-07:00  WARN 5484 --- [notification-service] [org.springframework.kafka.KafkaListenerEndpointContainer#4-0-C-1] org.apache.kafka.clients.NetworkClient   : [Consumer clientId=consumer-notification-group-3, groupId=notification-group] Bootstrap broker localhost:9092 (id: -1 rack: null) disconnected
2026-07-28T07:37:59.756-07:00  INFO 5484 --- [notification-service] [org.springframework.kafka.KafkaListenerEndpointContainer#0-0-C-1] org.apache.kafka.clients.NetworkClient   : [Consumer clientId=consumer-notification-group-5, groupId=notification-group] Node -1 disconnected.
2026-07-28T07:37:59.756-07:00  WARN 5484 --- [notification-service] [org.springframework.kafka.KafkaListenerEndpointContainer#0-0-C-1] org.apache.kafka.clients.NetworkClient   : [Consumer clientId=consumer-notification-group-5, groupId=notification-group] Connection to node -1 (localhost/127.0.0.1:9092) could not be established. Node may not be available.
2026-07-28T07:37:59.756-07:00  WARN 5484 --- [notification-service] [org.springframework.kafka.KafkaListenerEndpointContainer#0-0-C-1] org.apache.kafka.clients.NetworkClient   : [Consumer clientId=consumer-notification-group-5, groupId=notification-group] Bootstrap broker localhost:9092 (id: -1 rack: null) disconnected
2026-07-28T07:37:59.772-07:00  INFO 5484 --- [notification-service] [org.springframework.kafka.KafkaListenerEndpointContainer#5-0-C-1] org.apache.kafka.clients.NetworkClient   : [Consumer clientId=consumer-notification-group-4, groupId=notification-group] Node -1 disconnected.
2026-07-28T07:37:59.772-07:00  WARN 5484 --- [notification-service] [org.springframework.kafka.KafkaListenerEndpointContainer#5-0-C-1] org.apache.kafka.clients.NetworkClient   : [Consumer clientId=consumer-notification-group-4, groupId=notification-group] Connection to node -1 (localhost/127.0.0.1:9092) could not be established. Node may not be available.
2026-07-28T07:37:59.772-07:00  WARN 5484 --- [notification-service] [org.springframework.kafka.KafkaListenerEndpointContainer#5-0-C-1] org.apache.kafka.clients.NetworkClient   : [Consumer clientId=consumer-notification-group-4, groupId=notification-group] Bootstrap broker localhost:9092 (id: -1 rack: null) disconnected
2026-07-28T07:37:59.820-07:00  INFO 5484 --- [notification-service] [org.springframework.kafka.KafkaListenerEndpointContainer#2-0-C-1] org.apache.kafka.clients.NetworkClient   : [Consumer clientId=consumer-notification-group-1, groupId=notification-group] Node -1 disconnected.
2026-07-28T07:37:59.820-07:00  WARN 5484 --- [notification-service] [org.springframework.kafka.KafkaListenerEndpointContainer#2-0-C-1] org.apache.kafka.clients.NetworkClient   : [Consumer clientId=consumer-notification-group-1, groupId=notification-group] Connection to node -1 (localhost/127.0.0.1:9092) could not be established. Node may not be available.
2026-07-28T07:37:59.821-07:00  WARN 5484 --- [notification-service] [org.springframework.kafka.KafkaListenerEndpointContainer#2-0-C-1] org.apache.kafka.clients.NetworkClient   : [Consumer clientId=consumer-notification-group-1, groupId=notification-group] Bootstrap broker localhost:9092 (id: -1 rack: null) disconnected
2026-07-28T07:37:59.852-07:00  INFO 5484 --- [notification-service] [org.springframework.kafka.KafkaListenerEndpointContainer#1-0-C-1] org.apache.kafka.clients.NetworkClient   : [Consumer clientId=consumer-notification-group-6, groupId=notification-group] Node -1 disconnected.
2026-07-28T07:37:59.852-07:00  WARN 5484 --- [notification-service] [org.springframework.kafka.KafkaListenerEndpointContainer#1-0-C-1] org.apache.kafka.clients.NetworkClient   : [Consumer clientId=consumer-notification-group-6, groupId=notification-group] Connection to node -1 (localhost/127.0.0.1:9092) could not be established. Node may not be available.
2026-07-28T07:37:59.853-07:00  WARN 5484 --- [notification-service] [org.springframework.kafka.KafkaListenerEndpointContainer#1-0-C-1] org.apache.kafka.clients.NetworkClient   : [Consumer clientId=consumer-notification-group-6, groupId=notification-group] Bootstrap broker localhost:9092 (id: -1 rack: null) disconnected
2026-07-28T07:38:00.198-07:00  INFO 5484 --- [notification-service] [org.springframework.kafka.KafkaListenerEndpointContainer#3-0-C-1] org.apache.kafka.clients.NetworkClient   : [Consumer clientId=consumer-notification-group-2, groupId=notification-group] Node -1 disconnected.
2026-07-28T07:38:00.198-07:00  WARN 5484 --- [notification-service] [org.springframework.kafka.KafkaListenerEndpointContainer#3-0-C-1] org.apache.kafka.clients.NetworkClient   : [Consumer clientId=consumer-notification-group-2, groupId=notification-group] Connection to node -1 (localhost/127.0.0.1:9092) could not be established. Node may not be available.
2026-07-28T07:38:00.198-07:00  WARN 5484 --- [notification-service] [org.springframework.kafka.KafkaListenerEndpointContainer#3-0-C-1] org.apache.kafka.clients.NetworkClient   : [Consumer clientId=consumer-notification-group-2, groupId=notification-group] Bootstrap broker localhost:9092 (id: -1 rack: null) disconnected
2026-07-28T07:38:00.612-07:00  INFO 5484 --- [notification-service] [org.springframework.kafka.KafkaListenerEndpointContainer#4-0-C-1] org.apache.kafka.clients.NetworkClient   : [Consumer clientId=consumer-notification-group-3, groupId=notification-group] Node -1 disconnected.
2026-07-28T07:38:00.612-07:00  WARN 5484 --- [notification-service] [org.springframework.kafka.KafkaListenerEndpointContainer#4-0-C-1] org.apache.kafka.clients.NetworkClient   : [Consumer clientId=consumer-notification-group-3, groupId=notification-group] Connection to node -1 (localhost/127.0.0.1:9092) could not be established. Node may not be available.
2026-07-28T07:38:00.612-07:00  WARN 5484 --- [notification-service] [org.springframework.kafka.KafkaListenerEndpointContainer#4-0-C-1] org.apache.kafka.clients.NetworkClient   : [Consumer clientId=consumer-notification-group-3, groupId=notification-group] Bootstrap broker localhost:9092 (id: -1 rack: null) disconnected
2026-07-28T07:38:00.771-07:00  INFO 5484 --- [notification-service] [org.springframework.kafka.KafkaListenerEndpointContainer#2-0-C-1] org.apache.kafka.clients.NetworkClient   : [Consumer clientId=consumer-notification-group-1, groupId=notification-group] Node -1 disconnected.
2026-07-28T07:38:00.771-07:00  WARN 5484 --- [notification-service] [org.springframework.kafka.KafkaListenerEndpointContainer#2-0-C-1] org.apache.kafka.clients.NetworkClient   : [Consumer clientId=consumer-notification-group-1, groupId=notification-group] Connection to node -1 (localhost/127.0.0.1:9092) could not be established. Node may not be available.
2026-07-28T07:38:00.771-07:00  INFO 5484 --- [notification-service] [org.springframework.kafka.KafkaListenerEndpointContainer#0-0-C-1] org.apache.kafka.clients.NetworkClient   : [Consumer clientId=consumer-notification-group-5, groupId=notification-group] Node -1 disconnected.
2026-07-28T07:38:00.771-07:00  WARN 5484 --- [notification-service] [org.springframework.kafka.KafkaListenerEndpointContainer#2-0-C-1] org.apache.kafka.clients.NetworkClient   : [Consumer clientId=consumer-notification-group-1, groupId=notification-group] Bootstrap broker localhost:9092 (id: -1 rack: null) disconnected
2026-07-28T07:38:00.771-07:00  WARN 5484 --- [notification-service] [org.springframework.kafka.KafkaListenerEndpointContainer#0-0-C-1] org.apache.kafka.clients.NetworkClient   : [Consumer clientId=consumer-notification-group-5, groupId=notification-group] Connection to node -1 (localhost/127.0.0.1:9092) could not be established. Node may not be available.
2026-07-28T07:38:00.772-07:00  WARN 5484 --- [notification-service] [org.springframework.kafka.KafkaListenerEndpointContainer#0-0-C-1] org.apache.kafka.clients.NetworkClient   : [Consumer clientId=consumer-notification-group-5, groupId=notification-group] Bootstrap broker localhost:9092 (id: -1 rack: null) disconnected
2026-07-28T07:38:00.791-07:00  INFO 5484 --- [notification-service] [org.springframework.kafka.KafkaListenerEndpointContainer#5-0-C-1] org.apache.kafka.clients.NetworkClient   : [Consumer clientId=consumer-notification-group-4, groupId=notification-group] Node -1 disconnected.
2026-07-28T07:38:00.791-07:00  WARN 5484 --- [notification-service] [org.springframework.kafka.KafkaListenerEndpointContainer#5-0-C-1] org.apache.kafka.clients.NetworkClient   : [Consumer clientId=consumer-notification-group-4, groupId=notification-group] Connection to node -1 (localhost/127.0.0.1:9092) could not be established. Node may not be available.
2026-07-28T07:38:00.791-07:00  WARN 5484 --- [notification-service] [org.springframework.kafka.KafkaListenerEndpointContainer#5-0-C-1] org.apache.kafka.clients.NetworkClient   : [Consumer clientId=consumer-notification-group-4, groupId=notification-group] Bootstrap broker localhost:9092 (id: -1 rack: null) disconnected
2026-07-28T07:38:00.868-07:00  INFO 5484 --- [notification-service] [org.springframework.kafka.KafkaListenerEndpointContainer#1-0-C-1] org.apache.kafka.clients.NetworkClient   : [Consumer clientId=consumer-notification-group-6, groupId=notification-group] Node -1 disconnected.
2026-07-28T07:38:00.868-07:00  WARN 5484 --- [notification-service] [org.springframework.kafka.KafkaListenerEndpointContainer#1-0-C-1] org.apache.kafka.clients.NetworkClient   : [Consumer clientId=consumer-notification-group-6, groupId=notification-group] Connection to node -1 (localhost/127.0.0.1:9092) could not be established. Node may not be available.
2026-07-28T07:38:00.868-07:00  WARN 5484 --- [notification-service] [org.springframework.kafka.KafkaListenerEndpointContainer#1-0-C-1] org.apache.kafka.clients.NetworkClient   : [Consumer clientId=consumer-notification-group-6, groupId=notification-group] Bootstrap broker localhost:9092 (id: -1 rack: null) disconnected
2026-07-28T07:38:01.201-07:00  INFO 5484 --- [notification-service] [org.springframework.kafka.KafkaListenerEndpointContainer#3-0-C-1] org.apache.kafka.clients.NetworkClient   : [Consumer clientId=consumer-notification-group-2, groupId=notification-group] Node -1 disconnected.
2026-07-28T07:38:01.202-07:00  WARN 5484 --- [notification-service] [org.springframework.kafka.KafkaListenerEndpointContainer#3-0-C-1] org.apache.kafka.clients.NetworkClient   : [Consumer clientId=consumer-notification-group-2, groupId=notification-group] Connection to node -1 (localhost/127.0.0.1:9092) could not be established. Node may not be available.
2026-07-28T07:38:01.202-07:00  WARN 5484 --- [notification-service] [org.springframework.kafka.KafkaListenerEndpointContainer#3-0-C-1] org.apache.kafka.clients.NetworkClient   : [Consumer clientId=consumer-notification-group-2, groupId=notification-group] Bootstrap broker localhost:9092 (id: -1 rack: null) disconnected
2026-07-28T07:38:01.658-07:00  INFO 5484 --- [notification-service] [org.springframework.kafka.KafkaListenerEndpointContainer#4-0-C-1] org.apache.kafka.clients.NetworkClient   : [Consumer clientId=consumer-notification-group-3, groupId=notification-group] Node -1 disconnected.
2026-07-28T07:38:01.658-07:00  WARN 5484 --- [notification-service] [org.springframework.kafka.KafkaListenerEndpointContainer#4-0-C-1] org.apache.kafka.clients.NetworkClient   : [Consumer clientId=consumer-notification-group-3, groupId=notification-group] Connection to node -1 (localhost/127.0.0.1:9092) could not be established. Node may not be available.
2026-07-28T07:38:01.658-07:00  WARN 5484 --- [notification-service] [org.springframework.kafka.KafkaListenerEndpointContainer#4-0-C-1] org.apache.kafka.clients.NetworkClient   : [Consumer clientId=consumer-notification-group-3, groupId=notification-group] Bootstrap broker localhost:9092 (id: -1 rack: null) disconnected
2026-07-28T07:38:01.777-07:00  INFO 5484 --- [notification-service] [org.springframework.kafka.KafkaListenerEndpointContainer#0-0-C-1] org.apache.kafka.clients.NetworkClient   : [Consumer clientId=consumer-notification-group-5, groupId=notification-group] Node -1 disconnected.
2026-07-28T07:38:01.777-07:00  WARN 5484 --- [notification-service] [org.springframework.kafka.KafkaListenerEndpointContainer#0-0-C-1] org.apache.kafka.clients.NetworkClient   : [Consumer clientId=consumer-notification-group-5, groupId=notification-group] Connection to node -1 (localhost/127.0.0.1:9092) could not be established. Node may not be available.
2026-07-28T07:38:01.777-07:00  WARN 5484 --- [notification-service] [org.springframework.kafka.KafkaListenerEndpointContainer#0-0-C-1] org.apache.kafka.clients.NetworkClient   : [Consumer clientId=consumer-notification-group-5, groupId=notification-group] Bootstrap broker localhost:9092 (id: -1 rack: null) disconnected
2026-07-28T07:38:01.777-07:00  INFO 5484 --- [notification-service] [org.springframework.kafka.KafkaListenerEndpointContainer#2-0-C-1] org.apache.kafka.clients.NetworkClient   : [Consumer clientId=consumer-notification-group-1, groupId=notification-group] Node -1 disconnected.
2026-07-28T07:38:01.778-07:00  WARN 5484 --- [notification-service] [org.springframework.kafka.KafkaListenerEndpointContainer#2-0-C-1] org.apache.kafka.clients.NetworkClient   : [Consumer clientId=consumer-notification-group-1, groupId=notification-group] Connection to node -1 (localhost/127.0.0.1:9092) could not be established. Node may not be available.
2026-07-28T07:38:01.778-07:00  WARN 5484 --- [notification-service] [org.springframework.kafka.KafkaListenerEndpointContainer#2-0-C-1] org.apache.kafka.clients.NetworkClient   : [Consumer clientId=consumer-notification-group-1, groupId=notification-group] Bootstrap broker localhost:9092 (id: -1 rack: null) disconnected
2026-07-28T07:38:01.792-07:00  INFO 5484 --- [notification-service] [org.springframework.kafka.KafkaListenerEndpointContainer#5-0-C-1] org.apache.kafka.clients.NetworkClient   : [Consumer clientId=consumer-notification-group-4, groupId=notification-group] Node -1 disconnected.
2026-07-28T07:38:01.792-07:00  WARN 5484 --- [notification-service] [org.springframework.kafka.KafkaListenerEndpointContainer#5-0-C-1] org.apache.kafka.clients.NetworkClient   : [Consumer clientId=consumer-notification-group-4, groupId=notification-group] Connection to node -1 (localhost/127.0.0.1:9092) could not be established. Node may not be available.
2026-07-28T07:38:01.792-07:00  WARN 5484 --- [notification-service] [org.springframework.kafka.KafkaListenerEndpointContainer#5-0-C-1] org.apache.kafka.clients.NetworkClient   : [Consumer clientId=consumer-notification-group-4, groupId=notification-group] Bootstrap broker localhost:9092 (id: -1 rack: null) disconnected
2026-07-28T07:38:01.840-07:00  INFO 5484 --- [notification-service] [org.springframework.kafka.KafkaListenerEndpointContainer#1-0-C-1] org.apache.kafka.clients.NetworkClient   : [Consumer clientId=consumer-notification-group-6, groupId=notification-group] Node -1 disconnected.
2026-07-28T07:38:01.840-07:00  WARN 5484 --- [notification-service] [org.springframework.kafka.KafkaListenerEndpointContainer#1-0-C-1] org.apache.kafka.clients.NetworkClient   : [Consumer clientId=consumer-notification-group-6, groupId=notification-group] Connection to node -1 (localhost/127.0.0.1:9092) could not be established. Node may not be available.
2026-07-28T07:38:01.840-07:00  WARN 5484 --- [notification-service] [org.springframework.kafka.KafkaListenerEndpointContainer#1-0-C-1] org.apache.kafka.clients.NetworkClient   : [Consumer clientId=consumer-notification-group-6, groupId=notification-group] Bootstrap broker localhost:9092 (id: -1 rack: null) disconnected
2026-07-28T07:38:02.240-07:00  INFO 5484 --- [notification-service] [org.springframework.kafka.KafkaListenerEndpointContainer#3-0-C-1] org.apache.kafka.clients.NetworkClient   : [Consumer clientId=consumer-notification-group-2, groupId=notification-group] Node -1 disconnected.
2026-07-28T07:38:02.240-07:00  WARN 5484 --- [notification-service] [org.springframework.kafka.KafkaListenerEndpointContainer#3-0-C-1] org.apache.kafka.clients.NetworkClient   : [Consumer clientId=consumer-notification-group-2, groupId=notification-group] Connection to node -1 (localhost/127.0.0.1:9092) could not be established. Node may not be available.
2026-07-28T07:38:02.240-07:00  WARN 5484 --- [notification-service] [org.springframework.kafka.KafkaListenerEndpointContainer#3-0-C-1] org.apache.kafka.clients.NetworkClient   : [Consumer clientId=consumer-notification-group-2, groupId=notification-group] Bootstrap broker localhost:9092 (id: -1 rack: null) disconnected
2026-07-28T07:38:02.480-07:00  INFO 5484 --- [notification-service] [org.springframework.kafka.KafkaListenerEndpointContainer#4-0-C-1] org.apache.kafka.clients.NetworkClient   : [Consumer clientId=consumer-notification-group-3, groupId=notification-group] Node -1 disconnected.
2026-07-28T07:38:02.480-07:00  WARN 5484 --- [notification-service] [org.springframework.kafka.KafkaListenerEndpointContainer#4-0-C-1] org.apache.kafka.clients.NetworkClient   : [Consumer clientId=consumer-notification-group-3, groupId=notification-group] Connection to node -1 (localhost/127.0.0.1:9092) could not be established. Node may not be available.
2026-07-28T07:38:02.480-07:00  WARN 5484 --- [notification-service] [org.springframework.kafka.KafkaListenerEndpointContainer#4-0-C-1] org.apache.kafka.clients.NetworkClient   : [Consumer clientId=consumer-notification-group-3, groupId=notification-group] Bootstrap broker localhost:9092 (id: -1 rack: null) disconnected
2026-07-28T07:38:02.750-07:00  INFO 5484 --- [notification-service] [org.springframework.kafka.KafkaListenerEndpointContainer#5-0-C-1] org.apache.kafka.clients.NetworkClient   : [Consumer clientId=consumer-notification-group-4, groupId=notification-group] Node -1 disconnected.
2026-07-28T07:38:02.750-07:00  WARN 5484 --- [notification-service] [org.springframework.kafka.KafkaListenerEndpointContainer#5-0-C-1] org.apache.kafka.clients.NetworkClient   : [Consumer clientId=consumer-notification-group-4, groupId=notification-group] Connection to node -1 (localhost/127.0.0.1:9092) could not be established. Node may not be available.
2026-07-28T07:38:02.750-07:00  WARN 5484 --- [notification-service] [org.springframework.kafka.KafkaListenerEndpointContainer#5-0-C-1] org.apache.kafka.clients.NetworkClient   : [Consumer clientId=consumer-notification-group-4, groupId=notification-group] Bootstrap broker localhost:9092 (id: -1 rack: null) disconnected
2026-07-28T07:38:02.782-07:00  INFO 5484 --- [notification-service] [org.springframework.kafka.KafkaListenerEndpointContainer#2-0-C-1] org.apache.kafka.clients.NetworkClient   : [Consumer clientId=consumer-notification-group-1, groupId=notification-group] Node -1 disconnected.
2026-07-28T07:38:02.782-07:00  WARN 5484 --- [notification-service] [org.springframework.kafka.KafkaListenerEndpointContainer#2-0-C-1] org.apache.kafka.clients.NetworkClient   : [Consumer clientId=consumer-notification-group-1, groupId=notification-group] Connection to node -1 (localhost/127.0.0.1:9092) could not be established. Node may not be available.
2026-07-28T07:38:02.782-07:00  WARN 5484 --- [notification-service] [org.springframework.kafka.KafkaListenerEndpointContainer#2-0-C-1] org.apache.kafka.clients.NetworkClient   : [Consumer clientId=consumer-notification-group-1, groupId=notification-group] Bootstrap broker localhost:9092 (id: -1 rack: null) disconnected
2026-07-28T07:38:02.798-07:00  INFO 5484 --- [notification-service] [org.springframework.kafka.KafkaListenerEndpointContainer#0-0-C-1] org.apache.kafka.clients.NetworkClient   : [Consumer clientId=consumer-notification-group-5, groupId=notification-group] Node -1 disconnected.
2026-07-28T07:38:02.798-07:00  WARN 5484 --- [notification-service] [org.springframework.kafka.KafkaListenerEndpointContainer#0-0-C-1] org.apache.kafka.clients.NetworkClient   : [Consumer clientId=consumer-notification-group-5, groupId=notification-group] Connection to node -1 (localhost/127.0.0.1:9092) could not be established. Node may not be available.
2026-07-28T07:38:02.798-07:00  WARN 5484 --- [notification-service] [org.springframework.kafka.KafkaListenerEndpointContainer#0-0-C-1] org.apache.kafka.clients.NetworkClient   : [Consumer clientId=consumer-notification-group-5, groupId=notification-group] Bootstrap broker localhost:9092 (id: -1 rack: null) disconnected
2026-07-28T07:38:02.846-07:00  INFO 5484 --- [notification-service] [org.springframework.kafka.KafkaListenerEndpointContainer#1-0-C-1] org.apache.kafka.clients.NetworkClient   : [Consumer clientId=consumer-notification-group-6, groupId=notification-group] Node -1 disconnected.
2026-07-28T07:38:02.846-07:00  WARN 5484 --- [notification-service] [org.springframework.kafka.KafkaListenerEndpointContainer#1-0-C-1] org.apache.kafka.clients.NetworkClient   : [Consumer clientId=consumer-notification-group-6, groupId=notification-group] Connection to node -1 (localhost/127.0.0.1:9092) could not be established. Node may not be available.
2026-07-28T07:38:02.846-07:00  WARN 5484 --- [notification-service] [org.springframework.kafka.KafkaListenerEndpointContainer#1-0-C-1] org.apache.kafka.clients.NetworkClient   : [Consumer clientId=consumer-notification-group-6, groupId=notification-group] Bootstrap broker localhost:9092 (id: -1 rack: null) disconnected
2026-07-28T07:38:03.241-07:00  INFO 5484 --- [notification-service] [org.springframework.kafka.KafkaListenerEndpointContainer#3-0-C-1] org.apache.kafka.clients.NetworkClient   : [Consumer clientId=consumer-notification-group-2, groupId=notification-group] Node -1 disconnected.
2026-07-28T07:38:03.241-07:00  WARN 5484 --- [notification-service] [org.springframework.kafka.KafkaListenerEndpointContainer#3-0-C-1] org.apache.kafka.clients.NetworkClient   : [Consumer clientId=consumer-notification-group-2, groupId=notification-group] Connection to node -1 (localhost/127.0.0.1:9092) could not be established. Node may not be available.
2026-07-28T07:38:03.241-07:00  WARN 5484 --- [notification-service] [org.springframework.kafka.KafkaListenerEndpointContainer#3-0-C-1] org.apache.kafka.clients.NetworkClient   : [Consumer clientId=consumer-notification-group-2, groupId=notification-group] Bootstrap broker localhost:9092 (id: -1 rack: null) disconnected
2026-07-28T07:38:03.417-07:00  INFO 5484 --- [notification-service] [org.springframework.kafka.KafkaListenerEndpointContainer#4-0-C-1] org.apache.kafka.clients.NetworkClient   : [Consumer clientId=consumer-notification-group-3, groupId=notification-group] Node -1 disconnected.
2026-07-28T07:38:03.417-07:00  WARN 5484 --- [notification-service] [org.springframework.kafka.KafkaListenerEndpointContainer#4-0-C-1] org.apache.kafka.clients.NetworkClient   : [Consumer clientId=consumer-notification-group-3, groupId=notification-group] Connection to node -1 (localhost/127.0.0.1:9092) could not be established. Node may not be available.
2026-07-28T07:38:03.418-07:00  WARN 5484 --- [notification-service] [org.springframework.kafka.KafkaListenerEndpointContainer#4-0-C-1] org.apache.kafka.clients.NetworkClient   : [Consumer clientId=consumer-notification-group-3, groupId=notification-group] Bootstrap broker localhost:9092 (id: -1 rack: null) disconnected
2026-07-28T07:38:03.752-07:00  INFO 5484 --- [notification-service] [org.springframework.kafka.KafkaListenerEndpointContainer#5-0-C-1] org.apache.kafka.clients.NetworkClient   : [Consumer clientId=consumer-notification-group-4, groupId=notification-group] Node -1 disconnected.
2026-07-28T07:38:03.752-07:00  WARN 5484 --- [notification-service] [org.springframework.kafka.KafkaListenerEndpointContainer#5-0-C-1] org.apache.kafka.clients.NetworkClient   : [Consumer clientId=consumer-notification-group-4, groupId=notification-group] Connection to node -1 (localhost/127.0.0.1:9092) could not be established. Node may not be available.
2026-07-28T07:38:03.752-07:00  WARN 5484 --- [notification-service] [org.springframework.kafka.KafkaListenerEndpointContainer#5-0-C-1] org.apache.kafka.clients.NetworkClient   : [Consumer clientId=consumer-notification-group-4, groupId=notification-group] Bootstrap broker localhost:9092 (id: -1 rack: null) disconnected
2026-07-28T07:38:03.816-07:00  INFO 5484 --- [notification-service] [org.springframework.kafka.KafkaListenerEndpointContainer#0-0-C-1] org.apache.kafka.clients.NetworkClient   : [Consumer clientId=consumer-notification-group-5, groupId=notification-group] Node -1 disconnected.
2026-07-28T07:38:03.816-07:00  INFO 5484 --- [notification-service] [org.springframework.kafka.KafkaListenerEndpointContainer#2-0-C-1] org.apache.kafka.clients.NetworkClient   : [Consumer clientId=consumer-notification-group-1, groupId=notification-group] Node -1 disconnected.
2026-07-28T07:38:03.816-07:00  WARN 5484 --- [notification-service] [org.springframework.kafka.KafkaListenerEndpointContainer#0-0-C-1] org.apache.kafka.clients.NetworkClient   : [Consumer clientId=consumer-notification-group-5, groupId=notification-group] Connection to node -1 (localhost/127.0.0.1:9092) could not be established. Node may not be available.
2026-07-28T07:38:03.816-07:00  WARN 5484 --- [notification-service] [org.springframework.kafka.KafkaListenerEndpointContainer#2-0-C-1] org.apache.kafka.clients.NetworkClient   : [Consumer clientId=consumer-notification-group-1, groupId=notification-group] Connection to node -1 (localhost/127.0.0.1:9092) could not be established. Node may not be available.
2026-07-28T07:38:03.816-07:00  WARN 5484 --- [notification-service] [org.springframework.kafka.KafkaListenerEndpointContainer#0-0-C-1] org.apache.kafka.clients.NetworkClient   : [Consumer clientId=consumer-notification-group-5, groupId=notification-group] Bootstrap broker localhost:9092 (id: -1 rack: null) disconnected
2026-07-28T07:38:03.816-07:00  WARN 5484 --- [notification-service] [org.springframework.kafka.KafkaListenerEndpointContainer#2-0-C-1] org.apache.kafka.clients.NetworkClient   : [Consumer clientId=consumer-notification-group-1, groupId=notification-group] Bootstrap broker localhost:9092 (id: -1 rack: null) disconnected
2026-07-28T07:38:03.848-07:00  INFO 5484 --- [notification-service] [org.springframework.kafka.KafkaListenerEndpointContainer#1-0-C-1] org.apache.kafka.clients.NetworkClient   : [Consumer clientId=consumer-notification-group-6, groupId=notification-group] Node -1 disconnected.
2026-07-28T07:38:03.848-07:00  WARN 5484 --- [notification-service] [org.springframework.kafka.KafkaListenerEndpointContainer#1-0-C-1] org.apache.kafka.clients.NetworkClient   : [Consumer clientId=consumer-notification-group-6, groupId=notification-group] Connection to node -1 (localhost/127.0.0.1:9092) could not be established. Node may not be available.
2026-07-28T07:38:03.849-07:00  WARN 5484 --- [notification-service] [org.springframework.kafka.KafkaListenerEndpointContainer#1-0-C-1] org.apache.kafka.clients.NetworkClient   : [Consumer clientId=consumer-notification-group-6, groupId=notification-group] Bootstrap broker localhost:9092 (id: -1 rack: null) disconnected
2026-07-28T07:38:04.244-07:00  INFO 5484 --- [notification-service] [org.springframework.kafka.KafkaListenerEndpointContainer#3-0-C-1] org.apache.kafka.clients.NetworkClient   : [Consumer clientId=consumer-notification-group-2, groupId=notification-group] Node -1 disconnected.
2026-07-28T07:38:04.244-07:00  WARN 5484 --- [notification-service] [org.springframework.kafka.KafkaListenerEndpointContainer#3-0-C-1] org.apache.kafka.clients.NetworkClient   : [Consumer clientId=consumer-notification-group-2, groupId=notification-group] Connection to node -1 (localhost/127.0.0.1:9092) could not be established. Node may not be available.
2026-07-28T07:38:04.244-07:00  WARN 5484 --- [notification-service] [org.springframework.kafka.KafkaListenerEndpointContainer#3-0-C-1] org.apache.kafka.clients.NetworkClient   : [Consumer clientId=consumer-notification-group-2, groupId=notification-group] Bootstrap broker localhost:9092 (id: -1 rack: null) disconnected
2026-07-28T07:38:04.368-07:00  INFO 5484 --- [notification-service] [org.springframework.kafka.KafkaListenerEndpointContainer#4-0-C-1] org.apache.kafka.clients.NetworkClient   : [Consumer clientId=consumer-notification-group-3, groupId=notification-group] Node -1 disconnected.
2026-07-28T07:38:04.368-07:00  WARN 5484 --- [notification-service] [org.springframework.kafka.KafkaListenerEndpointContainer#4-0-C-1] org.apache.kafka.clients.NetworkClient   : [Consumer clientId=consumer-notification-group-3, groupId=notification-group] Connection to node -1 (localhost/127.0.0.1:9092) could not be established. Node may not be available.
2026-07-28T07:38:04.369-07:00  WARN 5484 --- [notification-service] [org.springframework.kafka.KafkaListenerEndpointContainer#4-0-C-1] org.apache.kafka.clients.NetworkClient   : [Consumer clientId=consumer-notification-group-3, groupId=notification-group] Bootstrap broker localhost:9092 (id: -1 rack: null) disconnected
2026-07-28T07:38:04.639-07:00  INFO 5484 --- [notification-service] [org.springframework.kafka.KafkaListenerEndpointContainer#5-0-C-1] org.apache.kafka.clients.NetworkClient   : [Consumer clientId=consumer-notification-group-4, groupId=notification-group] Node -1 disconnected.
2026-07-28T07:38:04.639-07:00  WARN 5484 --- [notification-service] [org.springframework.kafka.KafkaListenerEndpointContainer#5-0-C-1] org.apache.kafka.clients.NetworkClient   : [Consumer clientId=consumer-notification-group-4, groupId=notification-group] Connection to node -1 (localhost/127.0.0.1:9092) could not be established. Node may not be available.
2026-07-28T07:38:04.639-07:00  WARN 5484 --- [notification-service] [org.springframework.kafka.KafkaListenerEndpointContainer#5-0-C-1] org.apache.kafka.clients.NetworkClient   : [Consumer clientId=consumer-notification-group-4, groupId=notification-group] Bootstrap broker localhost:9092 (id: -1 rack: null) disconnected
2026-07-28T07:38:04.671-07:00  INFO 5484 --- [notification-service] [org.springframework.kafka.KafkaListenerEndpointContainer#1-0-C-1] org.apache.kafka.clients.NetworkClient   : [Consumer clientId=consumer-notification-group-6, groupId=notification-group] Node -1 disconnected.
2026-07-28T07:38:04.671-07:00  WARN 5484 --- [notification-service] [org.springframework.kafka.KafkaListenerEndpointContainer#1-0-C-1] org.apache.kafka.clients.NetworkClient   : [Consumer clientId=consumer-notification-group-6, groupId=notification-group] Connection to node -1 (localhost/127.0.0.1:9092) could not be established. Node may not be available.
2026-07-28T07:38:04.671-07:00  WARN 5484 --- [notification-service] [org.springframework.kafka.KafkaListenerEndpointContainer#1-0-C-1] org.apache.kafka.clients.NetworkClient   : [Consumer clientId=consumer-notification-group-6, groupId=notification-group] Bootstrap broker localhost:9092 (id: -1 rack: null) disconnected
2026-07-28T07:38:04.766-07:00  INFO 5484 --- [notification-service] [org.springframework.kafka.KafkaListenerEndpointContainer#2-0-C-1] org.apache.kafka.clients.NetworkClient   : [Consumer clientId=consumer-notification-group-1, groupId=notification-group] Node -1 disconnected.
2026-07-28T07:38:04.766-07:00  WARN 5484 --- [notification-service] [org.springframework.kafka.KafkaListenerEndpointContainer#2-0-C-1] org.apache.kafka.clients.NetworkClient   : [Consumer clientId=consumer-notification-group-1, groupId=notification-group] Connection to node -1 (localhost/127.0.0.1:9092) could not be established. Node may not be available.
2026-07-28T07:38:04.767-07:00  WARN 5484 --- [notification-service] [org.springframework.kafka.KafkaListenerEndpointContainer#2-0-C-1] org.apache.kafka.clients.NetworkClient   : [Consumer clientId=consumer-notification-group-1, groupId=notification-group] Bootstrap broker localhost:9092 (id: -1 rack: null) disconnected
2026-07-28T07:38:04.830-07:00  INFO 5484 --- [notification-service] [org.springframework.kafka.KafkaListenerEndpointContainer#0-0-C-1] org.apache.kafka.clients.NetworkClient   : [Consumer clientId=consumer-notification-group-5, groupId=notification-group] Node -1 disconnected.
2026-07-28T07:38:04.830-07:00  WARN 5484 --- [notification-service] [org.springframework.kafka.KafkaListenerEndpointContainer#0-0-C-1] org.apache.kafka.clients.NetworkClient   : [Consumer clientId=consumer-notification-group-5, groupId=notification-group] Connection to node -1 (localhost/127.0.0.1:9092) could not be established. Node may not be available.
2026-07-28T07:38:04.830-07:00  WARN 5484 --- [notification-service] [org.springframework.kafka.KafkaListenerEndpointContainer#0-0-C-1] org.apache.kafka.clients.NetworkClient   : [Consumer clientId=consumer-notification-group-5, groupId=notification-group] Bootstrap broker localhost:9092 (id: -1 rack: null) disconnected
2026-07-28T07:38:05.132-07:00  INFO 5484 --- [notification-service] [org.springframework.kafka.KafkaListenerEndpointContainer#3-0-C-1] org.apache.kafka.clients.NetworkClient   : [Consumer clientId=consumer-notification-group-2, groupId=notification-group] Node -1 disconnected.
2026-07-28T07:38:05.132-07:00  WARN 5484 --- [notification-service] [org.springframework.kafka.KafkaListenerEndpointContainer#3-0-C-1] org.apache.kafka.clients.NetworkClient   : [Consumer clientId=consumer-notification-group-2, groupId=notification-group] Connection to node -1 (localhost/127.0.0.1:9092) could not be established. Node may not be available.
2026-07-28T07:38:05.132-07:00  WARN 5484 --- [notification-service] [org.springframework.kafka.KafkaListenerEndpointContainer#3-0-C-1] org.apache.kafka.clients.NetworkClient   : [Consumer clientId=consumer-notification-group-2, groupId=notification-group] Bootstrap broker localhost:9092 (id: -1 rack: null) disconnected
2026-07-28T07:38:05.420-07:00  INFO 5484 --- [notification-service] [org.springframework.kafka.KafkaListenerEndpointContainer#4-0-C-1] org.apache.kafka.clients.NetworkClient   : [Consumer clientId=consumer-notification-group-3, groupId=notification-group] Node -1 disconnected.
2026-07-28T07:38:05.420-07:00  WARN 5484 --- [notification-service] [org.springframework.kafka.KafkaListenerEndpointContainer#4-0-C-1] org.apache.kafka.clients.NetworkClient   : [Consumer clientId=consumer-notification-group-3, groupId=notification-group] Connection to node -1 (localhost/127.0.0.1:9092) could not be established. Node may not be available.
2026-07-28T07:38:05.420-07:00  WARN 5484 --- [notification-service] [org.springframework.kafka.KafkaListenerEndpointContainer#4-0-C-1] org.apache.kafka.clients.NetworkClient   : [Consumer clientId=consumer-notification-group-3, groupId=notification-group] Bootstrap broker localhost:9092 (id: -1 rack: null) disconnected
2026-07-28T07:38:05.564-07:00  INFO 5484 --- [notification-service] [org.springframework.kafka.KafkaListenerEndpointContainer#1-0-C-1] org.apache.kafka.clients.NetworkClient   : [Consumer clientId=consumer-notification-group-6, groupId=notification-group] Node -1 disconnected.
2026-07-28T07:38:05.564-07:00  WARN 5484 --- [notification-service] [org.springframework.kafka.KafkaListenerEndpointContainer#1-0-C-1] org.apache.kafka.clients.NetworkClient   : [Consumer clientId=consumer-notification-group-6, groupId=notification-group] Connection to node -1 (localhost/127.0.0.1:9092) could not be established. Node may not be available.
2026-07-28T07:38:05.564-07:00  WARN 5484 --- [notification-service] [org.springframework.kafka.KafkaListenerEndpointContainer#1-0-C-1] org.apache.kafka.clients.NetworkClient   : [Consumer clientId=consumer-notification-group-6, groupId=notification-group] Bootstrap broker localhost:9092 (id: -1 rack: null) disconnected
2026-07-28T07:38:05.660-07:00  INFO 5484 --- [notification-service] [org.springframework.kafka.KafkaListenerEndpointContainer#5-0-C-1] org.apache.kafka.clients.NetworkClient   : [Consumer clientId=consumer-notification-group-4, groupId=notification-group] Node -1 disconnected.
2026-07-28T07:38:05.660-07:00  WARN 5484 --- [notification-service] [org.springframework.kafka.KafkaListenerEndpointContainer#5-0-C-1] org.apache.kafka.clients.NetworkClient   : [Consumer clientId=consumer-notification-group-4, groupId=notification-group] Connection to node -1 (localhost/127.0.0.1:9092) could not be established. Node may not be available.
2026-07-28T07:38:05.660-07:00  WARN 5484 --- [notification-service] [org.springframework.kafka.KafkaListenerEndpointContainer#5-0-C-1] org.apache.kafka.clients.NetworkClient   : [Consumer clientId=consumer-notification-group-4, groupId=notification-group] Bootstrap broker localhost:9092 (id: -1 rack: null) disconnected
2026-07-28T07:38:05.788-07:00  INFO 5484 --- [notification-service] [org.springframework.kafka.KafkaListenerEndpointContainer#0-0-C-1] org.apache.kafka.clients.NetworkClient   : [Consumer clientId=consumer-notification-group-5, groupId=notification-group] Node -1 disconnected.
2026-07-28T07:38:05.788-07:00  INFO 5484 --- [notification-service] [org.springframework.kafka.KafkaListenerEndpointContainer#2-0-C-1] org.apache.kafka.clients.NetworkClient   : [Consumer clientId=consumer-notification-group-1, groupId=notification-group] Node -1 disconnected.
2026-07-28T07:38:05.788-07:00  WARN 5484 --- [notification-service] [org.springframework.kafka.KafkaListenerEndpointContainer#0-0-C-1] org.apache.kafka.clients.NetworkClient   : [Consumer clientId=consumer-notification-group-5, groupId=notification-group] Connection to node -1 (localhost/127.0.0.1:9092) could not be established. Node may not be available.
2026-07-28T07:38:05.788-07:00  WARN 5484 --- [notification-service] [org.springframework.kafka.KafkaListenerEndpointContainer#2-0-C-1] org.apache.kafka.clients.NetworkClient   : [Consumer clientId=consumer-notification-group-1, groupId=notification-group] Connection to node -1 (localhost/127.0.0.1:9092) could not be established. Node may not be available.
2026-07-28T07:38:05.788-07:00  WARN 5484 --- [notification-service] [org.springframework.kafka.KafkaListenerEndpointContainer#0-0-C-1] org.apache.kafka.clients.NetworkClient   : [Consumer clientId=consumer-notification-group-5, groupId=notification-group] Bootstrap broker localhost:9092 (id: -1 rack: null) disconnected
2026-07-28T07:38:05.788-07:00  WARN 5484 --- [notification-service] [org.springframework.kafka.KafkaListenerEndpointContainer#2-0-C-1] org.apache.kafka.clients.NetworkClient   : [Consumer clientId=consumer-notification-group-1, groupId=notification-group] Bootstrap broker localhost:9092 (id: -1 rack: null) disconnected
2026-07-28T07:38:06.088-07:00  INFO 5484 --- [notification-service] [org.springframework.kafka.KafkaListenerEndpointContainer#3-0-C-1] org.apache.kafka.clients.NetworkClient   : [Consumer clientId=consumer-notification-group-2, groupId=notification-group] Node -1 disconnected.
2026-07-28T07:38:06.088-07:00  WARN 5484 --- [notification-service] [org.springframework.kafka.KafkaListenerEndpointContainer#3-0-C-1] org.apache.kafka.clients.NetworkClient   : [Consumer clientId=consumer-notification-group-2, groupId=notification-group] Connection to node -1 (localhost/127.0.0.1:9092) could not be established. Node may not be available.
2026-07-28T07:38:06.088-07:00  WARN 5484 --- [notification-service] [org.springframework.kafka.KafkaListenerEndpointContainer#3-0-C-1] org.apache.kafka.clients.NetworkClient   : [Consumer clientId=consumer-notification-group-2, groupId=notification-group] Bootstrap broker localhost:9092 (id: -1 rack: null) disconnected
2026-07-28T07:38:06.424-07:00  INFO 5484 --- [notification-service] [org.springframework.kafka.KafkaListenerEndpointContainer#4-0-C-1] org.apache.kafka.clients.NetworkClient   : [Consumer clientId=consumer-notification-group-3, groupId=notification-group] Node -1 disconnected.
2026-07-28T07:38:06.424-07:00  WARN 5484 --- [notification-service] [org.springframework.kafka.KafkaListenerEndpointContainer#4-0-C-1] org.apache.kafka.clients.NetworkClient   : [Consumer clientId=consumer-notification-group-3, groupId=notification-group] Connection to node -1 (localhost/127.0.0.1:9092) could not be established. Node may not be available.
2026-07-28T07:38:06.424-07:00  WARN 5484 --- [notification-service] [org.springframework.kafka.KafkaListenerEndpointContainer#4-0-C-1] org.apache.kafka.clients.NetworkClient   : [Consumer clientId=consumer-notification-group-3, groupId=notification-group] Bootstrap broker localhost:9092 (id: -1 rack: null) disconnected
2026-07-28T07:38:06.613-07:00  INFO 5484 --- [notification-service] [org.springframework.kafka.KafkaListenerEndpointContainer#1-0-C-1] org.apache.kafka.clients.NetworkClient   : [Consumer clientId=consumer-notification-group-6, groupId=notification-group] Node -1 disconnected.
2026-07-28T07:38:06.613-07:00  WARN 5484 --- [notification-service] [org.springframework.kafka.KafkaListenerEndpointContainer#1-0-C-1] org.apache.kafka.clients.NetworkClient   : [Consumer clientId=consumer-notification-group-6, groupId=notification-group] Connection to node -1 (localhost/127.0.0.1:9092) could not be established. Node may not be available.
2026-07-28T07:38:06.613-07:00  WARN 5484 --- [notification-service] [org.springframework.kafka.KafkaListenerEndpointContainer#1-0-C-1] org.apache.kafka.clients.NetworkClient   : [Consumer clientId=consumer-notification-group-6, groupId=notification-group] Bootstrap broker localhost:9092 (id: -1 rack: null) disconnected
2026-07-28T07:38:06.647-07:00  INFO 5484 --- [notification-service] [org.springframework.kafka.KafkaListenerEndpointContainer#5-0-C-1] org.apache.kafka.clients.NetworkClient   : [Consumer clientId=consumer-notification-group-4, groupId=notification-group] Node -1 disconnected.
2026-07-28T07:38:06.647-07:00  WARN 5484 --- [notification-service] [org.springframework.kafka.KafkaListenerEndpointContainer#5-0-C-1] org.apache.kafka.clients.NetworkClient   : [Consumer clientId=consumer-notification-group-4, groupId=notification-group] Connection to node -1 (localhost/127.0.0.1:9092) could not be established. Node may not be available.
2026-07-28T07:38:06.647-07:00  WARN 5484 --- [notification-service] [org.springframework.kafka.KafkaListenerEndpointContainer#5-0-C-1] org.apache.kafka.clients.NetworkClient   : [Consumer clientId=consumer-notification-group-4, groupId=notification-group] Bootstrap broker localhost:9092 (id: -1 rack: null) disconnected
2026-07-28T07:38:06.709-07:00  INFO 5484 --- [notification-service] [org.springframework.kafka.KafkaListenerEndpointContainer#0-0-C-1] org.apache.kafka.clients.NetworkClient   : [Consumer clientId=consumer-notification-group-5, groupId=notification-group] Node -1 disconnected.
2026-07-28T07:38:06.709-07:00  WARN 5484 --- [notification-service] [org.springframework.kafka.KafkaListenerEndpointContainer#0-0-C-1] org.apache.kafka.clients.NetworkClient   : [Consumer clientId=consumer-notification-group-5, groupId=notification-group] Connection to node -1 (localhost/127.0.0.1:9092) could not be established. Node may not be available.
2026-07-28T07:38:06.710-07:00  WARN 5484 --- [notification-service] [org.springframework.kafka.KafkaListenerEndpointContainer#0-0-C-1] org.apache.kafka.clients.NetworkClient   : [Consumer clientId=consumer-notification-group-5, groupId=notification-group] Bootstrap broker localhost:9092 (id: -1 rack: null) disconnected
2026-07-28T07:38:06.789-07:00  INFO 5484 --- [notification-service] [org.springframework.kafka.KafkaListenerEndpointContainer#2-0-C-1] org.apache.kafka.clients.NetworkClient   : [Consumer clientId=consumer-notification-group-1, groupId=notification-group] Node -1 disconnected.
2026-07-28T07:38:06.789-07:00  WARN 5484 --- [notification-service] [org.springframework.kafka.KafkaListenerEndpointContainer#2-0-C-1] org.apache.kafka.clients.NetworkClient   : [Consumer clientId=consumer-notification-group-1, groupId=notification-group] Connection to node -1 (localhost/127.0.0.1:9092) could not be established. Node may not be available.
2026-07-28T07:38:06.789-07:00  WARN 5484 --- [notification-service] [org.springframework.kafka.KafkaListenerEndpointContainer#2-0-C-1] org.apache.kafka.clients.NetworkClient   : [Consumer clientId=consumer-notification-group-1, groupId=notification-group] Bootstrap broker localhost:9092 (id: -1 rack: null) disconnected
2026-07-28T07:38:07.109-07:00  INFO 5484 --- [notification-service] [org.springframework.kafka.KafkaListenerEndpointContainer#3-0-C-1] org.apache.kafka.clients.NetworkClient   : [Consumer clientId=consumer-notification-group-2, groupId=notification-group] Node -1 disconnected.
2026-07-28T07:38:07.110-07:00  WARN 5484 --- [notification-service] [org.springframework.kafka.KafkaListenerEndpointContainer#3-0-C-1] org.apache.kafka.clients.NetworkClient   : [Consumer clientId=consumer-notification-group-2, groupId=notification-group] Connection to node -1 (localhost/127.0.0.1:9092) could not be established. Node may not be available.
2026-07-28T07:38:07.110-07:00  WARN 5484 --- [notification-service] [org.springframework.kafka.KafkaListenerEndpointContainer#3-0-C-1] org.apache.kafka.clients.NetworkClient   : [Consumer clientId=consumer-notification-group-2, groupId=notification-group] Bootstrap broker localhost:9092 (id: -1 rack: null) disconnected
2026-07-28T07:38:07.429-07:00  INFO 5484 --- [notification-service] [org.springframework.kafka.KafkaListenerEndpointContainer#4-0-C-1] org.apache.kafka.clients.NetworkClient   : [Consumer clientId=consumer-notification-group-3, groupId=notification-group] Node -1 disconnected.
2026-07-28T07:38:07.429-07:00  WARN 5484 --- [notification-service] [org.springframework.kafka.KafkaListenerEndpointContainer#4-0-C-1] org.apache.kafka.clients.NetworkClient   : [Consumer clientId=consumer-notification-group-3, groupId=notification-group] Connection to node -1 (localhost/127.0.0.1:9092) could not be established. Node may not be available.
2026-07-28T07:38:07.429-07:00  WARN 5484 --- [notification-service] [org.springframework.kafka.KafkaListenerEndpointContainer#4-0-C-1] org.apache.kafka.clients.NetworkClient   : [Consumer clientId=consumer-notification-group-3, groupId=notification-group] Bootstrap broker localhost:9092 (id: -1 rack: null) disconnected
2026-07-28T07:38:07.541-07:00  INFO 5484 --- [notification-service] [org.springframework.kafka.KafkaListenerEndpointContainer#5-0-C-1] org.apache.kafka.clients.NetworkClient   : [Consumer clientId=consumer-notification-group-4, groupId=notification-group] Node -1 disconnected.
2026-07-28T07:38:07.541-07:00  WARN 5484 --- [notification-service] [org.springframework.kafka.KafkaListenerEndpointContainer#5-0-C-1] org.apache.kafka.clients.NetworkClient   : [Consumer clientId=consumer-notification-group-4, groupId=notification-group] Connection to node -1 (localhost/127.0.0.1:9092) could not be established. Node may not be available.
2026-07-28T07:38:07.541-07:00  WARN 5484 --- [notification-service] [org.springframework.kafka.KafkaListenerEndpointContainer#5-0-C-1] org.apache.kafka.clients.NetworkClient   : [Consumer clientId=consumer-notification-group-4, groupId=notification-group] Bootstrap broker localhost:9092 (id: -1 rack: null) disconnected
2026-07-28T07:38:07.637-07:00  INFO 5484 --- [notification-service] [org.springframework.kafka.KafkaListenerEndpointContainer#1-0-C-1] org.apache.kafka.clients.NetworkClient   : [Consumer clientId=consumer-notification-group-6, groupId=notification-group] Node -1 disconnected.
2026-07-28T07:38:07.637-07:00  WARN 5484 --- [notification-service] [org.springframework.kafka.KafkaListenerEndpointContainer#1-0-C-1] org.apache.kafka.clients.NetworkClient   : [Consumer clientId=consumer-notification-group-6, groupId=notification-group] Connection to node -1 (localhost/127.0.0.1:9092) could not be established. Node may not be available.
2026-07-28T07:38:07.637-07:00  WARN 5484 --- [notification-service] [org.springframework.kafka.KafkaListenerEndpointContainer#1-0-C-1] org.apache.kafka.clients.NetworkClient   : [Consumer clientId=consumer-notification-group-6, groupId=notification-group] Bootstrap broker localhost:9092 (id: -1 rack: null) disconnected
2026-07-28T07:38:07.717-07:00  INFO 5484 --- [notification-service] [org.springframework.kafka.KafkaListenerEndpointContainer#0-0-C-1] org.apache.kafka.clients.NetworkClient   : [Consumer clientId=consumer-notification-group-5, groupId=notification-group] Node -1 disconnected.
2026-07-28T07:38:07.717-07:00  WARN 5484 --- [notification-service] [org.springframework.kafka.KafkaListenerEndpointContainer#0-0-C-1] org.apache.kafka.clients.NetworkClient   : [Consumer clientId=consumer-notification-group-5, groupId=notification-group] Connection to node -1 (localhost/127.0.0.1:9092) could not be established. Node may not be available.
2026-07-28T07:38:07.717-07:00  WARN 5484 --- [notification-service] [org.springframework.kafka.KafkaListenerEndpointContainer#0-0-C-1] org.apache.kafka.clients.NetworkClient   : [Consumer clientId=consumer-notification-group-5, groupId=notification-group] Bootstrap broker localhost:9092 (id: -1 rack: null) disconnected
2026-07-28T07:38:07.813-07:00  INFO 5484 --- [notification-service] [org.springframework.kafka.KafkaListenerEndpointContainer#2-0-C-1] org.apache.kafka.clients.NetworkClient   : [Consumer clientId=consumer-notification-group-1, groupId=notification-group] Node -1 disconnected.
2026-07-28T07:38:07.813-07:00  WARN 5484 --- [notification-service] [org.springframework.kafka.KafkaListenerEndpointContainer#2-0-C-1] org.apache.kafka.clients.NetworkClient   : [Consumer clientId=consumer-notification-group-1, groupId=notification-group] Connection to node -1 (localhost/127.0.0.1:9092) could not be established. Node may not be available.
2026-07-28T07:38:07.813-07:00  WARN 5484 --- [notification-service] [org.springframework.kafka.KafkaListenerEndpointContainer#2-0-C-1] org.apache.kafka.clients.NetworkClient   : [Consumer clientId=consumer-notification-group-1, groupId=notification-group] Bootstrap broker localhost:9092 (id: -1 rack: null) disconnected
2026-07-28T07:38:08.131-07:00  INFO 5484 --- [notification-service] [org.springframework.kafka.KafkaListenerEndpointContainer#3-0-C-1] org.apache.kafka.clients.NetworkClient   : [Consumer clientId=consumer-notification-group-2, groupId=notification-group] Node -1 disconnected.
2026-07-28T07:38:08.131-07:00  WARN 5484 --- [notification-service] [org.springframework.kafka.KafkaListenerEndpointContainer#3-0-C-1] org.apache.kafka.clients.NetworkClient   : [Consumer clientId=consumer-notification-group-2, groupId=notification-group] Connection to node -1 (localhost/127.0.0.1:9092) could not be established. Node may not be available.
2026-07-28T07:38:08.131-07:00  WARN 5484 --- [notification-service] [org.springframework.kafka.KafkaListenerEndpointContainer#3-0-C-1] org.apache.kafka.clients.NetworkClient   : [Consumer clientId=consumer-notification-group-2, groupId=notification-group] Bootstrap broker localhost:9092 (id: -1 rack: null) disconnected
2026-07-28T07:38:08.386-07:00  INFO 5484 --- [notification-service] [org.springframework.kafka.KafkaListenerEndpointContainer#4-0-C-1] org.apache.kafka.clients.NetworkClient   : [Consumer clientId=consumer-notification-group-3, groupId=notification-group] Node -1 disconnected.
2026-07-28T07:38:08.387-07:00  WARN 5484 --- [notification-service] [org.springframework.kafka.KafkaListenerEndpointContainer#4-0-C-1] org.apache.kafka.clients.NetworkClient   : [Consumer clientId=consumer-notification-group-3, groupId=notification-group] Connection to node -1 (localhost/127.0.0.1:9092) could not be established. Node may not be available.
2026-07-28T07:38:08.387-07:00  WARN 5484 --- [notification-service] [org.springframework.kafka.KafkaListenerEndpointContainer#4-0-C-1] org.apache.kafka.clients.NetworkClient   : [Consumer clientId=consumer-notification-group-3, groupId=notification-group] Bootstrap broker localhost:9092 (id: -1 rack: null) disconnected
2026-07-28T07:38:08.545-07:00  INFO 5484 --- [notification-service] [org.springframework.kafka.KafkaListenerEndpointContainer#5-0-C-1] org.apache.kafka.clients.NetworkClient   : [Consumer clientId=consumer-notification-group-4, groupId=notification-group] Node -1 disconnected.
2026-07-28T07:38:08.545-07:00  WARN 5484 --- [notification-service] [org.springframework.kafka.KafkaListenerEndpointContainer#5-0-C-1] org.apache.kafka.clients.NetworkClient   : [Consumer clientId=consumer-notification-group-4, groupId=notification-group] Connection to node -1 (localhost/127.0.0.1:9092) could not be established. Node may not be available.
2026-07-28T07:38:08.545-07:00  WARN 5484 --- [notification-service] [org.springframework.kafka.KafkaListenerEndpointContainer#5-0-C-1] org.apache.kafka.clients.NetworkClient   : [Consumer clientId=consumer-notification-group-4, groupId=notification-group] Bootstrap broker localhost:9092 (id: -1 rack: null) disconnected
2026-07-28T07:38:08.609-07:00  INFO 5484 --- [notification-service] [org.springframework.kafka.KafkaListenerEndpointContainer#0-0-C-1] org.apache.kafka.clients.NetworkClient   : [Consumer clientId=consumer-notification-group-5, groupId=notification-group] Node -1 disconnected.
2026-07-28T07:38:08.609-07:00  WARN 5484 --- [notification-service] [org.springframework.kafka.KafkaListenerEndpointContainer#0-0-C-1] org.apache.kafka.clients.NetworkClient   : [Consumer clientId=consumer-notification-group-5, groupId=notification-group] Connection to node -1 (localhost/127.0.0.1:9092) could not be established. Node may not be available.
2026-07-28T07:38:08.609-07:00  WARN 5484 --- [notification-service] [org.springframework.kafka.KafkaListenerEndpointContainer#0-0-C-1] org.apache.kafka.clients.NetworkClient   : [Consumer clientId=consumer-notification-group-5, groupId=notification-group] Bootstrap broker localhost:9092 (id: -1 rack: null) disconnected
2026-07-28T07:38:08.641-07:00  INFO 5484 --- [notification-service] [org.springframework.kafka.KafkaListenerEndpointContainer#1-0-C-1] org.apache.kafka.clients.NetworkClient   : [Consumer clientId=consumer-notification-group-6, groupId=notification-group] Node -1 disconnected.
2026-07-28T07:38:08.642-07:00  WARN 5484 --- [notification-service] [org.springframework.kafka.KafkaListenerEndpointContainer#1-0-C-1] org.apache.kafka.clients.NetworkClient   : [Consumer clientId=consumer-notification-group-6, groupId=notification-group] Connection to node -1 (localhost/127.0.0.1:9092) could not be established. Node may not be available.
2026-07-28T07:38:08.642-07:00  WARN 5484 --- [notification-service] [org.springframework.kafka.KafkaListenerEndpointContainer#1-0-C-1] org.apache.kafka.clients.NetworkClient   : [Consumer clientId=consumer-notification-group-6, groupId=notification-group] Bootstrap broker localhost:9092 (id: -1 rack: null) disconnected
2026-07-28T07:38:08.704-07:00  INFO 5484 --- [notification-service] [org.springframework.kafka.KafkaListenerEndpointContainer#2-0-C-1] org.apache.kafka.clients.NetworkClient   : [Consumer clientId=consumer-notification-group-1, groupId=notification-group] Node -1 disconnected.
2026-07-28T07:38:08.704-07:00  WARN 5484 --- [notification-service] [org.springframework.kafka.KafkaListenerEndpointContainer#2-0-C-1] org.apache.kafka.clients.NetworkClient   : [Consumer clientId=consumer-notification-group-1, groupId=notification-group] Connection to node -1 (localhost/127.0.0.1:9092) could not be established. Node may not be available.
2026-07-28T07:38:08.704-07:00  WARN 5484 --- [notification-service] [org.springframework.kafka.KafkaListenerEndpointContainer#2-0-C-1] org.apache.kafka.clients.NetworkClient   : [Consumer clientId=consumer-notification-group-1, groupId=notification-group] Bootstrap broker localhost:9092 (id: -1 rack: null) disconnected
2026-07-28T07:38:09.088-07:00  INFO 5484 --- [notification-service] [org.springframework.kafka.KafkaListenerEndpointContainer#3-0-C-1] org.apache.kafka.clients.NetworkClient   : [Consumer clientId=consumer-notification-group-2, groupId=notification-group] Node -1 disconnected.
2026-07-28T07:38:09.088-07:00  WARN 5484 --- [notification-service] [org.springframework.kafka.KafkaListenerEndpointContainer#3-0-C-1] org.apache.kafka.clients.NetworkClient   : [Consumer clientId=consumer-notification-group-2, groupId=notification-group] Connection to node -1 (localhost/127.0.0.1:9092) could not be established. Node may not be available.
2026-07-28T07:38:09.089-07:00  WARN 5484 --- [notification-service] [org.springframework.kafka.KafkaListenerEndpointContainer#3-0-C-1] org.apache.kafka.clients.NetworkClient   : [Consumer clientId=consumer-notification-group-2, groupId=notification-group] Bootstrap broker localhost:9092 (id: -1 rack: null) disconnected
2026-07-28T07:38:09.342-07:00  INFO 5484 --- [notification-service] [org.springframework.kafka.KafkaListenerEndpointContainer#4-0-C-1] org.apache.kafka.clients.NetworkClient   : [Consumer clientId=consumer-notification-group-3, groupId=notification-group] Node -1 disconnected.
2026-07-28T07:38:09.342-07:00  WARN 5484 --- [notification-service] [org.springframework.kafka.KafkaListenerEndpointContainer#4-0-C-1] org.apache.kafka.clients.NetworkClient   : [Consumer clientId=consumer-notification-group-3, groupId=notification-group] Connection to node -1 (localhost/127.0.0.1:9092) could not be established. Node may not be available.
2026-07-28T07:38:09.342-07:00  WARN 5484 --- [notification-service] [org.springframework.kafka.KafkaListenerEndpointContainer#4-0-C-1] org.apache.kafka.clients.NetworkClient   : [Consumer clientId=consumer-notification-group-3, groupId=notification-group] Bootstrap broker localhost:9092 (id: -1 rack: null) disconnected
2026-07-28T07:38:09.486-07:00  INFO 5484 --- [notification-service] [org.springframework.kafka.KafkaListenerEndpointContainer#0-0-C-1] org.apache.kafka.clients.NetworkClient   : [Consumer clientId=consumer-notification-group-5, groupId=notification-group] Node -1 disconnected.
2026-07-28T07:38:09.486-07:00  WARN 5484 --- [notification-service] [org.springframework.kafka.KafkaListenerEndpointContainer#0-0-C-1] org.apache.kafka.clients.NetworkClient   : [Consumer clientId=consumer-notification-group-5, groupId=notification-group] Connection to node -1 (localhost/127.0.0.1:9092) could not be established. Node may not be available.
2026-07-28T07:38:09.487-07:00  WARN 5484 --- [notification-service] [org.springframework.kafka.KafkaListenerEndpointContainer#0-0-C-1] org.apache.kafka.clients.NetworkClient   : [Consumer clientId=consumer-notification-group-5, groupId=notification-group] Bootstrap broker localhost:9092 (id: -1 rack: null) disconnected
2026-07-28T07:38:09.565-07:00  INFO 5484 --- [notification-service] [org.springframework.kafka.KafkaListenerEndpointContainer#5-0-C-1] org.apache.kafka.clients.NetworkClient   : [Consumer clientId=consumer-notification-group-4, groupId=notification-group] Node -1 disconnected.
2026-07-28T07:38:09.565-07:00  WARN 5484 --- [notification-service] [org.springframework.kafka.KafkaListenerEndpointContainer#5-0-C-1] org.apache.kafka.clients.NetworkClient   : [Consumer clientId=consumer-notification-group-4, groupId=notification-group] Connection to node -1 (localhost/127.0.0.1:9092) could not be established. Node may not be available.
2026-07-28T07:38:09.566-07:00  WARN 5484 --- [notification-service] [org.springframework.kafka.KafkaListenerEndpointContainer#5-0-C-1] org.apache.kafka.clients.NetworkClient   : [Consumer clientId=consumer-notification-group-4, groupId=notification-group] Bootstrap broker localhost:9092 (id: -1 rack: null) disconnected
2026-07-28T07:38:09.645-07:00  INFO 5484 --- [notification-service] [org.springframework.kafka.KafkaListenerEndpointContainer#1-0-C-1] org.apache.kafka.clients.NetworkClient   : [Consumer clientId=consumer-notification-group-6, groupId=notification-group] Node -1 disconnected.
2026-07-28T07:38:09.645-07:00  WARN 5484 --- [notification-service] [org.springframework.kafka.KafkaListenerEndpointContainer#1-0-C-1] org.apache.kafka.clients.NetworkClient   : [Consumer clientId=consumer-notification-group-6, groupId=notification-group] Connection to node -1 (localhost/127.0.0.1:9092) could not be established. Node may not be available.
2026-07-28T07:38:09.646-07:00  WARN 5484 --- [notification-service] [org.springframework.kafka.KafkaListenerEndpointContainer#1-0-C-1] org.apache.kafka.clients.NetworkClient   : [Consumer clientId=consumer-notification-group-6, groupId=notification-group] Bootstrap broker localhost:9092 (id: -1 rack: null) disconnected
2026-07-28T07:38:09.709-07:00  INFO 5484 --- [notification-service] [org.springframework.kafka.KafkaListenerEndpointContainer#2-0-C-1] org.apache.kafka.clients.NetworkClient   : [Consumer clientId=consumer-notification-group-1, groupId=notification-group] Node -1 disconnected.
2026-07-28T07:38:09.709-07:00  WARN 5484 --- [notification-service] [org.springframework.kafka.KafkaListenerEndpointContainer#2-0-C-1] org.apache.kafka.clients.NetworkClient   : [Consumer clientId=consumer-notification-group-1, groupId=notification-group] Connection to node -1 (localhost/127.0.0.1:9092) could not be established. Node may not be available.
2026-07-28T07:38:09.710-07:00  WARN 5484 --- [notification-service] [org.springframework.kafka.KafkaListenerEndpointContainer#2-0-C-1] org.apache.kafka.clients.NetworkClient   : [Consumer clientId=consumer-notification-group-1, groupId=notification-group] Bootstrap broker localhost:9092 (id: -1 rack: null) disconnected
2026-07-28T07:38:10.123-07:00  INFO 5484 --- [notification-service] [org.springframework.kafka.KafkaListenerEndpointContainer#3-0-C-1] org.apache.kafka.clients.NetworkClient   : [Consumer clientId=consumer-notification-group-2, groupId=notification-group] Node -1 disconnected.
2026-07-28T07:38:10.123-07:00  WARN 5484 --- [notification-service] [org.springframework.kafka.KafkaListenerEndpointContainer#3-0-C-1] org.apache.kafka.clients.NetworkClient   : [Consumer clientId=consumer-notification-group-2, groupId=notification-group] Connection to node -1 (localhost/127.0.0.1:9092) could not be established. Node may not be available.
2026-07-28T07:38:10.123-07:00  WARN 5484 --- [notification-service] [org.springframework.kafka.KafkaListenerEndpointContainer#3-0-C-1] org.apache.kafka.clients.NetworkClient   : [Consumer clientId=consumer-notification-group-2, groupId=notification-group] Bootstrap broker localhost:9092 (id: -1 rack: null) disconnected
2026-07-28T07:38:10.348-07:00  INFO 5484 --- [notification-service] [org.springframework.kafka.KafkaListenerEndpointContainer#4-0-C-1] org.apache.kafka.clients.NetworkClient   : [Consumer clientId=consumer-notification-group-3, groupId=notification-group] Node -1 disconnected.
2026-07-28T07:38:10.349-07:00  WARN 5484 --- [notification-service] [org.springframework.kafka.KafkaListenerEndpointContainer#4-0-C-1] org.apache.kafka.clients.NetworkClient   : [Consumer clientId=consumer-notification-group-3, groupId=notification-group] Connection to node -1 (localhost/127.0.0.1:9092) could not be established. Node may not be available.
2026-07-28T07:38:10.349-07:00  WARN 5484 --- [notification-service] [org.springframework.kafka.KafkaListenerEndpointContainer#4-0-C-1] org.apache.kafka.clients.NetworkClient   : [Consumer clientId=consumer-notification-group-3, groupId=notification-group] Bootstrap broker localhost:9092 (id: -1 rack: null) disconnected
2026-07-28T07:38:10.461-07:00  INFO 5484 --- [notification-service] [org.springframework.kafka.KafkaListenerEndpointContainer#0-0-C-1] org.apache.kafka.clients.NetworkClient   : [Consumer clientId=consumer-notification-group-5, groupId=notification-group] Node -1 disconnected.
2026-07-28T07:38:10.462-07:00  WARN 5484 --- [notification-service] [org.springframework.kafka.KafkaListenerEndpointContainer#0-0-C-1] org.apache.kafka.clients.NetworkClient   : [Consumer clientId=consumer-notification-group-5, groupId=notification-group] Connection to node -1 (localhost/127.0.0.1:9092) could not be established. Node may not be available.
2026-07-28T07:38:10.462-07:00  WARN 5484 --- [notification-service] [org.springframework.kafka.KafkaListenerEndpointContainer#0-0-C-1] org.apache.kafka.clients.NetworkClient   : [Consumer clientId=consumer-notification-group-5, groupId=notification-group] Bootstrap broker localhost:9092 (id: -1 rack: null) disconnected
2026-07-28T07:38:10.603-07:00  INFO 5484 --- [notification-service] [org.springframework.kafka.KafkaListenerEndpointContainer#5-0-C-1] org.apache.kafka.clients.NetworkClient   : [Consumer clientId=consumer-notification-group-4, groupId=notification-group] Node -1 disconnected.
2026-07-28T07:38:10.604-07:00  WARN 5484 --- [notification-service] [org.springframework.kafka.KafkaListenerEndpointContainer#5-0-C-1] org.apache.kafka.clients.NetworkClient   : [Consumer clientId=consumer-notification-group-4, groupId=notification-group] Connection to node -1 (localhost/127.0.0.1:9092) could not be established. Node may not be available.
2026-07-28T07:38:10.604-07:00  WARN 5484 --- [notification-service] [org.springframework.kafka.KafkaListenerEndpointContainer#5-0-C-1] org.apache.kafka.clients.NetworkClient   : [Consumer clientId=consumer-notification-group-4, groupId=notification-group] Bootstrap broker localhost:9092 (id: -1 rack: null) disconnected
2026-07-28T07:38:10.668-07:00  INFO 5484 --- [notification-service] [org.springframework.kafka.KafkaListenerEndpointContainer#1-0-C-1] org.apache.kafka.clients.NetworkClient   : [Consumer clientId=consumer-notification-group-6, groupId=notification-group] Node -1 disconnected.
2026-07-28T07:38:10.668-07:00  WARN 5484 --- [notification-service] [org.springframework.kafka.KafkaListenerEndpointContainer#1-0-C-1] org.apache.kafka.clients.NetworkClient   : [Consumer clientId=consumer-notification-group-6, groupId=notification-group] Connection to node -1 (localhost/127.0.0.1:9092) could not be established. Node may not be available.
2026-07-28T07:38:10.668-07:00  WARN 5484 --- [notification-service] [org.springframework.kafka.KafkaListenerEndpointContainer#1-0-C-1] org.apache.kafka.clients.NetworkClient   : [Consumer clientId=consumer-notification-group-6, groupId=notification-group] Bootstrap broker localhost:9092 (id: -1 rack: null) disconnected
2026-07-28T07:38:10.731-07:00  INFO 5484 --- [notification-service] [org.springframework.kafka.KafkaListenerEndpointContainer#2-0-C-1] org.apache.kafka.clients.NetworkClient   : [Consumer clientId=consumer-notification-group-1, groupId=notification-group] Node -1 disconnected.
2026-07-28T07:38:10.731-07:00  WARN 5484 --- [notification-service] [org.springframework.kafka.KafkaListenerEndpointContainer#2-0-C-1] org.apache.kafka.clients.NetworkClient   : [Consumer clientId=consumer-notification-group-1, groupId=notification-group] Connection to node -1 (localhost/127.0.0.1:9092) could not be established. Node may not be available.
2026-07-28T07:38:10.731-07:00  WARN 5484 --- [notification-service] [org.springframework.kafka.KafkaListenerEndpointContainer#2-0-C-1] org.apache.kafka.clients.NetworkClient   : [Consumer clientId=consumer-notification-group-1, groupId=notification-group] Bootstrap broker localhost:9092 (id: -1 rack: null) disconnected
2026-07-28T07:38:11.083-07:00  INFO 5484 --- [notification-service] [org.springframework.kafka.KafkaListenerEndpointContainer#3-0-C-1] org.apache.kafka.clients.NetworkClient   : [Consumer clientId=consumer-notification-group-2, groupId=notification-group] Node -1 disconnected.
2026-07-28T07:38:11.083-07:00  WARN 5484 --- [notification-service] [org.springframework.kafka.KafkaListenerEndpointContainer#3-0-C-1] org.apache.kafka.clients.NetworkClient   : [Consumer clientId=consumer-notification-group-2, groupId=notification-group] Connection to node -1 (localhost/127.0.0.1:9092) could not be established. Node may not be available.
2026-07-28T07:38:11.084-07:00  WARN 5484 --- [notification-service] [org.springframework.kafka.KafkaListenerEndpointContainer#3-0-C-1] org.apache.kafka.clients.NetworkClient   : [Consumer clientId=consumer-notification-group-2, groupId=notification-group] Bootstrap broker localhost:9092 (id: -1 rack: null) disconnected
2026-07-28T07:38:11.308-07:00  INFO 5484 --- [notification-service] [org.springframework.kafka.KafkaListenerEndpointContainer#4-0-C-1] org.apache.kafka.clients.NetworkClient   : [Consumer clientId=consumer-notification-group-3, groupId=notification-group] Node -1 disconnected.
2026-07-28T07:38:11.308-07:00  WARN 5484 --- [notification-service] [org.springframework.kafka.KafkaListenerEndpointContainer#4-0-C-1] org.apache.kafka.clients.NetworkClient   : [Consumer clientId=consumer-notification-group-3, groupId=notification-group] Connection to node -1 (localhost/127.0.0.1:9092) could not be established. Node may not be available.
2026-07-28T07:38:11.308-07:00  WARN 5484 --- [notification-service] [org.springframework.kafka.KafkaListenerEndpointContainer#4-0-C-1] org.apache.kafka.clients.NetworkClient   : [Consumer clientId=consumer-notification-group-3, groupId=notification-group] Bootstrap broker localhost:9092 (id: -1 rack: null) disconnected
2026-07-28T07:38:11.417-07:00  INFO 5484 --- [notification-service] [org.springframework.kafka.KafkaListenerEndpointContainer#0-0-C-1] org.apache.kafka.clients.NetworkClient   : [Consumer clientId=consumer-notification-group-5, groupId=notification-group] Node -1 disconnected.
2026-07-28T07:38:11.417-07:00  WARN 5484 --- [notification-service] [org.springframework.kafka.KafkaListenerEndpointContainer#0-0-C-1] org.apache.kafka.clients.NetworkClient   : [Consumer clientId=consumer-notification-group-5, groupId=notification-group] Connection to node -1 (localhost/127.0.0.1:9092) could not be established. Node may not be available.
2026-07-28T07:38:11.418-07:00  WARN 5484 --- [notification-service] [org.springframework.kafka.KafkaListenerEndpointContainer#0-0-C-1] org.apache.kafka.clients.NetworkClient   : [Consumer clientId=consumer-notification-group-5, groupId=notification-group] Bootstrap broker localhost:9092 (id: -1 rack: null) disconnected
2026-07-28T07:38:11.497-07:00  INFO 5484 --- [notification-service] [org.springframework.kafka.KafkaListenerEndpointContainer#5-0-C-1] org.apache.kafka.clients.NetworkClient   : [Consumer clientId=consumer-notification-group-4, groupId=notification-group] Node -1 disconnected.
2026-07-28T07:38:11.497-07:00  WARN 5484 --- [notification-service] [org.springframework.kafka.KafkaListenerEndpointContainer#5-0-C-1] org.apache.kafka.clients.NetworkClient   : [Consumer clientId=consumer-notification-group-4, groupId=notification-group] Connection to node -1 (localhost/127.0.0.1:9092) could not be established. Node may not be available.
2026-07-28T07:38:11.497-07:00  WARN 5484 --- [notification-service] [org.springframework.kafka.KafkaListenerEndpointContainer#5-0-C-1] org.apache.kafka.clients.NetworkClient   : [Consumer clientId=consumer-notification-group-4, groupId=notification-group] Bootstrap broker localhost:9092 (id: -1 rack: null) disconnected
2026-07-28T07:38:11.623-07:00  INFO 5484 --- [notification-service] [org.springframework.kafka.KafkaListenerEndpointContainer#1-0-C-1] org.apache.kafka.clients.NetworkClient   : [Consumer clientId=consumer-notification-group-6, groupId=notification-group] Node -1 disconnected.
2026-07-28T07:38:11.623-07:00  WARN 5484 --- [notification-service] [org.springframework.kafka.KafkaListenerEndpointContainer#1-0-C-1] org.apache.kafka.clients.NetworkClient   : [Consumer clientId=consumer-notification-group-6, groupId=notification-group] Connection to node -1 (localhost/127.0.0.1:9092) could not be established. Node may not be available.
2026-07-28T07:38:11.623-07:00  WARN 5484 --- [notification-service] [org.springframework.kafka.KafkaListenerEndpointContainer#1-0-C-1] org.apache.kafka.clients.NetworkClient   : [Consumer clientId=consumer-notification-group-6, groupId=notification-group] Bootstrap broker localhost:9092 (id: -1 rack: null) disconnected
2026-07-28T07:38:11.660-07:00  INFO 5484 --- [notification-service] [org.springframework.kafka.KafkaListenerEndpointContainer#2-0-C-1] org.apache.kafka.clients.NetworkClient   : [Consumer clientId=consumer-notification-group-1, groupId=notification-group] Node -1 disconnected.
2026-07-28T07:38:11.660-07:00  WARN 5484 --- [notification-service] [org.springframework.kafka.KafkaListenerEndpointContainer#2-0-C-1] org.apache.kafka.clients.NetworkClient   : [Consumer clientId=consumer-notification-group-1, groupId=notification-group] Connection to node -1 (localhost/127.0.0.1:9092) could not be established. Node may not be available.
2026-07-28T07:38:11.660-07:00  WARN 5484 --- [notification-service] [org.springframework.kafka.KafkaListenerEndpointContainer#2-0-C-1] org.apache.kafka.clients.NetworkClient   : [Consumer clientId=consumer-notification-group-1, groupId=notification-group] Bootstrap broker localhost:9092 (id: -1 rack: null) disconnected
2026-07-28T07:38:12.004-07:00  INFO 5484 --- [notification-service] [org.springframework.kafka.KafkaListenerEndpointContainer#3-0-C-1] org.apache.kafka.clients.NetworkClient   : [Consumer clientId=consumer-notification-group-2, groupId=notification-group] Node -1 disconnected.
2026-07-28T07:38:12.004-07:00  WARN 5484 --- [notification-service] [org.springframework.kafka.KafkaListenerEndpointContainer#3-0-C-1] org.apache.kafka.clients.NetworkClient   : [Consumer clientId=consumer-notification-group-2, groupId=notification-group] Connection to node -1 (localhost/127.0.0.1:9092) could not be established. Node may not be available.
2026-07-28T07:38:12.004-07:00  WARN 5484 --- [notification-service] [org.springframework.kafka.KafkaListenerEndpointContainer#3-0-C-1] org.apache.kafka.clients.NetworkClient   : [Consumer clientId=consumer-notification-group-2, groupId=notification-group] Bootstrap broker localhost:9092 (id: -1 rack: null) disconnected
2026-07-28T07:38:12.371-07:00  INFO 5484 --- [notification-service] [org.springframework.kafka.KafkaListenerEndpointContainer#4-0-C-1] org.apache.kafka.clients.NetworkClient   : [Consumer clientId=consumer-notification-group-3, groupId=notification-group] Node -1 disconnected.
2026-07-28T07:38:12.371-07:00  WARN 5484 --- [notification-service] [org.springframework.kafka.KafkaListenerEndpointContainer#4-0-C-1] org.apache.kafka.clients.NetworkClient   : [Consumer clientId=consumer-notification-group-3, groupId=notification-group] Connection to node -1 (localhost/127.0.0.1:9092) could not be established. Node may not be available.
2026-07-28T07:38:12.372-07:00  WARN 5484 --- [notification-service] [org.springframework.kafka.KafkaListenerEndpointContainer#4-0-C-1] org.apache.kafka.clients.NetworkClient   : [Consumer clientId=consumer-notification-group-3, groupId=notification-group] Bootstrap broker localhost:9092 (id: -1 rack: null) disconnected
2026-07-28T07:38:12.422-07:00  INFO 5484 --- [notification-service] [org.springframework.kafka.KafkaListenerEndpointContainer#0-0-C-1] org.apache.kafka.clients.NetworkClient   : [Consumer clientId=consumer-notification-group-5, groupId=notification-group] Node -1 disconnected.
2026-07-28T07:38:12.422-07:00  WARN 5484 --- [notification-service] [org.springframework.kafka.KafkaListenerEndpointContainer#0-0-C-1] org.apache.kafka.clients.NetworkClient   : [Consumer clientId=consumer-notification-group-5, groupId=notification-group] Connection to node -1 (localhost/127.0.0.1:9092) could not be established. Node may not be available.
2026-07-28T07:38:12.422-07:00  WARN 5484 --- [notification-service] [org.springframework.kafka.KafkaListenerEndpointContainer#0-0-C-1] org.apache.kafka.clients.NetworkClient   : [Consumer clientId=consumer-notification-group-5, groupId=notification-group] Bootstrap broker localhost:9092 (id: -1 rack: null) disconnected
2026-07-28T07:38:12.484-07:00  INFO 5484 --- [notification-service] [org.springframework.kafka.KafkaListenerEndpointContainer#5-0-C-1] org.apache.kafka.clients.NetworkClient   : [Consumer clientId=consumer-notification-group-4, groupId=notification-group] Node -1 disconnected.
2026-07-28T07:38:12.484-07:00  WARN 5484 --- [notification-service] [org.springframework.kafka.KafkaListenerEndpointContainer#5-0-C-1] org.apache.kafka.clients.NetworkClient   : [Consumer clientId=consumer-notification-group-4, groupId=notification-group] Connection to node -1 (localhost/127.0.0.1:9092) could not be established. Node may not be available.
2026-07-28T07:38:12.484-07:00  WARN 5484 --- [notification-service] [org.springframework.kafka.KafkaListenerEndpointContainer#5-0-C-1] org.apache.kafka.clients.NetworkClient   : [Consumer clientId=consumer-notification-group-4, groupId=notification-group] Bootstrap broker localhost:9092 (id: -1 rack: null) disconnected
2026-07-28T07:38:12.563-07:00  INFO 5484 --- [notification-service] [org.springframework.kafka.KafkaListenerEndpointContainer#2-0-C-1] org.apache.kafka.clients.NetworkClient   : [Consumer clientId=consumer-notification-group-1, groupId=notification-group] Node -1 disconnected.
2026-07-28T07:38:12.563-07:00  WARN 5484 --- [notification-service] [org.springframework.kafka.KafkaListenerEndpointContainer#2-0-C-1] org.apache.kafka.clients.NetworkClient   : [Consumer clientId=consumer-notification-group-1, groupId=notification-group] Connection to node -1 (localhost/127.0.0.1:9092) could not be established. Node may not be available.
2026-07-28T07:38:12.564-07:00  WARN 5484 --- [notification-service] [org.springframework.kafka.KafkaListenerEndpointContainer#2-0-C-1] org.apache.kafka.clients.NetworkClient   : [Consumer clientId=consumer-notification-group-1, groupId=notification-group] Bootstrap broker localhost:9092 (id: -1 rack: null) disconnected
2026-07-28T07:38:12.642-07:00  INFO 5484 --- [notification-service] [org.springframework.kafka.KafkaListenerEndpointContainer#1-0-C-1] org.apache.kafka.clients.NetworkClient   : [Consumer clientId=consumer-notification-group-6, groupId=notification-group] Node -1 disconnected.
2026-07-28T07:38:12.642-07:00  WARN 5484 --- [notification-service] [org.springframework.kafka.KafkaListenerEndpointContainer#1-0-C-1] org.apache.kafka.clients.NetworkClient   : [Consumer clientId=consumer-notification-group-6, groupId=notification-group] Connection to node -1 (localhost/127.0.0.1:9092) could not be established. Node may not be available.
2026-07-28T07:38:12.642-07:00  WARN 5484 --- [notification-service] [org.springframework.kafka.KafkaListenerEndpointContainer#1-0-C-1] org.apache.kafka.clients.NetworkClient   : [Consumer clientId=consumer-notification-group-6, groupId=notification-group] Bootstrap broker localhost:9092 (id: -1 rack: null) disconnected
2026-07-28T07:38:13.019-07:00  INFO 5484 --- [notification-service] [org.springframework.kafka.KafkaListenerEndpointContainer#3-0-C-1] org.apache.kafka.clients.NetworkClient   : [Consumer clientId=consumer-notification-group-2, groupId=notification-group] Node -1 disconnected.
2026-07-28T07:38:13.019-07:00  WARN 5484 --- [notification-service] [org.springframework.kafka.KafkaListenerEndpointContainer#3-0-C-1] org.apache.kafka.clients.NetworkClient   : [Consumer clientId=consumer-notification-group-2, groupId=notification-group] Connection to node -1 (localhost/127.0.0.1:9092) could not be established. Node may not be available.
2026-07-28T07:38:13.019-07:00  WARN 5484 --- [notification-service] [org.springframework.kafka.KafkaListenerEndpointContainer#3-0-C-1] org.apache.kafka.clients.NetworkClient   : [Consumer clientId=consumer-notification-group-2, groupId=notification-group] Bootstrap broker localhost:9092 (id: -1 rack: null) disconnected
2026-07-28T07:38:13.257-07:00  INFO 5484 --- [notification-service] [org.springframework.kafka.KafkaListenerEndpointContainer#4-0-C-1] org.apache.kafka.clients.NetworkClient   : [Consumer clientId=consumer-notification-group-3, groupId=notification-group] Node -1 disconnected.
2026-07-28T07:38:13.257-07:00  WARN 5484 --- [notification-service] [org.springframework.kafka.KafkaListenerEndpointContainer#4-0-C-1] org.apache.kafka.clients.NetworkClient   : [Consumer clientId=consumer-notification-group-3, groupId=notification-group] Connection to node -1 (localhost/127.0.0.1:9092) could not be established. Node may not be available.
2026-07-28T07:38:13.258-07:00  WARN 5484 --- [notification-service] [org.springframework.kafka.KafkaListenerEndpointContainer#4-0-C-1] org.apache.kafka.clients.NetworkClient   : [Consumer clientId=consumer-notification-group-3, groupId=notification-group] Bootstrap broker localhost:9092 (id: -1 rack: null) disconnected
2026-07-28T07:38:13.369-07:00  INFO 5484 --- [notification-service] [org.springframework.kafka.KafkaListenerEndpointContainer#0-0-C-1] org.apache.kafka.clients.NetworkClient   : [Consumer clientId=consumer-notification-group-5, groupId=notification-group] Node -1 disconnected.
2026-07-28T07:38:13.369-07:00  WARN 5484 --- [notification-service] [org.springframework.kafka.KafkaListenerEndpointContainer#0-0-C-1] org.apache.kafka.clients.NetworkClient   : [Consumer clientId=consumer-notification-group-5, groupId=notification-group] Connection to node -1 (localhost/127.0.0.1:9092) could not be established. Node may not be available.
2026-07-28T07:38:13.369-07:00  WARN 5484 --- [notification-service] [org.springframework.kafka.KafkaListenerEndpointContainer#0-0-C-1] org.apache.kafka.clients.NetworkClient   : [Consumer clientId=consumer-notification-group-5, groupId=notification-group] Bootstrap broker localhost:9092 (id: -1 rack: null) disconnected
2026-07-28T07:38:13.497-07:00  INFO 5484 --- [notification-service] [org.springframework.kafka.KafkaListenerEndpointContainer#5-0-C-1] org.apache.kafka.clients.NetworkClient   : [Consumer clientId=consumer-notification-group-4, groupId=notification-group] Node -1 disconnected.
2026-07-28T07:38:13.497-07:00  WARN 5484 --- [notification-service] [org.springframework.kafka.KafkaListenerEndpointContainer#5-0-C-1] org.apache.kafka.clients.NetworkClient   : [Consumer clientId=consumer-notification-group-4, groupId=notification-group] Connection to node -1 (localhost/127.0.0.1:9092) could not be established. Node may not be available.
2026-07-28T07:38:13.497-07:00  WARN 5484 --- [notification-service] [org.springframework.kafka.KafkaListenerEndpointContainer#5-0-C-1] org.apache.kafka.clients.NetworkClient   : [Consumer clientId=consumer-notification-group-4, groupId=notification-group] Bootstrap broker localhost:9092 (id: -1 rack: null) disconnected
2026-07-28T07:38:13.576-07:00  INFO 5484 --- [notification-service] [org.springframework.kafka.KafkaListenerEndpointContainer#2-0-C-1] org.apache.kafka.clients.NetworkClient   : [Consumer clientId=consumer-notification-group-1, groupId=notification-group] Node -1 disconnected.
2026-07-28T07:38:13.576-07:00  WARN 5484 --- [notification-service] [org.springframework.kafka.KafkaListenerEndpointContainer#2-0-C-1] org.apache.kafka.clients.NetworkClient   : [Consumer clientId=consumer-notification-group-1, groupId=notification-group] Connection to node -1 (localhost/127.0.0.1:9092) could not be established. Node may not be available.
2026-07-28T07:38:13.576-07:00  WARN 5484 --- [notification-service] [org.springframework.kafka.KafkaListenerEndpointContainer#2-0-C-1] org.apache.kafka.clients.NetworkClient   : [Consumer clientId=consumer-notification-group-1, groupId=notification-group] Bootstrap broker localhost:9092 (id: -1 rack: null) disconnected
2026-07-28T07:38:13.656-07:00  INFO 5484 --- [notification-service] [org.springframework.kafka.KafkaListenerEndpointContainer#1-0-C-1] org.apache.kafka.clients.NetworkClient   : [Consumer clientId=consumer-notification-group-6, groupId=notification-group] Node -1 disconnected.
2026-07-28T07:38:13.656-07:00  WARN 5484 --- [notification-service] [org.springframework.kafka.KafkaListenerEndpointContainer#1-0-C-1] org.apache.kafka.clients.NetworkClient   : [Consumer clientId=consumer-notification-group-6, groupId=notification-group] Connection to node -1 (localhost/127.0.0.1:9092) could not be established. Node may not be available.
2026-07-28T07:38:13.656-07:00  WARN 5484 --- [notification-service] [org.springframework.kafka.KafkaListenerEndpointContainer#1-0-C-1] org.apache.kafka.clients.NetworkClient   : [Consumer clientId=consumer-notification-group-6, groupId=notification-group] Bootstrap broker localhost:9092 (id: -1 rack: null) disconnected
2026-07-28T07:38:13.972-07:00  INFO 5484 --- [notification-service] [org.springframework.kafka.KafkaListenerEndpointContainer#3-0-C-1] org.apache.kafka.clients.NetworkClient   : [Consumer clientId=consumer-notification-group-2, groupId=notification-group] Node -1 disconnected.
2026-07-28T07:38:13.972-07:00  WARN 5484 --- [notification-service] [org.springframework.kafka.KafkaListenerEndpointContainer#3-0-C-1] org.apache.kafka.clients.NetworkClient   : [Consumer clientId=consumer-notification-group-2, groupId=notification-group] Connection to node -1 (localhost/127.0.0.1:9092) could not be established. Node may not be available.
2026-07-28T07:38:13.972-07:00  WARN 5484 --- [notification-service] [org.springframework.kafka.KafkaListenerEndpointContainer#3-0-C-1] org.apache.kafka.clients.NetworkClient   : [Consumer clientId=consumer-notification-group-2, groupId=notification-group] Bootstrap broker localhost:9092 (id: -1 rack: null) disconnected
2026-07-28T07:38:14.147-07:00  INFO 5484 --- [notification-service] [org.springframework.kafka.KafkaListenerEndpointContainer#4-0-C-1] org.apache.kafka.clients.NetworkClient   : [Consumer clientId=consumer-notification-group-3, groupId=notification-group] Node -1 disconnected.
2026-07-28T07:38:14.147-07:00  WARN 5484 --- [notification-service] [org.springframework.kafka.KafkaListenerEndpointContainer#4-0-C-1] org.apache.kafka.clients.NetworkClient   : [Consumer clientId=consumer-notification-group-3, groupId=notification-group] Connection to node -1 (localhost/127.0.0.1:9092) could not be established. Node may not be available.
2026-07-28T07:38:14.147-07:00  WARN 5484 --- [notification-service] [org.springframework.kafka.KafkaListenerEndpointContainer#4-0-C-1] org.apache.kafka.clients.NetworkClient   : [Consumer clientId=consumer-notification-group-3, groupId=notification-group] Bootstrap broker localhost:9092 (id: -1 rack: null) disconnected
2026-07-28T07:38:14.195-07:00  INFO 5484 --- [notification-service] [org.springframework.kafka.KafkaListenerEndpointContainer#0-0-C-1] org.apache.kafka.clients.NetworkClient   : [Consumer clientId=consumer-notification-group-5, groupId=notification-group] Node -1 disconnected.
2026-07-28T07:38:14.195-07:00  WARN 5484 --- [notification-service] [org.springframework.kafka.KafkaListenerEndpointContainer#0-0-C-1] org.apache.kafka.clients.NetworkClient   : [Consumer clientId=consumer-notification-group-5, groupId=notification-group] Connection to node -1 (localhost/127.0.0.1:9092) could not be established. Node may not be available.
2026-07-28T07:38:14.195-07:00  WARN 5484 --- [notification-service] [org.springframework.kafka.KafkaListenerEndpointContainer#0-0-C-1] org.apache.kafka.clients.NetworkClient   : [Consumer clientId=consumer-notification-group-5, groupId=notification-group] Bootstrap broker localhost:9092 (id: -1 rack: null) disconnected
2026-07-28T07:38:14.512-07:00  INFO 5484 --- [notification-service] [org.springframework.kafka.KafkaListenerEndpointContainer#5-0-C-1] org.apache.kafka.clients.NetworkClient   : [Consumer clientId=consumer-notification-group-4, groupId=notification-group] Node -1 disconnected.
2026-07-28T07:38:14.512-07:00  WARN 5484 --- [notification-service] [org.springframework.kafka.KafkaListenerEndpointContainer#5-0-C-1] org.apache.kafka.clients.NetworkClient   : [Consumer clientId=consumer-notification-group-4, groupId=notification-group] Connection to node -1 (localhost/127.0.0.1:9092) could not be established. Node may not be available.
2026-07-28T07:38:14.512-07:00  WARN 5484 --- [notification-service] [org.springframework.kafka.KafkaListenerEndpointContainer#5-0-C-1] org.apache.kafka.clients.NetworkClient   : [Consumer clientId=consumer-notification-group-4, groupId=notification-group] Bootstrap broker localhost:9092 (id: -1 rack: null) disconnected
2026-07-28T07:38:14.544-07:00  INFO 5484 --- [notification-service] [org.springframework.kafka.KafkaListenerEndpointContainer#1-0-C-1] org.apache.kafka.clients.NetworkClient   : [Consumer clientId=consumer-notification-group-6, groupId=notification-group] Node -1 disconnected.
2026-07-28T07:38:14.544-07:00  WARN 5484 --- [notification-service] [org.springframework.kafka.KafkaListenerEndpointContainer#1-0-C-1] org.apache.kafka.clients.NetworkClient   : [Consumer clientId=consumer-notification-group-6, groupId=notification-group] Connection to node -1 (localhost/127.0.0.1:9092) could not be established. Node may not be available.
2026-07-28T07:38:14.544-07:00  WARN 5484 --- [notification-service] [org.springframework.kafka.KafkaListenerEndpointContainer#1-0-C-1] org.apache.kafka.clients.NetworkClient   : [Consumer clientId=consumer-notification-group-6, groupId=notification-group] Bootstrap broker localhost:9092 (id: -1 rack: null) disconnected
2026-07-28T07:38:14.591-07:00  INFO 5484 --- [notification-service] [org.springframework.kafka.KafkaListenerEndpointContainer#2-0-C-1] org.apache.kafka.clients.NetworkClient   : [Consumer clientId=consumer-notification-group-1, groupId=notification-group] Node -1 disconnected.
2026-07-28T07:38:14.591-07:00  WARN 5484 --- [notification-service] [org.springframework.kafka.KafkaListenerEndpointContainer#2-0-C-1] org.apache.kafka.clients.NetworkClient   : [Consumer clientId=consumer-notification-group-1, groupId=notification-group] Connection to node -1 (localhost/127.0.0.1:9092) could not be established. Node may not be available.
2026-07-28T07:38:14.591-07:00  WARN 5484 --- [notification-service] [org.springframework.kafka.KafkaListenerEndpointContainer#2-0-C-1] org.apache.kafka.clients.NetworkClient   : [Consumer clientId=consumer-notification-group-1, groupId=notification-group] Bootstrap broker localhost:9092 (id: -1 rack: null) disconnected
2026-07-28T07:38:14.987-07:00  INFO 5484 --- [notification-service] [org.springframework.kafka.KafkaListenerEndpointContainer#3-0-C-1] org.apache.kafka.clients.NetworkClient   : [Consumer clientId=consumer-notification-group-2, groupId=notification-group] Node -1 disconnected.
2026-07-28T07:38:14.988-07:00  WARN 5484 --- [notification-service] [org.springframework.kafka.KafkaListenerEndpointContainer#3-0-C-1] org.apache.kafka.clients.NetworkClient   : [Consumer clientId=consumer-notification-group-2, groupId=notification-group] Connection to node -1 (localhost/127.0.0.1:9092) could not be established. Node may not be available.
2026-07-28T07:38:14.988-07:00  WARN 5484 --- [notification-service] [org.springframework.kafka.KafkaListenerEndpointContainer#3-0-C-1] org.apache.kafka.clients.NetworkClient   : [Consumer clientId=consumer-notification-group-2, groupId=notification-group] Bootstrap broker localhost:9092 (id: -1 rack: null) disconnected
2026-07-28T07:38:15.099-07:00  INFO 5484 --- [notification-service] [org.springframework.kafka.KafkaListenerEndpointContainer#4-0-C-1] org.apache.kafka.clients.NetworkClient   : [Consumer clientId=consumer-notification-group-3, groupId=notification-group] Node -1 disconnected.
2026-07-28T07:38:15.099-07:00  WARN 5484 --- [notification-service] [org.springframework.kafka.KafkaListenerEndpointContainer#4-0-C-1] org.apache.kafka.clients.NetworkClient   : [Consumer clientId=consumer-notification-group-3, groupId=notification-group] Connection to node -1 (localhost/127.0.0.1:9092) could not be established. Node may not be available.
2026-07-28T07:38:15.099-07:00  WARN 5484 --- [notification-service] [org.springframework.kafka.KafkaListenerEndpointContainer#4-0-C-1] org.apache.kafka.clients.NetworkClient   : [Consumer clientId=consumer-notification-group-3, groupId=notification-group] Bootstrap broker localhost:9092 (id: -1 rack: null) disconnected
2026-07-28T07:38:15.258-07:00  INFO 5484 --- [notification-service] [org.springframework.kafka.KafkaListenerEndpointContainer#0-0-C-1] org.apache.kafka.clients.NetworkClient   : [Consumer clientId=consumer-notification-group-5, groupId=notification-group] Node -1 disconnected.
2026-07-28T07:38:15.258-07:00  WARN 5484 --- [notification-service] [org.springframework.kafka.KafkaListenerEndpointContainer#0-0-C-1] org.apache.kafka.clients.NetworkClient   : [Consumer clientId=consumer-notification-group-5, groupId=notification-group] Connection to node -1 (localhost/127.0.0.1:9092) could not be established. Node may not be available.
2026-07-28T07:38:15.258-07:00  WARN 5484 --- [notification-service] [org.springframework.kafka.KafkaListenerEndpointContainer#0-0-C-1] org.apache.kafka.clients.NetworkClient   : [Consumer clientId=consumer-notification-group-5, groupId=notification-group] Bootstrap broker localhost:9092 (id: -1 rack: null) disconnected
2026-07-28T07:38:15.482-07:00  INFO 5484 --- [notification-service] [org.springframework.kafka.KafkaListenerEndpointContainer#1-0-C-1] org.apache.kafka.clients.NetworkClient   : [Consumer clientId=consumer-notification-group-6, groupId=notification-group] Node -1 disconnected.
2026-07-28T07:38:15.482-07:00  WARN 5484 --- [notification-service] [org.springframework.kafka.KafkaListenerEndpointContainer#1-0-C-1] org.apache.kafka.clients.NetworkClient   : [Consumer clientId=consumer-notification-group-6, groupId=notification-group] Connection to node -1 (localhost/127.0.0.1:9092) could not be established. Node may not be available.
2026-07-28T07:38:15.482-07:00  WARN 5484 --- [notification-service] [org.springframework.kafka.KafkaListenerEndpointContainer#1-0-C-1] org.apache.kafka.clients.NetworkClient   : [Consumer clientId=consumer-notification-group-6, groupId=notification-group] Bootstrap broker localhost:9092 (id: -1 rack: null) disconnected
2026-07-28T07:38:15.529-07:00  INFO 5484 --- [notification-service] [org.springframework.kafka.KafkaListenerEndpointContainer#5-0-C-1] org.apache.kafka.clients.NetworkClient   : [Consumer clientId=consumer-notification-group-4, groupId=notification-group] Node -1 disconnected.
2026-07-28T07:38:15.529-07:00  WARN 5484 --- [notification-service] [org.springframework.kafka.KafkaListenerEndpointContainer#5-0-C-1] org.apache.kafka.clients.NetworkClient   : [Consumer clientId=consumer-notification-group-4, groupId=notification-group] Connection to node -1 (localhost/127.0.0.1:9092) could not be established. Node may not be available.
2026-07-28T07:38:15.529-07:00  WARN 5484 --- [notification-service] [org.springframework.kafka.KafkaListenerEndpointContainer#5-0-C-1] org.apache.kafka.clients.NetworkClient   : [Consumer clientId=consumer-notification-group-4, groupId=notification-group] Bootstrap broker localhost:9092 (id: -1 rack: null) disconnected
2026-07-28T07:38:15.593-07:00  INFO 5484 --- [notification-service] [org.springframework.kafka.KafkaListenerEndpointContainer#2-0-C-1] org.apache.kafka.clients.NetworkClient   : [Consumer clientId=consumer-notification-group-1, groupId=notification-group] Node -1 disconnected.
2026-07-28T07:38:15.593-07:00  WARN 5484 --- [notification-service] [org.springframework.kafka.KafkaListenerEndpointContainer#2-0-C-1] org.apache.kafka.clients.NetworkClient   : [Consumer clientId=consumer-notification-group-1, groupId=notification-group] Connection to node -1 (localhost/127.0.0.1:9092) could not be established. Node may not be available.
2026-07-28T07:38:15.593-07:00  WARN 5484 --- [notification-service] [org.springframework.kafka.KafkaListenerEndpointContainer#2-0-C-1] org.apache.kafka.clients.NetworkClient   : [Consumer clientId=consumer-notification-group-1, groupId=notification-group] Bootstrap broker localhost:9092 (id: -1 rack: null) disconnected
2026-07-28T07:38:15.991-07:00  INFO 5484 --- [notification-service] [org.springframework.kafka.KafkaListenerEndpointContainer#3-0-C-1] org.apache.kafka.clients.NetworkClient   : [Consumer clientId=consumer-notification-group-2, groupId=notification-group] Node -1 disconnected.
2026-07-28T07:38:15.991-07:00  WARN 5484 --- [notification-service] [org.springframework.kafka.KafkaListenerEndpointContainer#3-0-C-1] org.apache.kafka.clients.NetworkClient   : [Consumer clientId=consumer-notification-group-2, groupId=notification-group] Connection to node -1 (localhost/127.0.0.1:9092) could not be established. Node may not be available.
2026-07-28T07:38:15.991-07:00  WARN 5484 --- [notification-service] [org.springframework.kafka.KafkaListenerEndpointContainer#3-0-C-1] org.apache.kafka.clients.NetworkClient   : [Consumer clientId=consumer-notification-group-2, groupId=notification-group] Bootstrap broker localhost:9092 (id: -1 rack: null) disconnected
2026-07-28T07:38:16.103-07:00  INFO 5484 --- [notification-service] [org.springframework.kafka.KafkaListenerEndpointContainer#4-0-C-1] org.apache.kafka.clients.NetworkClient   : [Consumer clientId=consumer-notification-group-3, groupId=notification-group] Node -1 disconnected.
2026-07-28T07:38:16.103-07:00  WARN 5484 --- [notification-service] [org.springframework.kafka.KafkaListenerEndpointContainer#4-0-C-1] org.apache.kafka.clients.NetworkClient   : [Consumer clientId=consumer-notification-group-3, groupId=notification-group] Connection to node -1 (localhost/127.0.0.1:9092) could not be established. Node may not be available.
2026-07-28T07:38:16.103-07:00  WARN 5484 --- [notification-service] [org.springframework.kafka.KafkaListenerEndpointContainer#4-0-C-1] org.apache.kafka.clients.NetworkClient   : [Consumer clientId=consumer-notification-group-3, groupId=notification-group] Bootstrap broker localhost:9092 (id: -1 rack: null) disconnected
2026-07-28T07:38:16.261-07:00  INFO 5484 --- [notification-service] [org.springframework.kafka.KafkaListenerEndpointContainer#0-0-C-1] org.apache.kafka.clients.NetworkClient   : [Consumer clientId=consumer-notification-group-5, groupId=notification-group] Node -1 disconnected.
2026-07-28T07:38:16.261-07:00  WARN 5484 --- [notification-service] [org.springframework.kafka.KafkaListenerEndpointContainer#0-0-C-1] org.apache.kafka.clients.NetworkClient   : [Consumer clientId=consumer-notification-group-5, groupId=notification-group] Connection to node -1 (localhost/127.0.0.1:9092) could not be established. Node may not be available.
2026-07-28T07:38:16.261-07:00  WARN 5484 --- [notification-service] [org.springframework.kafka.KafkaListenerEndpointContainer#0-0-C-1] org.apache.kafka.clients.NetworkClient   : [Consumer clientId=consumer-notification-group-5, groupId=notification-group] Bootstrap broker localhost:9092 (id: -1 rack: null) disconnected
2026-07-28T07:38:16.485-07:00  INFO 5484 --- [notification-service] [org.springframework.kafka.KafkaListenerEndpointContainer#1-0-C-1] org.apache.kafka.clients.NetworkClient   : [Consumer clientId=consumer-notification-group-6, groupId=notification-group] Node -1 disconnected.
2026-07-28T07:38:16.485-07:00  WARN 5484 --- [notification-service] [org.springframework.kafka.KafkaListenerEndpointContainer#1-0-C-1] org.apache.kafka.clients.NetworkClient   : [Consumer clientId=consumer-notification-group-6, groupId=notification-group] Connection to node -1 (localhost/127.0.0.1:9092) could not be established. Node may not be available.
2026-07-28T07:38:16.485-07:00  WARN 5484 --- [notification-service] [org.springframework.kafka.KafkaListenerEndpointContainer#1-0-C-1] org.apache.kafka.clients.NetworkClient   : [Consumer clientId=consumer-notification-group-6, groupId=notification-group] Bootstrap broker localhost:9092 (id: -1 rack: null) disconnected
2026-07-28T07:38:16.501-07:00  INFO 5484 --- [notification-service] [org.springframework.kafka.KafkaListenerEndpointContainer#5-0-C-1] org.apache.kafka.clients.NetworkClient   : [Consumer clientId=consumer-notification-group-4, groupId=notification-group] Node -1 disconnected.
2026-07-28T07:38:16.501-07:00  WARN 5484 --- [notification-service] [org.springframework.kafka.KafkaListenerEndpointContainer#5-0-C-1] org.apache.kafka.clients.NetworkClient   : [Consumer clientId=consumer-notification-group-4, groupId=notification-group] Connection to node -1 (localhost/127.0.0.1:9092) could not be established. Node may not be available.
2026-07-28T07:38:16.501-07:00  WARN 5484 --- [notification-service] [org.springframework.kafka.KafkaListenerEndpointContainer#5-0-C-1] org.apache.kafka.clients.NetworkClient   : [Consumer clientId=consumer-notification-group-4, groupId=notification-group] Bootstrap broker localhost:9092 (id: -1 rack: null) disconnected
2026-07-28T07:38:16.601-07:00  INFO 5484 --- [notification-service] [org.springframework.kafka.KafkaListenerEndpointContainer#2-0-C-1] org.apache.kafka.clients.NetworkClient   : [Consumer clientId=consumer-notification-group-1, groupId=notification-group] Node -1 disconnected.
2026-07-28T07:38:16.601-07:00  WARN 5484 --- [notification-service] [org.springframework.kafka.KafkaListenerEndpointContainer#2-0-C-1] org.apache.kafka.clients.NetworkClient   : [Consumer clientId=consumer-notification-group-1, groupId=notification-group] Connection to node -1 (localhost/127.0.0.1:9092) could not be established. Node may not be available.
2026-07-28T07:38:16.601-07:00  WARN 5484 --- [notification-service] [org.springframework.kafka.KafkaListenerEndpointContainer#2-0-C-1] org.apache.kafka.clients.NetworkClient   : [Consumer clientId=consumer-notification-group-1, groupId=notification-group] Bootstrap broker localhost:9092 (id: -1 rack: null) disconnected
2026-07-28T07:38:17.009-07:00  INFO 5484 --- [notification-service] [org.springframework.kafka.KafkaListenerEndpointContainer#3-0-C-1] org.apache.kafka.clients.NetworkClient   : [Consumer clientId=consumer-notification-group-2, groupId=notification-group] Node -1 disconnected.
2026-07-28T07:38:17.010-07:00  WARN 5484 --- [notification-service] [org.springframework.kafka.KafkaListenerEndpointContainer#3-0-C-1] org.apache.kafka.clients.NetworkClient   : [Consumer clientId=consumer-notification-group-2, groupId=notification-group] Connection to node -1 (localhost/127.0.0.1:9092) could not be established. Node may not be available.
2026-07-28T07:38:17.010-07:00  WARN 5484 --- [notification-service] [org.springframework.kafka.KafkaListenerEndpointContainer#3-0-C-1] org.apache.kafka.clients.NetworkClient   : [Consumer clientId=consumer-notification-group-2, groupId=notification-group] Bootstrap broker localhost:9092 (id: -1 rack: null) disconnected
2026-07-28T07:38:17.109-07:00  INFO 5484 --- [notification-service] [org.springframework.kafka.KafkaListenerEndpointContainer#4-0-C-1] org.apache.kafka.clients.NetworkClient   : [Consumer clientId=consumer-notification-group-3, groupId=notification-group] Node -1 disconnected.
2026-07-28T07:38:17.111-07:00  WARN 5484 --- [notification-service] [org.springframework.kafka.KafkaListenerEndpointContainer#4-0-C-1] org.apache.kafka.clients.NetworkClient   : [Consumer clientId=consumer-notification-group-3, groupId=notification-group] Connection to node -1 (localhost/127.0.0.1:9092) could not be established. Node may not be available.
2026-07-28T07:38:17.111-07:00  WARN 5484 --- [notification-service] [org.springframework.kafka.KafkaListenerEndpointContainer#4-0-C-1] org.apache.kafka.clients.NetworkClient   : [Consumer clientId=consumer-notification-group-3, groupId=notification-group] Bootstrap broker localhost:9092 (id: -1 rack: null) disconnected
2026-07-28T07:38:17.267-07:00  INFO 5484 --- [notification-service] [org.springframework.kafka.KafkaListenerEndpointContainer#0-0-C-1] org.apache.kafka.clients.NetworkClient   : [Consumer clientId=consumer-notification-group-5, groupId=notification-group] Node -1 disconnected.
2026-07-28T07:38:17.267-07:00  WARN 5484 --- [notification-service] [org.springframework.kafka.KafkaListenerEndpointContainer#0-0-C-1] org.apache.kafka.clients.NetworkClient   : [Consumer clientId=consumer-notification-group-5, groupId=notification-group] Connection to node -1 (localhost/127.0.0.1:9092) could not be established. Node may not be available.
2026-07-28T07:38:17.267-07:00  WARN 5484 --- [notification-service] [org.springframework.kafka.KafkaListenerEndpointContainer#0-0-C-1] org.apache.kafka.clients.NetworkClient   : [Consumer clientId=consumer-notification-group-5, groupId=notification-group] Bootstrap broker localhost:9092 (id: -1 rack: null) disconnected
2026-07-28T07:38:17.463-07:00  INFO 5484 --- [notification-service] [org.springframework.kafka.KafkaListenerEndpointContainer#5-0-C-1] org.apache.kafka.clients.NetworkClient   : [Consumer clientId=consumer-notification-group-4, groupId=notification-group] Node -1 disconnected.
2026-07-28T07:38:17.463-07:00  WARN 5484 --- [notification-service] [org.springframework.kafka.KafkaListenerEndpointContainer#5-0-C-1] org.apache.kafka.clients.NetworkClient   : [Consumer clientId=consumer-notification-group-4, groupId=notification-group] Connection to node -1 (localhost/127.0.0.1:9092) could not be established. Node may not be available.
2026-07-28T07:38:17.463-07:00  WARN 5484 --- [notification-service] [org.springframework.kafka.KafkaListenerEndpointContainer#5-0-C-1] org.apache.kafka.clients.NetworkClient   : [Consumer clientId=consumer-notification-group-4, groupId=notification-group] Bootstrap broker localhost:9092 (id: -1 rack: null) disconnected
2026-07-28T07:38:17.496-07:00  INFO 5484 --- [notification-service] [org.springframework.kafka.KafkaListenerEndpointContainer#1-0-C-1] org.apache.kafka.clients.NetworkClient   : [Consumer clientId=consumer-notification-group-6, groupId=notification-group] Node -1 disconnected.
2026-07-28T07:38:17.497-07:00  WARN 5484 --- [notification-service] [org.springframework.kafka.KafkaListenerEndpointContainer#1-0-C-1] org.apache.kafka.clients.NetworkClient   : [Consumer clientId=consumer-notification-group-6, groupId=notification-group] Connection to node -1 (localhost/127.0.0.1:9092) could not be established. Node may not be available.
2026-07-28T07:38:17.497-07:00  WARN 5484 --- [notification-service] [org.springframework.kafka.KafkaListenerEndpointContainer#1-0-C-1] org.apache.kafka.clients.NetworkClient   : [Consumer clientId=consumer-notification-group-6, groupId=notification-group] Bootstrap broker localhost:9092 (id: -1 rack: null) disconnected
2026-07-28T07:38:17.569-07:00  INFO 5484 --- [notification-service] [org.springframework.kafka.KafkaListenerEndpointContainer#2-0-C-1] org.apache.kafka.clients.NetworkClient   : [Consumer clientId=consumer-notification-group-1, groupId=notification-group] Node -1 disconnected.
2026-07-28T07:38:17.569-07:00  WARN 5484 --- [notification-service] [org.springframework.kafka.KafkaListenerEndpointContainer#2-0-C-1] org.apache.kafka.clients.NetworkClient   : [Consumer clientId=consumer-notification-group-1, groupId=notification-group] Connection to node -1 (localhost/127.0.0.1:9092) could not be established. Node may not be available.
2026-07-28T07:38:17.569-07:00  WARN 5484 --- [notification-service] [org.springframework.kafka.KafkaListenerEndpointContainer#2-0-C-1] org.apache.kafka.clients.NetworkClient   : [Consumer clientId=consumer-notification-group-1, groupId=notification-group] Bootstrap broker localhost:9092 (id: -1 rack: null) disconnected
2026-07-28T07:38:18.015-07:00  INFO 5484 --- [notification-service] [org.springframework.kafka.KafkaListenerEndpointContainer#3-0-C-1] org.apache.kafka.clients.NetworkClient   : [Consumer clientId=consumer-notification-group-2, groupId=notification-group] Node -1 disconnected.
2026-07-28T07:38:18.015-07:00  WARN 5484 --- [notification-service] [org.springframework.kafka.KafkaListenerEndpointContainer#3-0-C-1] org.apache.kafka.clients.NetworkClient   : [Consumer clientId=consumer-notification-group-2, groupId=notification-group] Connection to node -1 (localhost/127.0.0.1:9092) could not be established. Node may not be available.
2026-07-28T07:38:18.015-07:00  WARN 5484 --- [notification-service] [org.springframework.kafka.KafkaListenerEndpointContainer#3-0-C-1] org.apache.kafka.clients.NetworkClient   : [Consumer clientId=consumer-notification-group-2, groupId=notification-group] Bootstrap broker localhost:9092 (id: -1 rack: null) disconnected
2026-07-28T07:38:18.146-07:00  INFO 5484 --- [notification-service] [org.springframework.kafka.KafkaListenerEndpointContainer#4-0-C-1] org.apache.kafka.clients.NetworkClient   : [Consumer clientId=consumer-notification-group-3, groupId=notification-group] Node -1 disconnected.
2026-07-28T07:38:18.147-07:00  WARN 5484 --- [notification-service] [org.springframework.kafka.KafkaListenerEndpointContainer#4-0-C-1] org.apache.kafka.clients.NetworkClient   : [Consumer clientId=consumer-notification-group-3, groupId=notification-group] Connection to node -1 (localhost/127.0.0.1:9092) could not be established. Node may not be available.
2026-07-28T07:38:18.147-07:00  WARN 5484 --- [notification-service] [org.springframework.kafka.KafkaListenerEndpointContainer#4-0-C-1] org.apache.kafka.clients.NetworkClient   : [Consumer clientId=consumer-notification-group-3, groupId=notification-group] Bootstrap broker localhost:9092 (id: -1 rack: null) disconnected
2026-07-28T07:38:18.214-07:00  INFO 5484 --- [notification-service] [org.springframework.kafka.KafkaListenerEndpointContainer#0-0-C-1] org.apache.kafka.clients.NetworkClient   : [Consumer clientId=consumer-notification-group-5, groupId=notification-group] Node -1 disconnected.
2026-07-28T07:38:18.214-07:00  WARN 5484 --- [notification-service] [org.springframework.kafka.KafkaListenerEndpointContainer#0-0-C-1] org.apache.kafka.clients.NetworkClient   : [Consumer clientId=consumer-notification-group-5, groupId=notification-group] Connection to node -1 (localhost/127.0.0.1:9092) could not be established. Node may not be available.
2026-07-28T07:38:18.214-07:00  WARN 5484 --- [notification-service] [org.springframework.kafka.KafkaListenerEndpointContainer#0-0-C-1] org.apache.kafka.clients.NetworkClient   : [Consumer clientId=consumer-notification-group-5, groupId=notification-group] Bootstrap broker localhost:9092 (id: -1 rack: null) disconnected
2026-07-28T07:38:18.479-07:00  INFO 5484 --- [notification-service] [org.springframework.kafka.KafkaListenerEndpointContainer#1-0-C-1] org.apache.kafka.clients.NetworkClient   : [Consumer clientId=consumer-notification-group-6, groupId=notification-group] Node -1 disconnected.
2026-07-28T07:38:18.479-07:00  INFO 5484 --- [notification-service] [org.springframework.kafka.KafkaListenerEndpointContainer#5-0-C-1] org.apache.kafka.clients.NetworkClient   : [Consumer clientId=consumer-notification-group-4, groupId=notification-group] Node -1 disconnected.
2026-07-28T07:38:18.479-07:00  WARN 5484 --- [notification-service] [org.springframework.kafka.KafkaListenerEndpointContainer#1-0-C-1] org.apache.kafka.clients.NetworkClient   : [Consumer clientId=consumer-notification-group-6, groupId=notification-group] Connection to node -1 (localhost/127.0.0.1:9092) could not be established. Node may not be available.
2026-07-28T07:38:18.479-07:00  WARN 5484 --- [notification-service] [org.springframework.kafka.KafkaListenerEndpointContainer#5-0-C-1] org.apache.kafka.clients.NetworkClient   : [Consumer clientId=consumer-notification-group-4, groupId=notification-group] Connection to node -1 (localhost/127.0.0.1:9092) could not be established. Node may not be available.
2026-07-28T07:38:18.479-07:00  WARN 5484 --- [notification-service] [org.springframework.kafka.KafkaListenerEndpointContainer#1-0-C-1] org.apache.kafka.clients.NetworkClient   : [Consumer clientId=consumer-notification-group-6, groupId=notification-group] Bootstrap broker localhost:9092 (id: -1 rack: null) disconnected
2026-07-28T07:38:18.479-07:00  WARN 5484 --- [notification-service] [org.springframework.kafka.KafkaListenerEndpointContainer#5-0-C-1] org.apache.kafka.clients.NetworkClient   : [Consumer clientId=consumer-notification-group-4, groupId=notification-group] Bootstrap broker localhost:9092 (id: -1 rack: null) disconnected
2026-07-28T07:38:18.611-07:00  INFO 5484 --- [notification-service] [org.springframework.kafka.KafkaListenerEndpointContainer#2-0-C-1] org.apache.kafka.clients.NetworkClient   : [Consumer clientId=consumer-notification-group-1, groupId=notification-group] Node -1 disconnected.
2026-07-28T07:38:18.611-07:00  WARN 5484 --- [notification-service] [org.springframework.kafka.KafkaListenerEndpointContainer#2-0-C-1] org.apache.kafka.clients.NetworkClient   : [Consumer clientId=consumer-notification-group-1, groupId=notification-group] Connection to node -1 (localhost/127.0.0.1:9092) could not be established. Node may not be available.
2026-07-28T07:38:18.611-07:00  WARN 5484 --- [notification-service] [org.springframework.kafka.KafkaListenerEndpointContainer#2-0-C-1] org.apache.kafka.clients.NetworkClient   : [Consumer clientId=consumer-notification-group-1, groupId=notification-group] Bootstrap broker localhost:9092 (id: -1 rack: null) disconnected
2026-07-28T07:38:19.040-07:00  INFO 5484 --- [notification-service] [org.springframework.kafka.KafkaListenerEndpointContainer#3-0-C-1] org.apache.kafka.clients.NetworkClient   : [Consumer clientId=consumer-notification-group-2, groupId=notification-group] Node -1 disconnected.
2026-07-28T07:38:19.041-07:00  WARN 5484 --- [notification-service] [org.springframework.kafka.KafkaListenerEndpointContainer#3-0-C-1] org.apache.kafka.clients.NetworkClient   : [Consumer clientId=consumer-notification-group-2, groupId=notification-group] Connection to node -1 (localhost/127.0.0.1:9092) could not be established. Node may not be available.
2026-07-28T07:38:19.041-07:00  WARN 5484 --- [notification-service] [org.springframework.kafka.KafkaListenerEndpointContainer#3-0-C-1] org.apache.kafka.clients.NetworkClient   : [Consumer clientId=consumer-notification-group-2, groupId=notification-group] Bootstrap broker localhost:9092 (id: -1 rack: null) disconnected
2026-07-28T07:38:19.099-07:00  INFO 5484 --- [notification-service] [org.springframework.kafka.KafkaListenerEndpointContainer#0-0-C-1] org.apache.kafka.clients.NetworkClient   : [Consumer clientId=consumer-notification-group-5, groupId=notification-group] Node -1 disconnected.
2026-07-28T07:38:19.099-07:00  WARN 5484 --- [notification-service] [org.springframework.kafka.KafkaListenerEndpointContainer#0-0-C-1] org.apache.kafka.clients.NetworkClient   : [Consumer clientId=consumer-notification-group-5, groupId=notification-group] Connection to node -1 (localhost/127.0.0.1:9092) could not be established. Node may not be available.
2026-07-28T07:38:19.099-07:00  WARN 5484 --- [notification-service] [org.springframework.kafka.KafkaListenerEndpointContainer#0-0-C-1] org.apache.kafka.clients.NetworkClient   : [Consumer clientId=consumer-notification-group-5, groupId=notification-group] Bootstrap broker localhost:9092 (id: -1 rack: null) disconnected
2026-07-28T07:38:19.109-07:00  INFO 5484 --- [notification-service] [org.springframework.kafka.KafkaListenerEndpointContainer#4-0-C-1] org.apache.kafka.clients.NetworkClient   : [Consumer clientId=consumer-notification-group-3, groupId=notification-group] Node -1 disconnected.
2026-07-28T07:38:19.110-07:00  WARN 5484 --- [notification-service] [org.springframework.kafka.KafkaListenerEndpointContainer#4-0-C-1] org.apache.kafka.clients.NetworkClient   : [Consumer clientId=consumer-notification-group-3, groupId=notification-group] Connection to node -1 (localhost/127.0.0.1:9092) could not be established. Node may not be available.
2026-07-28T07:38:19.110-07:00  WARN 5484 --- [notification-service] [org.springframework.kafka.KafkaListenerEndpointContainer#4-0-C-1] org.apache.kafka.clients.NetworkClient   : [Consumer clientId=consumer-notification-group-3, groupId=notification-group] Bootstrap broker localhost:9092 (id: -1 rack: null) disconnected
2026-07-28T07:38:19.356-07:00  INFO 5484 --- [notification-service] [org.springframework.kafka.KafkaListenerEndpointContainer#1-0-C-1] org.apache.kafka.clients.NetworkClient   : [Consumer clientId=consumer-notification-group-6, groupId=notification-group] Node -1 disconnected.
2026-07-28T07:38:19.356-07:00  WARN 5484 --- [notification-service] [org.springframework.kafka.KafkaListenerEndpointContainer#1-0-C-1] org.apache.kafka.clients.NetworkClient   : [Consumer clientId=consumer-notification-group-6, groupId=notification-group] Connection to node -1 (localhost/127.0.0.1:9092) could not be established. Node may not be available.
2026-07-28T07:38:19.356-07:00  WARN 5484 --- [notification-service] [org.springframework.kafka.KafkaListenerEndpointContainer#1-0-C-1] org.apache.kafka.clients.NetworkClient   : [Consumer clientId=consumer-notification-group-6, groupId=notification-group] Bootstrap broker localhost:9092 (id: -1 rack: null) disconnected
2026-07-28T07:38:19.487-07:00  INFO 5484 --- [notification-service] [org.springframework.kafka.KafkaListenerEndpointContainer#5-0-C-1] org.apache.kafka.clients.NetworkClient   : [Consumer clientId=consumer-notification-group-4, groupId=notification-group] Node -1 disconnected.
2026-07-28T07:38:19.487-07:00  WARN 5484 --- [notification-service] [org.springframework.kafka.KafkaListenerEndpointContainer#5-0-C-1] org.apache.kafka.clients.NetworkClient   : [Consumer clientId=consumer-notification-group-4, groupId=notification-group] Connection to node -1 (localhost/127.0.0.1:9092) could not be established. Node may not be available.
2026-07-28T07:38:19.487-07:00  WARN 5484 --- [notification-service] [org.springframework.kafka.KafkaListenerEndpointContainer#5-0-C-1] org.apache.kafka.clients.NetworkClient   : [Consumer clientId=consumer-notification-group-4, groupId=notification-group] Bootstrap broker localhost:9092 (id: -1 rack: null) disconnected
2026-07-28T07:38:19.530-07:00  INFO 5484 --- [notification-service] [org.springframework.kafka.KafkaListenerEndpointContainer#2-0-C-1] org.apache.kafka.clients.NetworkClient   : [Consumer clientId=consumer-notification-group-1, groupId=notification-group] Node -1 disconnected.
2026-07-28T07:38:19.532-07:00  WARN 5484 --- [notification-service] [org.springframework.kafka.KafkaListenerEndpointContainer#2-0-C-1] org.apache.kafka.clients.NetworkClient   : [Consumer clientId=consumer-notification-group-1, groupId=notification-group] Connection to node -1 (localhost/127.0.0.1:9092) could not be established. Node may not be available.
2026-07-28T07:38:19.532-07:00  WARN 5484 --- [notification-service] [org.springframework.kafka.KafkaListenerEndpointContainer#2-0-C-1] org.apache.kafka.clients.NetworkClient   : [Consumer clientId=consumer-notification-group-1, groupId=notification-group] Bootstrap broker localhost:9092 (id: -1 rack: null) disconnected
2026-07-28T07:38:19.957-07:00  INFO 5484 --- [notification-service] [org.springframework.kafka.KafkaListenerEndpointContainer#3-0-C-1] org.apache.kafka.clients.NetworkClient   : [Consumer clientId=consumer-notification-group-2, groupId=notification-group] Node -1 disconnected.
2026-07-28T07:38:19.958-07:00  WARN 5484 --- [notification-service] [org.springframework.kafka.KafkaListenerEndpointContainer#3-0-C-1] org.apache.kafka.clients.NetworkClient   : [Consumer clientId=consumer-notification-group-2, groupId=notification-group] Connection to node -1 (localhost/127.0.0.1:9092) could not be established. Node may not be available.
2026-07-28T07:38:19.958-07:00  WARN 5484 --- [notification-service] [org.springframework.kafka.KafkaListenerEndpointContainer#3-0-C-1] org.apache.kafka.clients.NetworkClient   : [Consumer clientId=consumer-notification-group-2, groupId=notification-group] Bootstrap broker localhost:9092 (id: -1 rack: null) disconnected
2026-07-28T07:38:19.987-07:00  INFO 5484 --- [notification-service] [org.springframework.kafka.KafkaListenerEndpointContainer#0-0-C-1] org.apache.kafka.clients.NetworkClient   : [Consumer clientId=consumer-notification-group-5, groupId=notification-group] Node -1 disconnected.
2026-07-28T07:38:19.987-07:00  WARN 5484 --- [notification-service] [org.springframework.kafka.KafkaListenerEndpointContainer#0-0-C-1] org.apache.kafka.clients.NetworkClient   : [Consumer clientId=consumer-notification-group-5, groupId=notification-group] Connection to node -1 (localhost/127.0.0.1:9092) could not be established. Node may not be available.
2026-07-28T07:38:19.987-07:00  WARN 5484 --- [notification-service] [org.springframework.kafka.KafkaListenerEndpointContainer#0-0-C-1] org.apache.kafka.clients.NetworkClient   : [Consumer clientId=consumer-notification-group-5, groupId=notification-group] Bootstrap broker localhost:9092 (id: -1 rack: null) disconnected
2026-07-28T07:38:20.113-07:00  INFO 5484 --- [notification-service] [org.springframework.kafka.KafkaListenerEndpointContainer#4-0-C-1] org.apache.kafka.clients.NetworkClient   : [Consumer clientId=consumer-notification-group-3, groupId=notification-group] Node -1 disconnected.
2026-07-28T07:38:20.113-07:00  WARN 5484 --- [notification-service] [org.springframework.kafka.KafkaListenerEndpointContainer#4-0-C-1] org.apache.kafka.clients.NetworkClient   : [Consumer clientId=consumer-notification-group-3, groupId=notification-group] Connection to node -1 (localhost/127.0.0.1:9092) could not be established. Node may not be available.
2026-07-28T07:38:20.114-07:00  WARN 5484 --- [notification-service] [org.springframework.kafka.KafkaListenerEndpointContainer#4-0-C-1] org.apache.kafka.clients.NetworkClient   : [Consumer clientId=consumer-notification-group-3, groupId=notification-group] Bootstrap broker localhost:9092 (id: -1 rack: null) disconnected
2026-07-28T07:38:20.369-07:00  INFO 5484 --- [notification-service] [org.springframework.kafka.KafkaListenerEndpointContainer#1-0-C-1] org.apache.kafka.clients.NetworkClient   : [Consumer clientId=consumer-notification-group-6, groupId=notification-group] Node -1 disconnected.
2026-07-28T07:38:20.369-07:00  WARN 5484 --- [notification-service] [org.springframework.kafka.KafkaListenerEndpointContainer#1-0-C-1] org.apache.kafka.clients.NetworkClient   : [Consumer clientId=consumer-notification-group-6, groupId=notification-group] Connection to node -1 (localhost/127.0.0.1:9092) could not be established. Node may not be available.
2026-07-28T07:38:20.369-07:00  WARN 5484 --- [notification-service] [org.springframework.kafka.KafkaListenerEndpointContainer#1-0-C-1] org.apache.kafka.clients.NetworkClient   : [Consumer clientId=consumer-notification-group-6, groupId=notification-group] Bootstrap broker localhost:9092 (id: -1 rack: null) disconnected
2026-07-28T07:38:20.499-07:00  INFO 5484 --- [notification-service] [org.springframework.kafka.KafkaListenerEndpointContainer#5-0-C-1] org.apache.kafka.clients.NetworkClient   : [Consumer clientId=consumer-notification-group-4, groupId=notification-group] Node -1 disconnected.
2026-07-28T07:38:20.499-07:00  WARN 5484 --- [notification-service] [org.springframework.kafka.KafkaListenerEndpointContainer#5-0-C-1] org.apache.kafka.clients.NetworkClient   : [Consumer clientId=consumer-notification-group-4, groupId=notification-group] Connection to node -1 (localhost/127.0.0.1:9092) could not be established. Node may not be available.
2026-07-28T07:38:20.500-07:00  WARN 5484 --- [notification-service] [org.springframework.kafka.KafkaListenerEndpointContainer#5-0-C-1] org.apache.kafka.clients.NetworkClient   : [Consumer clientId=consumer-notification-group-4, groupId=notification-group] Bootstrap broker localhost:9092 (id: -1 rack: null) disconnected
2026-07-28T07:38:20.543-07:00  INFO 5484 --- [notification-service] [org.springframework.kafka.KafkaListenerEndpointContainer#2-0-C-1] org.apache.kafka.clients.NetworkClient   : [Consumer clientId=consumer-notification-group-1, groupId=notification-group] Node -1 disconnected.
2026-07-28T07:38:20.543-07:00  WARN 5484 --- [notification-service] [org.springframework.kafka.KafkaListenerEndpointContainer#2-0-C-1] org.apache.kafka.clients.NetworkClient   : [Consumer clientId=consumer-notification-group-1, groupId=notification-group] Connection to node -1 (localhost/127.0.0.1:9092) could not be established. Node may not be available.
2026-07-28T07:38:20.543-07:00  WARN 5484 --- [notification-service] [org.springframework.kafka.KafkaListenerEndpointContainer#2-0-C-1] org.apache.kafka.clients.NetworkClient   : [Consumer clientId=consumer-notification-group-1, groupId=notification-group] Bootstrap broker localhost:9092 (id: -1 rack: null) disconnected
2026-07-28T07:38:20.861-07:00  INFO 5484 --- [notification-service] [org.springframework.kafka.KafkaListenerEndpointContainer#3-0-C-1] org.apache.kafka.clients.NetworkClient   : [Consumer clientId=consumer-notification-group-2, groupId=notification-group] Node -1 disconnected.
2026-07-28T07:38:20.861-07:00  WARN 5484 --- [notification-service] [org.springframework.kafka.KafkaListenerEndpointContainer#3-0-C-1] org.apache.kafka.clients.NetworkClient   : [Consumer clientId=consumer-notification-group-2, groupId=notification-group] Connection to node -1 (localhost/127.0.0.1:9092) could not be established. Node may not be available.
2026-07-28T07:38:20.862-07:00  WARN 5484 --- [notification-service] [org.springframework.kafka.KafkaListenerEndpointContainer#3-0-C-1] org.apache.kafka.clients.NetworkClient   : [Consumer clientId=consumer-notification-group-2, groupId=notification-group] Bootstrap broker localhost:9092 (id: -1 rack: null) disconnected
2026-07-28T07:38:21.000-07:00  INFO 5484 --- [notification-service] [org.springframework.kafka.KafkaListenerEndpointContainer#0-0-C-1] org.apache.kafka.clients.NetworkClient   : [Consumer clientId=consumer-notification-group-5, groupId=notification-group] Node -1 disconnected.
2026-07-28T07:38:21.001-07:00  WARN 5484 --- [notification-service] [org.springframework.kafka.KafkaListenerEndpointContainer#0-0-C-1] org.apache.kafka.clients.NetworkClient   : [Consumer clientId=consumer-notification-group-5, groupId=notification-group] Connection to node -1 (localhost/127.0.0.1:9092) could not be established. Node may not be available.
2026-07-28T07:38:21.001-07:00  WARN 5484 --- [notification-service] [org.springframework.kafka.KafkaListenerEndpointContainer#0-0-C-1] org.apache.kafka.clients.NetworkClient   : [Consumer clientId=consumer-notification-group-5, groupId=notification-group] Bootstrap broker localhost:9092 (id: -1 rack: null) disconnected
2026-07-28T07:38:21.064-07:00  INFO 5484 --- [notification-service] [org.springframework.kafka.KafkaListenerEndpointContainer#4-0-C-1] org.apache.kafka.clients.NetworkClient   : [Consumer clientId=consumer-notification-group-3, groupId=notification-group] Node -1 disconnected.
2026-07-28T07:38:21.064-07:00  WARN 5484 --- [notification-service] [org.springframework.kafka.KafkaListenerEndpointContainer#4-0-C-1] org.apache.kafka.clients.NetworkClient   : [Consumer clientId=consumer-notification-group-3, groupId=notification-group] Connection to node -1 (localhost/127.0.0.1:9092) could not be established. Node may not be available.
2026-07-28T07:38:21.064-07:00  WARN 5484 --- [notification-service] [org.springframework.kafka.KafkaListenerEndpointContainer#4-0-C-1] org.apache.kafka.clients.NetworkClient   : [Consumer clientId=consumer-notification-group-3, groupId=notification-group] Bootstrap broker localhost:9092 (id: -1 rack: null) disconnected
2026-07-28T07:38:21.385-07:00  INFO 5484 --- [notification-service] [org.springframework.kafka.KafkaListenerEndpointContainer#1-0-C-1] org.apache.kafka.clients.NetworkClient   : [Consumer clientId=consumer-notification-group-6, groupId=notification-group] Node -1 disconnected.
2026-07-28T07:38:21.385-07:00  WARN 5484 --- [notification-service] [org.springframework.kafka.KafkaListenerEndpointContainer#1-0-C-1] org.apache.kafka.clients.NetworkClient   : [Consumer clientId=consumer-notification-group-6, groupId=notification-group] Connection to node -1 (localhost/127.0.0.1:9092) could not be established. Node may not be available.
2026-07-28T07:38:21.385-07:00  WARN 5484 --- [notification-service] [org.springframework.kafka.KafkaListenerEndpointContainer#1-0-C-1] org.apache.kafka.clients.NetworkClient   : [Consumer clientId=consumer-notification-group-6, groupId=notification-group] Bootstrap broker localhost:9092 (id: -1 rack: null) disconnected
2026-07-28T07:38:21.512-07:00  INFO 5484 --- [notification-service] [org.springframework.kafka.KafkaListenerEndpointContainer#5-0-C-1] org.apache.kafka.clients.NetworkClient   : [Consumer clientId=consumer-notification-group-4, groupId=notification-group] Node -1 disconnected.
2026-07-28T07:38:21.512-07:00  WARN 5484 --- [notification-service] [org.springframework.kafka.KafkaListenerEndpointContainer#5-0-C-1] org.apache.kafka.clients.NetworkClient   : [Consumer clientId=consumer-notification-group-4, groupId=notification-group] Connection to node -1 (localhost/127.0.0.1:9092) could not be established. Node may not be available.
2026-07-28T07:38:21.512-07:00  WARN 5484 --- [notification-service] [org.springframework.kafka.KafkaListenerEndpointContainer#5-0-C-1] org.apache.kafka.clients.NetworkClient   : [Consumer clientId=consumer-notification-group-4, groupId=notification-group] Bootstrap broker localhost:9092 (id: -1 rack: null) disconnected
2026-07-28T07:38:21.630-07:00  INFO 5484 --- [notification-service] [org.springframework.kafka.KafkaListenerEndpointContainer#2-0-C-1] org.apache.kafka.clients.NetworkClient   : [Consumer clientId=consumer-notification-group-1, groupId=notification-group] Node -1 disconnected.
2026-07-28T07:38:21.630-07:00  WARN 5484 --- [notification-service] [org.springframework.kafka.KafkaListenerEndpointContainer#2-0-C-1] org.apache.kafka.clients.NetworkClient   : [Consumer clientId=consumer-notification-group-1, groupId=notification-group] Connection to node -1 (localhost/127.0.0.1:9092) could not be established. Node may not be available.
2026-07-28T07:38:21.630-07:00  WARN 5484 --- [notification-service] [org.springframework.kafka.KafkaListenerEndpointContainer#2-0-C-1] org.apache.kafka.clients.NetworkClient   : [Consumer clientId=consumer-notification-group-1, groupId=notification-group] Bootstrap broker localhost:9092 (id: -1 rack: null) disconnected
2026-07-28T07:38:21.892-07:00  INFO 5484 --- [notification-service] [org.springframework.kafka.KafkaListenerEndpointContainer#3-0-C-1] org.apache.kafka.clients.NetworkClient   : [Consumer clientId=consumer-notification-group-2, groupId=notification-group] Node -1 disconnected.
2026-07-28T07:38:21.892-07:00  WARN 5484 --- [notification-service] [org.springframework.kafka.KafkaListenerEndpointContainer#3-0-C-1] org.apache.kafka.clients.NetworkClient   : [Consumer clientId=consumer-notification-group-2, groupId=notification-group] Connection to node -1 (localhost/127.0.0.1:9092) could not be established. Node may not be available.
2026-07-28T07:38:21.893-07:00  WARN 5484 --- [notification-service] [org.springframework.kafka.KafkaListenerEndpointContainer#3-0-C-1] org.apache.kafka.clients.NetworkClient   : [Consumer clientId=consumer-notification-group-2, groupId=notification-group] Bootstrap broker localhost:9092 (id: -1 rack: null) disconnected
2026-07-28T07:38:22.001-07:00  INFO 5484 --- [notification-service] [org.springframework.kafka.KafkaListenerEndpointContainer#0-0-C-1] org.apache.kafka.clients.NetworkClient   : [Consumer clientId=consumer-notification-group-5, groupId=notification-group] Node -1 disconnected.
2026-07-28T07:38:22.001-07:00  WARN 5484 --- [notification-service] [org.springframework.kafka.KafkaListenerEndpointContainer#0-0-C-1] org.apache.kafka.clients.NetworkClient   : [Consumer clientId=consumer-notification-group-5, groupId=notification-group] Connection to node -1 (localhost/127.0.0.1:9092) could not be established. Node may not be available.
2026-07-28T07:38:22.001-07:00  WARN 5484 --- [notification-service] [org.springframework.kafka.KafkaListenerEndpointContainer#0-0-C-1] org.apache.kafka.clients.NetworkClient   : [Consumer clientId=consumer-notification-group-5, groupId=notification-group] Bootstrap broker localhost:9092 (id: -1 rack: null) disconnected
2026-07-28T07:38:22.079-07:00  INFO 5484 --- [notification-service] [org.springframework.kafka.KafkaListenerEndpointContainer#4-0-C-1] org.apache.kafka.clients.NetworkClient   : [Consumer clientId=consumer-notification-group-3, groupId=notification-group] Node -1 disconnected.
2026-07-28T07:38:22.079-07:00  WARN 5484 --- [notification-service] [org.springframework.kafka.KafkaListenerEndpointContainer#4-0-C-1] org.apache.kafka.clients.NetworkClient   : [Consumer clientId=consumer-notification-group-3, groupId=notification-group] Connection to node -1 (localhost/127.0.0.1:9092) could not be established. Node may not be available.
2026-07-28T07:38:22.079-07:00  WARN 5484 --- [notification-service] [org.springframework.kafka.KafkaListenerEndpointContainer#4-0-C-1] org.apache.kafka.clients.NetworkClient   : [Consumer clientId=consumer-notification-group-3, groupId=notification-group] Bootstrap broker localhost:9092 (id: -1 rack: null) disconnected
2026-07-28T07:38:22.394-07:00  INFO 5484 --- [notification-service] [org.springframework.kafka.KafkaListenerEndpointContainer#1-0-C-1] org.apache.kafka.clients.NetworkClient   : [Consumer clientId=consumer-notification-group-6, groupId=notification-group] Node -1 disconnected.
2026-07-28T07:38:22.394-07:00  WARN 5484 --- [notification-service] [org.springframework.kafka.KafkaListenerEndpointContainer#1-0-C-1] org.apache.kafka.clients.NetworkClient   : [Consumer clientId=consumer-notification-group-6, groupId=notification-group] Connection to node -1 (localhost/127.0.0.1:9092) could not be established. Node may not be available.
2026-07-28T07:38:22.394-07:00  WARN 5484 --- [notification-service] [org.springframework.kafka.KafkaListenerEndpointContainer#1-0-C-1] org.apache.kafka.clients.NetworkClient   : [Consumer clientId=consumer-notification-group-6, groupId=notification-group] Bootstrap broker localhost:9092 (id: -1 rack: null) disconnected
2026-07-28T07:38:22.441-07:00  INFO 5484 --- [notification-service] [org.springframework.kafka.KafkaListenerEndpointContainer#5-0-C-1] org.apache.kafka.clients.NetworkClient   : [Consumer clientId=consumer-notification-group-4, groupId=notification-group] Node -1 disconnected.
2026-07-28T07:38:22.442-07:00  WARN 5484 --- [notification-service] [org.springframework.kafka.KafkaListenerEndpointContainer#5-0-C-1] org.apache.kafka.clients.NetworkClient   : [Consumer clientId=consumer-notification-group-4, groupId=notification-group] Connection to node -1 (localhost/127.0.0.1:9092) could not be established. Node may not be available.
2026-07-28T07:38:22.442-07:00  WARN 5484 --- [notification-service] [org.springframework.kafka.KafkaListenerEndpointContainer#5-0-C-1] org.apache.kafka.clients.NetworkClient   : [Consumer clientId=consumer-notification-group-4, groupId=notification-group] Bootstrap broker localhost:9092 (id: -1 rack: null) disconnected
2026-07-28T07:38:22.565-07:00  INFO 5484 --- [notification-service] [org.springframework.kafka.KafkaListenerEndpointContainer#2-0-C-1] org.apache.kafka.clients.NetworkClient   : [Consumer clientId=consumer-notification-group-1, groupId=notification-group] Node -1 disconnected.
2026-07-28T07:38:22.565-07:00  WARN 5484 --- [notification-service] [org.springframework.kafka.KafkaListenerEndpointContainer#2-0-C-1] org.apache.kafka.clients.NetworkClient   : [Consumer clientId=consumer-notification-group-1, groupId=notification-group] Connection to node -1 (localhost/127.0.0.1:9092) could not be established. Node may not be available.
2026-07-28T07:38:22.566-07:00  WARN 5484 --- [notification-service] [org.springframework.kafka.KafkaListenerEndpointContainer#2-0-C-1] org.apache.kafka.clients.NetworkClient   : [Consumer clientId=consumer-notification-group-1, groupId=notification-group] Bootstrap broker localhost:9092 (id: -1 rack: null) disconnected
2026-07-28T07:38:22.882-07:00  INFO 5484 --- [notification-service] [org.springframework.kafka.KafkaListenerEndpointContainer#0-0-C-1] org.apache.kafka.clients.NetworkClient   : [Consumer clientId=consumer-notification-group-5, groupId=notification-group] Node -1 disconnected.
2026-07-28T07:38:22.882-07:00  WARN 5484 --- [notification-service] [org.springframework.kafka.KafkaListenerEndpointContainer#0-0-C-1] org.apache.kafka.clients.NetworkClient   : [Consumer clientId=consumer-notification-group-5, groupId=notification-group] Connection to node -1 (localhost/127.0.0.1:9092) could not be established. Node may not be available.
2026-07-28T07:38:22.882-07:00  WARN 5484 --- [notification-service] [org.springframework.kafka.KafkaListenerEndpointContainer#0-0-C-1] org.apache.kafka.clients.NetworkClient   : [Consumer clientId=consumer-notification-group-5, groupId=notification-group] Bootstrap broker localhost:9092 (id: -1 rack: null) disconnected
2026-07-28T07:38:22.898-07:00  INFO 5484 --- [notification-service] [org.springframework.kafka.KafkaListenerEndpointContainer#3-0-C-1] org.apache.kafka.clients.NetworkClient   : [Consumer clientId=consumer-notification-group-2, groupId=notification-group] Node -1 disconnected.
2026-07-28T07:38:22.898-07:00  WARN 5484 --- [notification-service] [org.springframework.kafka.KafkaListenerEndpointContainer#3-0-C-1] org.apache.kafka.clients.NetworkClient   : [Consumer clientId=consumer-notification-group-2, groupId=notification-group] Connection to node -1 (localhost/127.0.0.1:9092) could not be established. Node may not be available.
2026-07-28T07:38:22.898-07:00  WARN 5484 --- [notification-service] [org.springframework.kafka.KafkaListenerEndpointContainer#3-0-C-1] org.apache.kafka.clients.NetworkClient   : [Consumer clientId=consumer-notification-group-2, groupId=notification-group] Bootstrap broker localhost:9092 (id: -1 rack: null) disconnected
2026-07-28T07:38:23.105-07:00  INFO 5484 --- [notification-service] [org.springframework.kafka.KafkaListenerEndpointContainer#4-0-C-1] org.apache.kafka.clients.NetworkClient   : [Consumer clientId=consumer-notification-group-3, groupId=notification-group] Node -1 disconnected.
2026-07-28T07:38:23.105-07:00  WARN 5484 --- [notification-service] [org.springframework.kafka.KafkaListenerEndpointContainer#4-0-C-1] org.apache.kafka.clients.NetworkClient   : [Consumer clientId=consumer-notification-group-3, groupId=notification-group] Connection to node -1 (localhost/127.0.0.1:9092) could not be established. Node may not be available.
2026-07-28T07:38:23.105-07:00  WARN 5484 --- [notification-service] [org.springframework.kafka.KafkaListenerEndpointContainer#4-0-C-1] org.apache.kafka.clients.NetworkClient   : [Consumer clientId=consumer-notification-group-3, groupId=notification-group] Bootstrap broker localhost:9092 (id: -1 rack: null) disconnected
2026-07-28T07:38:23.407-07:00  INFO 5484 --- [notification-service] [org.springframework.kafka.KafkaListenerEndpointContainer#1-0-C-1] org.apache.kafka.clients.NetworkClient   : [Consumer clientId=consumer-notification-group-6, groupId=notification-group] Node -1 disconnected.
2026-07-28T07:38:23.407-07:00  WARN 5484 --- [notification-service] [org.springframework.kafka.KafkaListenerEndpointContainer#1-0-C-1] org.apache.kafka.clients.NetworkClient   : [Consumer clientId=consumer-notification-group-6, groupId=notification-group] Connection to node -1 (localhost/127.0.0.1:9092) could not be established. Node may not be available.
2026-07-28T07:38:23.407-07:00  WARN 5484 --- [notification-service] [org.springframework.kafka.KafkaListenerEndpointContainer#1-0-C-1] org.apache.kafka.clients.NetworkClient   : [Consumer clientId=consumer-notification-group-6, groupId=notification-group] Bootstrap broker localhost:9092 (id: -1 rack: null) disconnected
2026-07-28T07:38:23.471-07:00  INFO 5484 --- [notification-service] [org.springframework.kafka.KafkaListenerEndpointContainer#5-0-C-1] org.apache.kafka.clients.NetworkClient   : [Consumer clientId=consumer-notification-group-4, groupId=notification-group] Node -1 disconnected.
2026-07-28T07:38:23.471-07:00  WARN 5484 --- [notification-service] [org.springframework.kafka.KafkaListenerEndpointContainer#5-0-C-1] org.apache.kafka.clients.NetworkClient   : [Consumer clientId=consumer-notification-group-4, groupId=notification-group] Connection to node -1 (localhost/127.0.0.1:9092) could not be established. Node may not be available.
2026-07-28T07:38:23.471-07:00  WARN 5484 --- [notification-service] [org.springframework.kafka.KafkaListenerEndpointContainer#5-0-C-1] org.apache.kafka.clients.NetworkClient   : [Consumer clientId=consumer-notification-group-4, groupId=notification-group] Bootstrap broker localhost:9092 (id: -1 rack: null) disconnected
2026-07-28T07:38:23.582-07:00  INFO 5484 --- [notification-service] [org.springframework.kafka.KafkaListenerEndpointContainer#2-0-C-1] org.apache.kafka.clients.NetworkClient   : [Consumer clientId=consumer-notification-group-1, groupId=notification-group] Node -1 disconnected.
2026-07-28T07:38:23.583-07:00  WARN 5484 --- [notification-service] [org.springframework.kafka.KafkaListenerEndpointContainer#2-0-C-1] org.apache.kafka.clients.NetworkClient   : [Consumer clientId=consumer-notification-group-1, groupId=notification-group] Connection to node -1 (localhost/127.0.0.1:9092) could not be established. Node may not be available.
2026-07-28T07:38:23.583-07:00  WARN 5484 --- [notification-service] [org.springframework.kafka.KafkaListenerEndpointContainer#2-0-C-1] org.apache.kafka.clients.NetworkClient   : [Consumer clientId=consumer-notification-group-1, groupId=notification-group] Bootstrap broker localhost:9092 (id: -1 rack: null) disconnected
2026-07-28T07:38:23.897-07:00  INFO 5484 --- [notification-service] [org.springframework.kafka.KafkaListenerEndpointContainer#0-0-C-1] org.apache.kafka.clients.NetworkClient   : [Consumer clientId=consumer-notification-group-5, groupId=notification-group] Node -1 disconnected.
2026-07-28T07:38:23.897-07:00  WARN 5484 --- [notification-service] [org.springframework.kafka.KafkaListenerEndpointContainer#0-0-C-1] org.apache.kafka.clients.NetworkClient   : [Consumer clientId=consumer-notification-group-5, groupId=notification-group] Connection to node -1 (localhost/127.0.0.1:9092) could not be established. Node may not be available.
2026-07-28T07:38:23.897-07:00  WARN 5484 --- [notification-service] [org.springframework.kafka.KafkaListenerEndpointContainer#0-0-C-1] org.apache.kafka.clients.NetworkClient   : [Consumer clientId=consumer-notification-group-5, groupId=notification-group] Bootstrap broker localhost:9092 (id: -1 rack: null) disconnected
2026-07-28T07:38:23.913-07:00  INFO 5484 --- [notification-service] [org.springframework.kafka.KafkaListenerEndpointContainer#3-0-C-1] org.apache.kafka.clients.NetworkClient   : [Consumer clientId=consumer-notification-group-2, groupId=notification-group] Node -1 disconnected.
2026-07-28T07:38:23.913-07:00  WARN 5484 --- [notification-service] [org.springframework.kafka.KafkaListenerEndpointContainer#3-0-C-1] org.apache.kafka.clients.NetworkClient   : [Consumer clientId=consumer-notification-group-2, groupId=notification-group] Connection to node -1 (localhost/127.0.0.1:9092) could not be established. Node may not be available.
2026-07-28T07:38:23.913-07:00  WARN 5484 --- [notification-service] [org.springframework.kafka.KafkaListenerEndpointContainer#3-0-C-1] org.apache.kafka.clients.NetworkClient   : [Consumer clientId=consumer-notification-group-2, groupId=notification-group] Bootstrap broker localhost:9092 (id: -1 rack: null) disconnected
2026-07-28T07:38:24.114-07:00  INFO 5484 --- [notification-service] [org.springframework.kafka.KafkaListenerEndpointContainer#4-0-C-1] org.apache.kafka.clients.NetworkClient   : [Consumer clientId=consumer-notification-group-3, groupId=notification-group] Node -1 disconnected.
2026-07-28T07:38:24.115-07:00  WARN 5484 --- [notification-service] [org.springframework.kafka.KafkaListenerEndpointContainer#4-0-C-1] org.apache.kafka.clients.NetworkClient   : [Consumer clientId=consumer-notification-group-3, groupId=notification-group] Connection to node -1 (localhost/127.0.0.1:9092) could not be established. Node may not be available.
2026-07-28T07:38:24.115-07:00  WARN 5484 --- [notification-service] [org.springframework.kafka.KafkaListenerEndpointContainer#4-0-C-1] org.apache.kafka.clients.NetworkClient   : [Consumer clientId=consumer-notification-group-3, groupId=notification-group] Bootstrap broker localhost:9092 (id: -1 rack: null) disconnected
2026-07-28T07:38:24.398-07:00  INFO 5484 --- [notification-service] [org.springframework.kafka.KafkaListenerEndpointContainer#2-0-C-1] org.apache.kafka.clients.NetworkClient   : [Consumer clientId=consumer-notification-group-1, groupId=notification-group] Node -1 disconnected.
2026-07-28T07:38:24.398-07:00  WARN 5484 --- [notification-service] [org.springframework.kafka.KafkaListenerEndpointContainer#2-0-C-1] org.apache.kafka.clients.NetworkClient   : [Consumer clientId=consumer-notification-group-1, groupId=notification-group] Connection to node -1 (localhost/127.0.0.1:9092) could not be established. Node may not be available.
2026-07-28T07:38:24.398-07:00  WARN 5484 --- [notification-service] [org.springframework.kafka.KafkaListenerEndpointContainer#2-0-C-1] org.apache.kafka.clients.NetworkClient   : [Consumer clientId=consumer-notification-group-1, groupId=notification-group] Bootstrap broker localhost:9092 (id: -1 rack: null) disconnected
2026-07-28T07:38:24.413-07:00  INFO 5484 --- [notification-service] [org.springframework.kafka.KafkaListenerEndpointContainer#1-0-C-1] org.apache.kafka.clients.NetworkClient   : [Consumer clientId=consumer-notification-group-6, groupId=notification-group] Node -1 disconnected.
2026-07-28T07:38:24.414-07:00  WARN 5484 --- [notification-service] [org.springframework.kafka.KafkaListenerEndpointContainer#1-0-C-1] org.apache.kafka.clients.NetworkClient   : [Consumer clientId=consumer-notification-group-6, groupId=notification-group] Connection to node -1 (localhost/127.0.0.1:9092) could not be established. Node may not be available.
2026-07-28T07:38:24.414-07:00  WARN 5484 --- [notification-service] [org.springframework.kafka.KafkaListenerEndpointContainer#1-0-C-1] org.apache.kafka.clients.NetworkClient   : [Consumer clientId=consumer-notification-group-6, groupId=notification-group] Bootstrap broker localhost:9092 (id: -1 rack: null) disconnected
2026-07-28T07:38:24.492-07:00  INFO 5484 --- [notification-service] [org.springframework.kafka.KafkaListenerEndpointContainer#5-0-C-1] org.apache.kafka.clients.NetworkClient   : [Consumer clientId=consumer-notification-group-4, groupId=notification-group] Node -1 disconnected.
2026-07-28T07:38:24.492-07:00  WARN 5484 --- [notification-service] [org.springframework.kafka.KafkaListenerEndpointContainer#5-0-C-1] org.apache.kafka.clients.NetworkClient   : [Consumer clientId=consumer-notification-group-4, groupId=notification-group] Connection to node -1 (localhost/127.0.0.1:9092) could not be established. Node may not be available.
2026-07-28T07:38:24.492-07:00  WARN 5484 --- [notification-service] [org.springframework.kafka.KafkaListenerEndpointContainer#5-0-C-1] org.apache.kafka.clients.NetworkClient   : [Consumer clientId=consumer-notification-group-4, groupId=notification-group] Bootstrap broker localhost:9092 (id: -1 rack: null) disconnected
2026-07-28T07:38:24.786-07:00  INFO 5484 --- [notification-service] [org.springframework.kafka.KafkaListenerEndpointContainer#3-0-C-1] org.apache.kafka.clients.NetworkClient   : [Consumer clientId=consumer-notification-group-2, groupId=notification-group] Node -1 disconnected.
2026-07-28T07:38:24.787-07:00  WARN 5484 --- [notification-service] [org.springframework.kafka.KafkaListenerEndpointContainer#3-0-C-1] org.apache.kafka.clients.NetworkClient   : [Consumer clientId=consumer-notification-group-2, groupId=notification-group] Connection to node -1 (localhost/127.0.0.1:9092) could not be established. Node may not be available.
2026-07-28T07:38:24.787-07:00  WARN 5484 --- [notification-service] [org.springframework.kafka.KafkaListenerEndpointContainer#3-0-C-1] org.apache.kafka.clients.NetworkClient   : [Consumer clientId=consumer-notification-group-2, groupId=notification-group] Bootstrap broker localhost:9092 (id: -1 rack: null) disconnected
2026-07-28T07:38:24.834-07:00  INFO 5484 --- [notification-service] [org.springframework.kafka.KafkaListenerEndpointContainer#0-0-C-1] org.apache.kafka.clients.NetworkClient   : [Consumer clientId=consumer-notification-group-5, groupId=notification-group] Node -1 disconnected.
2026-07-28T07:38:24.834-07:00  WARN 5484 --- [notification-service] [org.springframework.kafka.KafkaListenerEndpointContainer#0-0-C-1] org.apache.kafka.clients.NetworkClient   : [Consumer clientId=consumer-notification-group-5, groupId=notification-group] Connection to node -1 (localhost/127.0.0.1:9092) could not be established. Node may not be available.
2026-07-28T07:38:24.834-07:00  WARN 5484 --- [notification-service] [org.springframework.kafka.KafkaListenerEndpointContainer#0-0-C-1] org.apache.kafka.clients.NetworkClient   : [Consumer clientId=consumer-notification-group-5, groupId=notification-group] Bootstrap broker localhost:9092 (id: -1 rack: null) disconnected
2026-07-28T07:38:25.115-07:00  INFO 5484 --- [notification-service] [org.springframework.kafka.KafkaListenerEndpointContainer#4-0-C-1] org.apache.kafka.clients.NetworkClient   : [Consumer clientId=consumer-notification-group-3, groupId=notification-group] Node -1 disconnected.
2026-07-28T07:38:25.115-07:00  WARN 5484 --- [notification-service] [org.springframework.kafka.KafkaListenerEndpointContainer#4-0-C-1] org.apache.kafka.clients.NetworkClient   : [Consumer clientId=consumer-notification-group-3, groupId=notification-group] Connection to node -1 (localhost/127.0.0.1:9092) could not be established. Node may not be available.
2026-07-28T07:38:25.115-07:00  WARN 5484 --- [notification-service] [org.springframework.kafka.KafkaListenerEndpointContainer#4-0-C-1] org.apache.kafka.clients.NetworkClient   : [Consumer clientId=consumer-notification-group-3, groupId=notification-group] Bootstrap broker localhost:9092 (id: -1 rack: null) disconnected
2026-07-28T07:38:25.334-07:00  INFO 5484 --- [notification-service] [org.springframework.kafka.KafkaListenerEndpointContainer#1-0-C-1] org.apache.kafka.clients.NetworkClient   : [Consumer clientId=consumer-notification-group-6, groupId=notification-group] Node -1 disconnected.
2026-07-28T07:38:25.334-07:00  WARN 5484 --- [notification-service] [org.springframework.kafka.KafkaListenerEndpointContainer#1-0-C-1] org.apache.kafka.clients.NetworkClient   : [Consumer clientId=consumer-notification-group-6, groupId=notification-group] Connection to node -1 (localhost/127.0.0.1:9092) could not be established. Node may not be available.
2026-07-28T07:38:25.334-07:00  WARN 5484 --- [notification-service] [org.springframework.kafka.KafkaListenerEndpointContainer#1-0-C-1] org.apache.kafka.clients.NetworkClient   : [Consumer clientId=consumer-notification-group-6, groupId=notification-group] Bootstrap broker localhost:9092 (id: -1 rack: null) disconnected
2026-07-28T07:38:25.459-07:00  INFO 5484 --- [notification-service] [org.springframework.kafka.KafkaListenerEndpointContainer#2-0-C-1] org.apache.kafka.clients.NetworkClient   : [Consumer clientId=consumer-notification-group-1, groupId=notification-group] Node -1 disconnected.
2026-07-28T07:38:25.459-07:00  WARN 5484 --- [notification-service] [org.springframework.kafka.KafkaListenerEndpointContainer#2-0-C-1] org.apache.kafka.clients.NetworkClient   : [Consumer clientId=consumer-notification-group-1, groupId=notification-group] Connection to node -1 (localhost/127.0.0.1:9092) could not be established. Node may not be available.
2026-07-28T07:38:25.459-07:00  WARN 5484 --- [notification-service] [org.springframework.kafka.KafkaListenerEndpointContainer#2-0-C-1] org.apache.kafka.clients.NetworkClient   : [Consumer clientId=consumer-notification-group-1, groupId=notification-group] Bootstrap broker localhost:9092 (id: -1 rack: null) disconnected
2026-07-28T07:38:25.554-07:00  INFO 5484 --- [notification-service] [org.springframework.kafka.KafkaListenerEndpointContainer#5-0-C-1] org.apache.kafka.clients.NetworkClient   : [Consumer clientId=consumer-notification-group-4, groupId=notification-group] Node -1 disconnected.
2026-07-28T07:38:25.554-07:00  WARN 5484 --- [notification-service] [org.springframework.kafka.KafkaListenerEndpointContainer#5-0-C-1] org.apache.kafka.clients.NetworkClient   : [Consumer clientId=consumer-notification-group-4, groupId=notification-group] Connection to node -1 (localhost/127.0.0.1:9092) could not be established. Node may not be available.
2026-07-28T07:38:25.555-07:00  WARN 5484 --- [notification-service] [org.springframework.kafka.KafkaListenerEndpointContainer#5-0-C-1] org.apache.kafka.clients.NetworkClient   : [Consumer clientId=consumer-notification-group-4, groupId=notification-group] Bootstrap broker localhost:9092 (id: -1 rack: null) disconnected
2026-07-28T07:38:25.665-07:00  INFO 5484 --- [notification-service] [org.springframework.kafka.KafkaListenerEndpointContainer#3-0-C-1] org.apache.kafka.clients.NetworkClient   : [Consumer clientId=consumer-notification-group-2, groupId=notification-group] Node -1 disconnected.
2026-07-28T07:38:25.666-07:00  WARN 5484 --- [notification-service] [org.springframework.kafka.KafkaListenerEndpointContainer#3-0-C-1] org.apache.kafka.clients.NetworkClient   : [Consumer clientId=consumer-notification-group-2, groupId=notification-group] Connection to node -1 (localhost/127.0.0.1:9092) could not be established. Node may not be available.
2026-07-28T07:38:25.666-07:00  WARN 5484 --- [notification-service] [org.springframework.kafka.KafkaListenerEndpointContainer#3-0-C-1] org.apache.kafka.clients.NetworkClient   : [Consumer clientId=consumer-notification-group-2, groupId=notification-group] Bootstrap broker localhost:9092 (id: -1 rack: null) disconnected
2026-07-28T07:38:25.777-07:00  INFO 5484 --- [notification-service] [org.springframework.kafka.KafkaListenerEndpointContainer#0-0-C-1] org.apache.kafka.clients.NetworkClient   : [Consumer clientId=consumer-notification-group-5, groupId=notification-group] Node -1 disconnected.
2026-07-28T07:38:25.777-07:00  WARN 5484 --- [notification-service] [org.springframework.kafka.KafkaListenerEndpointContainer#0-0-C-1] org.apache.kafka.clients.NetworkClient   : [Consumer clientId=consumer-notification-group-5, groupId=notification-group] Connection to node -1 (localhost/127.0.0.1:9092) could not be established. Node may not be available.
2026-07-28T07:38:25.777-07:00  WARN 5484 --- [notification-service] [org.springframework.kafka.KafkaListenerEndpointContainer#0-0-C-1] org.apache.kafka.clients.NetworkClient   : [Consumer clientId=consumer-notification-group-5, groupId=notification-group] Bootstrap broker localhost:9092 (id: -1 rack: null) disconnected
2026-07-28T07:38:25.936-07:00  INFO 5484 --- [notification-service] [org.springframework.kafka.KafkaListenerEndpointContainer#4-0-C-1] org.apache.kafka.clients.NetworkClient   : [Consumer clientId=consumer-notification-group-3, groupId=notification-group] Node -1 disconnected.
2026-07-28T07:38:25.936-07:00  WARN 5484 --- [notification-service] [org.springframework.kafka.KafkaListenerEndpointContainer#4-0-C-1] org.apache.kafka.clients.NetworkClient   : [Consumer clientId=consumer-notification-group-3, groupId=notification-group] Connection to node -1 (localhost/127.0.0.1:9092) could not be established. Node may not be available.
2026-07-28T07:38:25.937-07:00  WARN 5484 --- [notification-service] [org.springframework.kafka.KafkaListenerEndpointContainer#4-0-C-1] org.apache.kafka.clients.NetworkClient   : [Consumer clientId=consumer-notification-group-3, groupId=notification-group] Bootstrap broker localhost:9092 (id: -1 rack: null) disconnected
2026-07-28T07:38:26.188-07:00  INFO 5484 --- [notification-service] [org.springframework.kafka.KafkaListenerEndpointContainer#1-0-C-1] org.apache.kafka.clients.NetworkClient   : [Consumer clientId=consumer-notification-group-6, groupId=notification-group] Node -1 disconnected.
2026-07-28T07:38:26.188-07:00  WARN 5484 --- [notification-service] [org.springframework.kafka.KafkaListenerEndpointContainer#1-0-C-1] org.apache.kafka.clients.NetworkClient   : [Consumer clientId=consumer-notification-group-6, groupId=notification-group] Connection to node -1 (localhost/127.0.0.1:9092) could not be established. Node may not be available.
2026-07-28T07:38:26.189-07:00  WARN 5484 --- [notification-service] [org.springframework.kafka.KafkaListenerEndpointContainer#1-0-C-1] org.apache.kafka.clients.NetworkClient   : [Consumer clientId=consumer-notification-group-6, groupId=notification-group] Bootstrap broker localhost:9092 (id: -1 rack: null) disconnected
2026-07-28T07:38:26.427-07:00  INFO 5484 --- [notification-service] [org.springframework.kafka.KafkaListenerEndpointContainer#5-0-C-1] org.apache.kafka.clients.NetworkClient   : [Consumer clientId=consumer-notification-group-4, groupId=notification-group] Node -1 disconnected.
2026-07-28T07:38:26.427-07:00  WARN 5484 --- [notification-service] [org.springframework.kafka.KafkaListenerEndpointContainer#5-0-C-1] org.apache.kafka.clients.NetworkClient   : [Consumer clientId=consumer-notification-group-4, groupId=notification-group] Connection to node -1 (localhost/127.0.0.1:9092) could not be established. Node may not be available.
2026-07-28T07:38:26.427-07:00  WARN 5484 --- [notification-service] [org.springframework.kafka.KafkaListenerEndpointContainer#5-0-C-1] org.apache.kafka.clients.NetworkClient   : [Consumer clientId=consumer-notification-group-4, groupId=notification-group] Bootstrap broker localhost:9092 (id: -1 rack: null) disconnected
2026-07-28T07:38:26.475-07:00  INFO 5484 --- [notification-service] [org.springframework.kafka.KafkaListenerEndpointContainer#2-0-C-1] org.apache.kafka.clients.NetworkClient   : [Consumer clientId=consumer-notification-group-1, groupId=notification-group] Node -1 disconnected.
2026-07-28T07:38:26.475-07:00  WARN 5484 --- [notification-service] [org.springframework.kafka.KafkaListenerEndpointContainer#2-0-C-1] org.apache.kafka.clients.NetworkClient   : [Consumer clientId=consumer-notification-group-1, groupId=notification-group] Connection to node -1 (localhost/127.0.0.1:9092) could not be established. Node may not be available.
2026-07-28T07:38:26.475-07:00  WARN 5484 --- [notification-service] [org.springframework.kafka.KafkaListenerEndpointContainer#2-0-C-1] org.apache.kafka.clients.NetworkClient   : [Consumer clientId=consumer-notification-group-1, groupId=notification-group] Bootstrap broker localhost:9092 (id: -1 rack: null) disconnected
2026-07-28T07:38:26.656-07:00  INFO 5484 --- [notification-service] [org.springframework.kafka.KafkaListenerEndpointContainer#3-0-C-1] org.apache.kafka.clients.NetworkClient   : [Consumer clientId=consumer-notification-group-2, groupId=notification-group] Node -1 disconnected.
2026-07-28T07:38:26.656-07:00  WARN 5484 --- [notification-service] [org.springframework.kafka.KafkaListenerEndpointContainer#3-0-C-1] org.apache.kafka.clients.NetworkClient   : [Consumer clientId=consumer-notification-group-2, groupId=notification-group] Connection to node -1 (localhost/127.0.0.1:9092) could not be established. Node may not be available.
2026-07-28T07:38:26.656-07:00  WARN 5484 --- [notification-service] [org.springframework.kafka.KafkaListenerEndpointContainer#3-0-C-1] org.apache.kafka.clients.NetworkClient   : [Consumer clientId=consumer-notification-group-2, groupId=notification-group] Bootstrap broker localhost:9092 (id: -1 rack: null) disconnected
2026-07-28T07:38:26.789-07:00  INFO 5484 --- [notification-service] [org.springframework.kafka.KafkaListenerEndpointContainer#0-0-C-1] org.apache.kafka.clients.NetworkClient   : [Consumer clientId=consumer-notification-group-5, groupId=notification-group] Node -1 disconnected.
2026-07-28T07:38:26.789-07:00  WARN 5484 --- [notification-service] [org.springframework.kafka.KafkaListenerEndpointContainer#0-0-C-1] org.apache.kafka.clients.NetworkClient   : [Consumer clientId=consumer-notification-group-5, groupId=notification-group] Connection to node -1 (localhost/127.0.0.1:9092) could not be established. Node may not be available.
2026-07-28T07:38:26.789-07:00  WARN 5484 --- [notification-service] [org.springframework.kafka.KafkaListenerEndpointContainer#0-0-C-1] org.apache.kafka.clients.NetworkClient   : [Consumer clientId=consumer-notification-group-5, groupId=notification-group] Bootstrap broker localhost:9092 (id: -1 rack: null) disconnected
2026-07-28T07:38:26.932-07:00  INFO 5484 --- [notification-service] [org.springframework.kafka.KafkaListenerEndpointContainer#4-0-C-1] org.apache.kafka.clients.NetworkClient   : [Consumer clientId=consumer-notification-group-3, groupId=notification-group] Node -1 disconnected.
2026-07-28T07:38:26.932-07:00  WARN 5484 --- [notification-service] [org.springframework.kafka.KafkaListenerEndpointContainer#4-0-C-1] org.apache.kafka.clients.NetworkClient   : [Consumer clientId=consumer-notification-group-3, groupId=notification-group] Connection to node -1 (localhost/127.0.0.1:9092) could not be established. Node may not be available.
2026-07-28T07:38:26.932-07:00  WARN 5484 --- [notification-service] [org.springframework.kafka.KafkaListenerEndpointContainer#4-0-C-1] org.apache.kafka.clients.NetworkClient   : [Consumer clientId=consumer-notification-group-3, groupId=notification-group] Bootstrap broker localhost:9092 (id: -1 rack: null) disconnected
2026-07-28T07:38:27.059-07:00  INFO 5484 --- [notification-service] [org.springframework.kafka.KafkaListenerEndpointContainer#1-0-C-1] org.apache.kafka.clients.NetworkClient   : [Consumer clientId=consumer-notification-group-6, groupId=notification-group] Node -1 disconnected.
2026-07-28T07:38:27.059-07:00  WARN 5484 --- [notification-service] [org.springframework.kafka.KafkaListenerEndpointContainer#1-0-C-1] org.apache.kafka.clients.NetworkClient   : [Consumer clientId=consumer-notification-group-6, groupId=notification-group] Connection to node -1 (localhost/127.0.0.1:9092) could not be established. Node may not be available.
2026-07-28T07:38:27.060-07:00  WARN 5484 --- [notification-service] [org.springframework.kafka.KafkaListenerEndpointContainer#1-0-C-1] org.apache.kafka.clients.NetworkClient   : [Consumer clientId=consumer-notification-group-6, groupId=notification-group] Bootstrap broker localhost:9092 (id: -1 rack: null) disconnected
2026-07-28T07:38:27.314-07:00  INFO 5484 --- [notification-service] [org.springframework.kafka.KafkaListenerEndpointContainer#5-0-C-1] org.apache.kafka.clients.NetworkClient   : [Consumer clientId=consumer-notification-group-4, groupId=notification-group] Node -1 disconnected.
2026-07-28T07:38:27.314-07:00  WARN 5484 --- [notification-service] [org.springframework.kafka.KafkaListenerEndpointContainer#5-0-C-1] org.apache.kafka.clients.NetworkClient   : [Consumer clientId=consumer-notification-group-4, groupId=notification-group] Connection to node -1 (localhost/127.0.0.1:9092) could not be established. Node may not be available.
2026-07-28T07:38:27.315-07:00  WARN 5484 --- [notification-service] [org.springframework.kafka.KafkaListenerEndpointContainer#5-0-C-1] org.apache.kafka.clients.NetworkClient   : [Consumer clientId=consumer-notification-group-4, groupId=notification-group] Bootstrap broker localhost:9092 (id: -1 rack: null) disconnected
2026-07-28T07:38:27.531-07:00  INFO 5484 --- [notification-service] [org.springframework.kafka.KafkaListenerEndpointContainer#2-0-C-1] org.apache.kafka.clients.NetworkClient   : [Consumer clientId=consumer-notification-group-1, groupId=notification-group] Node -1 disconnected.
2026-07-28T07:38:27.531-07:00  WARN 5484 --- [notification-service] [org.springframework.kafka.KafkaListenerEndpointContainer#2-0-C-1] org.apache.kafka.clients.NetworkClient   : [Consumer clientId=consumer-notification-group-1, groupId=notification-group] Connection to node -1 (localhost/127.0.0.1:9092) could not be established. Node may not be available.
2026-07-28T07:38:27.532-07:00  WARN 5484 --- [notification-service] [org.springframework.kafka.KafkaListenerEndpointContainer#2-0-C-1] org.apache.kafka.clients.NetworkClient   : [Consumer clientId=consumer-notification-group-1, groupId=notification-group] Bootstrap broker localhost:9092 (id: -1 rack: null) disconnected
2026-07-28T07:38:27.657-07:00  INFO 5484 --- [notification-service] [org.springframework.kafka.KafkaListenerEndpointContainer#3-0-C-1] org.apache.kafka.clients.NetworkClient   : [Consumer clientId=consumer-notification-group-2, groupId=notification-group] Node -1 disconnected.
2026-07-28T07:38:27.657-07:00  WARN 5484 --- [notification-service] [org.springframework.kafka.KafkaListenerEndpointContainer#3-0-C-1] org.apache.kafka.clients.NetworkClient   : [Consumer clientId=consumer-notification-group-2, groupId=notification-group] Connection to node -1 (localhost/127.0.0.1:9092) could not be established. Node may not be available.
2026-07-28T07:38:27.657-07:00  WARN 5484 --- [notification-service] [org.springframework.kafka.KafkaListenerEndpointContainer#3-0-C-1] org.apache.kafka.clients.NetworkClient   : [Consumer clientId=consumer-notification-group-2, groupId=notification-group] Bootstrap broker localhost:9092 (id: -1 rack: null) disconnected
2026-07-28T07:38:27.801-07:00  INFO 5484 --- [notification-service] [org.springframework.kafka.KafkaListenerEndpointContainer#0-0-C-1] org.apache.kafka.clients.NetworkClient   : [Consumer clientId=consumer-notification-group-5, groupId=notification-group] Node -1 disconnected.
2026-07-28T07:38:27.803-07:00  WARN 5484 --- [notification-service] [org.springframework.kafka.KafkaListenerEndpointContainer#0-0-C-1] org.apache.kafka.clients.NetworkClient   : [Consumer clientId=consumer-notification-group-5, groupId=notification-group] Connection to node -1 (localhost/127.0.0.1:9092) could not be established. Node may not be available.
2026-07-28T07:38:27.806-07:00  WARN 5484 --- [notification-service] [org.springframework.kafka.KafkaListenerEndpointContainer#0-0-C-1] org.apache.kafka.clients.NetworkClient   : [Consumer clientId=consumer-notification-group-5, groupId=notification-group] Bootstrap broker localhost:9092 (id: -1 rack: null) disconnected
2026-07-28T07:38:27.883-07:00  INFO 5484 --- [notification-service] [org.springframework.kafka.KafkaListenerEndpointContainer#4-0-C-1] org.apache.kafka.clients.NetworkClient   : [Consumer clientId=consumer-notification-group-3, groupId=notification-group] Node -1 disconnected.
2026-07-28T07:38:27.884-07:00  WARN 5484 --- [notification-service] [org.springframework.kafka.KafkaListenerEndpointContainer#4-0-C-1] org.apache.kafka.clients.NetworkClient   : [Consumer clientId=consumer-notification-group-3, groupId=notification-group] Connection to node -1 (localhost/127.0.0.1:9092) could not be established. Node may not be available.
2026-07-28T07:38:27.884-07:00  WARN 5484 --- [notification-service] [org.springframework.kafka.KafkaListenerEndpointContainer#4-0-C-1] org.apache.kafka.clients.NetworkClient   : [Consumer clientId=consumer-notification-group-3, groupId=notification-group] Bootstrap broker localhost:9092 (id: -1 rack: null) disconnected
2026-07-28T07:38:28.071-07:00  INFO 5484 --- [notification-service] [org.springframework.kafka.KafkaListenerEndpointContainer#1-0-C-1] org.apache.kafka.clients.NetworkClient   : [Consumer clientId=consumer-notification-group-6, groupId=notification-group] Node -1 disconnected.
2026-07-28T07:38:28.071-07:00  WARN 5484 --- [notification-service] [org.springframework.kafka.KafkaListenerEndpointContainer#1-0-C-1] org.apache.kafka.clients.NetworkClient   : [Consumer clientId=consumer-notification-group-6, groupId=notification-group] Connection to node -1 (localhost/127.0.0.1:9092) could not be established. Node may not be available.
2026-07-28T07:38:28.071-07:00  WARN 5484 --- [notification-service] [org.springframework.kafka.KafkaListenerEndpointContainer#1-0-C-1] org.apache.kafka.clients.NetworkClient   : [Consumer clientId=consumer-notification-group-6, groupId=notification-group] Bootstrap broker localhost:9092 (id: -1 rack: null) disconnected
2026-07-28T07:38:28.199-07:00  INFO 5484 --- [notification-service] [org.springframework.kafka.KafkaListenerEndpointContainer#5-0-C-1] org.apache.kafka.clients.NetworkClient   : [Consumer clientId=consumer-notification-group-4, groupId=notification-group] Node -1 disconnected.
2026-07-28T07:38:28.199-07:00  WARN 5484 --- [notification-service] [org.springframework.kafka.KafkaListenerEndpointContainer#5-0-C-1] org.apache.kafka.clients.NetworkClient   : [Consumer clientId=consumer-notification-group-4, groupId=notification-group] Connection to node -1 (localhost/127.0.0.1:9092) could not be established. Node may not be available.
2026-07-28T07:38:28.199-07:00  WARN 5484 --- [notification-service] [org.springframework.kafka.KafkaListenerEndpointContainer#5-0-C-1] org.apache.kafka.clients.NetworkClient   : [Consumer clientId=consumer-notification-group-4, groupId=notification-group] Bootstrap broker localhost:9092 (id: -1 rack: null) disconnected
2026-07-28T07:38:28.550-07:00  INFO 5484 --- [notification-service] [org.springframework.kafka.KafkaListenerEndpointContainer#2-0-C-1] org.apache.kafka.clients.NetworkClient   : [Consumer clientId=consumer-notification-group-1, groupId=notification-group] Node -1 disconnected.
2026-07-28T07:38:28.550-07:00  WARN 5484 --- [notification-service] [org.springframework.kafka.KafkaListenerEndpointContainer#2-0-C-1] org.apache.kafka.clients.NetworkClient   : [Consumer clientId=consumer-notification-group-1, groupId=notification-group] Connection to node -1 (localhost/127.0.0.1:9092) could not be established. Node may not be available.
2026-07-28T07:38:28.550-07:00  WARN 5484 --- [notification-service] [org.springframework.kafka.KafkaListenerEndpointContainer#2-0-C-1] org.apache.kafka.clients.NetworkClient   : [Consumer clientId=consumer-notification-group-1, groupId=notification-group] Bootstrap broker localhost:9092 (id: -1 rack: null) disconnected
2026-07-28T07:38:28.694-07:00  INFO 5484 --- [notification-service] [org.springframework.kafka.KafkaListenerEndpointContainer#3-0-C-1] org.apache.kafka.clients.NetworkClient   : [Consumer clientId=consumer-notification-group-2, groupId=notification-group] Node -1 disconnected.
2026-07-28T07:38:28.695-07:00  WARN 5484 --- [notification-service] [org.springframework.kafka.KafkaListenerEndpointContainer#3-0-C-1] org.apache.kafka.clients.NetworkClient   : [Consumer clientId=consumer-notification-group-2, groupId=notification-group] Connection to node -1 (localhost/127.0.0.1:9092) could not be established. Node may not be available.
2026-07-28T07:38:28.695-07:00  WARN 5484 --- [notification-service] [org.springframework.kafka.KafkaListenerEndpointContainer#3-0-C-1] org.apache.kafka.clients.NetworkClient   : [Consumer clientId=consumer-notification-group-2, groupId=notification-group] Bootstrap broker localhost:9092 (id: -1 rack: null) disconnected
2026-07-28T07:38:28.696-07:00  INFO 5484 --- [notification-service] [org.springframework.kafka.KafkaListenerEndpointContainer#0-0-C-1] org.apache.kafka.clients.NetworkClient   : [Consumer clientId=consumer-notification-group-5, groupId=notification-group] Node -1 disconnected.
2026-07-28T07:38:28.696-07:00  WARN 5484 --- [notification-service] [org.springframework.kafka.KafkaListenerEndpointContainer#0-0-C-1] org.apache.kafka.clients.NetworkClient   : [Consumer clientId=consumer-notification-group-5, groupId=notification-group] Connection to node -1 (localhost/127.0.0.1:9092) could not be established. Node may not be available.
2026-07-28T07:38:28.696-07:00  WARN 5484 --- [notification-service] [org.springframework.kafka.KafkaListenerEndpointContainer#0-0-C-1] org.apache.kafka.clients.NetworkClient   : [Consumer clientId=consumer-notification-group-5, groupId=notification-group] Bootstrap broker localhost:9092 (id: -1 rack: null) disconnected
2026-07-28T07:38:28.710-07:00  INFO 5484 --- [notification-service] [org.springframework.kafka.KafkaListenerEndpointContainer#4-0-C-1] org.apache.kafka.clients.NetworkClient   : [Consumer clientId=consumer-notification-group-3, groupId=notification-group] Node -1 disconnected.
2026-07-28T07:38:28.710-07:00  WARN 5484 --- [notification-service] [org.springframework.kafka.KafkaListenerEndpointContainer#4-0-C-1] org.apache.kafka.clients.NetworkClient   : [Consumer clientId=consumer-notification-group-3, groupId=notification-group] Connection to node -1 (localhost/127.0.0.1:9092) could not be established. Node may not be available.
2026-07-28T07:38:28.710-07:00  WARN 5484 --- [notification-service] [org.springframework.kafka.KafkaListenerEndpointContainer#4-0-C-1] org.apache.kafka.clients.NetworkClient   : [Consumer clientId=consumer-notification-group-3, groupId=notification-group] Bootstrap broker localhost:9092 (id: -1 rack: null) disconnected
2026-07-28T07:38:29.092-07:00  INFO 5484 --- [notification-service] [org.springframework.kafka.KafkaListenerEndpointContainer#1-0-C-1] org.apache.kafka.clients.NetworkClient   : [Consumer clientId=consumer-notification-group-6, groupId=notification-group] Node -1 disconnected.
2026-07-28T07:38:29.092-07:00  WARN 5484 --- [notification-service] [org.springframework.kafka.KafkaListenerEndpointContainer#1-0-C-1] org.apache.kafka.clients.NetworkClient   : [Consumer clientId=consumer-notification-group-6, groupId=notification-group] Connection to node -1 (localhost/127.0.0.1:9092) could not be established. Node may not be available.
2026-07-28T07:38:29.093-07:00  WARN 5484 --- [notification-service] [org.springframework.kafka.KafkaListenerEndpointContainer#1-0-C-1] org.apache.kafka.clients.NetworkClient   : [Consumer clientId=consumer-notification-group-6, groupId=notification-group] Bootstrap broker localhost:9092 (id: -1 rack: null) disconnected
2026-07-28T07:38:29.092-07:00  INFO 5484 --- [notification-service] [org.springframework.kafka.KafkaListenerEndpointContainer#5-0-C-1] org.apache.kafka.clients.NetworkClient   : [Consumer clientId=consumer-notification-group-4, groupId=notification-group] Node -1 disconnected.
2026-07-28T07:38:29.093-07:00  WARN 5484 --- [notification-service] [org.springframework.kafka.KafkaListenerEndpointContainer#5-0-C-1] org.apache.kafka.clients.NetworkClient   : [Consumer clientId=consumer-notification-group-4, groupId=notification-group] Connection to node -1 (localhost/127.0.0.1:9092) could not be established. Node may not be available.
2026-07-28T07:38:29.093-07:00  WARN 5484 --- [notification-service] [org.springframework.kafka.KafkaListenerEndpointContainer#5-0-C-1] org.apache.kafka.clients.NetworkClient   : [Consumer clientId=consumer-notification-group-4, groupId=notification-group] Bootstrap broker localhost:9092 (id: -1 rack: null) disconnected
2026-07-28T07:38:29.506-07:00  INFO 5484 --- [notification-service] [org.springframework.kafka.KafkaListenerEndpointContainer#2-0-C-1] org.apache.kafka.clients.NetworkClient   : [Consumer clientId=consumer-notification-group-1, groupId=notification-group] Node -1 disconnected.
2026-07-28T07:38:29.506-07:00  WARN 5484 --- [notification-service] [org.springframework.kafka.KafkaListenerEndpointContainer#2-0-C-1] org.apache.kafka.clients.NetworkClient   : [Consumer clientId=consumer-notification-group-1, groupId=notification-group] Connection to node -1 (localhost/127.0.0.1:9092) could not be established. Node may not be available.
2026-07-28T07:38:29.506-07:00  WARN 5484 --- [notification-service] [org.springframework.kafka.KafkaListenerEndpointContainer#2-0-C-1] org.apache.kafka.clients.NetworkClient   : [Consumer clientId=consumer-notification-group-1, groupId=notification-group] Bootstrap broker localhost:9092 (id: -1 rack: null) disconnected
2026-07-28T07:38:29.633-07:00  INFO 5484 --- [notification-service] [org.springframework.kafka.KafkaListenerEndpointContainer#3-0-C-1] org.apache.kafka.clients.NetworkClient   : [Consumer clientId=consumer-notification-group-2, groupId=notification-group] Node -1 disconnected.
2026-07-28T07:38:29.633-07:00  WARN 5484 --- [notification-service] [org.springframework.kafka.KafkaListenerEndpointContainer#3-0-C-1] org.apache.kafka.clients.NetworkClient   : [Consumer clientId=consumer-notification-group-2, groupId=notification-group] Connection to node -1 (localhost/127.0.0.1:9092) could not be established. Node may not be available.
2026-07-28T07:38:29.633-07:00  WARN 5484 --- [notification-service] [org.springframework.kafka.KafkaListenerEndpointContainer#3-0-C-1] org.apache.kafka.clients.NetworkClient   : [Consumer clientId=consumer-notification-group-2, groupId=notification-group] Bootstrap broker localhost:9092 (id: -1 rack: null) disconnected
2026-07-28T07:38:29.696-07:00  INFO 5484 --- [notification-service] [org.springframework.kafka.KafkaListenerEndpointContainer#0-0-C-1] org.apache.kafka.clients.NetworkClient   : [Consumer clientId=consumer-notification-group-5, groupId=notification-group] Node -1 disconnected.
2026-07-28T07:38:29.696-07:00  WARN 5484 --- [notification-service] [org.springframework.kafka.KafkaListenerEndpointContainer#0-0-C-1] org.apache.kafka.clients.NetworkClient   : [Consumer clientId=consumer-notification-group-5, groupId=notification-group] Connection to node -1 (localhost/127.0.0.1:9092) could not be established. Node may not be available.
2026-07-28T07:38:29.697-07:00  WARN 5484 --- [notification-service] [org.springframework.kafka.KafkaListenerEndpointContainer#0-0-C-1] org.apache.kafka.clients.NetworkClient   : [Consumer clientId=consumer-notification-group-5, groupId=notification-group] Bootstrap broker localhost:9092 (id: -1 rack: null) disconnected
2026-07-28T07:38:29.712-07:00  INFO 5484 --- [notification-service] [org.springframework.kafka.KafkaListenerEndpointContainer#4-0-C-1] org.apache.kafka.clients.NetworkClient   : [Consumer clientId=consumer-notification-group-3, groupId=notification-group] Node -1 disconnected.
2026-07-28T07:38:29.712-07:00  WARN 5484 --- [notification-service] [org.springframework.kafka.KafkaListenerEndpointContainer#4-0-C-1] org.apache.kafka.clients.NetworkClient   : [Consumer clientId=consumer-notification-group-3, groupId=notification-group] Connection to node -1 (localhost/127.0.0.1:9092) could not be established. Node may not be available.
2026-07-28T07:38:29.712-07:00  WARN 5484 --- [notification-service] [org.springframework.kafka.KafkaListenerEndpointContainer#4-0-C-1] org.apache.kafka.clients.NetworkClient   : [Consumer clientId=consumer-notification-group-3, groupId=notification-group] Bootstrap broker localhost:9092 (id: -1 rack: null) disconnected
2026-07-28T07:38:30.093-07:00  INFO 5484 --- [notification-service] [org.springframework.kafka.KafkaListenerEndpointContainer#1-0-C-1] org.apache.kafka.clients.NetworkClient   : [Consumer clientId=consumer-notification-group-6, groupId=notification-group] Node -1 disconnected.
2026-07-28T07:38:30.093-07:00  WARN 5484 --- [notification-service] [org.springframework.kafka.KafkaListenerEndpointContainer#1-0-C-1] org.apache.kafka.clients.NetworkClient   : [Consumer clientId=consumer-notification-group-6, groupId=notification-group] Connection to node -1 (localhost/127.0.0.1:9092) could not be established. Node may not be available.
2026-07-28T07:38:30.094-07:00  WARN 5484 --- [notification-service] [org.springframework.kafka.KafkaListenerEndpointContainer#1-0-C-1] org.apache.kafka.clients.NetworkClient   : [Consumer clientId=consumer-notification-group-6, groupId=notification-group] Bootstrap broker localhost:9092 (id: -1 rack: null) disconnected
2026-07-28T07:38:30.109-07:00  INFO 5484 --- [notification-service] [org.springframework.kafka.KafkaListenerEndpointContainer#5-0-C-1] org.apache.kafka.clients.NetworkClient   : [Consumer clientId=consumer-notification-group-4, groupId=notification-group] Node -1 disconnected.
2026-07-28T07:38:30.109-07:00  WARN 5484 --- [notification-service] [org.springframework.kafka.KafkaListenerEndpointContainer#5-0-C-1] org.apache.kafka.clients.NetworkClient   : [Consumer clientId=consumer-notification-group-4, groupId=notification-group] Connection to node -1 (localhost/127.0.0.1:9092) could not be established. Node may not be available.
2026-07-28T07:38:30.109-07:00  WARN 5484 --- [notification-service] [org.springframework.kafka.KafkaListenerEndpointContainer#5-0-C-1] org.apache.kafka.clients.NetworkClient   : [Consumer clientId=consumer-notification-group-4, groupId=notification-group] Bootstrap broker localhost:9092 (id: -1 rack: null) disconnected
2026-07-28T07:38:30.518-07:00  INFO 5484 --- [notification-service] [org.springframework.kafka.KafkaListenerEndpointContainer#2-0-C-1] org.apache.kafka.clients.NetworkClient   : [Consumer clientId=consumer-notification-group-1, groupId=notification-group] Node -1 disconnected.
2026-07-28T07:38:30.518-07:00  INFO 5484 --- [notification-service] [org.springframework.kafka.KafkaListenerEndpointContainer#3-0-C-1] org.apache.kafka.clients.NetworkClient   : [Consumer clientId=consumer-notification-group-2, groupId=notification-group] Node -1 disconnected.
2026-07-28T07:38:30.518-07:00  WARN 5484 --- [notification-service] [org.springframework.kafka.KafkaListenerEndpointContainer#3-0-C-1] org.apache.kafka.clients.NetworkClient   : [Consumer clientId=consumer-notification-group-2, groupId=notification-group] Connection to node -1 (localhost/127.0.0.1:9092) could not be established. Node may not be available.
2026-07-28T07:38:30.518-07:00  WARN 5484 --- [notification-service] [org.springframework.kafka.KafkaListenerEndpointContainer#3-0-C-1] org.apache.kafka.clients.NetworkClient   : [Consumer clientId=consumer-notification-group-2, groupId=notification-group] Bootstrap broker localhost:9092 (id: -1 rack: null) disconnected
2026-07-28T07:38:30.518-07:00  WARN 5484 --- [notification-service] [org.springframework.kafka.KafkaListenerEndpointContainer#2-0-C-1] org.apache.kafka.clients.NetworkClient   : [Consumer clientId=consumer-notification-group-1, groupId=notification-group] Connection to node -1 (localhost/127.0.0.1:9092) could not be established. Node may not be available.
2026-07-28T07:38:30.519-07:00  WARN 5484 --- [notification-service] [org.springframework.kafka.KafkaListenerEndpointContainer#2-0-C-1] org.apache.kafka.clients.NetworkClient   : [Consumer clientId=consumer-notification-group-1, groupId=notification-group] Bootstrap broker localhost:9092 (id: -1 rack: null) disconnected
2026-07-28T07:38:30.582-07:00  INFO 5484 --- [notification-service] [org.springframework.kafka.KafkaListenerEndpointContainer#0-0-C-1] org.apache.kafka.clients.NetworkClient   : [Consumer clientId=consumer-notification-group-5, groupId=notification-group] Node -1 disconnected.
2026-07-28T07:38:30.583-07:00  WARN 5484 --- [notification-service] [org.springframework.kafka.KafkaListenerEndpointContainer#0-0-C-1] org.apache.kafka.clients.NetworkClient   : [Consumer clientId=consumer-notification-group-5, groupId=notification-group] Connection to node -1 (localhost/127.0.0.1:9092) could not be established. Node may not be available.
2026-07-28T07:38:30.583-07:00  WARN 5484 --- [notification-service] [org.springframework.kafka.KafkaListenerEndpointContainer#0-0-C-1] org.apache.kafka.clients.NetworkClient   : [Consumer clientId=consumer-notification-group-5, groupId=notification-group] Bootstrap broker localhost:9092 (id: -1 rack: null) disconnected
2026-07-28T07:38:30.735-07:00  INFO 5484 --- [notification-service] [org.springframework.kafka.KafkaListenerEndpointContainer#4-0-C-1] org.apache.kafka.clients.NetworkClient   : [Consumer clientId=consumer-notification-group-3, groupId=notification-group] Node -1 disconnected.
2026-07-28T07:38:30.736-07:00  WARN 5484 --- [notification-service] [org.springframework.kafka.KafkaListenerEndpointContainer#4-0-C-1] org.apache.kafka.clients.NetworkClient   : [Consumer clientId=consumer-notification-group-3, groupId=notification-group] Connection to node -1 (localhost/127.0.0.1:9092) could not be established. Node may not be available.
2026-07-28T07:38:30.736-07:00  WARN 5484 --- [notification-service] [org.springframework.kafka.KafkaListenerEndpointContainer#4-0-C-1] org.apache.kafka.clients.NetworkClient   : [Consumer clientId=consumer-notification-group-3, groupId=notification-group] Bootstrap broker localhost:9092 (id: -1 rack: null) disconnected
2026-07-28T07:38:30.930-07:00  INFO 5484 --- [notification-service] [org.springframework.kafka.KafkaListenerEndpointContainer#5-0-C-1] org.apache.kafka.clients.NetworkClient   : [Consumer clientId=consumer-notification-group-4, groupId=notification-group] Node -1 disconnected.
2026-07-28T07:38:30.930-07:00  WARN 5484 --- [notification-service] [org.springframework.kafka.KafkaListenerEndpointContainer#5-0-C-1] org.apache.kafka.clients.NetworkClient   : [Consumer clientId=consumer-notification-group-4, groupId=notification-group] Connection to node -1 (localhost/127.0.0.1:9092) could not be established. Node may not be available.
2026-07-28T07:38:30.930-07:00  WARN 5484 --- [notification-service] [org.springframework.kafka.KafkaListenerEndpointContainer#5-0-C-1] org.apache.kafka.clients.NetworkClient   : [Consumer clientId=consumer-notification-group-4, groupId=notification-group] Bootstrap broker localhost:9092 (id: -1 rack: null) disconnected
2026-07-28T07:38:31.105-07:00  INFO 5484 --- [notification-service] [org.springframework.kafka.KafkaListenerEndpointContainer#1-0-C-1] org.apache.kafka.clients.NetworkClient   : [Consumer clientId=consumer-notification-group-6, groupId=notification-group] Node -1 disconnected.
2026-07-28T07:38:31.105-07:00  WARN 5484 --- [notification-service] [org.springframework.kafka.KafkaListenerEndpointContainer#1-0-C-1] org.apache.kafka.clients.NetworkClient   : [Consumer clientId=consumer-notification-group-6, groupId=notification-group] Connection to node -1 (localhost/127.0.0.1:9092) could not be established. Node may not be available.
2026-07-28T07:38:31.105-07:00  WARN 5484 --- [notification-service] [org.springframework.kafka.KafkaListenerEndpointContainer#1-0-C-1] org.apache.kafka.clients.NetworkClient   : [Consumer clientId=consumer-notification-group-6, groupId=notification-group] Bootstrap broker localhost:9092 (id: -1 rack: null) disconnected
2026-07-28T07:38:31.537-07:00  INFO 5484 --- [notification-service] [org.springframework.kafka.KafkaListenerEndpointContainer#2-0-C-1] org.apache.kafka.clients.NetworkClient   : [Consumer clientId=consumer-notification-group-1, groupId=notification-group] Node -1 disconnected.
2026-07-28T07:38:31.537-07:00  WARN 5484 --- [notification-service] [org.springframework.kafka.KafkaListenerEndpointContainer#2-0-C-1] org.apache.kafka.clients.NetworkClient   : [Consumer clientId=consumer-notification-group-1, groupId=notification-group] Connection to node -1 (localhost/127.0.0.1:9092) could not be established. Node may not be available.
2026-07-28T07:38:31.537-07:00  WARN 5484 --- [notification-service] [org.springframework.kafka.KafkaListenerEndpointContainer#2-0-C-1] org.apache.kafka.clients.NetworkClient   : [Consumer clientId=consumer-notification-group-1, groupId=notification-group] Bootstrap broker localhost:9092 (id: -1 rack: null) disconnected
2026-07-28T07:38:31.553-07:00  INFO 5484 --- [notification-service] [org.springframework.kafka.KafkaListenerEndpointContainer#4-0-C-1] org.apache.kafka.clients.NetworkClient   : [Consumer clientId=consumer-notification-group-3, groupId=notification-group] Node -1 disconnected.
2026-07-28T07:38:31.554-07:00  WARN 5484 --- [notification-service] [org.springframework.kafka.KafkaListenerEndpointContainer#4-0-C-1] org.apache.kafka.clients.NetworkClient   : [Consumer clientId=consumer-notification-group-3, groupId=notification-group] Connection to node -1 (localhost/127.0.0.1:9092) could not be established. Node may not be available.
2026-07-28T07:38:31.554-07:00  WARN 5484 --- [notification-service] [org.springframework.kafka.KafkaListenerEndpointContainer#4-0-C-1] org.apache.kafka.clients.NetworkClient   : [Consumer clientId=consumer-notification-group-3, groupId=notification-group] Bootstrap broker localhost:9092 (id: -1 rack: null) disconnected
2026-07-28T07:38:31.569-07:00  INFO 5484 --- [notification-service] [org.springframework.kafka.KafkaListenerEndpointContainer#3-0-C-1] org.apache.kafka.clients.NetworkClient   : [Consumer clientId=consumer-notification-group-2, groupId=notification-group] Node -1 disconnected.
2026-07-28T07:38:31.569-07:00  WARN 5484 --- [notification-service] [org.springframework.kafka.KafkaListenerEndpointContainer#3-0-C-1] org.apache.kafka.clients.NetworkClient   : [Consumer clientId=consumer-notification-group-2, groupId=notification-group] Connection to node -1 (localhost/127.0.0.1:9092) could not be established. Node may not be available.
2026-07-28T07:38:31.569-07:00  WARN 5484 --- [notification-service] [org.springframework.kafka.KafkaListenerEndpointContainer#3-0-C-1] org.apache.kafka.clients.NetworkClient   : [Consumer clientId=consumer-notification-group-2, groupId=notification-group] Bootstrap broker localhost:9092 (id: -1 rack: null) disconnected
2026-07-28T07:38:31.648-07:00  INFO 5484 --- [notification-service] [org.springframework.kafka.KafkaListenerEndpointContainer#0-0-C-1] org.apache.kafka.clients.NetworkClient   : [Consumer clientId=consumer-notification-group-5, groupId=notification-group] Node -1 disconnected.
2026-07-28T07:38:31.648-07:00  WARN 5484 --- [notification-service] [org.springframework.kafka.KafkaListenerEndpointContainer#0-0-C-1] org.apache.kafka.clients.NetworkClient   : [Consumer clientId=consumer-notification-group-5, groupId=notification-group] Connection to node -1 (localhost/127.0.0.1:9092) could not be established. Node may not be available.
2026-07-28T07:38:31.648-07:00  WARN 5484 --- [notification-service] [org.springframework.kafka.KafkaListenerEndpointContainer#0-0-C-1] org.apache.kafka.clients.NetworkClient   : [Consumer clientId=consumer-notification-group-5, groupId=notification-group] Bootstrap broker localhost:9092 (id: -1 rack: null) disconnected
2026-07-28T07:38:31.887-07:00  INFO 5484 --- [notification-service] [org.springframework.kafka.KafkaListenerEndpointContainer#5-0-C-1] org.apache.kafka.clients.NetworkClient   : [Consumer clientId=consumer-notification-group-4, groupId=notification-group] Node -1 disconnected.
2026-07-28T07:38:31.887-07:00  WARN 5484 --- [notification-service] [org.springframework.kafka.KafkaListenerEndpointContainer#5-0-C-1] org.apache.kafka.clients.NetworkClient   : [Consumer clientId=consumer-notification-group-4, groupId=notification-group] Connection to node -1 (localhost/127.0.0.1:9092) could not be established. Node may not be available.
2026-07-28T07:38:31.887-07:00  WARN 5484 --- [notification-service] [org.springframework.kafka.KafkaListenerEndpointContainer#5-0-C-1] org.apache.kafka.clients.NetworkClient   : [Consumer clientId=consumer-notification-group-4, groupId=notification-group] Bootstrap broker localhost:9092 (id: -1 rack: null) disconnected
2026-07-28T07:38:32.031-07:00  INFO 5484 --- [notification-service] [org.springframework.kafka.KafkaListenerEndpointContainer#1-0-C-1] org.apache.kafka.clients.NetworkClient   : [Consumer clientId=consumer-notification-group-6, groupId=notification-group] Node -1 disconnected.
2026-07-28T07:38:32.031-07:00  WARN 5484 --- [notification-service] [org.springframework.kafka.KafkaListenerEndpointContainer#1-0-C-1] org.apache.kafka.clients.NetworkClient   : [Consumer clientId=consumer-notification-group-6, groupId=notification-group] Connection to node -1 (localhost/127.0.0.1:9092) could not be established. Node may not be available.
2026-07-28T07:38:32.031-07:00  WARN 5484 --- [notification-service] [org.springframework.kafka.KafkaListenerEndpointContainer#1-0-C-1] org.apache.kafka.clients.NetworkClient   : [Consumer clientId=consumer-notification-group-6, groupId=notification-group] Bootstrap broker localhost:9092 (id: -1 rack: null) disconnected
2026-07-28T07:38:32.778-07:00  INFO 5484 --- [notification-service] [org.springframework.kafka.KafkaListenerEndpointContainer#4-0-C-1] org.apache.kafka.clients.Metadata        : [Consumer clientId=consumer-notification-group-3, groupId=notification-group] Cluster ID: QehLHqjbSzialHsnxBcYcg
2026-07-28T07:38:32.778-07:00  INFO 5484 --- [notification-service] [org.springframework.kafka.KafkaListenerEndpointContainer#3-0-C-1] org.apache.kafka.clients.Metadata        : [Consumer clientId=consumer-notification-group-2, groupId=notification-group] Cluster ID: QehLHqjbSzialHsnxBcYcg
2026-07-28T07:38:32.778-07:00  INFO 5484 --- [notification-service] [org.springframework.kafka.KafkaListenerEndpointContainer#2-0-C-1] org.apache.kafka.clients.Metadata        : [Consumer clientId=consumer-notification-group-1, groupId=notification-group] Cluster ID: QehLHqjbSzialHsnxBcYcg
2026-07-28T07:38:32.778-07:00  INFO 5484 --- [notification-service] [org.springframework.kafka.KafkaListenerEndpointContainer#0-0-C-1] org.apache.kafka.clients.Metadata        : [Consumer clientId=consumer-notification-group-5, groupId=notification-group] Cluster ID: QehLHqjbSzialHsnxBcYcg
2026-07-28T07:38:32.794-07:00  INFO 5484 --- [notification-service] [org.springframework.kafka.KafkaListenerEndpointContainer#3-0-C-1] o.a.k.c.c.internals.ConsumerCoordinator  : [Consumer clientId=consumer-notification-group-2, groupId=notification-group] Discovered group coordinator localhost:9092 (id: 2147483646 rack: null)
2026-07-28T07:38:32.794-07:00  INFO 5484 --- [notification-service] [org.springframework.kafka.KafkaListenerEndpointContainer#0-0-C-1] o.a.k.c.c.internals.ConsumerCoordinator  : [Consumer clientId=consumer-notification-group-5, groupId=notification-group] Discovered group coordinator localhost:9092 (id: 2147483646 rack: null)
2026-07-28T07:38:32.796-07:00  INFO 5484 --- [notification-service] [org.springframework.kafka.KafkaListenerEndpointContainer#2-0-C-1] o.a.k.c.c.internals.ConsumerCoordinator  : [Consumer clientId=consumer-notification-group-1, groupId=notification-group] Discovered group coordinator localhost:9092 (id: 2147483646 rack: null)
2026-07-28T07:38:32.797-07:00  INFO 5484 --- [notification-service] [org.springframework.kafka.KafkaListenerEndpointContainer#4-0-C-1] o.a.k.c.c.internals.ConsumerCoordinator  : [Consumer clientId=consumer-notification-group-3, groupId=notification-group] Discovered group coordinator localhost:9092 (id: 2147483646 rack: null)
2026-07-28T07:38:32.798-07:00  INFO 5484 --- [notification-service] [org.springframework.kafka.KafkaListenerEndpointContainer#3-0-C-1] o.a.k.c.c.internals.ConsumerCoordinator  : [Consumer clientId=consumer-notification-group-2, groupId=notification-group] (Re-)joining group
2026-07-28T07:38:32.799-07:00  INFO 5484 --- [notification-service] [org.springframework.kafka.KafkaListenerEndpointContainer#2-0-C-1] o.a.k.c.c.internals.ConsumerCoordinator  : [Consumer clientId=consumer-notification-group-1, groupId=notification-group] (Re-)joining group
2026-07-28T07:38:32.798-07:00  INFO 5484 --- [notification-service] [org.springframework.kafka.KafkaListenerEndpointContainer#0-0-C-1] o.a.k.c.c.internals.ConsumerCoordinator  : [Consumer clientId=consumer-notification-group-5, groupId=notification-group] (Re-)joining group
2026-07-28T07:38:32.799-07:00  INFO 5484 --- [notification-service] [org.springframework.kafka.KafkaListenerEndpointContainer#4-0-C-1] o.a.k.c.c.internals.ConsumerCoordinator  : [Consumer clientId=consumer-notification-group-3, groupId=notification-group] (Re-)joining group
2026-07-28T07:38:32.845-07:00  INFO 5484 --- [notification-service] [org.springframework.kafka.KafkaListenerEndpointContainer#4-0-C-1] o.a.k.c.c.internals.ConsumerCoordinator  : [Consumer clientId=consumer-notification-group-3, groupId=notification-group] Request joining group due to: need to re-join with the given member-id: consumer-notification-group-3-749dffd6-42e0-447d-8eea-6febb9747bfc
2026-07-28T07:38:32.846-07:00  INFO 5484 --- [notification-service] [org.springframework.kafka.KafkaListenerEndpointContainer#4-0-C-1] o.a.k.c.c.internals.ConsumerCoordinator  : [Consumer clientId=consumer-notification-group-3, groupId=notification-group] (Re-)joining group
2026-07-28T07:38:32.850-07:00  INFO 5484 --- [notification-service] [org.springframework.kafka.KafkaListenerEndpointContainer#0-0-C-1] o.a.k.c.c.internals.ConsumerCoordinator  : [Consumer clientId=consumer-notification-group-5, groupId=notification-group] Request joining group due to: need to re-join with the given member-id: consumer-notification-group-5-1f37f2d0-dc06-464b-b4f5-e5919befac9d
2026-07-28T07:38:32.851-07:00  INFO 5484 --- [notification-service] [org.springframework.kafka.KafkaListenerEndpointContainer#0-0-C-1] o.a.k.c.c.internals.ConsumerCoordinator  : [Consumer clientId=consumer-notification-group-5, groupId=notification-group] (Re-)joining group
2026-07-28T07:38:32.857-07:00  INFO 5484 --- [notification-service] [org.springframework.kafka.KafkaListenerEndpointContainer#2-0-C-1] o.a.k.c.c.internals.ConsumerCoordinator  : [Consumer clientId=consumer-notification-group-1, groupId=notification-group] Request joining group due to: need to re-join with the given member-id: consumer-notification-group-1-4e2ed867-ee2e-42d4-8753-2e3debe8febd
2026-07-28T07:38:32.857-07:00  INFO 5484 --- [notification-service] [org.springframework.kafka.KafkaListenerEndpointContainer#2-0-C-1] o.a.k.c.c.internals.ConsumerCoordinator  : [Consumer clientId=consumer-notification-group-1, groupId=notification-group] (Re-)joining group
2026-07-28T07:38:32.876-07:00  INFO 5484 --- [notification-service] [org.springframework.kafka.KafkaListenerEndpointContainer#3-0-C-1] o.a.k.c.c.internals.ConsumerCoordinator  : [Consumer clientId=consumer-notification-group-2, groupId=notification-group] Request joining group due to: need to re-join with the given member-id: consumer-notification-group-2-350326df-a217-441f-bfc9-d41b38a5dc64
2026-07-28T07:38:32.877-07:00  INFO 5484 --- [notification-service] [org.springframework.kafka.KafkaListenerEndpointContainer#3-0-C-1] o.a.k.c.c.internals.ConsumerCoordinator  : [Consumer clientId=consumer-notification-group-2, groupId=notification-group] (Re-)joining group
2026-07-28T07:38:32.909-07:00  WARN 5484 --- [notification-service] [org.springframework.kafka.KafkaListenerEndpointContainer#5-0-C-1] org.apache.kafka.clients.NetworkClient   : [Consumer clientId=consumer-notification-group-4, groupId=notification-group] The metadata response from the cluster reported a recoverable issue with correlation id 2 : {chat-notification=UNKNOWN_TOPIC_OR_PARTITION}
2026-07-28T07:38:32.909-07:00  INFO 5484 --- [notification-service] [org.springframework.kafka.KafkaListenerEndpointContainer#5-0-C-1] org.apache.kafka.clients.Metadata        : [Consumer clientId=consumer-notification-group-4, groupId=notification-group] Cluster ID: QehLHqjbSzialHsnxBcYcg
2026-07-28T07:38:32.916-07:00  INFO 5484 --- [notification-service] [org.springframework.kafka.KafkaListenerEndpointContainer#5-0-C-1] o.a.k.c.c.internals.ConsumerCoordinator  : [Consumer clientId=consumer-notification-group-4, groupId=notification-group] Discovered group coordinator localhost:9092 (id: 2147483646 rack: null)
2026-07-28T07:38:32.917-07:00  INFO 5484 --- [notification-service] [org.springframework.kafka.KafkaListenerEndpointContainer#5-0-C-1] o.a.k.c.c.internals.ConsumerCoordinator  : [Consumer clientId=consumer-notification-group-4, groupId=notification-group] (Re-)joining group
2026-07-28T07:38:32.923-07:00  INFO 5484 --- [notification-service] [org.springframework.kafka.KafkaListenerEndpointContainer#5-0-C-1] o.a.k.c.c.internals.ConsumerCoordinator  : [Consumer clientId=consumer-notification-group-4, groupId=notification-group] Request joining group due to: need to re-join with the given member-id: consumer-notification-group-4-9bde64d4-b251-4c73-90f8-6164e3eb1d31
2026-07-28T07:38:32.924-07:00  INFO 5484 --- [notification-service] [org.springframework.kafka.KafkaListenerEndpointContainer#5-0-C-1] o.a.k.c.c.internals.ConsumerCoordinator  : [Consumer clientId=consumer-notification-group-4, groupId=notification-group] (Re-)joining group
2026-07-28T07:38:33.030-07:00  INFO 5484 --- [notification-service] [org.springframework.kafka.KafkaListenerEndpointContainer#1-0-C-1] org.apache.kafka.clients.Metadata        : [Consumer clientId=consumer-notification-group-6, groupId=notification-group] Cluster ID: QehLHqjbSzialHsnxBcYcg
2026-07-28T07:38:33.035-07:00  INFO 5484 --- [notification-service] [org.springframework.kafka.KafkaListenerEndpointContainer#1-0-C-1] o.a.k.c.c.internals.ConsumerCoordinator  : [Consumer clientId=consumer-notification-group-6, groupId=notification-group] Discovered group coordinator localhost:9092 (id: 2147483646 rack: null)
2026-07-28T07:38:33.035-07:00  INFO 5484 --- [notification-service] [org.springframework.kafka.KafkaListenerEndpointContainer#1-0-C-1] o.a.k.c.c.internals.ConsumerCoordinator  : [Consumer clientId=consumer-notification-group-6, groupId=notification-group] (Re-)joining group
2026-07-28T07:38:33.040-07:00  INFO 5484 --- [notification-service] [org.springframework.kafka.KafkaListenerEndpointContainer#1-0-C-1] o.a.k.c.c.internals.ConsumerCoordinator  : [Consumer clientId=consumer-notification-group-6, groupId=notification-group] Request joining group due to: need to re-join with the given member-id: consumer-notification-group-6-550f5a51-9227-40c5-bc8a-3fe4eef43bcf
2026-07-28T07:38:33.040-07:00  INFO 5484 --- [notification-service] [org.springframework.kafka.KafkaListenerEndpointContainer#1-0-C-1] o.a.k.c.c.internals.ConsumerCoordinator  : [Consumer clientId=consumer-notification-group-6, groupId=notification-group] (Re-)joining group
2026-07-28T07:38:35.896-07:00  INFO 5484 --- [notification-service] [org.springframework.kafka.KafkaListenerEndpointContainer#0-0-C-1] o.a.k.c.c.internals.ConsumerCoordinator  : [Consumer clientId=consumer-notification-group-5, groupId=notification-group] Successfully joined group with generation Generation{generationId=49, memberId='consumer-notification-group-5-1f37f2d0-dc06-464b-b4f5-e5919befac9d', protocol='range'}
2026-07-28T07:38:35.899-07:00  INFO 5484 --- [notification-service] [org.springframework.kafka.KafkaListenerEndpointContainer#2-0-C-1] o.a.k.c.c.internals.ConsumerCoordinator  : [Consumer clientId=consumer-notification-group-1, groupId=notification-group] Successfully joined group with generation Generation{generationId=49, memberId='consumer-notification-group-1-4e2ed867-ee2e-42d4-8753-2e3debe8febd', protocol='range'}
2026-07-28T07:38:35.901-07:00  INFO 5484 --- [notification-service] [org.springframework.kafka.KafkaListenerEndpointContainer#1-0-C-1] o.a.k.c.c.internals.ConsumerCoordinator  : [Consumer clientId=consumer-notification-group-6, groupId=notification-group] Successfully joined group with generation Generation{generationId=49, memberId='consumer-notification-group-6-550f5a51-9227-40c5-bc8a-3fe4eef43bcf', protocol='range'}
2026-07-28T07:38:35.902-07:00  INFO 5484 --- [notification-service] [org.springframework.kafka.KafkaListenerEndpointContainer#5-0-C-1] o.a.k.c.c.internals.ConsumerCoordinator  : [Consumer clientId=consumer-notification-group-4, groupId=notification-group] Successfully joined group with generation Generation{generationId=49, memberId='consumer-notification-group-4-9bde64d4-b251-4c73-90f8-6164e3eb1d31', protocol='range'}
2026-07-28T07:38:35.906-07:00  INFO 5484 --- [notification-service] [org.springframework.kafka.KafkaListenerEndpointContainer#4-0-C-1] o.a.k.c.c.internals.ConsumerCoordinator  : [Consumer clientId=consumer-notification-group-3, groupId=notification-group] Successfully joined group with generation Generation{generationId=49, memberId='consumer-notification-group-3-749dffd6-42e0-447d-8eea-6febb9747bfc', protocol='range'}
2026-07-28T07:38:35.906-07:00  INFO 5484 --- [notification-service] [org.springframework.kafka.KafkaListenerEndpointContainer#3-0-C-1] o.a.k.c.c.internals.ConsumerCoordinator  : [Consumer clientId=consumer-notification-group-2, groupId=notification-group] Successfully joined group with generation Generation{generationId=49, memberId='consumer-notification-group-2-350326df-a217-441f-bfc9-d41b38a5dc64', protocol='range'}
2026-07-28T07:38:35.920-07:00  INFO 5484 --- [notification-service] [org.springframework.kafka.KafkaListenerEndpointContainer#4-0-C-1] o.a.k.c.c.internals.ConsumerCoordinator  : [Consumer clientId=consumer-notification-group-3, groupId=notification-group] Finished assignment for group at generation 49: {consumer-notification-group-5-1f37f2d0-dc06-464b-b4f5-e5919befac9d=Assignment(partitions=[notification-topic-0]), consumer-notification-group-1-4e2ed867-ee2e-42d4-8753-2e3debe8febd=Assignment(partitions=[reel-events-0]), consumer-notification-group-6-550f5a51-9227-40c5-bc8a-3fe4eef43bcf=Assignment(partitions=[product-events-0]), consumer-notification-group-4-9bde64d4-b251-4c73-90f8-6164e3eb1d31=Assignment(partitions=[chat-notification-0]), consumer-notification-group-3-749dffd6-42e0-447d-8eea-6febb9747bfc=Assignment(partitions=[shop-events-0]), consumer-notification-group-2-350326df-a217-441f-bfc9-d41b38a5dc64=Assignment(partitions=[service-events-0])}
2026-07-28T07:38:35.975-07:00  INFO 5484 --- [notification-service] [org.springframework.kafka.KafkaListenerEndpointContainer#0-0-C-1] o.a.k.c.c.internals.ConsumerCoordinator  : [Consumer clientId=consumer-notification-group-5, groupId=notification-group] Successfully synced group in generation Generation{generationId=49, memberId='consumer-notification-group-5-1f37f2d0-dc06-464b-b4f5-e5919befac9d', protocol='range'}
2026-07-28T07:38:35.975-07:00  INFO 5484 --- [notification-service] [org.springframework.kafka.KafkaListenerEndpointContainer#0-0-C-1] o.a.k.c.c.internals.ConsumerCoordinator  : [Consumer clientId=consumer-notification-group-5, groupId=notification-group] Notifying assignor about the new Assignment(partitions=[notification-topic-0])
2026-07-28T07:38:35.976-07:00  INFO 5484 --- [notification-service] [org.springframework.kafka.KafkaListenerEndpointContainer#2-0-C-1] o.a.k.c.c.internals.ConsumerCoordinator  : [Consumer clientId=consumer-notification-group-1, groupId=notification-group] Successfully synced group in generation Generation{generationId=49, memberId='consumer-notification-group-1-4e2ed867-ee2e-42d4-8753-2e3debe8febd', protocol='range'}
2026-07-28T07:38:35.976-07:00  INFO 5484 --- [notification-service] [org.springframework.kafka.KafkaListenerEndpointContainer#2-0-C-1] o.a.k.c.c.internals.ConsumerCoordinator  : [Consumer clientId=consumer-notification-group-1, groupId=notification-group] Notifying assignor about the new Assignment(partitions=[reel-events-0])
2026-07-28T07:38:35.977-07:00  INFO 5484 --- [notification-service] [org.springframework.kafka.KafkaListenerEndpointContainer#1-0-C-1] o.a.k.c.c.internals.ConsumerCoordinator  : [Consumer clientId=consumer-notification-group-6, groupId=notification-group] Successfully synced group in generation Generation{generationId=49, memberId='consumer-notification-group-6-550f5a51-9227-40c5-bc8a-3fe4eef43bcf', protocol='range'}
2026-07-28T07:38:35.977-07:00  INFO 5484 --- [notification-service] [org.springframework.kafka.KafkaListenerEndpointContainer#1-0-C-1] o.a.k.c.c.internals.ConsumerCoordinator  : [Consumer clientId=consumer-notification-group-6, groupId=notification-group] Notifying assignor about the new Assignment(partitions=[product-events-0])
2026-07-28T07:38:35.978-07:00  INFO 5484 --- [notification-service] [org.springframework.kafka.KafkaListenerEndpointContainer#5-0-C-1] o.a.k.c.c.internals.ConsumerCoordinator  : [Consumer clientId=consumer-notification-group-4, groupId=notification-group] Successfully synced group in generation Generation{generationId=49, memberId='consumer-notification-group-4-9bde64d4-b251-4c73-90f8-6164e3eb1d31', protocol='range'}
2026-07-28T07:38:35.978-07:00  INFO 5484 --- [notification-service] [org.springframework.kafka.KafkaListenerEndpointContainer#5-0-C-1] o.a.k.c.c.internals.ConsumerCoordinator  : [Consumer clientId=consumer-notification-group-4, groupId=notification-group] Notifying assignor about the new Assignment(partitions=[chat-notification-0])
2026-07-28T07:38:35.980-07:00  INFO 5484 --- [notification-service] [org.springframework.kafka.KafkaListenerEndpointContainer#2-0-C-1] k.c.c.i.ConsumerRebalanceListenerInvoker : [Consumer clientId=consumer-notification-group-1, groupId=notification-group] Adding newly assigned partitions: reel-events-0
2026-07-28T07:38:35.980-07:00  INFO 5484 --- [notification-service] [org.springframework.kafka.KafkaListenerEndpointContainer#5-0-C-1] k.c.c.i.ConsumerRebalanceListenerInvoker : [Consumer clientId=consumer-notification-group-4, groupId=notification-group] Adding newly assigned partitions: chat-notification-0
2026-07-28T07:38:35.980-07:00  INFO 5484 --- [notification-service] [org.springframework.kafka.KafkaListenerEndpointContainer#0-0-C-1] k.c.c.i.ConsumerRebalanceListenerInvoker : [Consumer clientId=consumer-notification-group-5, groupId=notification-group] Adding newly assigned partitions: notification-topic-0
2026-07-28T07:38:35.980-07:00  INFO 5484 --- [notification-service] [org.springframework.kafka.KafkaListenerEndpointContainer#1-0-C-1] k.c.c.i.ConsumerRebalanceListenerInvoker : [Consumer clientId=consumer-notification-group-6, groupId=notification-group] Adding newly assigned partitions: product-events-0
2026-07-28T07:38:35.980-07:00  INFO 5484 --- [notification-service] [org.springframework.kafka.KafkaListenerEndpointContainer#3-0-C-1] o.a.k.c.c.internals.ConsumerCoordinator  : [Consumer clientId=consumer-notification-group-2, groupId=notification-group] Successfully synced group in generation Generation{generationId=49, memberId='consumer-notification-group-2-350326df-a217-441f-bfc9-d41b38a5dc64', protocol='range'}
2026-07-28T07:38:35.981-07:00  INFO 5484 --- [notification-service] [org.springframework.kafka.KafkaListenerEndpointContainer#3-0-C-1] o.a.k.c.c.internals.ConsumerCoordinator  : [Consumer clientId=consumer-notification-group-2, groupId=notification-group] Notifying assignor about the new Assignment(partitions=[service-events-0])
2026-07-28T07:38:35.982-07:00  INFO 5484 --- [notification-service] [org.springframework.kafka.KafkaListenerEndpointContainer#3-0-C-1] k.c.c.i.ConsumerRebalanceListenerInvoker : [Consumer clientId=consumer-notification-group-2, groupId=notification-group] Adding newly assigned partitions: service-events-0
2026-07-28T07:38:35.982-07:00  INFO 5484 --- [notification-service] [org.springframework.kafka.KafkaListenerEndpointContainer#4-0-C-1] o.a.k.c.c.internals.ConsumerCoordinator  : [Consumer clientId=consumer-notification-group-3, groupId=notification-group] Successfully synced group in generation Generation{generationId=49, memberId='consumer-notification-group-3-749dffd6-42e0-447d-8eea-6febb9747bfc', protocol='range'}
2026-07-28T07:38:35.982-07:00  INFO 5484 --- [notification-service] [org.springframework.kafka.KafkaListenerEndpointContainer#4-0-C-1] o.a.k.c.c.internals.ConsumerCoordinator  : [Consumer clientId=consumer-notification-group-3, groupId=notification-group] Notifying assignor about the new Assignment(partitions=[shop-events-0])
2026-07-28T07:38:35.982-07:00  INFO 5484 --- [notification-service] [org.springframework.kafka.KafkaListenerEndpointContainer#4-0-C-1] k.c.c.i.ConsumerRebalanceListenerInvoker : [Consumer clientId=consumer-notification-group-3, groupId=notification-group] Adding newly assigned partitions: shop-events-0
2026-07-28T07:38:36.009-07:00  INFO 5484 --- [notification-service] [org.springframework.kafka.KafkaListenerEndpointContainer#5-0-C-1] o.a.k.c.c.internals.ConsumerCoordinator  : [Consumer clientId=consumer-notification-group-4, groupId=notification-group] Found no committed offset for partition chat-notification-0
2026-07-28T07:38:36.009-07:00  INFO 5484 --- [notification-service] [org.springframework.kafka.KafkaListenerEndpointContainer#3-0-C-1] o.a.k.c.c.internals.ConsumerCoordinator  : [Consumer clientId=consumer-notification-group-2, groupId=notification-group] Found no committed offset for partition service-events-0
2026-07-28T07:38:36.013-07:00  INFO 5484 --- [notification-service] [org.springframework.kafka.KafkaListenerEndpointContainer#0-0-C-1] o.a.k.c.c.internals.ConsumerUtils        : Setting offset for partition notification-topic-0 to the committed offset FetchPosition{offset=17, offsetEpoch=Optional.empty, currentLeader=LeaderAndEpoch{leader=Optional[localhost:9092 (id: 1 rack: null)], epoch=30}}
2026-07-28T07:38:36.013-07:00  INFO 5484 --- [notification-service] [org.springframework.kafka.KafkaListenerEndpointContainer#1-0-C-1] o.a.k.c.c.internals.ConsumerUtils        : Setting offset for partition product-events-0 to the committed offset FetchPosition{offset=10, offsetEpoch=Optional.empty, currentLeader=LeaderAndEpoch{leader=Optional[localhost:9092 (id: 1 rack: null)], epoch=30}}
2026-07-28T07:38:36.013-07:00  INFO 5484 --- [notification-service] [org.springframework.kafka.KafkaListenerEndpointContainer#4-0-C-1] o.a.k.c.c.internals.ConsumerUtils        : Setting offset for partition shop-events-0 to the committed offset FetchPosition{offset=8, offsetEpoch=Optional.empty, currentLeader=LeaderAndEpoch{leader=Optional[localhost:9092 (id: 1 rack: null)], epoch=30}}
2026-07-28T07:38:36.013-07:00  INFO 5484 --- [notification-service] [org.springframework.kafka.KafkaListenerEndpointContainer#2-0-C-1] o.a.k.c.c.internals.ConsumerUtils        : Setting offset for partition reel-events-0 to the committed offset FetchPosition{offset=1, offsetEpoch=Optional.empty, currentLeader=LeaderAndEpoch{leader=Optional[localhost:9092 (id: 1 rack: null)], epoch=30}}
2026-07-28T07:38:36.014-07:00  INFO 5484 --- [notification-service] [org.springframework.kafka.KafkaListenerEndpointContainer#4-0-C-1] o.s.k.l.KafkaMessageListenerContainer    : notification-group: partitions assigned: [shop-events-0]
2026-07-28T07:38:36.014-07:00  INFO 5484 --- [notification-service] [org.springframework.kafka.KafkaListenerEndpointContainer#1-0-C-1] o.s.k.l.KafkaMessageListenerContainer    : notification-group: partitions assigned: [product-events-0]
2026-07-28T07:38:36.015-07:00  INFO 5484 --- [notification-service] [org.springframework.kafka.KafkaListenerEndpointContainer#0-0-C-1] o.s.k.l.KafkaMessageListenerContainer    : notification-group: partitions assigned: [notification-topic-0]
2026-07-28T07:38:36.015-07:00  INFO 5484 --- [notification-service] [org.springframework.kafka.KafkaListenerEndpointContainer#2-0-C-1] o.s.k.l.KafkaMessageListenerContainer    : notification-group: partitions assigned: [reel-events-0]
2026-07-28T07:38:36.040-07:00  INFO 5484 --- [notification-service] [org.springframework.kafka.KafkaListenerEndpointContainer#5-0-C-1] o.a.k.c.c.internals.SubscriptionState    : [Consumer clientId=consumer-notification-group-4, groupId=notification-group] Resetting offset for partition chat-notification-0 to position FetchPosition{offset=0, offsetEpoch=Optional.empty, currentLeader=LeaderAndEpoch{leader=Optional[localhost:9092 (id: 1 rack: null)], epoch=0}}.
2026-07-28T07:38:36.040-07:00  INFO 5484 --- [notification-service] [org.springframework.kafka.KafkaListenerEndpointContainer#3-0-C-1] o.a.k.c.c.internals.SubscriptionState    : [Consumer clientId=consumer-notification-group-2, groupId=notification-group] Resetting offset for partition service-events-0 to position FetchPosition{offset=0, offsetEpoch=Optional.empty, currentLeader=LeaderAndEpoch{leader=Optional[localhost:9092 (id: 1 rack: null)], epoch=30}}.
2026-07-28T07:38:36.040-07:00  INFO 5484 --- [notification-service] [org.springframework.kafka.KafkaListenerEndpointContainer#5-0-C-1] o.s.k.l.KafkaMessageListenerContainer    : notification-group: partitions assigned: [chat-notification-0]
2026-07-28T07:38:36.040-07:00  INFO 5484 --- [notification-service] [org.springframework.kafka.KafkaListenerEndpointContainer#3-0-C-1] o.s.k.l.KafkaMessageListenerContainer    : notification-group: partitions assigned: [service-events-0]
2026-07-28T07:38:37.289-07:00  INFO 5484 --- [notification-service] [org.springframework.kafka.KafkaListenerEndpointContainer#4-0-C-1] org.apache.kafka.clients.NetworkClient   : [Consumer clientId=consumer-notification-group-3, groupId=notification-group] Node 1 disconnected.
2026-07-28T07:38:37.289-07:00  INFO 5484 --- [notification-service] [org.springframework.kafka.KafkaListenerEndpointContainer#0-0-C-1] org.apache.kafka.clients.NetworkClient   : [Consumer clientId=consumer-notification-group-5, groupId=notification-group] Node 1 disconnected.
2026-07-28T07:38:37.289-07:00  INFO 5484 --- [notification-service] [org.springframework.kafka.KafkaListenerEndpointContainer#3-0-C-1] org.apache.kafka.clients.NetworkClient   : [Consumer clientId=consumer-notification-group-2, groupId=notification-group] Node -1 disconnected.
2026-07-28T07:38:37.289-07:00  INFO 5484 --- [notification-service] [org.springframework.kafka.KafkaListenerEndpointContainer#2-0-C-1] org.apache.kafka.clients.NetworkClient   : [Consumer clientId=consumer-notification-group-1, groupId=notification-group] Node 1 disconnected.
2026-07-28T07:38:37.290-07:00  INFO 5484 --- [notification-service] [org.springframework.kafka.KafkaListenerEndpointContainer#0-0-C-1] org.apache.kafka.clients.NetworkClient   : [Consumer clientId=consumer-notification-group-5, groupId=notification-group] Cancelled in-flight FETCH request with correlation id 19 due to node 1 being disconnected (elapsed time since creation: 531ms, elapsed time since send: 531ms, throttle time: 0ms, request timeout: 30000ms)
2026-07-28T07:38:37.290-07:00  INFO 5484 --- [notification-service] [org.springframework.kafka.KafkaListenerEndpointContainer#4-0-C-1] org.apache.kafka.clients.NetworkClient   : [Consumer clientId=consumer-notification-group-3, groupId=notification-group] Cancelled in-flight FETCH request with correlation id 23 due to node 1 being disconnected (elapsed time since creation: 511ms, elapsed time since send: 511ms, throttle time: 0ms, request timeout: 30000ms)
2026-07-28T07:38:37.290-07:00  INFO 5484 --- [notification-service] [org.springframework.kafka.KafkaListenerEndpointContainer#2-0-C-1] org.apache.kafka.clients.NetworkClient   : [Consumer clientId=consumer-notification-group-1, groupId=notification-group] Cancelled in-flight FETCH request with correlation id 21 due to node 1 being disconnected (elapsed time since creation: 513ms, elapsed time since send: 513ms, throttle time: 0ms, request timeout: 30000ms)
2026-07-28T07:38:37.290-07:00  INFO 5484 --- [notification-service] [org.springframework.kafka.KafkaListenerEndpointContainer#0-0-C-1] org.apache.kafka.clients.NetworkClient   : [Consumer clientId=consumer-notification-group-5, groupId=notification-group] Cancelled in-flight METADATA request with correlation id 20 due to node 1 being disconnected (elapsed time since creation: 490ms, elapsed time since send: 490ms, throttle time: 0ms, request timeout: 30000ms)
2026-07-28T07:38:37.290-07:00  INFO 5484 --- [notification-service] [org.springframework.kafka.KafkaListenerEndpointContainer#4-0-C-1] org.apache.kafka.clients.NetworkClient   : [Consumer clientId=consumer-notification-group-3, groupId=notification-group] Cancelled in-flight METADATA request with correlation id 24 due to node 1 being disconnected (elapsed time since creation: 470ms, elapsed time since send: 470ms, throttle time: 0ms, request timeout: 30000ms)
2026-07-28T07:38:37.290-07:00  INFO 5484 --- [notification-service] [org.springframework.kafka.KafkaListenerEndpointContainer#2-0-C-1] org.apache.kafka.clients.NetworkClient   : [Consumer clientId=consumer-notification-group-1, groupId=notification-group] Cancelled in-flight METADATA request with correlation id 22 due to node 1 being disconnected (elapsed time since creation: 480ms, elapsed time since send: 480ms, throttle time: 0ms, request timeout: 30000ms)
2026-07-28T07:38:37.291-07:00  INFO 5484 --- [notification-service] [kafka-coordinator-heartbeat-thread | notification-group] org.apache.kafka.clients.NetworkClient   : [Consumer clientId=consumer-notification-group-2, groupId=notification-group] Node 1 disconnected.
2026-07-28T07:38:37.291-07:00  INFO 5484 --- [notification-service] [kafka-coordinator-heartbeat-thread | notification-group] org.apache.kafka.clients.NetworkClient   : [Consumer clientId=consumer-notification-group-2, groupId=notification-group] Cancelled in-flight FETCH request with correlation id 16 due to node 1 being disconnected (elapsed time since creation: 517ms, elapsed time since send: 517ms, throttle time: 0ms, request timeout: 30000ms)
2026-07-28T07:38:37.291-07:00  INFO 5484 --- [notification-service] [kafka-coordinator-heartbeat-thread | notification-group] org.apache.kafka.clients.NetworkClient   : [Consumer clientId=consumer-notification-group-2, groupId=notification-group] Cancelled in-flight METADATA request with correlation id 17 due to node 1 being disconnected (elapsed time since creation: 411ms, elapsed time since send: 411ms, throttle time: 0ms, request timeout: 30000ms)
2026-07-28T07:38:37.291-07:00  INFO 5484 --- [notification-service] [org.springframework.kafka.KafkaListenerEndpointContainer#1-0-C-1] org.apache.kafka.clients.NetworkClient   : [Consumer clientId=consumer-notification-group-6, groupId=notification-group] Node -1 disconnected.
2026-07-28T07:38:37.291-07:00  INFO 5484 --- [notification-service] [kafka-coordinator-heartbeat-thread | notification-group] org.apache.kafka.clients.NetworkClient   : [Consumer clientId=consumer-notification-group-2, groupId=notification-group] Node 2147483646 disconnected.
2026-07-28T07:38:37.291-07:00  INFO 5484 --- [notification-service] [kafka-coordinator-heartbeat-thread | notification-group] org.apache.kafka.clients.NetworkClient   : [Consumer clientId=consumer-notification-group-5, groupId=notification-group] Node -1 disconnected.
2026-07-28T07:38:37.291-07:00  INFO 5484 --- [notification-service] [kafka-coordinator-heartbeat-thread | notification-group] org.apache.kafka.clients.NetworkClient   : [Consumer clientId=consumer-notification-group-5, groupId=notification-group] Node 2147483646 disconnected.
2026-07-28T07:38:37.292-07:00  INFO 5484 --- [notification-service] [kafka-coordinator-heartbeat-thread | notification-group] o.a.k.c.c.internals.ConsumerCoordinator  : [Consumer clientId=consumer-notification-group-5, groupId=notification-group] Group coordinator localhost:9092 (id: 2147483646 rack: null) is unavailable or invalid due to cause: coordinator unavailable. isDisconnected: true. Rediscovery will be attempted.
2026-07-28T07:38:37.291-07:00  INFO 5484 --- [notification-service] [kafka-coordinator-heartbeat-thread | notification-group] org.apache.kafka.clients.NetworkClient   : [Consumer clientId=consumer-notification-group-1, groupId=notification-group] Node -1 disconnected.
2026-07-28T07:38:37.291-07:00  INFO 5484 --- [notification-service] [kafka-coordinator-heartbeat-thread | notification-group] org.apache.kafka.clients.NetworkClient   : [Consumer clientId=consumer-notification-group-3, groupId=notification-group] Node -1 disconnected.
2026-07-28T07:38:37.291-07:00  INFO 5484 --- [notification-service] [org.springframework.kafka.KafkaListenerEndpointContainer#5-0-C-1] org.apache.kafka.clients.NetworkClient   : [Consumer clientId=consumer-notification-group-4, groupId=notification-group] Node -1 disconnected.
2026-07-28T07:38:37.292-07:00  INFO 5484 --- [notification-service] [kafka-coordinator-heartbeat-thread | notification-group] org.apache.kafka.clients.NetworkClient   : [Consumer clientId=consumer-notification-group-3, groupId=notification-group] Node 2147483646 disconnected.
2026-07-28T07:38:37.292-07:00  INFO 5484 --- [notification-service] [kafka-coordinator-heartbeat-thread | notification-group] org.apache.kafka.clients.NetworkClient   : [Consumer clientId=consumer-notification-group-6, groupId=notification-group] Node 1 disconnected.
2026-07-28T07:38:37.292-07:00  INFO 5484 --- [notification-service] [kafka-coordinator-heartbeat-thread | notification-group] org.apache.kafka.clients.NetworkClient   : [Consumer clientId=consumer-notification-group-1, groupId=notification-group] Node 2147483646 disconnected.
2026-07-28T07:38:37.292-07:00  INFO 5484 --- [notification-service] [kafka-coordinator-heartbeat-thread | notification-group] org.apache.kafka.clients.NetworkClient   : [Consumer clientId=consumer-notification-group-6, groupId=notification-group] Cancelled in-flight FETCH request with correlation id 18 due to node 1 being disconnected (elapsed time since creation: 515ms, elapsed time since send: 515ms, throttle time: 0ms, request timeout: 30000ms)
2026-07-28T07:38:37.292-07:00  INFO 5484 --- [notification-service] [kafka-coordinator-heartbeat-thread | notification-group] org.apache.kafka.clients.NetworkClient   : [Consumer clientId=consumer-notification-group-6, groupId=notification-group] Cancelled in-flight METADATA request with correlation id 19 due to node 1 being disconnected (elapsed time since creation: 464ms, elapsed time since send: 464ms, throttle time: 0ms, request timeout: 30000ms)
2026-07-28T07:38:37.292-07:00  INFO 5484 --- [notification-service] [kafka-coordinator-heartbeat-thread | notification-group] org.apache.kafka.clients.NetworkClient   : [Consumer clientId=consumer-notification-group-6, groupId=notification-group] Node 2147483646 disconnected.
2026-07-28T07:38:37.292-07:00  INFO 5484 --- [notification-service] [kafka-coordinator-heartbeat-thread | notification-group] o.a.k.c.c.internals.ConsumerCoordinator  : [Consumer clientId=consumer-notification-group-3, groupId=notification-group] Group coordinator localhost:9092 (id: 2147483646 rack: null) is unavailable or invalid due to cause: coordinator unavailable. isDisconnected: true. Rediscovery will be attempted.
2026-07-28T07:38:37.292-07:00  INFO 5484 --- [notification-service] [kafka-coordinator-heartbeat-thread | notification-group] o.a.k.c.c.internals.ConsumerCoordinator  : [Consumer clientId=consumer-notification-group-1, groupId=notification-group] Group coordinator localhost:9092 (id: 2147483646 rack: null) is unavailable or invalid due to cause: coordinator unavailable. isDisconnected: true. Rediscovery will be attempted.
2026-07-28T07:38:37.292-07:00  INFO 5484 --- [notification-service] [kafka-coordinator-heartbeat-thread | notification-group] org.apache.kafka.clients.NetworkClient   : [Consumer clientId=consumer-notification-group-4, groupId=notification-group] Node 1 disconnected.
2026-07-28T07:38:37.293-07:00  INFO 5484 --- [notification-service] [kafka-coordinator-heartbeat-thread | notification-group] org.apache.kafka.clients.NetworkClient   : [Consumer clientId=consumer-notification-group-4, groupId=notification-group] Cancelled in-flight FETCH request with correlation id 20 due to node 1 being disconnected (elapsed time since creation: 513ms, elapsed time since send: 513ms, throttle time: 0ms, request timeout: 30000ms)
2026-07-28T07:38:37.293-07:00  INFO 5484 --- [notification-service] [kafka-coordinator-heartbeat-thread | notification-group] org.apache.kafka.clients.NetworkClient   : [Consumer clientId=consumer-notification-group-4, groupId=notification-group] Cancelled in-flight METADATA request with correlation id 21 due to node 1 being disconnected (elapsed time since creation: 440ms, elapsed time since send: 440ms, throttle time: 0ms, request timeout: 30000ms)
2026-07-28T07:38:37.293-07:00  INFO 5484 --- [notification-service] [kafka-coordinator-heartbeat-thread | notification-group] org.apache.kafka.clients.NetworkClient   : [Consumer clientId=consumer-notification-group-4, groupId=notification-group] Node 2147483646 disconnected.
2026-07-28T07:38:37.290-07:00  INFO 5484 --- [notification-service] [org.springframework.kafka.KafkaListenerEndpointContainer#0-0-C-1] o.a.kafka.clients.FetchSessionHandler    : [Consumer clientId=consumer-notification-group-5, groupId=notification-group] Error sending fetch request (sessionId=874192309, epoch=7) to node 1:

org.apache.kafka.common.errors.DisconnectException

2026-07-28T07:38:37.293-07:00  INFO 5484 --- [notification-service] [kafka-coordinator-heartbeat-thread | notification-group] o.a.kafka.clients.FetchSessionHandler    : [Consumer clientId=consumer-notification-group-6, groupId=notification-group] Error sending fetch request (sessionId=289086852, epoch=6) to node 1:

org.apache.kafka.common.errors.DisconnectException

2026-07-28T07:38:37.293-07:00  INFO 5484 --- [notification-service] [kafka-coordinator-heartbeat-thread | notification-group] o.a.kafka.clients.FetchSessionHandler    : [Consumer clientId=consumer-notification-group-4, groupId=notification-group] Error sending fetch request (sessionId=1150931964, epoch=6) to node 1:

org.apache.kafka.common.errors.DisconnectException

2026-07-28T07:38:37.290-07:00  INFO 5484 --- [notification-service] [org.springframework.kafka.KafkaListenerEndpointContainer#4-0-C-1] o.a.kafka.clients.FetchSessionHandler    : [Consumer clientId=consumer-notification-group-3, groupId=notification-group] Error sending fetch request (sessionId=70066163, epoch=10) to node 1:

org.apache.kafka.common.errors.DisconnectException

2026-07-28T07:38:37.290-07:00  INFO 5484 --- [notification-service] [org.springframework.kafka.KafkaListenerEndpointContainer#2-0-C-1] o.a.kafka.clients.FetchSessionHandler    : [Consumer clientId=consumer-notification-group-1, groupId=notification-group] Error sending fetch request (sessionId=563318543, epoch=9) to node 1:

org.apache.kafka.common.errors.DisconnectException

2026-07-28T07:38:37.296-07:00  INFO 5484 --- [notification-service] [kafka-coordinator-heartbeat-thread | notification-group] o.a.k.c.c.internals.ConsumerCoordinator  : [Consumer clientId=consumer-notification-group-4, groupId=notification-group] Group coordinator localhost:9092 (id: 2147483646 rack: null) is unavailable or invalid due to cause: coordinator unavailable. isDisconnected: true. Rediscovery will be attempted.
2026-07-28T07:38:37.291-07:00  INFO 5484 --- [notification-service] [kafka-coordinator-heartbeat-thread | notification-group] o.a.kafka.clients.FetchSessionHandler    : [Consumer clientId=consumer-notification-group-2, groupId=notification-group] Error sending fetch request (sessionId=1494541855, epoch=3) to node 1:

org.apache.kafka.common.errors.DisconnectException

2026-07-28T07:38:37.296-07:00  INFO 5484 --- [notification-service] [kafka-coordinator-heartbeat-thread | notification-group] o.a.k.c.c.internals.ConsumerCoordinator  : [Consumer clientId=consumer-notification-group-2, groupId=notification-group] Group coordinator localhost:9092 (id: 2147483646 rack: null) is unavailable or invalid due to cause: coordinator unavailable. isDisconnected: true. Rediscovery will be attempted.
2026-07-28T07:38:37.295-07:00  INFO 5484 --- [notification-service] [kafka-coordinator-heartbeat-thread | notification-group] o.a.k.c.c.internals.ConsumerCoordinator  : [Consumer clientId=consumer-notification-group-6, groupId=notification-group] Group coordinator localhost:9092 (id: 2147483646 rack: null) is unavailable or invalid due to cause: coordinator unavailable. isDisconnected: true. Rediscovery will be attempted.
2026-07-28T07:38:37.379-07:00  INFO 5484 --- [notification-service] [org.springframework.kafka.KafkaListenerEndpointContainer#2-0-C-1] org.apache.kafka.clients.NetworkClient   : [Consumer clientId=consumer-notification-group-1, groupId=notification-group] Node 1 disconnected.
2026-07-28T07:38:37.379-07:00  WARN 5484 --- [notification-service] [org.springframework.kafka.KafkaListenerEndpointContainer#2-0-C-1] org.apache.kafka.clients.NetworkClient   : [Consumer clientId=consumer-notification-group-1, groupId=notification-group] Connection to node 1 (localhost/127.0.0.1:9092) could not be established. Node may not be available.
2026-07-28T07:38:37.385-07:00  INFO 5484 --- [notification-service] [org.springframework.kafka.KafkaListenerEndpointContainer#1-0-C-1] org.apache.kafka.clients.NetworkClient   : [Consumer clientId=consumer-notification-group-6, groupId=notification-group] Node 1 disconnected.
2026-07-28T07:38:37.385-07:00  WARN 5484 --- [notification-service] [org.springframework.kafka.KafkaListenerEndpointContainer#1-0-C-1] org.apache.kafka.clients.NetworkClient   : [Consumer clientId=consumer-notification-group-6, groupId=notification-group] Connection to node 1 (localhost/127.0.0.1:9092) could not be established. Node may not be available.
2026-07-28T07:38:37.401-07:00  INFO 5484 --- [notification-service] [org.springframework.kafka.KafkaListenerEndpointContainer#3-0-C-1] org.apache.kafka.clients.NetworkClient   : [Consumer clientId=consumer-notification-group-2, groupId=notification-group] Node 1 disconnected.
2026-07-28T07:38:37.401-07:00  WARN 5484 --- [notification-service] [org.springframework.kafka.KafkaListenerEndpointContainer#3-0-C-1] org.apache.kafka.clients.NetworkClient   : [Consumer clientId=consumer-notification-group-2, groupId=notification-group] Connection to node 1 (localhost/127.0.0.1:9092) could not be established. Node may not be available.
2026-07-28T07:38:37.402-07:00  INFO 5484 --- [notification-service] [org.springframework.kafka.KafkaListenerEndpointContainer#0-0-C-1] org.apache.kafka.clients.NetworkClient   : [Consumer clientId=consumer-notification-group-5, groupId=notification-group] Node 1 disconnected.
2026-07-28T07:38:37.402-07:00  WARN 5484 --- [notification-service] [org.springframework.kafka.KafkaListenerEndpointContainer#0-0-C-1] org.apache.kafka.clients.NetworkClient   : [Consumer clientId=consumer-notification-group-5, groupId=notification-group] Connection to node 1 (localhost/127.0.0.1:9092) could not be established. Node may not be available.
2026-07-28T07:38:37.404-07:00  INFO 5484 --- [notification-service] [org.springframework.kafka.KafkaListenerEndpointContainer#5-0-C-1] org.apache.kafka.clients.NetworkClient   : [Consumer clientId=consumer-notification-group-4, groupId=notification-group] Node 1 disconnected.
2026-07-28T07:38:37.404-07:00  WARN 5484 --- [notification-service] [org.springframework.kafka.KafkaListenerEndpointContainer#5-0-C-1] org.apache.kafka.clients.NetworkClient   : [Consumer clientId=consumer-notification-group-4, groupId=notification-group] Connection to node 1 (localhost/127.0.0.1:9092) could not be established. Node may not be available.
2026-07-28T07:38:37.405-07:00  INFO 5484 --- [notification-service] [org.springframework.kafka.KafkaListenerEndpointContainer#4-0-C-1] org.apache.kafka.clients.NetworkClient   : [Consumer clientId=consumer-notification-group-3, groupId=notification-group] Node 1 disconnected.
2026-07-28T07:38:37.405-07:00  WARN 5484 --- [notification-service] [org.springframework.kafka.KafkaListenerEndpointContainer#4-0-C-1] org.apache.kafka.clients.NetworkClient   : [Consumer clientId=consumer-notification-group-3, groupId=notification-group] Connection to node 1 (localhost/127.0.0.1:9092) could not be established. Node may not be available.
2026-07-28T07:38:37.495-07:00  INFO 5484 --- [notification-service] [org.springframework.kafka.KafkaListenerEndpointContainer#1-0-C-1] org.apache.kafka.clients.NetworkClient   : [Consumer clientId=consumer-notification-group-6, groupId=notification-group] Node 1 disconnected.
2026-07-28T07:38:37.495-07:00  WARN 5484 --- [notification-service] [org.springframework.kafka.KafkaListenerEndpointContainer#1-0-C-1] org.apache.kafka.clients.NetworkClient   : [Consumer clientId=consumer-notification-group-6, groupId=notification-group] Connection to node 1 (localhost/127.0.0.1:9092) could not be established. Node may not be available.
2026-07-28T07:38:37.503-07:00  INFO 5484 --- [notification-service] [org.springframework.kafka.KafkaListenerEndpointContainer#2-0-C-1] org.apache.kafka.clients.NetworkClient   : [Consumer clientId=consumer-notification-group-1, groupId=notification-group] Node 1 disconnected.
2026-07-28T07:38:37.503-07:00  WARN 5484 --- [notification-service] [org.springframework.kafka.KafkaListenerEndpointContainer#2-0-C-1] org.apache.kafka.clients.NetworkClient   : [Consumer clientId=consumer-notification-group-1, groupId=notification-group] Connection to node 1 (localhost/127.0.0.1:9092) could not be established. Node may not be available.
2026-07-28T07:38:37.605-07:00  INFO 5484 --- [notification-service] [org.springframework.kafka.KafkaListenerEndpointContainer#5-0-C-1] org.apache.kafka.clients.NetworkClient   : [Consumer clientId=consumer-notification-group-4, groupId=notification-group] Node 1 disconnected.
2026-07-28T07:38:37.605-07:00  WARN 5484 --- [notification-service] [org.springframework.kafka.KafkaListenerEndpointContainer#5-0-C-1] org.apache.kafka.clients.NetworkClient   : [Consumer clientId=consumer-notification-group-4, groupId=notification-group] Connection to node 1 (localhost/127.0.0.1:9092) could not be established. Node may not be available.
2026-07-28T07:38:37.610-07:00  INFO 5484 --- [notification-service] [org.springframework.kafka.KafkaListenerEndpointContainer#3-0-C-1] org.apache.kafka.clients.NetworkClient   : [Consumer clientId=consumer-notification-group-2, groupId=notification-group] Node 1 disconnected.
2026-07-28T07:38:37.610-07:00  WARN 5484 --- [notification-service] [org.springframework.kafka.KafkaListenerEndpointContainer#3-0-C-1] org.apache.kafka.clients.NetworkClient   : [Consumer clientId=consumer-notification-group-2, groupId=notification-group] Connection to node 1 (localhost/127.0.0.1:9092) could not be established. Node may not be available.
2026-07-28T07:38:37.636-07:00  INFO 5484 --- [notification-service] [org.springframework.kafka.KafkaListenerEndpointContainer#0-0-C-1] org.apache.kafka.clients.NetworkClient   : [Consumer clientId=consumer-notification-group-5, groupId=notification-group] Node 1 disconnected.
2026-07-28T07:38:37.636-07:00  WARN 5484 --- [notification-service] [org.springframework.kafka.KafkaListenerEndpointContainer#0-0-C-1] org.apache.kafka.clients.NetworkClient   : [Consumer clientId=consumer-notification-group-5, groupId=notification-group] Connection to node 1 (localhost/127.0.0.1:9092) could not be established. Node may not be available.
2026-07-28T07:38:37.645-07:00  INFO 5484 --- [notification-service] [org.springframework.kafka.KafkaListenerEndpointContainer#4-0-C-1] org.apache.kafka.clients.NetworkClient   : [Consumer clientId=consumer-notification-group-3, groupId=notification-group] Node 1 disconnected.
2026-07-28T07:38:37.645-07:00  WARN 5484 --- [notification-service] [org.springframework.kafka.KafkaListenerEndpointContainer#4-0-C-1] org.apache.kafka.clients.NetworkClient   : [Consumer clientId=consumer-notification-group-3, groupId=notification-group] Connection to node 1 (localhost/127.0.0.1:9092) could not be established. Node may not be available.
2026-07-28T07:38:37.704-07:00  INFO 5484 --- [notification-service] [org.springframework.kafka.KafkaListenerEndpointContainer#2-0-C-1] org.apache.kafka.clients.NetworkClient   : [Consumer clientId=consumer-notification-group-1, groupId=notification-group] Node 1 disconnected.
2026-07-28T07:38:37.704-07:00  WARN 5484 --- [notification-service] [org.springframework.kafka.KafkaListenerEndpointContainer#2-0-C-1] org.apache.kafka.clients.NetworkClient   : [Consumer clientId=consumer-notification-group-1, groupId=notification-group] Connection to node 1 (localhost/127.0.0.1:9092) could not be established. Node may not be available.
2026-07-28T07:38:37.719-07:00  INFO 5484 --- [notification-service] [org.springframework.kafka.KafkaListenerEndpointContainer#1-0-C-1] org.apache.kafka.clients.NetworkClient   : [Consumer clientId=consumer-notification-group-6, groupId=notification-group] Node 1 disconnected.
2026-07-28T07:38:37.719-07:00  WARN 5484 --- [notification-service] [org.springframework.kafka.KafkaListenerEndpointContainer#1-0-C-1] org.apache.kafka.clients.NetworkClient   : [Consumer clientId=consumer-notification-group-6, groupId=notification-group] Connection to node 1 (localhost/127.0.0.1:9092) could not be established. Node may not be available.
2026-07-28T07:38:37.948-07:00  INFO 5484 --- [notification-service] [org.springframework.kafka.KafkaListenerEndpointContainer#3-0-C-1] org.apache.kafka.clients.NetworkClient   : [Consumer clientId=consumer-notification-group-2, groupId=notification-group] Node 1 disconnected.
2026-07-28T07:38:37.948-07:00  WARN 5484 --- [notification-service] [org.springframework.kafka.KafkaListenerEndpointContainer#3-0-C-1] org.apache.kafka.clients.NetworkClient   : [Consumer clientId=consumer-notification-group-2, groupId=notification-group] Connection to node 1 (localhost/127.0.0.1:9092) could not be established. Node may not be available.
2026-07-28T07:38:38.064-07:00  INFO 5484 --- [notification-service] [org.springframework.kafka.KafkaListenerEndpointContainer#5-0-C-1] org.apache.kafka.clients.NetworkClient   : [Consumer clientId=consumer-notification-group-4, groupId=notification-group] Node 1 disconnected.
2026-07-28T07:38:38.064-07:00  WARN 5484 --- [notification-service] [org.springframework.kafka.KafkaListenerEndpointContainer#5-0-C-1] org.apache.kafka.clients.NetworkClient   : [Consumer clientId=consumer-notification-group-4, groupId=notification-group] Connection to node 1 (localhost/127.0.0.1:9092) could not be established. Node may not be available.
2026-07-28T07:38:38.107-07:00  INFO 5484 --- [notification-service] [org.springframework.kafka.KafkaListenerEndpointContainer#0-0-C-1] org.apache.kafka.clients.NetworkClient   : [Consumer clientId=consumer-notification-group-5, groupId=notification-group] Node 1 disconnected.
2026-07-28T07:38:38.107-07:00  WARN 5484 --- [notification-service] [org.springframework.kafka.KafkaListenerEndpointContainer#0-0-C-1] org.apache.kafka.clients.NetworkClient   : [Consumer clientId=consumer-notification-group-5, groupId=notification-group] Connection to node 1 (localhost/127.0.0.1:9092) could not be established. Node may not be available.
2026-07-28T07:38:38.123-07:00  INFO 5484 --- [notification-service] [org.springframework.kafka.KafkaListenerEndpointContainer#4-0-C-1] org.apache.kafka.clients.NetworkClient   : [Consumer clientId=consumer-notification-group-3, groupId=notification-group] Node 1 disconnected.
2026-07-28T07:38:38.123-07:00  WARN 5484 --- [notification-service] [org.springframework.kafka.KafkaListenerEndpointContainer#4-0-C-1] org.apache.kafka.clients.NetworkClient   : [Consumer clientId=consumer-notification-group-3, groupId=notification-group] Connection to node 1 (localhost/127.0.0.1:9092) could not be established. Node may not be available.
2026-07-28T07:38:38.187-07:00  INFO 5484 --- [notification-service] [org.springframework.kafka.KafkaListenerEndpointContainer#2-0-C-1] org.apache.kafka.clients.NetworkClient   : [Consumer clientId=consumer-notification-group-1, groupId=notification-group] Node 1 disconnected.
2026-07-28T07:38:38.187-07:00  INFO 5484 --- [notification-service] [org.springframework.kafka.KafkaListenerEndpointContainer#1-0-C-1] org.apache.kafka.clients.NetworkClient   : [Consumer clientId=consumer-notification-group-6, groupId=notification-group] Node 1 disconnected.
2026-07-28T07:38:38.187-07:00  WARN 5484 --- [notification-service] [org.springframework.kafka.KafkaListenerEndpointContainer#2-0-C-1] org.apache.kafka.clients.NetworkClient   : [Consumer clientId=consumer-notification-group-1, groupId=notification-group] Connection to node 1 (localhost/127.0.0.1:9092) could not be established. Node may not be available.
2026-07-28T07:38:38.187-07:00  WARN 5484 --- [notification-service] [org.springframework.kafka.KafkaListenerEndpointContainer#1-0-C-1] org.apache.kafka.clients.NetworkClient   : [Consumer clientId=consumer-notification-group-6, groupId=notification-group] Connection to node 1 (localhost/127.0.0.1:9092) could not be established. Node may not be available.
2026-07-28T07:38:38.423-07:00  INFO 5484 --- [notification-service] [org.springframework.kafka.KafkaListenerEndpointContainer#3-0-C-1] org.apache.kafka.clients.NetworkClient   : [Consumer clientId=consumer-notification-group-2, groupId=notification-group] Node 1 disconnected.
2026-07-28T07:38:38.423-07:00  WARN 5484 --- [notification-service] [org.springframework.kafka.KafkaListenerEndpointContainer#3-0-C-1] org.apache.kafka.clients.NetworkClient   : [Consumer clientId=consumer-notification-group-2, groupId=notification-group] Connection to node 1 (localhost/127.0.0.1:9092) could not be established. Node may not be available.
2026-07-28T07:38:38.900-07:00  INFO 5484 --- [notification-service] [org.springframework.kafka.KafkaListenerEndpointContainer#4-0-C-1] org.apache.kafka.clients.NetworkClient   : [Consumer clientId=consumer-notification-group-3, groupId=notification-group] Node 1 disconnected.
2026-07-28T07:38:38.900-07:00  INFO 5484 --- [notification-service] [org.springframework.kafka.KafkaListenerEndpointContainer#5-0-C-1] org.apache.kafka.clients.NetworkClient   : [Consumer clientId=consumer-notification-group-4, groupId=notification-group] Node 1 disconnected.
2026-07-28T07:38:38.900-07:00  WARN 5484 --- [notification-service] [org.springframework.kafka.KafkaListenerEndpointContainer#4-0-C-1] org.apache.kafka.clients.NetworkClient   : [Consumer clientId=consumer-notification-group-3, groupId=notification-group] Connection to node 1 (localhost/127.0.0.1:9092) could not be established. Node may not be available.
2026-07-28T07:38:38.900-07:00  WARN 5484 --- [notification-service] [org.springframework.kafka.KafkaListenerEndpointContainer#5-0-C-1] org.apache.kafka.clients.NetworkClient   : [Consumer clientId=consumer-notification-group-4, groupId=notification-group] Connection to node 1 (localhost/127.0.0.1:9092) could not be established. Node may not be available.
2026-07-28T07:38:38.996-07:00  INFO 5484 --- [notification-service] [org.springframework.kafka.KafkaListenerEndpointContainer#0-0-C-1] org.apache.kafka.clients.NetworkClient   : [Consumer clientId=consumer-notification-group-5, groupId=notification-group] Node 1 disconnected.
2026-07-28T07:38:38.996-07:00  WARN 5484 --- [notification-service] [org.springframework.kafka.KafkaListenerEndpointContainer#0-0-C-1] org.apache.kafka.clients.NetworkClient   : [Consumer clientId=consumer-notification-group-5, groupId=notification-group] Connection to node 1 (localhost/127.0.0.1:9092) could not be established. Node may not be available.
2026-07-28T07:38:39.060-07:00  INFO 5484 --- [notification-service] [org.springframework.kafka.KafkaListenerEndpointContainer#2-0-C-1] org.apache.kafka.clients.NetworkClient   : [Consumer clientId=consumer-notification-group-1, groupId=notification-group] Node 1 disconnected.
2026-07-28T07:38:39.060-07:00  WARN 5484 --- [notification-service] [org.springframework.kafka.KafkaListenerEndpointContainer#2-0-C-1] org.apache.kafka.clients.NetworkClient   : [Consumer clientId=consumer-notification-group-1, groupId=notification-group] Connection to node 1 (localhost/127.0.0.1:9092) could not be established. Node may not be available.
2026-07-28T07:38:39.156-07:00  INFO 5484 --- [notification-service] [org.springframework.kafka.KafkaListenerEndpointContainer#1-0-C-1] org.apache.kafka.clients.NetworkClient   : [Consumer clientId=consumer-notification-group-6, groupId=notification-group] Node 1 disconnected.
2026-07-28T07:38:39.156-07:00  WARN 5484 --- [notification-service] [org.springframework.kafka.KafkaListenerEndpointContainer#1-0-C-1] org.apache.kafka.clients.NetworkClient   : [Consumer clientId=consumer-notification-group-6, groupId=notification-group] Connection to node 1 (localhost/127.0.0.1:9092) could not be established. Node may not be available.
2026-07-28T07:38:39.332-07:00  INFO 5484 --- [notification-service] [org.springframework.kafka.KafkaListenerEndpointContainer#3-0-C-1] org.apache.kafka.clients.NetworkClient   : [Consumer clientId=consumer-notification-group-2, groupId=notification-group] Node 1 disconnected.
2026-07-28T07:38:39.332-07:00  WARN 5484 --- [notification-service] [org.springframework.kafka.KafkaListenerEndpointContainer#3-0-C-1] org.apache.kafka.clients.NetworkClient   : [Consumer clientId=consumer-notification-group-2, groupId=notification-group] Connection to node 1 (localhost/127.0.0.1:9092) could not be established. Node may not be available.
2026-07-28T07:38:39.857-07:00  INFO 5484 --- [notification-service] [org.springframework.kafka.KafkaListenerEndpointContainer#4-0-C-1] org.apache.kafka.clients.NetworkClient   : [Consumer clientId=consumer-notification-group-3, groupId=notification-group] Node 1 disconnected.
2026-07-28T07:38:39.857-07:00  WARN 5484 --- [notification-service] [org.springframework.kafka.KafkaListenerEndpointContainer#4-0-C-1] org.apache.kafka.clients.NetworkClient   : [Consumer clientId=consumer-notification-group-3, groupId=notification-group] Connection to node 1 (localhost/127.0.0.1:9092) could not be established. Node may not be available.
2026-07-28T07:38:39.889-07:00  INFO 5484 --- [notification-service] [org.springframework.kafka.KafkaListenerEndpointContainer#5-0-C-1] org.apache.kafka.clients.NetworkClient   : [Consumer clientId=consumer-notification-group-4, groupId=notification-group] Node 1 disconnected.
2026-07-28T07:38:39.889-07:00  WARN 5484 --- [notification-service] [org.springframework.kafka.KafkaListenerEndpointContainer#5-0-C-1] org.apache.kafka.clients.NetworkClient   : [Consumer clientId=consumer-notification-group-4, groupId=notification-group] Connection to node 1 (localhost/127.0.0.1:9092) could not be established. Node may not be available.
2026-07-28T07:38:40.002-07:00  INFO 5484 --- [notification-service] [org.springframework.kafka.KafkaListenerEndpointContainer#0-0-C-1] org.apache.kafka.clients.NetworkClient   : [Consumer clientId=consumer-notification-group-5, groupId=notification-group] Node 1 disconnected.
2026-07-28T07:38:40.002-07:00  WARN 5484 --- [notification-service] [org.springframework.kafka.KafkaListenerEndpointContainer#0-0-C-1] org.apache.kafka.clients.NetworkClient   : [Consumer clientId=consumer-notification-group-5, groupId=notification-group] Connection to node 1 (localhost/127.0.0.1:9092) could not be established. Node may not be available.
2026-07-28T07:38:40.097-07:00  INFO 5484 --- [notification-service] [org.springframework.kafka.KafkaListenerEndpointContainer#2-0-C-1] org.apache.kafka.clients.NetworkClient   : [Consumer clientId=consumer-notification-group-1, groupId=notification-group] Node 1 disconnected.
2026-07-28T07:38:40.097-07:00  WARN 5484 --- [notification-service] [org.springframework.kafka.KafkaListenerEndpointContainer#2-0-C-1] org.apache.kafka.clients.NetworkClient   : [Consumer clientId=consumer-notification-group-1, groupId=notification-group] Connection to node 1 (localhost/127.0.0.1:9092) could not be established. Node may not be available.
2026-07-28T07:38:40.145-07:00  INFO 5484 --- [notification-service] [org.springframework.kafka.KafkaListenerEndpointContainer#1-0-C-1] org.apache.kafka.clients.NetworkClient   : [Consumer clientId=consumer-notification-group-6, groupId=notification-group] Node 1 disconnected.
2026-07-28T07:38:40.145-07:00  WARN 5484 --- [notification-service] [org.springframework.kafka.KafkaListenerEndpointContainer#1-0-C-1] org.apache.kafka.clients.NetworkClient   : [Consumer clientId=consumer-notification-group-6, groupId=notification-group] Connection to node 1 (localhost/127.0.0.1:9092) could not be established. Node may not be available.
2026-07-28T07:38:40.288-07:00  INFO 5484 --- [notification-service] [org.springframework.kafka.KafkaListenerEndpointContainer#3-0-C-1] org.apache.kafka.clients.NetworkClient   : [Consumer clientId=consumer-notification-group-2, groupId=notification-group] Node 1 disconnected.
2026-07-28T07:38:40.288-07:00  WARN 5484 --- [notification-service] [org.springframework.kafka.KafkaListenerEndpointContainer#3-0-C-1] org.apache.kafka.clients.NetworkClient   : [Consumer clientId=consumer-notification-group-2, groupId=notification-group] Connection to node 1 (localhost/127.0.0.1:9092) could not be established. Node may not be available.
2026-07-28T07:38:40.783-07:00  INFO 5484 --- [notification-service] [org.springframework.kafka.KafkaListenerEndpointContainer#5-0-C-1] org.apache.kafka.clients.NetworkClient   : [Consumer clientId=consumer-notification-group-4, groupId=notification-group] Node 1 disconnected.
2026-07-28T07:38:40.783-07:00  WARN 5484 --- [notification-service] [org.springframework.kafka.KafkaListenerEndpointContainer#5-0-C-1] org.apache.kafka.clients.NetworkClient   : [Consumer clientId=consumer-notification-group-4, groupId=notification-group] Connection to node 1 (localhost/127.0.0.1:9092) could not be established. Node may not be available.
2026-07-28T07:38:40.799-07:00  INFO 5484 --- [notification-service] [org.springframework.kafka.KafkaListenerEndpointContainer#4-0-C-1] org.apache.kafka.clients.NetworkClient   : [Consumer clientId=consumer-notification-group-3, groupId=notification-group] Node 1 disconnected.
2026-07-28T07:38:40.800-07:00  WARN 5484 --- [notification-service] [org.springframework.kafka.KafkaListenerEndpointContainer#4-0-C-1] org.apache.kafka.clients.NetworkClient   : [Consumer clientId=consumer-notification-group-3, groupId=notification-group] Connection to node 1 (localhost/127.0.0.1:9092) could not be established. Node may not be available.
2026-07-28T07:38:41.006-07:00  INFO 5484 --- [notification-service] [org.springframework.kafka.KafkaListenerEndpointContainer#0-0-C-1] org.apache.kafka.clients.NetworkClient   : [Consumer clientId=consumer-notification-group-5, groupId=notification-group] Node 1 disconnected.
2026-07-28T07:38:41.006-07:00  WARN 5484 --- [notification-service] [org.springframework.kafka.KafkaListenerEndpointContainer#0-0-C-1] org.apache.kafka.clients.NetworkClient   : [Consumer clientId=consumer-notification-group-5, groupId=notification-group] Connection to node 1 (localhost/127.0.0.1:9092) could not be established. Node may not be available.
2026-07-28T07:38:41.022-07:00  INFO 5484 --- [notification-service] [org.springframework.kafka.KafkaListenerEndpointContainer#2-0-C-1] org.apache.kafka.clients.NetworkClient   : [Consumer clientId=consumer-notification-group-1, groupId=notification-group] Node 1 disconnected.
2026-07-28T07:38:41.022-07:00  WARN 5484 --- [notification-service] [org.springframework.kafka.KafkaListenerEndpointContainer#2-0-C-1] org.apache.kafka.clients.NetworkClient   : [Consumer clientId=consumer-notification-group-1, groupId=notification-group] Connection to node 1 (localhost/127.0.0.1:9092) could not be established. Node may not be available.
2026-07-28T07:38:41.117-07:00  INFO 5484 --- [notification-service] [org.springframework.kafka.KafkaListenerEndpointContainer#1-0-C-1] org.apache.kafka.clients.NetworkClient   : [Consumer clientId=consumer-notification-group-6, groupId=notification-group] Node 1 disconnected.
2026-07-28T07:38:41.117-07:00  WARN 5484 --- [notification-service] [org.springframework.kafka.KafkaListenerEndpointContainer#1-0-C-1] org.apache.kafka.clients.NetworkClient   : [Consumer clientId=consumer-notification-group-6, groupId=notification-group] Connection to node 1 (localhost/127.0.0.1:9092) could not be established. Node may not be available.
2026-07-28T07:38:41.324-07:00  INFO 5484 --- [notification-service] [org.springframework.kafka.KafkaListenerEndpointContainer#3-0-C-1] org.apache.kafka.clients.NetworkClient   : [Consumer clientId=consumer-notification-group-2, groupId=notification-group] Node 1 disconnected.
2026-07-28T07:38:41.324-07:00  WARN 5484 --- [notification-service] [org.springframework.kafka.KafkaListenerEndpointContainer#3-0-C-1] org.apache.kafka.clients.NetworkClient   : [Consumer clientId=consumer-notification-group-2, groupId=notification-group] Connection to node 1 (localhost/127.0.0.1:9092) could not be established. Node may not be available.
2026-07-28T07:38:41.725-07:00  INFO 5484 --- [notification-service] [org.springframework.kafka.KafkaListenerEndpointContainer#5-0-C-1] org.apache.kafka.clients.NetworkClient   : [Consumer clientId=consumer-notification-group-4, groupId=notification-group] Node 1 disconnected.
2026-07-28T07:38:41.725-07:00  WARN 5484 --- [notification-service] [org.springframework.kafka.KafkaListenerEndpointContainer#5-0-C-1] org.apache.kafka.clients.NetworkClient   : [Consumer clientId=consumer-notification-group-4, groupId=notification-group] Connection to node 1 (localhost/127.0.0.1:9092) could not be established. Node may not be available.
2026-07-28T07:38:41.784-07:00  INFO 5484 --- [notification-service] [org.springframework.kafka.KafkaListenerEndpointContainer#4-0-C-1] org.apache.kafka.clients.NetworkClient   : [Consumer clientId=consumer-notification-group-3, groupId=notification-group] Node 1 disconnected.
2026-07-28T07:38:41.784-07:00  WARN 5484 --- [notification-service] [org.springframework.kafka.KafkaListenerEndpointContainer#4-0-C-1] org.apache.kafka.clients.NetworkClient   : [Consumer clientId=consumer-notification-group-3, groupId=notification-group] Connection to node 1 (localhost/127.0.0.1:9092) could not be established. Node may not be available.
2026-07-28T07:38:42.033-07:00  INFO 5484 --- [notification-service] [org.springframework.kafka.KafkaListenerEndpointContainer#0-0-C-1] org.apache.kafka.clients.NetworkClient   : [Consumer clientId=consumer-notification-group-5, groupId=notification-group] Node 1 disconnected.
2026-07-28T07:38:42.033-07:00  WARN 5484 --- [notification-service] [org.springframework.kafka.KafkaListenerEndpointContainer#0-0-C-1] org.apache.kafka.clients.NetworkClient   : [Consumer clientId=consumer-notification-group-5, groupId=notification-group] Connection to node 1 (localhost/127.0.0.1:9092) could not be established. Node may not be available.
2026-07-28T07:38:42.042-07:00  INFO 5484 --- [notification-service] [org.springframework.kafka.KafkaListenerEndpointContainer#2-0-C-1] org.apache.kafka.clients.NetworkClient   : [Consumer clientId=consumer-notification-group-1, groupId=notification-group] Node 1 disconnected.
2026-07-28T07:38:42.042-07:00  WARN 5484 --- [notification-service] [org.springframework.kafka.KafkaListenerEndpointContainer#2-0-C-1] org.apache.kafka.clients.NetworkClient   : [Consumer clientId=consumer-notification-group-1, groupId=notification-group] Connection to node 1 (localhost/127.0.0.1:9092) could not be established. Node may not be available.
2026-07-28T07:38:42.117-07:00  INFO 5484 --- [notification-service] [org.springframework.kafka.KafkaListenerEndpointContainer#1-0-C-1] org.apache.kafka.clients.NetworkClient   : [Consumer clientId=consumer-notification-group-6, groupId=notification-group] Node 1 disconnected.
2026-07-28T07:38:42.117-07:00  WARN 5484 --- [notification-service] [org.springframework.kafka.KafkaListenerEndpointContainer#1-0-C-1] org.apache.kafka.clients.NetworkClient   : [Consumer clientId=consumer-notification-group-6, groupId=notification-group] Connection to node 1 (localhost/127.0.0.1:9092) could not be established. Node may not be available.
2026-07-28T07:38:42.176-07:00  INFO 5484 --- [notification-service] [org.springframework.kafka.KafkaListenerEndpointContainer#3-0-C-1] org.apache.kafka.clients.NetworkClient   : [Consumer clientId=consumer-notification-group-2, groupId=notification-group] Node 1 disconnected.
2026-07-28T07:38:42.176-07:00  WARN 5484 --- [notification-service] [org.springframework.kafka.KafkaListenerEndpointContainer#3-0-C-1] org.apache.kafka.clients.NetworkClient   : [Consumer clientId=consumer-notification-group-2, groupId=notification-group] Connection to node 1 (localhost/127.0.0.1:9092) could not be established. Node may not be available.
2026-07-28T07:38:42.696-07:00  INFO 5484 --- [notification-service] [org.springframework.kafka.KafkaListenerEndpointContainer#4-0-C-1] org.apache.kafka.clients.NetworkClient   : [Consumer clientId=consumer-notification-group-3, groupId=notification-group] Node 1 disconnected.
2026-07-28T07:38:42.696-07:00  WARN 5484 --- [notification-service] [org.springframework.kafka.KafkaListenerEndpointContainer#4-0-C-1] org.apache.kafka.clients.NetworkClient   : [Consumer clientId=consumer-notification-group-3, groupId=notification-group] Connection to node 1 (localhost/127.0.0.1:9092) could not be established. Node may not be available.
2026-07-28T07:38:42.728-07:00  INFO 5484 --- [notification-service] [org.springframework.kafka.KafkaListenerEndpointContainer#5-0-C-1] org.apache.kafka.clients.NetworkClient   : [Consumer clientId=consumer-notification-group-4, groupId=notification-group] Node 1 disconnected.
2026-07-28T07:38:42.728-07:00  WARN 5484 --- [notification-service] [org.springframework.kafka.KafkaListenerEndpointContainer#5-0-C-1] org.apache.kafka.clients.NetworkClient   : [Consumer clientId=consumer-notification-group-4, groupId=notification-group] Connection to node 1 (localhost/127.0.0.1:9092) could not be established. Node may not be available.
2026-07-28T07:38:43.045-07:00  INFO 5484 --- [notification-service] [org.springframework.kafka.KafkaListenerEndpointContainer#2-0-C-1] org.apache.kafka.clients.NetworkClient   : [Consumer clientId=consumer-notification-group-1, groupId=notification-group] Node 1 disconnected.
2026-07-28T07:38:43.045-07:00  INFO 5484 --- [notification-service] [org.springframework.kafka.KafkaListenerEndpointContainer#0-0-C-1] org.apache.kafka.clients.NetworkClient   : [Consumer clientId=consumer-notification-group-5, groupId=notification-group] Node 1 disconnected.
2026-07-28T07:38:43.045-07:00  WARN 5484 --- [notification-service] [org.springframework.kafka.KafkaListenerEndpointContainer#2-0-C-1] org.apache.kafka.clients.NetworkClient   : [Consumer clientId=consumer-notification-group-1, groupId=notification-group] Connection to node 1 (localhost/127.0.0.1:9092) could not be established. Node may not be available.
2026-07-28T07:38:43.045-07:00  WARN 5484 --- [notification-service] [org.springframework.kafka.KafkaListenerEndpointContainer#0-0-C-1] org.apache.kafka.clients.NetworkClient   : [Consumer clientId=consumer-notification-group-5, groupId=notification-group] Connection to node 1 (localhost/127.0.0.1:9092) could not be established. Node may not be available.
2026-07-28T07:38:43.124-07:00  INFO 5484 --- [notification-service] [org.springframework.kafka.KafkaListenerEndpointContainer#1-0-C-1] org.apache.kafka.clients.NetworkClient   : [Consumer clientId=consumer-notification-group-6, groupId=notification-group] Node 1 disconnected.
2026-07-28T07:38:43.124-07:00  WARN 5484 --- [notification-service] [org.springframework.kafka.KafkaListenerEndpointContainer#1-0-C-1] org.apache.kafka.clients.NetworkClient   : [Consumer clientId=consumer-notification-group-6, groupId=notification-group] Connection to node 1 (localhost/127.0.0.1:9092) could not be established. Node may not be available.
2026-07-28T07:38:43.125-07:00  INFO 5484 --- [notification-service] [org.springframework.kafka.KafkaListenerEndpointContainer#3-0-C-1] org.apache.kafka.clients.NetworkClient   : [Consumer clientId=consumer-notification-group-2, groupId=notification-group] Node 1 disconnected.
2026-07-28T07:38:43.125-07:00  WARN 5484 --- [notification-service] [org.springframework.kafka.KafkaListenerEndpointContainer#3-0-C-1] org.apache.kafka.clients.NetworkClient   : [Consumer clientId=consumer-notification-group-2, groupId=notification-group] Connection to node 1 (localhost/127.0.0.1:9092) could not be established. Node may not be available.
2026-07-28T07:38:43.699-07:00  INFO 5484 --- [notification-service] [org.springframework.kafka.KafkaListenerEndpointContainer#4-0-C-1] org.apache.kafka.clients.NetworkClient   : [Consumer clientId=consumer-notification-group-3, groupId=notification-group] Node 1 disconnected.
2026-07-28T07:38:43.699-07:00  WARN 5484 --- [notification-service] [org.springframework.kafka.KafkaListenerEndpointContainer#4-0-C-1] org.apache.kafka.clients.NetworkClient   : [Consumer clientId=consumer-notification-group-3, groupId=notification-group] Connection to node 1 (localhost/127.0.0.1:9092) could not be established. Node may not be available.
2026-07-28T07:38:43.730-07:00  INFO 5484 --- [notification-service] [org.springframework.kafka.KafkaListenerEndpointContainer#5-0-C-1] org.apache.kafka.clients.NetworkClient   : [Consumer clientId=consumer-notification-group-4, groupId=notification-group] Node 1 disconnected.
2026-07-28T07:38:43.730-07:00  WARN 5484 --- [notification-service] [org.springframework.kafka.KafkaListenerEndpointContainer#5-0-C-1] org.apache.kafka.clients.NetworkClient   : [Consumer clientId=consumer-notification-group-4, groupId=notification-group] Connection to node 1 (localhost/127.0.0.1:9092) could not be established. Node may not be available.
2026-07-28T07:38:44.050-07:00  INFO 5484 --- [notification-service] [org.springframework.kafka.KafkaListenerEndpointContainer#0-0-C-1] org.apache.kafka.clients.NetworkClient   : [Consumer clientId=consumer-notification-group-5, groupId=notification-group] Node 1 disconnected.
2026-07-28T07:38:44.050-07:00  INFO 5484 --- [notification-service] [org.springframework.kafka.KafkaListenerEndpointContainer#2-0-C-1] org.apache.kafka.clients.NetworkClient   : [Consumer clientId=consumer-notification-group-1, groupId=notification-group] Node 1 disconnected.
2026-07-28T07:38:44.050-07:00  WARN 5484 --- [notification-service] [org.springframework.kafka.KafkaListenerEndpointContainer#0-0-C-1] org.apache.kafka.clients.NetworkClient   : [Consumer clientId=consumer-notification-group-5, groupId=notification-group] Connection to node 1 (localhost/127.0.0.1:9092) could not be established. Node may not be available.
2026-07-28T07:38:44.050-07:00  WARN 5484 --- [notification-service] [org.springframework.kafka.KafkaListenerEndpointContainer#2-0-C-1] org.apache.kafka.clients.NetworkClient   : [Consumer clientId=consumer-notification-group-1, groupId=notification-group] Connection to node 1 (localhost/127.0.0.1:9092) could not be established. Node may not be available.
2026-07-28T07:38:44.130-07:00  INFO 5484 --- [notification-service] [org.springframework.kafka.KafkaListenerEndpointContainer#3-0-C-1] org.apache.kafka.clients.NetworkClient   : [Consumer clientId=consumer-notification-group-2, groupId=notification-group] Node 1 disconnected.
2026-07-28T07:38:44.130-07:00  WARN 5484 --- [notification-service] [org.springframework.kafka.KafkaListenerEndpointContainer#3-0-C-1] org.apache.kafka.clients.NetworkClient   : [Consumer clientId=consumer-notification-group-2, groupId=notification-group] Connection to node 1 (localhost/127.0.0.1:9092) could not be established. Node may not be available.
2026-07-28T07:38:44.146-07:00  INFO 5484 --- [notification-service] [org.springframework.kafka.KafkaListenerEndpointContainer#1-0-C-1] org.apache.kafka.clients.NetworkClient   : [Consumer clientId=consumer-notification-group-6, groupId=notification-group] Node 1 disconnected.
2026-07-28T07:38:44.146-07:00  WARN 5484 --- [notification-service] [org.springframework.kafka.KafkaListenerEndpointContainer#1-0-C-1] org.apache.kafka.clients.NetworkClient   : [Consumer clientId=consumer-notification-group-6, groupId=notification-group] Connection to node 1 (localhost/127.0.0.1:9092) could not be established. Node may not be available.
2026-07-28T07:38:44.591-07:00  INFO 5484 --- [notification-service] [org.springframework.kafka.KafkaListenerEndpointContainer#4-0-C-1] org.apache.kafka.clients.NetworkClient   : [Consumer clientId=consumer-notification-group-3, groupId=notification-group] Node 1 disconnected.
2026-07-28T07:38:44.591-07:00  WARN 5484 --- [notification-service] [org.springframework.kafka.KafkaListenerEndpointContainer#4-0-C-1] org.apache.kafka.clients.NetworkClient   : [Consumer clientId=consumer-notification-group-3, groupId=notification-group] Connection to node 1 (localhost/127.0.0.1:9092) could not be established. Node may not be available.
2026-07-28T07:38:44.734-07:00  INFO 5484 --- [notification-service] [org.springframework.kafka.KafkaListenerEndpointContainer#5-0-C-1] org.apache.kafka.clients.NetworkClient   : [Consumer clientId=consumer-notification-group-4, groupId=notification-group] Node 1 disconnected.
2026-07-28T07:38:44.734-07:00  WARN 5484 --- [notification-service] [org.springframework.kafka.KafkaListenerEndpointContainer#5-0-C-1] org.apache.kafka.clients.NetworkClient   : [Consumer clientId=consumer-notification-group-4, groupId=notification-group] Connection to node 1 (localhost/127.0.0.1:9092) could not be established. Node may not be available.
2026-07-28T07:38:45.065-07:00  INFO 5484 --- [notification-service] [org.springframework.kafka.KafkaListenerEndpointContainer#0-0-C-1] org.apache.kafka.clients.NetworkClient   : [Consumer clientId=consumer-notification-group-5, groupId=notification-group] Node 1 disconnected.
2026-07-28T07:38:45.065-07:00  WARN 5484 --- [notification-service] [org.springframework.kafka.KafkaListenerEndpointContainer#0-0-C-1] org.apache.kafka.clients.NetworkClient   : [Consumer clientId=consumer-notification-group-5, groupId=notification-group] Connection to node 1 (localhost/127.0.0.1:9092) could not be established. Node may not be available.
2026-07-28T07:38:45.110-07:00  INFO 5484 --- [notification-service] [org.springframework.kafka.KafkaListenerEndpointContainer#2-0-C-1] org.apache.kafka.clients.NetworkClient   : [Consumer clientId=consumer-notification-group-1, groupId=notification-group] Node 1 disconnected.
2026-07-28T07:38:45.110-07:00  WARN 5484 --- [notification-service] [org.springframework.kafka.KafkaListenerEndpointContainer#2-0-C-1] org.apache.kafka.clients.NetworkClient   : [Consumer clientId=consumer-notification-group-1, groupId=notification-group] Connection to node 1 (localhost/127.0.0.1:9092) could not be established. Node may not be available.
2026-07-28T07:38:45.141-07:00  INFO 5484 --- [notification-service] [org.springframework.kafka.KafkaListenerEndpointContainer#3-0-C-1] org.apache.kafka.clients.NetworkClient   : [Consumer clientId=consumer-notification-group-2, groupId=notification-group] Node 1 disconnected.
2026-07-28T07:38:45.141-07:00  WARN 5484 --- [notification-service] [org.springframework.kafka.KafkaListenerEndpointContainer#3-0-C-1] org.apache.kafka.clients.NetworkClient   : [Consumer clientId=consumer-notification-group-2, groupId=notification-group] Connection to node 1 (localhost/127.0.0.1:9092) could not be established. Node may not be available.
2026-07-28T07:38:45.156-07:00  INFO 5484 --- [notification-service] [org.springframework.kafka.KafkaListenerEndpointContainer#1-0-C-1] org.apache.kafka.clients.NetworkClient   : [Consumer clientId=consumer-notification-group-6, groupId=notification-group] Node 1 disconnected.
2026-07-28T07:38:45.157-07:00  WARN 5484 --- [notification-service] [org.springframework.kafka.KafkaListenerEndpointContainer#1-0-C-1] org.apache.kafka.clients.NetworkClient   : [Consumer clientId=consumer-notification-group-6, groupId=notification-group] Connection to node 1 (localhost/127.0.0.1:9092) could not be established. Node may not be available.
2026-07-28T07:38:45.597-07:00  INFO 5484 --- [notification-service] [org.springframework.kafka.KafkaListenerEndpointContainer#4-0-C-1] org.apache.kafka.clients.NetworkClient   : [Consumer clientId=consumer-notification-group-3, groupId=notification-group] Node 1 disconnected.
2026-07-28T07:38:45.597-07:00  WARN 5484 --- [notification-service] [org.springframework.kafka.KafkaListenerEndpointContainer#4-0-C-1] org.apache.kafka.clients.NetworkClient   : [Consumer clientId=consumer-notification-group-3, groupId=notification-group] Connection to node 1 (localhost/127.0.0.1:9092) could not be established. Node may not be available.
2026-07-28T07:38:45.740-07:00  INFO 5484 --- [notification-service] [org.springframework.kafka.KafkaListenerEndpointContainer#5-0-C-1] org.apache.kafka.clients.NetworkClient   : [Consumer clientId=consumer-notification-group-4, groupId=notification-group] Node 1 disconnected.
2026-07-28T07:38:45.740-07:00  WARN 5484 --- [notification-service] [org.springframework.kafka.KafkaListenerEndpointContainer#5-0-C-1] org.apache.kafka.clients.NetworkClient   : [Consumer clientId=consumer-notification-group-4, groupId=notification-group] Connection to node 1 (localhost/127.0.0.1:9092) could not be established. Node may not be available.
2026-07-28T07:38:46.069-07:00  INFO 5484 --- [notification-service] [org.springframework.kafka.KafkaListenerEndpointContainer#0-0-C-1] org.apache.kafka.clients.NetworkClient   : [Consumer clientId=consumer-notification-group-5, groupId=notification-group] Node 1 disconnected.
2026-07-28T07:38:46.069-07:00  WARN 5484 --- [notification-service] [org.springframework.kafka.KafkaListenerEndpointContainer#0-0-C-1] org.apache.kafka.clients.NetworkClient   : [Consumer clientId=consumer-notification-group-5, groupId=notification-group] Connection to node 1 (localhost/127.0.0.1:9092) could not be established. Node may not be available.
2026-07-28T07:38:46.115-07:00  INFO 5484 --- [notification-service] [org.springframework.kafka.KafkaListenerEndpointContainer#2-0-C-1] org.apache.kafka.clients.NetworkClient   : [Consumer clientId=consumer-notification-group-1, groupId=notification-group] Node 1 disconnected.
2026-07-28T07:38:46.115-07:00  WARN 5484 --- [notification-service] [org.springframework.kafka.KafkaListenerEndpointContainer#2-0-C-1] org.apache.kafka.clients.NetworkClient   : [Consumer clientId=consumer-notification-group-1, groupId=notification-group] Connection to node 1 (localhost/127.0.0.1:9092) could not be established. Node may not be available.
2026-07-28T07:38:46.147-07:00  INFO 5484 --- [notification-service] [org.springframework.kafka.KafkaListenerEndpointContainer#3-0-C-1] org.apache.kafka.clients.NetworkClient   : [Consumer clientId=consumer-notification-group-2, groupId=notification-group] Node 1 disconnected.
2026-07-28T07:38:46.147-07:00  WARN 5484 --- [notification-service] [org.springframework.kafka.KafkaListenerEndpointContainer#3-0-C-1] org.apache.kafka.clients.NetworkClient   : [Consumer clientId=consumer-notification-group-2, groupId=notification-group] Connection to node 1 (localhost/127.0.0.1:9092) could not be established. Node may not be available.
2026-07-28T07:38:46.178-07:00  INFO 5484 --- [notification-service] [org.springframework.kafka.KafkaListenerEndpointContainer#1-0-C-1] org.apache.kafka.clients.NetworkClient   : [Consumer clientId=consumer-notification-group-6, groupId=notification-group] Node 1 disconnected.
2026-07-28T07:38:46.178-07:00  WARN 5484 --- [notification-service] [org.springframework.kafka.KafkaListenerEndpointContainer#1-0-C-1] org.apache.kafka.clients.NetworkClient   : [Consumer clientId=consumer-notification-group-6, groupId=notification-group] Connection to node 1 (localhost/127.0.0.1:9092) could not be established. Node may not be available.
2026-07-28T07:38:46.569-07:00  INFO 5484 --- [notification-service] [org.springframework.kafka.KafkaListenerEndpointContainer#4-0-C-1] org.apache.kafka.clients.NetworkClient   : [Consumer clientId=consumer-notification-group-3, groupId=notification-group] Node 1 disconnected.
2026-07-28T07:38:46.569-07:00  WARN 5484 --- [notification-service] [org.springframework.kafka.KafkaListenerEndpointContainer#4-0-C-1] org.apache.kafka.clients.NetworkClient   : [Consumer clientId=consumer-notification-group-3, groupId=notification-group] Connection to node 1 (localhost/127.0.0.1:9092) could not be established. Node may not be available.
2026-07-28T07:38:46.570-07:00  INFO 5484 --- [notification-service] [org.springframework.kafka.KafkaListenerEndpointContainer#4-0-C-1] o.a.kafka.clients.FetchSessionHandler    : [Consumer clientId=consumer-notification-group-3, groupId=notification-group] Error sending fetch request (sessionId=70066163, epoch=INITIAL) to node 1:

org.apache.kafka.common.errors.DisconnectException

2026-07-28T07:38:46.740-07:00  INFO 5484 --- [notification-service] [org.springframework.kafka.KafkaListenerEndpointContainer#5-0-C-1] org.apache.kafka.clients.NetworkClient   : [Consumer clientId=consumer-notification-group-4, groupId=notification-group] Node 1 disconnected.
2026-07-28T07:38:46.741-07:00  WARN 5484 --- [notification-service] [org.springframework.kafka.KafkaListenerEndpointContainer#5-0-C-1] org.apache.kafka.clients.NetworkClient   : [Consumer clientId=consumer-notification-group-4, groupId=notification-group] Connection to node 1 (localhost/127.0.0.1:9092) could not be established. Node may not be available.
2026-07-28T07:38:47.082-07:00  INFO 5484 --- [notification-service] [org.springframework.kafka.KafkaListenerEndpointContainer#0-0-C-1] org.apache.kafka.clients.NetworkClient   : [Consumer clientId=consumer-notification-group-5, groupId=notification-group] Node 1 disconnected.
2026-07-28T07:38:47.082-07:00  WARN 5484 --- [notification-service] [org.springframework.kafka.KafkaListenerEndpointContainer#0-0-C-1] org.apache.kafka.clients.NetworkClient   : [Consumer clientId=consumer-notification-group-5, groupId=notification-group] Connection to node 1 (localhost/127.0.0.1:9092) could not be established. Node may not be available.
2026-07-28T07:38:47.114-07:00  INFO 5484 --- [notification-service] [org.springframework.kafka.KafkaListenerEndpointContainer#2-0-C-1] org.apache.kafka.clients.NetworkClient   : [Consumer clientId=consumer-notification-group-1, groupId=notification-group] Node 1 disconnected.
2026-07-28T07:38:47.114-07:00  WARN 5484 --- [notification-service] [org.springframework.kafka.KafkaListenerEndpointContainer#2-0-C-1] org.apache.kafka.clients.NetworkClient   : [Consumer clientId=consumer-notification-group-1, groupId=notification-group] Connection to node 1 (localhost/127.0.0.1:9092) could not be established. Node may not be available.
2026-07-28T07:38:47.162-07:00  INFO 5484 --- [notification-service] [org.springframework.kafka.KafkaListenerEndpointContainer#3-0-C-1] org.apache.kafka.clients.NetworkClient   : [Consumer clientId=consumer-notification-group-2, groupId=notification-group] Node 1 disconnected.
2026-07-28T07:38:47.162-07:00  WARN 5484 --- [notification-service] [org.springframework.kafka.KafkaListenerEndpointContainer#3-0-C-1] org.apache.kafka.clients.NetworkClient   : [Consumer clientId=consumer-notification-group-2, groupId=notification-group] Connection to node 1 (localhost/127.0.0.1:9092) could not be established. Node may not be available.
2026-07-28T07:38:47.193-07:00  INFO 5484 --- [notification-service] [org.springframework.kafka.KafkaListenerEndpointContainer#1-0-C-1] org.apache.kafka.clients.NetworkClient   : [Consumer clientId=consumer-notification-group-6, groupId=notification-group] Node 1 disconnected.
2026-07-28T07:38:47.193-07:00  WARN 5484 --- [notification-service] [org.springframework.kafka.KafkaListenerEndpointContainer#1-0-C-1] org.apache.kafka.clients.NetworkClient   : [Consumer clientId=consumer-notification-group-6, groupId=notification-group] Connection to node 1 (localhost/127.0.0.1:9092) could not be established. Node may not be available.
2026-07-28T07:38:47.598-07:00  INFO 5484 --- [notification-service] [org.springframework.kafka.KafkaListenerEndpointContainer#4-0-C-1] org.apache.kafka.clients.NetworkClient   : [Consumer clientId=consumer-notification-group-3, groupId=notification-group] Node 1 disconnected.
2026-07-28T07:38:47.598-07:00  WARN 5484 --- [notification-service] [org.springframework.kafka.KafkaListenerEndpointContainer#4-0-C-1] org.apache.kafka.clients.NetworkClient   : [Consumer clientId=consumer-notification-group-3, groupId=notification-group] Connection to node 1 (localhost/127.0.0.1:9092) could not be established. Node may not be available.
2026-07-28T07:38:47.754-07:00  INFO 5484 --- [notification-service] [org.springframework.kafka.KafkaListenerEndpointContainer#5-0-C-1] org.apache.kafka.clients.NetworkClient   : [Consumer clientId=consumer-notification-group-4, groupId=notification-group] Node 1 disconnected.
2026-07-28T07:38:47.754-07:00  WARN 5484 --- [notification-service] [org.springframework.kafka.KafkaListenerEndpointContainer#5-0-C-1] org.apache.kafka.clients.NetworkClient   : [Consumer clientId=consumer-notification-group-4, groupId=notification-group] Connection to node 1 (localhost/127.0.0.1:9092) could not be established. Node may not be available.
2026-07-28T07:38:48.083-07:00  INFO 5484 --- [notification-service] [org.springframework.kafka.KafkaListenerEndpointContainer#0-0-C-1] org.apache.kafka.clients.NetworkClient   : [Consumer clientId=consumer-notification-group-5, groupId=notification-group] Node 1 disconnected.
2026-07-28T07:38:48.083-07:00  WARN 5484 --- [notification-service] [org.springframework.kafka.KafkaListenerEndpointContainer#0-0-C-1] org.apache.kafka.clients.NetworkClient   : [Consumer clientId=consumer-notification-group-5, groupId=notification-group] Connection to node 1 (localhost/127.0.0.1:9092) could not be established. Node may not be available.
2026-07-28T07:38:48.098-07:00  INFO 5484 --- [notification-service] [org.springframework.kafka.KafkaListenerEndpointContainer#2-0-C-1] org.apache.kafka.clients.NetworkClient   : [Consumer clientId=consumer-notification-group-1, groupId=notification-group] Node 1 disconnected.
2026-07-28T07:38:48.098-07:00  WARN 5484 --- [notification-service] [org.springframework.kafka.KafkaListenerEndpointContainer#2-0-C-1] org.apache.kafka.clients.NetworkClient   : [Consumer clientId=consumer-notification-group-1, groupId=notification-group] Connection to node 1 (localhost/127.0.0.1:9092) could not be established. Node may not be available.
2026-07-28T07:38:48.145-07:00  INFO 5484 --- [notification-service] [org.springframework.kafka.KafkaListenerEndpointContainer#3-0-C-1] org.apache.kafka.clients.NetworkClient   : [Consumer clientId=consumer-notification-group-2, groupId=notification-group] Node 1 disconnected.
2026-07-28T07:38:48.145-07:00  WARN 5484 --- [notification-service] [org.springframework.kafka.KafkaListenerEndpointContainer#3-0-C-1] org.apache.kafka.clients.NetworkClient   : [Consumer clientId=consumer-notification-group-2, groupId=notification-group] Connection to node 1 (localhost/127.0.0.1:9092) could not be established. Node may not be available.
2026-07-28T07:38:48.163-07:00  INFO 5484 --- [notification-service] [org.springframework.kafka.KafkaListenerEndpointContainer#1-0-C-1] org.apache.kafka.clients.NetworkClient   : [Consumer clientId=consumer-notification-group-6, groupId=notification-group] Node 1 disconnected.
2026-07-28T07:38:48.163-07:00  WARN 5484 --- [notification-service] [org.springframework.kafka.KafkaListenerEndpointContainer#1-0-C-1] org.apache.kafka.clients.NetworkClient   : [Consumer clientId=consumer-notification-group-6, groupId=notification-group] Connection to node 1 (localhost/127.0.0.1:9092) could not be established. Node may not be available.
2026-07-28T07:38:48.650-07:00  INFO 5484 --- [notification-service] [org.springframework.kafka.KafkaListenerEndpointContainer#4-0-C-1] org.apache.kafka.clients.NetworkClient   : [Consumer clientId=consumer-notification-group-3, groupId=notification-group] Node 1 disconnected.
2026-07-28T07:38:48.650-07:00  WARN 5484 --- [notification-service] [org.springframework.kafka.KafkaListenerEndpointContainer#4-0-C-1] org.apache.kafka.clients.NetworkClient   : [Consumer clientId=consumer-notification-group-3, groupId=notification-group] Connection to node 1 (localhost/127.0.0.1:9092) could not be established. Node may not be available.
2026-07-28T07:38:48.761-07:00  INFO 5484 --- [notification-service] [org.springframework.kafka.KafkaListenerEndpointContainer#5-0-C-1] org.apache.kafka.clients.NetworkClient   : [Consumer clientId=consumer-notification-group-4, groupId=notification-group] Node 1 disconnected.
2026-07-28T07:38:48.761-07:00  WARN 5484 --- [notification-service] [org.springframework.kafka.KafkaListenerEndpointContainer#5-0-C-1] org.apache.kafka.clients.NetworkClient   : [Consumer clientId=consumer-notification-group-4, groupId=notification-group] Connection to node 1 (localhost/127.0.0.1:9092) could not be established. Node may not be available.
2026-07-28T07:38:49.094-07:00  INFO 5484 --- [notification-service] [org.springframework.kafka.KafkaListenerEndpointContainer#0-0-C-1] org.apache.kafka.clients.NetworkClient   : [Consumer clientId=consumer-notification-group-5, groupId=notification-group] Node 1 disconnected.
2026-07-28T07:38:49.094-07:00  WARN 5484 --- [notification-service] [org.springframework.kafka.KafkaListenerEndpointContainer#0-0-C-1] org.apache.kafka.clients.NetworkClient   : [Consumer clientId=consumer-notification-group-5, groupId=notification-group] Connection to node 1 (localhost/127.0.0.1:9092) could not be established. Node may not be available.
2026-07-28T07:38:49.110-07:00  INFO 5484 --- [notification-service] [org.springframework.kafka.KafkaListenerEndpointContainer#2-0-C-1] org.apache.kafka.clients.NetworkClient   : [Consumer clientId=consumer-notification-group-1, groupId=notification-group] Node 1 disconnected.
2026-07-28T07:38:49.110-07:00  INFO 5484 --- [notification-service] [org.springframework.kafka.KafkaListenerEndpointContainer#1-0-C-1] org.apache.kafka.clients.NetworkClient   : [Consumer clientId=consumer-notification-group-6, groupId=notification-group] Node 1 disconnected.
2026-07-28T07:38:49.110-07:00  WARN 5484 --- [notification-service] [org.springframework.kafka.KafkaListenerEndpointContainer#2-0-C-1] org.apache.kafka.clients.NetworkClient   : [Consumer clientId=consumer-notification-group-1, groupId=notification-group] Connection to node 1 (localhost/127.0.0.1:9092) could not be established. Node may not be available.
2026-07-28T07:38:49.110-07:00  WARN 5484 --- [notification-service] [org.springframework.kafka.KafkaListenerEndpointContainer#1-0-C-1] org.apache.kafka.clients.NetworkClient   : [Consumer clientId=consumer-notification-group-6, groupId=notification-group] Connection to node 1 (localhost/127.0.0.1:9092) could not be established. Node may not be available.
2026-07-28T07:38:49.158-07:00  INFO 5484 --- [notification-service] [org.springframework.kafka.KafkaListenerEndpointContainer#3-0-C-1] org.apache.kafka.clients.NetworkClient   : [Consumer clientId=consumer-notification-group-2, groupId=notification-group] Node 1 disconnected.
2026-07-28T07:38:49.158-07:00  WARN 5484 --- [notification-service] [org.springframework.kafka.KafkaListenerEndpointContainer#3-0-C-1] org.apache.kafka.clients.NetworkClient   : [Consumer clientId=consumer-notification-group-2, groupId=notification-group] Connection to node 1 (localhost/127.0.0.1:9092) could not be established. Node may not be available.
2026-07-28T07:38:49.664-07:00  INFO 5484 --- [notification-service] [org.springframework.kafka.KafkaListenerEndpointContainer#4-0-C-1] org.apache.kafka.clients.NetworkClient   : [Consumer clientId=consumer-notification-group-3, groupId=notification-group] Node 1 disconnected.
2026-07-28T07:38:49.664-07:00  WARN 5484 --- [notification-service] [org.springframework.kafka.KafkaListenerEndpointContainer#4-0-C-1] org.apache.kafka.clients.NetworkClient   : [Consumer clientId=consumer-notification-group-3, groupId=notification-group] Connection to node 1 (localhost/127.0.0.1:9092) could not be established. Node may not be available.
2026-07-28T07:38:49.758-07:00  INFO 5484 --- [notification-service] [org.springframework.kafka.KafkaListenerEndpointContainer#5-0-C-1] org.apache.kafka.clients.NetworkClient   : [Consumer clientId=consumer-notification-group-4, groupId=notification-group] Node 1 disconnected.
2026-07-28T07:38:49.758-07:00  WARN 5484 --- [notification-service] [org.springframework.kafka.KafkaListenerEndpointContainer#5-0-C-1] org.apache.kafka.clients.NetworkClient   : [Consumer clientId=consumer-notification-group-4, groupId=notification-group] Connection to node 1 (localhost/127.0.0.1:9092) could not be established. Node may not be available.
2026-07-28T07:38:50.102-07:00  INFO 5484 --- [notification-service] [org.springframework.kafka.KafkaListenerEndpointContainer#0-0-C-1] org.apache.kafka.clients.NetworkClient   : [Consumer clientId=consumer-notification-group-5, groupId=notification-group] Node 1 disconnected.
2026-07-28T07:38:50.102-07:00  WARN 5484 --- [notification-service] [org.springframework.kafka.KafkaListenerEndpointContainer#0-0-C-1] org.apache.kafka.clients.NetworkClient   : [Consumer clientId=consumer-notification-group-5, groupId=notification-group] Connection to node 1 (localhost/127.0.0.1:9092) could not be established. Node may not be available.
2026-07-28T07:38:50.117-07:00  INFO 5484 --- [notification-service] [org.springframework.kafka.KafkaListenerEndpointContainer#1-0-C-1] org.apache.kafka.clients.NetworkClient   : [Consumer clientId=consumer-notification-group-6, groupId=notification-group] Node 1 disconnected.
2026-07-28T07:38:50.117-07:00  INFO 5484 --- [notification-service] [org.springframework.kafka.KafkaListenerEndpointContainer#2-0-C-1] org.apache.kafka.clients.NetworkClient   : [Consumer clientId=consumer-notification-group-1, groupId=notification-group] Node 1 disconnected.
2026-07-28T07:38:50.117-07:00  WARN 5484 --- [notification-service] [org.springframework.kafka.KafkaListenerEndpointContainer#1-0-C-1] org.apache.kafka.clients.NetworkClient   : [Consumer clientId=consumer-notification-group-6, groupId=notification-group] Connection to node 1 (localhost/127.0.0.1:9092) could not be established. Node may not be available.
2026-07-28T07:38:50.117-07:00  WARN 5484 --- [notification-service] [org.springframework.kafka.KafkaListenerEndpointContainer#2-0-C-1] org.apache.kafka.clients.NetworkClient   : [Consumer clientId=consumer-notification-group-1, groupId=notification-group] Connection to node 1 (localhost/127.0.0.1:9092) could not be established. Node may not be available.
2026-07-28T07:38:50.149-07:00  INFO 5484 --- [notification-service] [org.springframework.kafka.KafkaListenerEndpointContainer#3-0-C-1] org.apache.kafka.clients.NetworkClient   : [Consumer clientId=consumer-notification-group-2, groupId=notification-group] Node 1 disconnected.
2026-07-28T07:38:50.149-07:00  WARN 5484 --- [notification-service] [org.springframework.kafka.KafkaListenerEndpointContainer#3-0-C-1] org.apache.kafka.clients.NetworkClient   : [Consumer clientId=consumer-notification-group-2, groupId=notification-group] Connection to node 1 (localhost/127.0.0.1:9092) could not be established. Node may not be available.
2026-07-28T07:38:50.651-07:00  INFO 5484 --- [notification-service] [org.springframework.kafka.KafkaListenerEndpointContainer#4-0-C-1] org.apache.kafka.clients.NetworkClient   : [Consumer clientId=consumer-notification-group-3, groupId=notification-group] Node 1 disconnected.
2026-07-28T07:38:50.651-07:00  WARN 5484 --- [notification-service] [org.springframework.kafka.KafkaListenerEndpointContainer#4-0-C-1] org.apache.kafka.clients.NetworkClient   : [Consumer clientId=consumer-notification-group-3, groupId=notification-group] Connection to node 1 (localhost/127.0.0.1:9092) could not be established. Node may not be available.
2026-07-28T07:38:50.807-07:00  INFO 5484 --- [notification-service] [org.springframework.kafka.KafkaListenerEndpointContainer#5-0-C-1] org.apache.kafka.clients.NetworkClient   : [Consumer clientId=consumer-notification-group-4, groupId=notification-group] Node 1 disconnected.
2026-07-28T07:38:50.807-07:00  WARN 5484 --- [notification-service] [org.springframework.kafka.KafkaListenerEndpointContainer#5-0-C-1] org.apache.kafka.clients.NetworkClient   : [Consumer clientId=consumer-notification-group-4, groupId=notification-group] Connection to node 1 (localhost/127.0.0.1:9092) could not be established. Node may not be available.
2026-07-28T07:38:51.103-07:00  INFO 5484 --- [notification-service] [org.springframework.kafka.KafkaListenerEndpointContainer#1-0-C-1] org.apache.kafka.clients.NetworkClient   : [Consumer clientId=consumer-notification-group-6, groupId=notification-group] Node 1 disconnected.
2026-07-28T07:38:51.104-07:00  WARN 5484 --- [notification-service] [org.springframework.kafka.KafkaListenerEndpointContainer#1-0-C-1] org.apache.kafka.clients.NetworkClient   : [Consumer clientId=consumer-notification-group-6, groupId=notification-group] Connection to node 1 (localhost/127.0.0.1:9092) could not be established. Node may not be available.
2026-07-28T07:38:51.119-07:00  INFO 5484 --- [notification-service] [org.springframework.kafka.KafkaListenerEndpointContainer#2-0-C-1] org.apache.kafka.clients.NetworkClient   : [Consumer clientId=consumer-notification-group-1, groupId=notification-group] Node 1 disconnected.
2026-07-28T07:38:51.119-07:00  WARN 5484 --- [notification-service] [org.springframework.kafka.KafkaListenerEndpointContainer#2-0-C-1] org.apache.kafka.clients.NetworkClient   : [Consumer clientId=consumer-notification-group-1, groupId=notification-group] Connection to node 1 (localhost/127.0.0.1:9092) could not be established. Node may not be available.
2026-07-28T07:38:51.151-07:00  INFO 5484 --- [notification-service] [org.springframework.kafka.KafkaListenerEndpointContainer#3-0-C-1] org.apache.kafka.clients.NetworkClient   : [Consumer clientId=consumer-notification-group-2, groupId=notification-group] Node 1 disconnected.
2026-07-28T07:38:51.151-07:00  WARN 5484 --- [notification-service] [org.springframework.kafka.KafkaListenerEndpointContainer#3-0-C-1] org.apache.kafka.clients.NetworkClient   : [Consumer clientId=consumer-notification-group-2, groupId=notification-group] Connection to node 1 (localhost/127.0.0.1:9092) could not be established. Node may not be available.
2026-07-28T07:38:51.167-07:00  INFO 5484 --- [notification-service] [org.springframework.kafka.KafkaListenerEndpointContainer#0-0-C-1] org.apache.kafka.clients.NetworkClient   : [Consumer clientId=consumer-notification-group-5, groupId=notification-group] Node 1 disconnected.
2026-07-28T07:38:51.167-07:00  WARN 5484 --- [notification-service] [org.springframework.kafka.KafkaListenerEndpointContainer#0-0-C-1] org.apache.kafka.clients.NetworkClient   : [Consumer clientId=consumer-notification-group-5, groupId=notification-group] Connection to node 1 (localhost/127.0.0.1:9092) could not be established. Node may not be available.
2026-07-28T07:38:51.544-07:00  INFO 5484 --- [notification-service] [org.springframework.kafka.KafkaListenerEndpointContainer#4-0-C-1] org.apache.kafka.clients.NetworkClient   : [Consumer clientId=consumer-notification-group-3, groupId=notification-group] Node 1 disconnected.
2026-07-28T07:38:51.544-07:00  WARN 5484 --- [notification-service] [org.springframework.kafka.KafkaListenerEndpointContainer#4-0-C-1] org.apache.kafka.clients.NetworkClient   : [Consumer clientId=consumer-notification-group-3, groupId=notification-group] Connection to node 1 (localhost/127.0.0.1:9092) could not be established. Node may not be available.
2026-07-28T07:38:51.754-07:00  INFO 5484 --- [notification-service] [org.springframework.kafka.KafkaListenerEndpointContainer#5-0-C-1] org.apache.kafka.clients.NetworkClient   : [Consumer clientId=consumer-notification-group-4, groupId=notification-group] Node 1 disconnected.
2026-07-28T07:38:51.754-07:00  WARN 5484 --- [notification-service] [org.springframework.kafka.KafkaListenerEndpointContainer#5-0-C-1] org.apache.kafka.clients.NetworkClient   : [Consumer clientId=consumer-notification-group-4, groupId=notification-group] Connection to node 1 (localhost/127.0.0.1:9092) could not be established. Node may not be available.
2026-07-28T07:38:52.074-07:00  INFO 5484 --- [notification-service] [org.springframework.kafka.KafkaListenerEndpointContainer#2-0-C-1] org.apache.kafka.clients.NetworkClient   : [Consumer clientId=consumer-notification-group-1, groupId=notification-group] Node 1 disconnected.
2026-07-28T07:38:52.074-07:00  WARN 5484 --- [notification-service] [org.springframework.kafka.KafkaListenerEndpointContainer#2-0-C-1] org.apache.kafka.clients.NetworkClient   : [Consumer clientId=consumer-notification-group-1, groupId=notification-group] Connection to node 1 (localhost/127.0.0.1:9092) could not be established. Node may not be available.
2026-07-28T07:38:52.110-07:00  INFO 5484 --- [notification-service] [org.springframework.kafka.KafkaListenerEndpointContainer#1-0-C-1] org.apache.kafka.clients.NetworkClient   : [Consumer clientId=consumer-notification-group-6, groupId=notification-group] Node 1 disconnected.
2026-07-28T07:38:52.110-07:00  WARN 5484 --- [notification-service] [org.springframework.kafka.KafkaListenerEndpointContainer#1-0-C-1] org.apache.kafka.clients.NetworkClient   : [Consumer clientId=consumer-notification-group-6, groupId=notification-group] Connection to node 1 (localhost/127.0.0.1:9092) could not be established. Node may not be available.
2026-07-28T07:38:52.152-07:00  INFO 5484 --- [notification-service] [org.springframework.kafka.KafkaListenerEndpointContainer#3-0-C-1] org.apache.kafka.clients.NetworkClient   : [Consumer clientId=consumer-notification-group-2, groupId=notification-group] Node 1 disconnected.
2026-07-28T07:38:52.152-07:00  WARN 5484 --- [notification-service] [org.springframework.kafka.KafkaListenerEndpointContainer#3-0-C-1] org.apache.kafka.clients.NetworkClient   : [Consumer clientId=consumer-notification-group-2, groupId=notification-group] Connection to node 1 (localhost/127.0.0.1:9092) could not be established. Node may not be available.
2026-07-28T07:38:52.168-07:00  INFO 5484 --- [notification-service] [org.springframework.kafka.KafkaListenerEndpointContainer#0-0-C-1] org.apache.kafka.clients.NetworkClient   : [Consumer clientId=consumer-notification-group-5, groupId=notification-group] Node 1 disconnected.
2026-07-28T07:38:52.168-07:00  WARN 5484 --- [notification-service] [org.springframework.kafka.KafkaListenerEndpointContainer#0-0-C-1] org.apache.kafka.clients.NetworkClient   : [Consumer clientId=consumer-notification-group-5, groupId=notification-group] Connection to node 1 (localhost/127.0.0.1:9092) could not be established. Node may not be available.
2026-07-28T07:38:52.544-07:00  INFO 5484 --- [notification-service] [org.springframework.kafka.KafkaListenerEndpointContainer#4-0-C-1] org.apache.kafka.clients.NetworkClient   : [Consumer clientId=consumer-notification-group-3, groupId=notification-group] Node 1 disconnected.
2026-07-28T07:38:52.544-07:00  WARN 5484 --- [notification-service] [org.springframework.kafka.KafkaListenerEndpointContainer#4-0-C-1] org.apache.kafka.clients.NetworkClient   : [Consumer clientId=consumer-notification-group-3, groupId=notification-group] Connection to node 1 (localhost/127.0.0.1:9092) could not be established. Node may not be available.
2026-07-28T07:38:52.814-07:00  INFO 5484 --- [notification-service] [org.springframework.kafka.KafkaListenerEndpointContainer#5-0-C-1] org.apache.kafka.clients.NetworkClient   : [Consumer clientId=consumer-notification-group-4, groupId=notification-group] Node 1 disconnected.
2026-07-28T07:38:52.814-07:00  WARN 5484 --- [notification-service] [org.springframework.kafka.KafkaListenerEndpointContainer#5-0-C-1] org.apache.kafka.clients.NetworkClient   : [Consumer clientId=consumer-notification-group-4, groupId=notification-group] Connection to node 1 (localhost/127.0.0.1:9092) could not be established. Node may not be available.
2026-07-28T07:38:53.112-07:00  INFO 5484 --- [notification-service] [org.springframework.kafka.KafkaListenerEndpointContainer#2-0-C-1] org.apache.kafka.clients.NetworkClient   : [Consumer clientId=consumer-notification-group-1, groupId=notification-group] Node 1 disconnected.
2026-07-28T07:38:53.112-07:00  WARN 5484 --- [notification-service] [org.springframework.kafka.KafkaListenerEndpointContainer#2-0-C-1] org.apache.kafka.clients.NetworkClient   : [Consumer clientId=consumer-notification-group-1, groupId=notification-group] Connection to node 1 (localhost/127.0.0.1:9092) could not be established. Node may not be available.
2026-07-28T07:38:53.128-07:00  INFO 5484 --- [notification-service] [org.springframework.kafka.KafkaListenerEndpointContainer#1-0-C-1] org.apache.kafka.clients.NetworkClient   : [Consumer clientId=consumer-notification-group-6, groupId=notification-group] Node 1 disconnected.
2026-07-28T07:38:53.128-07:00  WARN 5484 --- [notification-service] [org.springframework.kafka.KafkaListenerEndpointContainer#1-0-C-1] org.apache.kafka.clients.NetworkClient   : [Consumer clientId=consumer-notification-group-6, groupId=notification-group] Connection to node 1 (localhost/127.0.0.1:9092) could not be established. Node may not be available.
2026-07-28T07:38:53.160-07:00  INFO 5484 --- [notification-service] [org.springframework.kafka.KafkaListenerEndpointContainer#3-0-C-1] org.apache.kafka.clients.NetworkClient   : [Consumer clientId=consumer-notification-group-2, groupId=notification-group] Node 1 disconnected.
2026-07-28T07:38:53.160-07:00  WARN 5484 --- [notification-service] [org.springframework.kafka.KafkaListenerEndpointContainer#3-0-C-1] org.apache.kafka.clients.NetworkClient   : [Consumer clientId=consumer-notification-group-2, groupId=notification-group] Connection to node 1 (localhost/127.0.0.1:9092) could not be established. Node may not be available.
2026-07-28T07:38:53.176-07:00  INFO 5484 --- [notification-service] [org.springframework.kafka.KafkaListenerEndpointContainer#0-0-C-1] org.apache.kafka.clients.NetworkClient   : [Consumer clientId=consumer-notification-group-5, groupId=notification-group] Node 1 disconnected.
2026-07-28T07:38:53.176-07:00  WARN 5484 --- [notification-service] [org.springframework.kafka.KafkaListenerEndpointContainer#0-0-C-1] org.apache.kafka.clients.NetworkClient   : [Consumer clientId=consumer-notification-group-5, groupId=notification-group] Connection to node 1 (localhost/127.0.0.1:9092) could not be established. Node may not be available.
2026-07-28T07:38:53.556-07:00  INFO 5484 --- [notification-service] [org.springframework.kafka.KafkaListenerEndpointContainer#4-0-C-1] org.apache.kafka.clients.NetworkClient   : [Consumer clientId=consumer-notification-group-3, groupId=notification-group] Node 1 disconnected.
2026-07-28T07:38:53.556-07:00  WARN 5484 --- [notification-service] [org.springframework.kafka.KafkaListenerEndpointContainer#4-0-C-1] org.apache.kafka.clients.NetworkClient   : [Consumer clientId=consumer-notification-group-3, groupId=notification-group] Connection to node 1 (localhost/127.0.0.1:9092) could not be established. Node may not be available.
2026-07-28T07:38:53.839-07:00  INFO 5484 --- [notification-service] [org.springframework.kafka.KafkaListenerEndpointContainer#5-0-C-1] org.apache.kafka.clients.NetworkClient   : [Consumer clientId=consumer-notification-group-4, groupId=notification-group] Node 1 disconnected.
2026-07-28T07:38:53.839-07:00  WARN 5484 --- [notification-service] [org.springframework.kafka.KafkaListenerEndpointContainer#5-0-C-1] org.apache.kafka.clients.NetworkClient   : [Consumer clientId=consumer-notification-group-4, groupId=notification-group] Connection to node 1 (localhost/127.0.0.1:9092) could not be established. Node may not be available.
2026-07-28T07:38:54.124-07:00  INFO 5484 --- [notification-service] [org.springframework.kafka.KafkaListenerEndpointContainer#2-0-C-1] org.apache.kafka.clients.NetworkClient   : [Consumer clientId=consumer-notification-group-1, groupId=notification-group] Node 1 disconnected.
2026-07-28T07:38:54.124-07:00  WARN 5484 --- [notification-service] [org.springframework.kafka.KafkaListenerEndpointContainer#2-0-C-1] org.apache.kafka.clients.NetworkClient   : [Consumer clientId=consumer-notification-group-1, groupId=notification-group] Connection to node 1 (localhost/127.0.0.1:9092) could not be established. Node may not be available.
2026-07-28T07:38:54.138-07:00  INFO 5484 --- [notification-service] [org.springframework.kafka.KafkaListenerEndpointContainer#1-0-C-1] org.apache.kafka.clients.NetworkClient   : [Consumer clientId=consumer-notification-group-6, groupId=notification-group] Node 1 disconnected.
2026-07-28T07:38:54.139-07:00  WARN 5484 --- [notification-service] [org.springframework.kafka.KafkaListenerEndpointContainer#1-0-C-1] org.apache.kafka.clients.NetworkClient   : [Consumer clientId=consumer-notification-group-6, groupId=notification-group] Connection to node 1 (localhost/127.0.0.1:9092) could not be established. Node may not be available.
2026-07-28T07:38:54.185-07:00  INFO 5484 --- [notification-service] [org.springframework.kafka.KafkaListenerEndpointContainer#0-0-C-1] org.apache.kafka.clients.NetworkClient   : [Consumer clientId=consumer-notification-group-5, groupId=notification-group] Node 1 disconnected.
2026-07-28T07:38:54.185-07:00  WARN 5484 --- [notification-service] [org.springframework.kafka.KafkaListenerEndpointContainer#0-0-C-1] org.apache.kafka.clients.NetworkClient   : [Consumer clientId=consumer-notification-group-5, groupId=notification-group] Connection to node 1 (localhost/127.0.0.1:9092) could not be established. Node may not be available.
2026-07-28T07:38:54.201-07:00  INFO 5484 --- [notification-service] [org.springframework.kafka.KafkaListenerEndpointContainer#3-0-C-1] org.apache.kafka.clients.NetworkClient   : [Consumer clientId=consumer-notification-group-2, groupId=notification-group] Node 1 disconnected.
2026-07-28T07:38:54.201-07:00  WARN 5484 --- [notification-service] [org.springframework.kafka.KafkaListenerEndpointContainer#3-0-C-1] org.apache.kafka.clients.NetworkClient   : [Consumer clientId=consumer-notification-group-2, groupId=notification-group] Connection to node 1 (localhost/127.0.0.1:9092) could not be established. Node may not be available.
2026-07-28T07:38:54.561-07:00  INFO 5484 --- [notification-service] [org.springframework.kafka.KafkaListenerEndpointContainer#4-0-C-1] org.apache.kafka.clients.NetworkClient   : [Consumer clientId=consumer-notification-group-3, groupId=notification-group] Node 1 disconnected.
2026-07-28T07:38:54.561-07:00  WARN 5484 --- [notification-service] [org.springframework.kafka.KafkaListenerEndpointContainer#4-0-C-1] org.apache.kafka.clients.NetworkClient   : [Consumer clientId=consumer-notification-group-3, groupId=notification-group] Connection to node 1 (localhost/127.0.0.1:9092) could not be established. Node may not be available.
2026-07-28T07:38:54.826-07:00  INFO 5484 --- [notification-service] [org.springframework.kafka.KafkaListenerEndpointContainer#5-0-C-1] org.apache.kafka.clients.NetworkClient   : [Consumer clientId=consumer-notification-group-4, groupId=notification-group] Node 1 disconnected.
2026-07-28T07:38:54.826-07:00  WARN 5484 --- [notification-service] [org.springframework.kafka.KafkaListenerEndpointContainer#5-0-C-1] org.apache.kafka.clients.NetworkClient   : [Consumer clientId=consumer-notification-group-4, groupId=notification-group] Connection to node 1 (localhost/127.0.0.1:9092) could not be established. Node may not be available.
2026-07-28T07:38:55.139-07:00  INFO 5484 --- [notification-service] [org.springframework.kafka.KafkaListenerEndpointContainer#1-0-C-1] org.apache.kafka.clients.NetworkClient   : [Consumer clientId=consumer-notification-group-6, groupId=notification-group] Node 1 disconnected.
2026-07-28T07:38:55.139-07:00  INFO 5484 --- [notification-service] [org.springframework.kafka.KafkaListenerEndpointContainer#2-0-C-1] org.apache.kafka.clients.NetworkClient   : [Consumer clientId=consumer-notification-group-1, groupId=notification-group] Node 1 disconnected.
2026-07-28T07:38:55.139-07:00  WARN 5484 --- [notification-service] [org.springframework.kafka.KafkaListenerEndpointContainer#1-0-C-1] org.apache.kafka.clients.NetworkClient   : [Consumer clientId=consumer-notification-group-6, groupId=notification-group] Connection to node 1 (localhost/127.0.0.1:9092) could not be established. Node may not be available.
2026-07-28T07:38:55.139-07:00  WARN 5484 --- [notification-service] [org.springframework.kafka.KafkaListenerEndpointContainer#2-0-C-1] org.apache.kafka.clients.NetworkClient   : [Consumer clientId=consumer-notification-group-1, groupId=notification-group] Connection to node 1 (localhost/127.0.0.1:9092) could not be established. Node may not be available.
2026-07-28T07:38:55.187-07:00  INFO 5484 --- [notification-service] [org.springframework.kafka.KafkaListenerEndpointContainer#0-0-C-1] org.apache.kafka.clients.NetworkClient   : [Consumer clientId=consumer-notification-group-5, groupId=notification-group] Node 1 disconnected.
2026-07-28T07:38:55.187-07:00  WARN 5484 --- [notification-service] [org.springframework.kafka.KafkaListenerEndpointContainer#0-0-C-1] org.apache.kafka.clients.NetworkClient   : [Consumer clientId=consumer-notification-group-5, groupId=notification-group] Connection to node 1 (localhost/127.0.0.1:9092) could not be established. Node may not be available.
2026-07-28T07:38:55.203-07:00  INFO 5484 --- [notification-service] [org.springframework.kafka.KafkaListenerEndpointContainer#3-0-C-1] org.apache.kafka.clients.NetworkClient   : [Consumer clientId=consumer-notification-group-2, groupId=notification-group] Node 1 disconnected.
2026-07-28T07:38:55.203-07:00  WARN 5484 --- [notification-service] [org.springframework.kafka.KafkaListenerEndpointContainer#3-0-C-1] org.apache.kafka.clients.NetworkClient   : [Consumer clientId=consumer-notification-group-2, groupId=notification-group] Connection to node 1 (localhost/127.0.0.1:9092) could not be established. Node may not be available.
2026-07-28T07:38:55.546-07:00  INFO 5484 --- [notification-service] [org.springframework.kafka.KafkaListenerEndpointContainer#4-0-C-1] org.apache.kafka.clients.NetworkClient   : [Consumer clientId=consumer-notification-group-3, groupId=notification-group] Node 1 disconnected.
2026-07-28T07:38:55.546-07:00  WARN 5484 --- [notification-service] [org.springframework.kafka.KafkaListenerEndpointContainer#4-0-C-1] org.apache.kafka.clients.NetworkClient   : [Consumer clientId=consumer-notification-group-3, groupId=notification-group] Connection to node 1 (localhost/127.0.0.1:9092) could not be established. Node may not be available.
2026-07-28T07:38:55.826-07:00  INFO 5484 --- [notification-service] [org.springframework.kafka.KafkaListenerEndpointContainer#5-0-C-1] org.apache.kafka.clients.NetworkClient   : [Consumer clientId=consumer-notification-group-4, groupId=notification-group] Node 1 disconnected.
2026-07-28T07:38:55.826-07:00  WARN 5484 --- [notification-service] [org.springframework.kafka.KafkaListenerEndpointContainer#5-0-C-1] org.apache.kafka.clients.NetworkClient   : [Consumer clientId=consumer-notification-group-4, groupId=notification-group] Connection to node 1 (localhost/127.0.0.1:9092) could not be established. Node may not be available.
2026-07-28T07:38:56.127-07:00  INFO 5484 --- [notification-service] [org.springframework.kafka.KafkaListenerEndpointContainer#1-0-C-1] org.apache.kafka.clients.NetworkClient   : [Consumer clientId=consumer-notification-group-6, groupId=notification-group] Node 1 disconnected.
2026-07-28T07:38:56.127-07:00  WARN 5484 --- [notification-service] [org.springframework.kafka.KafkaListenerEndpointContainer#1-0-C-1] org.apache.kafka.clients.NetworkClient   : [Consumer clientId=consumer-notification-group-6, groupId=notification-group] Connection to node 1 (localhost/127.0.0.1:9092) could not be established. Node may not be available.
2026-07-28T07:38:56.143-07:00  INFO 5484 --- [notification-service] [org.springframework.kafka.KafkaListenerEndpointContainer#2-0-C-1] org.apache.kafka.clients.NetworkClient   : [Consumer clientId=consumer-notification-group-1, groupId=notification-group] Node 1 disconnected.
2026-07-28T07:38:56.143-07:00  WARN 5484 --- [notification-service] [org.springframework.kafka.KafkaListenerEndpointContainer#2-0-C-1] org.apache.kafka.clients.NetworkClient   : [Consumer clientId=consumer-notification-group-1, groupId=notification-group] Connection to node 1 (localhost/127.0.0.1:9092) could not be established. Node may not be available.
2026-07-28T07:38:56.190-07:00  INFO 5484 --- [notification-service] [org.springframework.kafka.KafkaListenerEndpointContainer#0-0-C-1] org.apache.kafka.clients.NetworkClient   : [Consumer clientId=consumer-notification-group-5, groupId=notification-group] Node 1 disconnected.
2026-07-28T07:38:56.190-07:00  WARN 5484 --- [notification-service] [org.springframework.kafka.KafkaListenerEndpointContainer#0-0-C-1] org.apache.kafka.clients.NetworkClient   : [Consumer clientId=consumer-notification-group-5, groupId=notification-group] Connection to node 1 (localhost/127.0.0.1:9092) could not be established. Node may not be available.
2026-07-28T07:38:56.206-07:00  INFO 5484 --- [notification-service] [org.springframework.kafka.KafkaListenerEndpointContainer#3-0-C-1] org.apache.kafka.clients.NetworkClient   : [Consumer clientId=consumer-notification-group-2, groupId=notification-group] Node 1 disconnected.
2026-07-28T07:38:56.206-07:00  WARN 5484 --- [notification-service] [org.springframework.kafka.KafkaListenerEndpointContainer#3-0-C-1] org.apache.kafka.clients.NetworkClient   : [Consumer clientId=consumer-notification-group-2, groupId=notification-group] Connection to node 1 (localhost/127.0.0.1:9092) could not be established. Node may not be available.
2026-07-28T07:38:56.554-07:00  INFO 5484 --- [notification-service] [org.springframework.kafka.KafkaListenerEndpointContainer#4-0-C-1] org.apache.kafka.clients.NetworkClient   : [Consumer clientId=consumer-notification-group-3, groupId=notification-group] Node 1 disconnected.
2026-07-28T07:38:56.554-07:00  WARN 5484 --- [notification-service] [org.springframework.kafka.KafkaListenerEndpointContainer#4-0-C-1] org.apache.kafka.clients.NetworkClient   : [Consumer clientId=consumer-notification-group-3, groupId=notification-group] Connection to node 1 (localhost/127.0.0.1:9092) could not be established. Node may not be available.
2026-07-28T07:38:56.827-07:00  INFO 5484 --- [notification-service] [org.springframework.kafka.KafkaListenerEndpointContainer#5-0-C-1] org.apache.kafka.clients.NetworkClient   : [Consumer clientId=consumer-notification-group-4, groupId=notification-group] Node 1 disconnected.
2026-07-28T07:38:56.827-07:00  WARN 5484 --- [notification-service] [org.springframework.kafka.KafkaListenerEndpointContainer#5-0-C-1] org.apache.kafka.clients.NetworkClient   : [Consumer clientId=consumer-notification-group-4, groupId=notification-group] Connection to node 1 (localhost/127.0.0.1:9092) could not be established. Node may not be available.
2026-07-28T07:38:57.129-07:00  INFO 5484 --- [notification-service] [org.springframework.kafka.KafkaListenerEndpointContainer#1-0-C-1] org.apache.kafka.clients.NetworkClient   : [Consumer clientId=consumer-notification-group-6, groupId=notification-group] Node 1 disconnected.
2026-07-28T07:38:57.129-07:00  WARN 5484 --- [notification-service] [org.springframework.kafka.KafkaListenerEndpointContainer#1-0-C-1] org.apache.kafka.clients.NetworkClient   : [Consumer clientId=consumer-notification-group-6, groupId=notification-group] Connection to node 1 (localhost/127.0.0.1:9092) could not be established. Node may not be available.
2026-07-28T07:38:57.144-07:00  INFO 5484 --- [notification-service] [org.springframework.kafka.KafkaListenerEndpointContainer#2-0-C-1] org.apache.kafka.clients.NetworkClient   : [Consumer clientId=consumer-notification-group-1, groupId=notification-group] Node 1 disconnected.
2026-07-28T07:38:57.144-07:00  WARN 5484 --- [notification-service] [org.springframework.kafka.KafkaListenerEndpointContainer#2-0-C-1] org.apache.kafka.clients.NetworkClient   : [Consumer clientId=consumer-notification-group-1, groupId=notification-group] Connection to node 1 (localhost/127.0.0.1:9092) could not be established. Node may not be available.
2026-07-28T07:38:57.145-07:00  INFO 5484 --- [notification-service] [org.springframework.kafka.KafkaListenerEndpointContainer#0-0-C-1] org.apache.kafka.clients.NetworkClient   : [Consumer clientId=consumer-notification-group-5, groupId=notification-group] Node 1 disconnected.
2026-07-28T07:38:57.145-07:00  WARN 5484 --- [notification-service] [org.springframework.kafka.KafkaListenerEndpointContainer#0-0-C-1] org.apache.kafka.clients.NetworkClient   : [Consumer clientId=consumer-notification-group-5, groupId=notification-group] Connection to node 1 (localhost/127.0.0.1:9092) could not be established. Node may not be available.
2026-07-28T07:38:57.207-07:00  INFO 5484 --- [notification-service] [org.springframework.kafka.KafkaListenerEndpointContainer#3-0-C-1] org.apache.kafka.clients.NetworkClient   : [Consumer clientId=consumer-notification-group-2, groupId=notification-group] Node 1 disconnected.
2026-07-28T07:38:57.207-07:00  WARN 5484 --- [notification-service] [org.springframework.kafka.KafkaListenerEndpointContainer#3-0-C-1] org.apache.kafka.clients.NetworkClient   : [Consumer clientId=consumer-notification-group-2, groupId=notification-group] Connection to node 1 (localhost/127.0.0.1:9092) could not be established. Node may not be available.
2026-07-28T07:38:57.566-07:00  INFO 5484 --- [notification-service] [org.springframework.kafka.KafkaListenerEndpointContainer#4-0-C-1] org.apache.kafka.clients.NetworkClient   : [Consumer clientId=consumer-notification-group-3, groupId=notification-group] Node 1 disconnected.
2026-07-28T07:38:57.566-07:00  WARN 5484 --- [notification-service] [org.springframework.kafka.KafkaListenerEndpointContainer#4-0-C-1] org.apache.kafka.clients.NetworkClient   : [Consumer clientId=consumer-notification-group-3, groupId=notification-group] Connection to node 1 (localhost/127.0.0.1:9092) could not be established. Node may not be available.
2026-07-28T07:38:57.834-07:00  INFO 5484 --- [notification-service] [org.springframework.kafka.KafkaListenerEndpointContainer#5-0-C-1] org.apache.kafka.clients.NetworkClient   : [Consumer clientId=consumer-notification-group-4, groupId=notification-group] Node 1 disconnected.
2026-07-28T07:38:57.834-07:00  WARN 5484 --- [notification-service] [org.springframework.kafka.KafkaListenerEndpointContainer#5-0-C-1] org.apache.kafka.clients.NetworkClient   : [Consumer clientId=consumer-notification-group-4, groupId=notification-group] Connection to node 1 (localhost/127.0.0.1:9092) could not be established. Node may not be available.
2026-07-28T07:38:58.129-07:00  INFO 5484 --- [notification-service] [org.springframework.kafka.KafkaListenerEndpointContainer#1-0-C-1] org.apache.kafka.clients.NetworkClient   : [Consumer clientId=consumer-notification-group-6, groupId=notification-group] Node 1 disconnected.
2026-07-28T07:38:58.129-07:00  WARN 5484 --- [notification-service] [org.springframework.kafka.KafkaListenerEndpointContainer#1-0-C-1] org.apache.kafka.clients.NetworkClient   : [Consumer clientId=consumer-notification-group-6, groupId=notification-group] Connection to node 1 (localhost/127.0.0.1:9092) could not be established. Node may not be available.
2026-07-28T07:38:58.145-07:00  INFO 5484 --- [notification-service] [org.springframework.kafka.KafkaListenerEndpointContainer#2-0-C-1] org.apache.kafka.clients.NetworkClient   : [Consumer clientId=consumer-notification-group-1, groupId=notification-group] Node 1 disconnected.
2026-07-28T07:38:58.145-07:00  WARN 5484 --- [notification-service] [org.springframework.kafka.KafkaListenerEndpointContainer#2-0-C-1] org.apache.kafka.clients.NetworkClient   : [Consumer clientId=consumer-notification-group-1, groupId=notification-group] Connection to node 1 (localhost/127.0.0.1:9092) could not be established. Node may not be available.
2026-07-28T07:38:58.160-07:00  INFO 5484 --- [notification-service] [org.springframework.kafka.KafkaListenerEndpointContainer#0-0-C-1] org.apache.kafka.clients.NetworkClient   : [Consumer clientId=consumer-notification-group-5, groupId=notification-group] Node 1 disconnected.
2026-07-28T07:38:58.161-07:00  WARN 5484 --- [notification-service] [org.springframework.kafka.KafkaListenerEndpointContainer#0-0-C-1] org.apache.kafka.clients.NetworkClient   : [Consumer clientId=consumer-notification-group-5, groupId=notification-group] Connection to node 1 (localhost/127.0.0.1:9092) could not be established. Node may not be available.
2026-07-28T07:38:58.176-07:00  INFO 5484 --- [notification-service] [org.springframework.kafka.KafkaListenerEndpointContainer#3-0-C-1] org.apache.kafka.clients.NetworkClient   : [Consumer clientId=consumer-notification-group-2, groupId=notification-group] Node 1 disconnected.
2026-07-28T07:38:58.177-07:00  WARN 5484 --- [notification-service] [org.springframework.kafka.KafkaListenerEndpointContainer#3-0-C-1] org.apache.kafka.clients.NetworkClient   : [Consumer clientId=consumer-notification-group-2, groupId=notification-group] Connection to node 1 (localhost/127.0.0.1:9092) could not be established. Node may not be available.
2026-07-28T07:38:58.570-07:00  INFO 5484 --- [notification-service] [org.springframework.kafka.KafkaListenerEndpointContainer#4-0-C-1] org.apache.kafka.clients.NetworkClient   : [Consumer clientId=consumer-notification-group-3, groupId=notification-group] Node 1 disconnected.
2026-07-28T07:38:58.570-07:00  WARN 5484 --- [notification-service] [org.springframework.kafka.KafkaListenerEndpointContainer#4-0-C-1] org.apache.kafka.clients.NetworkClient   : [Consumer clientId=consumer-notification-group-3, groupId=notification-group] Connection to node 1 (localhost/127.0.0.1:9092) could not be established. Node may not be available.
2026-07-28T07:38:58.616-07:00  INFO 5484 --- [notification-service] [RMI TCP Connection(12)-127.0.0.1] inMXBeanRegistrar$SpringApplicationAdmin : Application shutdown requested.
2026-07-28T07:38:58.619-07:00  INFO 5484 --- [notification-service] [RMI TCP Connection(12)-127.0.0.1] o.s.c.n.e.s.EurekaServiceRegistry        : Unregistering application NOTIFICATION-SERVICE with eureka with status DOWN
2026-07-28T07:38:58.619-07:00  INFO 5484 --- [notification-service] [RMI TCP Connection(12)-127.0.0.1] com.netflix.discovery.DiscoveryClient    : Saw local status change event StatusChangeEvent [timestamp=1785249538619, current=DOWN, previous=UP]
2026-07-28T07:38:58.619-07:00  INFO 5484 --- [notification-service] [DiscoveryClient-InstanceInfoReplicator-%d] com.netflix.discovery.DiscoveryClient    : DiscoveryClient_NOTIFICATION-SERVICE/notification-service:d22e5b17dc797fca2fe9e931e75b4cb5: registering service...
2026-07-28T07:38:58.626-07:00  INFO 5484 --- [notification-service] [org.springframework.kafka.KafkaListenerEndpointContainer#3-0-C-1] k.c.c.i.ConsumerRebalanceListenerInvoker : [Consumer clientId=consumer-notification-group-2, groupId=notification-group] Revoke previously assigned partitions service-events-0
2026-07-28T07:38:58.626-07:00  INFO 5484 --- [notification-service] [org.springframework.kafka.KafkaListenerEndpointContainer#4-0-C-1] k.c.c.i.ConsumerRebalanceListenerInvoker : [Consumer clientId=consumer-notification-group-3, groupId=notification-group] Revoke previously assigned partitions shop-events-0
2026-07-28T07:38:58.626-07:00  INFO 5484 --- [notification-service] [org.springframework.kafka.KafkaListenerEndpointContainer#5-0-C-1] k.c.c.i.ConsumerRebalanceListenerInvoker : [Consumer clientId=consumer-notification-group-4, groupId=notification-group] Revoke previously assigned partitions chat-notification-0
2026-07-28T07:38:58.626-07:00  INFO 5484 --- [notification-service] [org.springframework.kafka.KafkaListenerEndpointContainer#1-0-C-1] k.c.c.i.ConsumerRebalanceListenerInvoker : [Consumer clientId=consumer-notification-group-6, groupId=notification-group] Revoke previously assigned partitions product-events-0
2026-07-28T07:38:58.626-07:00  INFO 5484 --- [notification-service] [org.springframework.kafka.KafkaListenerEndpointContainer#0-0-C-1] k.c.c.i.ConsumerRebalanceListenerInvoker : [Consumer clientId=consumer-notification-group-5, groupId=notification-group] Revoke previously assigned partitions notification-topic-0
2026-07-28T07:38:58.626-07:00  INFO 5484 --- [notification-service] [org.springframework.kafka.KafkaListenerEndpointContainer#2-0-C-1] k.c.c.i.ConsumerRebalanceListenerInvoker : [Consumer clientId=consumer-notification-group-1, groupId=notification-group] Revoke previously assigned partitions reel-events-0
2026-07-28T07:38:58.627-07:00  INFO 5484 --- [notification-service] [org.springframework.kafka.KafkaListenerEndpointContainer#3-0-C-1] o.s.k.l.KafkaMessageListenerContainer    : notification-group: partitions revoked: [service-events-0]
2026-07-28T07:38:58.627-07:00  INFO 5484 --- [notification-service] [org.springframework.kafka.KafkaListenerEndpointContainer#1-0-C-1] o.s.k.l.KafkaMessageListenerContainer    : notification-group: partitions revoked: [product-events-0]
2026-07-28T07:38:58.627-07:00  INFO 5484 --- [notification-service] [org.springframework.kafka.KafkaListenerEndpointContainer#0-0-C-1] o.s.k.l.KafkaMessageListenerContainer    : notification-group: partitions revoked: [notification-topic-0]
2026-07-28T07:38:58.627-07:00  INFO 5484 --- [notification-service] [org.springframework.kafka.KafkaListenerEndpointContainer#4-0-C-1] o.s.k.l.KafkaMessageListenerContainer    : notification-group: partitions revoked: [shop-events-0]
2026-07-28T07:38:58.627-07:00  INFO 5484 --- [notification-service] [org.springframework.kafka.KafkaListenerEndpointContainer#5-0-C-1] o.s.k.l.KafkaMessageListenerContainer    : notification-group: partitions revoked: [chat-notification-0]
2026-07-28T07:38:58.627-07:00  INFO 5484 --- [notification-service] [org.springframework.kafka.KafkaListenerEndpointContainer#2-0-C-1] o.s.k.l.KafkaMessageListenerContainer    : notification-group: partitions revoked: [reel-events-0]
2026-07-28T07:38:58.628-07:00  INFO 5484 --- [notification-service] [org.springframework.kafka.KafkaListenerEndpointContainer#1-0-C-1] o.a.k.c.c.internals.ConsumerCoordinator  : [Consumer clientId=consumer-notification-group-6, groupId=notification-group] Resetting generation and member id due to: consumer pro-actively leaving the group
2026-07-28T07:38:58.628-07:00  INFO 5484 --- [notification-service] [org.springframework.kafka.KafkaListenerEndpointContainer#1-0-C-1] o.a.k.c.c.internals.ConsumerCoordinator  : [Consumer clientId=consumer-notification-group-6, groupId=notification-group] Request joining group due to: consumer pro-actively leaving the group
2026-07-28T07:38:58.628-07:00  INFO 5484 --- [notification-service] [org.springframework.kafka.KafkaListenerEndpointContainer#1-0-C-1] o.a.k.c.c.i.ClassicKafkaConsumer         : [Consumer clientId=consumer-notification-group-6, groupId=notification-group] Unsubscribed all topics or patterns and assigned partitions
2026-07-28T07:38:58.628-07:00  INFO 5484 --- [notification-service] [org.springframework.kafka.KafkaListenerEndpointContainer#2-0-C-1] o.a.k.c.c.internals.ConsumerCoordinator  : [Consumer clientId=consumer-notification-group-1, groupId=notification-group] Resetting generation and member id due to: consumer pro-actively leaving the group
2026-07-28T07:38:58.628-07:00  INFO 5484 --- [notification-service] [org.springframework.kafka.KafkaListenerEndpointContainer#2-0-C-1] o.a.k.c.c.internals.ConsumerCoordinator  : [Consumer clientId=consumer-notification-group-1, groupId=notification-group] Request joining group due to: consumer pro-actively leaving the group
2026-07-28T07:38:58.628-07:00  INFO 5484 --- [notification-service] [org.springframework.kafka.KafkaListenerEndpointContainer#2-0-C-1] o.a.k.c.c.i.ClassicKafkaConsumer         : [Consumer clientId=consumer-notification-group-1, groupId=notification-group] Unsubscribed all topics or patterns and assigned partitions
2026-07-28T07:38:58.628-07:00  INFO 5484 --- [notification-service] [org.springframework.kafka.KafkaListenerEndpointContainer#0-0-C-1] o.a.k.c.c.internals.ConsumerCoordinator  : [Consumer clientId=consumer-notification-group-5, groupId=notification-group] Resetting generation and member id due to: consumer pro-actively leaving the group
2026-07-28T07:38:58.628-07:00  INFO 5484 --- [notification-service] [org.springframework.kafka.KafkaListenerEndpointContainer#0-0-C-1] o.a.k.c.c.internals.ConsumerCoordinator  : [Consumer clientId=consumer-notification-group-5, groupId=notification-group] Request joining group due to: consumer pro-actively leaving the group
2026-07-28T07:38:58.628-07:00  INFO 5484 --- [notification-service] [org.springframework.kafka.KafkaListenerEndpointContainer#0-0-C-1] o.a.k.c.c.i.ClassicKafkaConsumer         : [Consumer clientId=consumer-notification-group-5, groupId=notification-group] Unsubscribed all topics or patterns and assigned partitions
2026-07-28T07:38:58.629-07:00  INFO 5484 --- [notification-service] [org.springframework.kafka.KafkaListenerEndpointContainer#4-0-C-1] o.a.k.c.c.internals.ConsumerCoordinator  : [Consumer clientId=consumer-notification-group-3, groupId=notification-group] Resetting generation and member id due to: consumer pro-actively leaving the group
2026-07-28T07:38:58.629-07:00  INFO 5484 --- [notification-service] [org.springframework.kafka.KafkaListenerEndpointContainer#4-0-C-1] o.a.k.c.c.internals.ConsumerCoordinator  : [Consumer clientId=consumer-notification-group-3, groupId=notification-group] Request joining group due to: consumer pro-actively leaving the group
2026-07-28T07:38:58.629-07:00  INFO 5484 --- [notification-service] [org.springframework.kafka.KafkaListenerEndpointContainer#4-0-C-1] o.a.k.c.c.i.ClassicKafkaConsumer         : [Consumer clientId=consumer-notification-group-3, groupId=notification-group] Unsubscribed all topics or patterns and assigned partitions
2026-07-28T07:38:58.629-07:00  INFO 5484 --- [notification-service] [org.springframework.kafka.KafkaListenerEndpointContainer#3-0-C-1] o.a.k.c.c.internals.ConsumerCoordinator  : [Consumer clientId=consumer-notification-group-2, groupId=notification-group] Resetting generation and member id due to: consumer pro-actively leaving the group
2026-07-28T07:38:58.629-07:00  INFO 5484 --- [notification-service] [org.springframework.kafka.KafkaListenerEndpointContainer#3-0-C-1] o.a.k.c.c.internals.ConsumerCoordinator  : [Consumer clientId=consumer-notification-group-2, groupId=notification-group] Request joining group due to: consumer pro-actively leaving the group
2026-07-28T07:38:58.629-07:00  INFO 5484 --- [notification-service] [org.springframework.kafka.KafkaListenerEndpointContainer#3-0-C-1] o.a.k.c.c.i.ClassicKafkaConsumer         : [Consumer clientId=consumer-notification-group-2, groupId=notification-group] Unsubscribed all topics or patterns and assigned partitions
2026-07-28T07:38:58.629-07:00  INFO 5484 --- [notification-service] [org.springframework.kafka.KafkaListenerEndpointContainer#5-0-C-1] o.a.k.c.c.internals.ConsumerCoordinator  : [Consumer clientId=consumer-notification-group-4, groupId=notification-group] Resetting generation and member id due to: consumer pro-actively leaving the group
2026-07-28T07:38:58.629-07:00  INFO 5484 --- [notification-service] [org.springframework.kafka.KafkaListenerEndpointContainer#5-0-C-1] o.a.k.c.c.internals.ConsumerCoordinator  : [Consumer clientId=consumer-notification-group-4, groupId=notification-group] Request joining group due to: consumer pro-actively leaving the group
2026-07-28T07:38:58.629-07:00  INFO 5484 --- [notification-service] [org.springframework.kafka.KafkaListenerEndpointContainer#5-0-C-1] o.a.k.c.c.i.ClassicKafkaConsumer         : [Consumer clientId=consumer-notification-group-4, groupId=notification-group] Unsubscribed all topics or patterns and assigned partitions
2026-07-28T07:38:58.631-07:00  INFO 5484 --- [notification-service] [org.springframework.kafka.KafkaListenerEndpointContainer#2-0-C-1] o.a.k.c.c.internals.ConsumerCoordinator  : [Consumer clientId=consumer-notification-group-1, groupId=notification-group] Resetting generation and member id due to: consumer pro-actively leaving the group
2026-07-28T07:38:58.631-07:00  INFO 5484 --- [notification-service] [org.springframework.kafka.KafkaListenerEndpointContainer#4-0-C-1] o.a.k.c.c.internals.ConsumerCoordinator  : [Consumer clientId=consumer-notification-group-3, groupId=notification-group] Resetting generation and member id due to: consumer pro-actively leaving the group
2026-07-28T07:38:58.631-07:00  INFO 5484 --- [notification-service] [org.springframework.kafka.KafkaListenerEndpointContainer#2-0-C-1] o.a.k.c.c.internals.ConsumerCoordinator  : [Consumer clientId=consumer-notification-group-1, groupId=notification-group] Request joining group due to: consumer pro-actively leaving the group
2026-07-28T07:38:58.631-07:00  INFO 5484 --- [notification-service] [org.springframework.kafka.KafkaListenerEndpointContainer#4-0-C-1] o.a.k.c.c.internals.ConsumerCoordinator  : [Consumer clientId=consumer-notification-group-3, groupId=notification-group] Request joining group due to: consumer pro-actively leaving the group
2026-07-28T07:38:58.631-07:00  INFO 5484 --- [notification-service] [org.springframework.kafka.KafkaListenerEndpointContainer#1-0-C-1] o.a.k.c.c.internals.ConsumerCoordinator  : [Consumer clientId=consumer-notification-group-6, groupId=notification-group] Resetting generation and member id due to: consumer pro-actively leaving the group
2026-07-28T07:38:58.631-07:00  INFO 5484 --- [notification-service] [org.springframework.kafka.KafkaListenerEndpointContainer#3-0-C-1] o.a.k.c.c.internals.ConsumerCoordinator  : [Consumer clientId=consumer-notification-group-2, groupId=notification-group] Resetting generation and member id due to: consumer pro-actively leaving the group
2026-07-28T07:38:58.631-07:00  INFO 5484 --- [notification-service] [org.springframework.kafka.KafkaListenerEndpointContainer#5-0-C-1] o.a.k.c.c.internals.ConsumerCoordinator  : [Consumer clientId=consumer-notification-group-4, groupId=notification-group] Resetting generation and member id due to: consumer pro-actively leaving the group
2026-07-28T07:38:58.631-07:00  INFO 5484 --- [notification-service] [org.springframework.kafka.KafkaListenerEndpointContainer#1-0-C-1] o.a.k.c.c.internals.ConsumerCoordinator  : [Consumer clientId=consumer-notification-group-6, groupId=notification-group] Request joining group due to: consumer pro-actively leaving the group
2026-07-28T07:38:58.631-07:00  INFO 5484 --- [notification-service] [org.springframework.kafka.KafkaListenerEndpointContainer#3-0-C-1] o.a.k.c.c.internals.ConsumerCoordinator  : [Consumer clientId=consumer-notification-group-2, groupId=notification-group] Request joining group due to: consumer pro-actively leaving the group
2026-07-28T07:38:58.631-07:00  INFO 5484 --- [notification-service] [org.springframework.kafka.KafkaListenerEndpointContainer#5-0-C-1] o.a.k.c.c.internals.ConsumerCoordinator  : [Consumer clientId=consumer-notification-group-4, groupId=notification-group] Request joining group due to: consumer pro-actively leaving the group
2026-07-28T07:38:58.631-07:00  INFO 5484 --- [notification-service] [org.springframework.kafka.KafkaListenerEndpointContainer#0-0-C-1] o.a.k.c.c.internals.ConsumerCoordinator  : [Consumer clientId=consumer-notification-group-5, groupId=notification-group] Resetting generation and member id due to: consumer pro-actively leaving the group
2026-07-28T07:38:58.631-07:00  INFO 5484 --- [notification-service] [org.springframework.kafka.KafkaListenerEndpointContainer#0-0-C-1] o.a.k.c.c.internals.ConsumerCoordinator  : [Consumer clientId=consumer-notification-group-5, groupId=notification-group] Request joining group due to: consumer pro-actively leaving the group
2026-07-28T07:38:58.639-07:00  INFO 5484 --- [notification-service] [org.springframework.kafka.KafkaListenerEndpointContainer#4-0-C-1] o.apache.kafka.common.metrics.Metrics    : Metrics scheduler closed
2026-07-28T07:38:58.639-07:00  INFO 5484 --- [notification-service] [org.springframework.kafka.KafkaListenerEndpointContainer#4-0-C-1] o.apache.kafka.common.metrics.Metrics    : Closing reporter org.apache.kafka.common.metrics.JmxReporter
2026-07-28T07:38:58.639-07:00  INFO 5484 --- [notification-service] [org.springframework.kafka.KafkaListenerEndpointContainer#4-0-C-1] o.apache.kafka.common.metrics.Metrics    : Closing reporter org.apache.kafka.common.telemetry.internals.ClientTelemetryReporter
2026-07-28T07:38:58.639-07:00  INFO 5484 --- [notification-service] [org.springframework.kafka.KafkaListenerEndpointContainer#1-0-C-1] o.apache.kafka.common.metrics.Metrics    : Metrics scheduler closed
2026-07-28T07:38:58.639-07:00  INFO 5484 --- [notification-service] [org.springframework.kafka.KafkaListenerEndpointContainer#4-0-C-1] o.apache.kafka.common.metrics.Metrics    : Metrics reporters closed
2026-07-28T07:38:58.639-07:00  INFO 5484 --- [notification-service] [org.springframework.kafka.KafkaListenerEndpointContainer#1-0-C-1] o.apache.kafka.common.metrics.Metrics    : Closing reporter org.apache.kafka.common.metrics.JmxReporter
2026-07-28T07:38:58.639-07:00  INFO 5484 --- [notification-service] [org.springframework.kafka.KafkaListenerEndpointContainer#0-0-C-1] o.apache.kafka.common.metrics.Metrics    : Metrics scheduler closed
2026-07-28T07:38:58.639-07:00  INFO 5484 --- [notification-service] [org.springframework.kafka.KafkaListenerEndpointContainer#1-0-C-1] o.apache.kafka.common.metrics.Metrics    : Closing reporter org.apache.kafka.common.telemetry.internals.ClientTelemetryReporter
2026-07-28T07:38:58.639-07:00  INFO 5484 --- [notification-service] [org.springframework.kafka.KafkaListenerEndpointContainer#0-0-C-1] o.apache.kafka.common.metrics.Metrics    : Closing reporter org.apache.kafka.common.metrics.JmxReporter
2026-07-28T07:38:58.640-07:00  INFO 5484 --- [notification-service] [org.springframework.kafka.KafkaListenerEndpointContainer#5-0-C-1] o.apache.kafka.common.metrics.Metrics    : Metrics scheduler closed
2026-07-28T07:38:58.640-07:00  INFO 5484 --- [notification-service] [org.springframework.kafka.KafkaListenerEndpointContainer#0-0-C-1] o.apache.kafka.common.metrics.Metrics    : Closing reporter org.apache.kafka.common.telemetry.internals.ClientTelemetryReporter
2026-07-28T07:38:58.640-07:00  INFO 5484 --- [notification-service] [org.springframework.kafka.KafkaListenerEndpointContainer#1-0-C-1] o.apache.kafka.common.metrics.Metrics    : Metrics reporters closed
2026-07-28T07:38:58.640-07:00  INFO 5484 --- [notification-service] [org.springframework.kafka.KafkaListenerEndpointContainer#0-0-C-1] o.apache.kafka.common.metrics.Metrics    : Metrics reporters closed
2026-07-28T07:38:58.640-07:00  INFO 5484 --- [notification-service] [org.springframework.kafka.KafkaListenerEndpointContainer#5-0-C-1] o.apache.kafka.common.metrics.Metrics    : Closing reporter org.apache.kafka.common.metrics.JmxReporter
2026-07-28T07:38:58.640-07:00  INFO 5484 --- [notification-service] [org.springframework.kafka.KafkaListenerEndpointContainer#3-0-C-1] o.apache.kafka.common.metrics.Metrics    : Metrics scheduler closed
2026-07-28T07:38:58.640-07:00  INFO 5484 --- [notification-service] [org.springframework.kafka.KafkaListenerEndpointContainer#5-0-C-1] o.apache.kafka.common.metrics.Metrics    : Closing reporter org.apache.kafka.common.telemetry.internals.ClientTelemetryReporter
2026-07-28T07:38:58.640-07:00  INFO 5484 --- [notification-service] [org.springframework.kafka.KafkaListenerEndpointContainer#3-0-C-1] o.apache.kafka.common.metrics.Metrics    : Closing reporter org.apache.kafka.common.metrics.JmxReporter
2026-07-28T07:38:58.640-07:00  INFO 5484 --- [notification-service] [org.springframework.kafka.KafkaListenerEndpointContainer#2-0-C-1] o.apache.kafka.common.metrics.Metrics    : Metrics scheduler closed
2026-07-28T07:38:58.640-07:00  INFO 5484 --- [notification-service] [org.springframework.kafka.KafkaListenerEndpointContainer#2-0-C-1] o.apache.kafka.common.metrics.Metrics    : Closing reporter org.apache.kafka.common.metrics.JmxReporter
2026-07-28T07:38:58.640-07:00  INFO 5484 --- [notification-service] [org.springframework.kafka.KafkaListenerEndpointContainer#3-0-C-1] o.apache.kafka.common.metrics.Metrics    : Closing reporter org.apache.kafka.common.telemetry.internals.ClientTelemetryReporter
2026-07-28T07:38:58.640-07:00  INFO 5484 --- [notification-service] [org.springframework.kafka.KafkaListenerEndpointContainer#5-0-C-1] o.apache.kafka.common.metrics.Metrics    : Metrics reporters closed
2026-07-28T07:38:58.640-07:00  INFO 5484 --- [notification-service] [org.springframework.kafka.KafkaListenerEndpointContainer#2-0-C-1] o.apache.kafka.common.metrics.Metrics    : Closing reporter org.apache.kafka.common.telemetry.internals.ClientTelemetryReporter
2026-07-28T07:38:58.640-07:00  INFO 5484 --- [notification-service] [org.springframework.kafka.KafkaListenerEndpointContainer#3-0-C-1] o.apache.kafka.common.metrics.Metrics    : Metrics reporters closed
2026-07-28T07:38:58.640-07:00  INFO 5484 --- [notification-service] [org.springframework.kafka.KafkaListenerEndpointContainer#2-0-C-1] o.apache.kafka.common.metrics.Metrics    : Metrics reporters closed
2026-07-28T07:38:58.664-07:00  INFO 5484 --- [notification-service] [DiscoveryClient-InstanceInfoReplicator-%d] com.netflix.discovery.DiscoveryClient    : DiscoveryClient_NOTIFICATION-SERVICE/notification-service:d22e5b17dc797fca2fe9e931e75b4cb5 - registration status: 204
2026-07-28T07:38:58.665-07:00  INFO 5484 --- [notification-service] [org.springframework.kafka.KafkaListenerEndpointContainer#4-0-C-1] o.a.kafka.common.utils.AppInfoParser     : App info kafka.consumer for consumer-notification-group-3 unregistered
2026-07-28T07:38:58.666-07:00  INFO 5484 --- [notification-service] [org.springframework.kafka.KafkaListenerEndpointContainer#4-0-C-1] o.s.k.l.KafkaMessageListenerContainer    : notification-group: Consumer stopped
2026-07-28T07:38:58.666-07:00  INFO 5484 --- [notification-service] [org.springframework.kafka.KafkaListenerEndpointContainer#1-0-C-1] o.a.kafka.common.utils.AppInfoParser     : App info kafka.consumer for consumer-notification-group-6 unregistered
2026-07-28T07:38:58.667-07:00  INFO 5484 --- [notification-service] [org.springframework.kafka.KafkaListenerEndpointContainer#1-0-C-1] o.s.k.l.KafkaMessageListenerContainer    : notification-group: Consumer stopped
2026-07-28T07:38:58.667-07:00  INFO 5484 --- [notification-service] [org.springframework.kafka.KafkaListenerEndpointContainer#3-0-C-1] o.a.kafka.common.utils.AppInfoParser     : App info kafka.consumer for consumer-notification-group-2 unregistered
2026-07-28T07:38:58.668-07:00  INFO 5484 --- [notification-service] [org.springframework.kafka.KafkaListenerEndpointContainer#0-0-C-1] o.a.kafka.common.utils.AppInfoParser     : App info kafka.consumer for consumer-notification-group-5 unregistered
2026-07-28T07:38:58.668-07:00  INFO 5484 --- [notification-service] [org.springframework.kafka.KafkaListenerEndpointContainer#3-0-C-1] o.s.k.l.KafkaMessageListenerContainer    : notification-group: Consumer stopped
2026-07-28T07:38:58.668-07:00  INFO 5484 --- [notification-service] [org.springframework.kafka.KafkaListenerEndpointContainer#0-0-C-1] o.s.k.l.KafkaMessageListenerContainer    : notification-group: Consumer stopped
2026-07-28T07:38:58.668-07:00  INFO 5484 --- [notification-service] [org.springframework.kafka.KafkaListenerEndpointContainer#5-0-C-1] o.a.kafka.common.utils.AppInfoParser     : App info kafka.consumer for consumer-notification-group-4 unregistered
2026-07-28T07:38:58.668-07:00  INFO 5484 --- [notification-service] [org.springframework.kafka.KafkaListenerEndpointContainer#2-0-C-1] o.a.kafka.common.utils.AppInfoParser     : App info kafka.consumer for consumer-notification-group-1 unregistered
2026-07-28T07:38:58.668-07:00  INFO 5484 --- [notification-service] [org.springframework.kafka.KafkaListenerEndpointContainer#5-0-C-1] o.s.k.l.KafkaMessageListenerContainer    : notification-group: Consumer stopped
2026-07-28T07:38:58.669-07:00  INFO 5484 --- [notification-service] [org.springframework.kafka.KafkaListenerEndpointContainer#2-0-C-1] o.s.k.l.KafkaMessageListenerContainer    : notification-group: Consumer stopped
2026-07-28T07:38:58.670-07:00  INFO 5484 --- [notification-service] [RMI TCP Connection(12)-127.0.0.1] o.s.b.w.e.tomcat.GracefulShutdown        : Commencing graceful shutdown. Waiting for active requests to complete
2026-07-28T07:38:58.677-07:00  INFO 5484 --- [notification-service] [tomcat-shutdown] o.s.b.w.e.tomcat.GracefulShutdown        : Graceful shutdown complete
2026-07-28T07:38:58.691-07:00  INFO 5484 --- [notification-service] [RMI TCP Connection(12)-127.0.0.1] j.LocalContainerEntityManagerFactoryBean : Closing JPA EntityManagerFactory for persistence unit 'default'
2026-07-28T07:38:58.694-07:00  INFO 5484 --- [notification-service] [RMI TCP Connection(12)-127.0.0.1] com.zaxxer.hikari.HikariDataSource       : HikariPool-1 - Shutdown initiated...
2026-07-28T07:38:58.701-07:00  INFO 5484 --- [notification-service] [RMI TCP Connection(12)-127.0.0.1] com.zaxxer.hikari.HikariDataSource       : HikariPool-1 - Shutdown completed.
2026-07-28T07:38:58.703-07:00  INFO 5484 --- [notification-service] [RMI TCP Connection(12)-127.0.0.1] com.netflix.discovery.DiscoveryClient    : Shutting down DiscoveryClient ...
