2026-07-25 12:14:38,968 [Worker-3: Loading available Gradle versions] INFO  o.e.b.c.i.u.g.PublishedGradleVersions - Gradle version information cache is not available. Remote download required.
2026-07-25 12:15:22,038 [Worker-9: Building] INFO  o.e.m.c.i.l.LifecycleMappingFactory - Using org.eclipse.m2e.jdt.JarLifecycleMapping lifecycle mapping for MavenProject: com.whoami:gateway:0.0.1-SNAPSHOT @ C:\Users\user\Desktop\locato\Gateway\pom.xml.
2026-07-25 12:15:24,749 [Worker-9: Building] INFO  o.a.m.s.f.DefaultMavenResourcesFiltering - Copying 1 resource from src\main\resources to target\classes
2026-07-25 12:15:24,772 [Worker-9: Building] INFO  o.a.m.s.f.DefaultMavenResourcesFiltering - Copying 0 resource from src\main\resources to target\classes
2026-07-25 12:15:24,824 [Worker-9: Building] INFO  o.a.m.s.f.DefaultMavenResourcesFiltering - skip non existing resourceDirectory C:\Users\user\Desktop\locato\Gateway\src\test\resources
2026-07-25 12:15:24,923 [Worker-9: Building] WARN  o.apache.maven.project.MavenProject - Plugin is modifying compileSourceRoots through clear(), which will not work in Maven 4.0.0. Use MavenProject.addCompileSourceRoot()/removeCompileSourceRoot() methods instead. If using a plugin, please upgrade to the latest version or report the issue to the plugin maintainer. To disable these warnings, set -Dmaven.project.sourceRoots.warningsDisabled=true on the command line, in the .mvn/maven.config file, or in project POM properties.
2026-07-25 12:15:24,924 [Worker-9: Building] WARN  o.apache.maven.project.MavenProject - Plugin is modifying compileSourceRoots through add(), which will not work in Maven 4.0.0. Use MavenProject.addCompileSourceRoot()/removeCompileSourceRoot() methods instead. If using a plugin, please upgrade to the latest version or report the issue to the plugin maintainer. To disable these warnings, set -Dmaven.project.sourceRoots.warningsDisabled=true on the command line, in the .mvn/maven.config file, or in project POM properties.
2026-07-25 12:15:24,925 [Worker-9: Building] WARN  o.apache.maven.project.MavenProject - Plugin is modifying testCompileSourceRoots through clear(), which will not work in Maven 4.0.0. Use MavenProject.addTestCompileSourceRoot()/removeTestCompileSourceRoot() methods instead. If using a plugin, please upgrade to the latest version or report the issue to the plugin maintainer. To disable these warnings, set -Dmaven.project.sourceRoots.warningsDisabled=true on the command line, in the .mvn/maven.config file, or in project POM properties.
2026-07-25 12:15:24,926 [Worker-9: Building] WARN  o.apache.maven.project.MavenProject - Plugin is modifying testCompileSourceRoots through add(), which will not work in Maven 4.0.0. Use MavenProject.addTestCompileSourceRoot()/removeTestCompileSourceRoot() methods instead. If using a plugin, please upgrade to the latest version or report the issue to the plugin maintainer. To disable these warnings, set -Dmaven.project.sourceRoots.warningsDisabled=true on the command line, in the .mvn/maven.config file, or in project POM properties.
2026-07-25 12:15:26,784 [Worker-9: Building] INFO  o.a.m.s.f.DefaultMavenResourcesFiltering - Copying 1 resource from src\main\resources to target\classes
2026-07-25 12:15:26,788 [Worker-9: Building] INFO  o.a.m.s.f.DefaultMavenResourcesFiltering - Copying 0 resource from src\main\resources to target\classes
2026-07-25 12:15:26,794 [Worker-9: Building] INFO  o.a.m.s.f.DefaultMavenResourcesFiltering - skip non existing resourceDirectory C:\Users\user\Desktop\locato\Gateway\src\test\resources
2026-07-25 12:15:26,821 [Worker-9: Building] WARN  o.apache.maven.project.MavenProject - Plugin is modifying compileSourceRoots through clear(), which will not work in Maven 4.0.0. Use MavenProject.addCompileSourceRoot()/removeCompileSourceRoot() methods instead. If using a plugin, please upgrade to the latest version or report the issue to the plugin maintainer. To disable these warnings, set -Dmaven.project.sourceRoots.warningsDisabled=true on the command line, in the .mvn/maven.config file, or in project POM properties.
2026-07-25 12:15:26,823 [Worker-9: Building] WARN  o.apache.maven.project.MavenProject - Plugin is modifying compileSourceRoots through add(), which will not work in Maven 4.0.0. Use MavenProject.addCompileSourceRoot()/removeCompileSourceRoot() methods instead. If using a plugin, please upgrade to the latest version or report the issue to the plugin maintainer. To disable these warnings, set -Dmaven.project.sourceRoots.warningsDisabled=true on the command line, in the .mvn/maven.config file, or in project POM properties.
2026-07-25 12:15:26,824 [Worker-9: Building] WARN  o.apache.maven.project.MavenProject - Plugin is modifying testCompileSourceRoots through clear(), which will not work in Maven 4.0.0. Use MavenProject.addTestCompileSourceRoot()/removeTestCompileSourceRoot() methods instead. If using a plugin, please upgrade to the latest version or report the issue to the plugin maintainer. To disable these warnings, set -Dmaven.project.sourceRoots.warningsDisabled=true on the command line, in the .mvn/maven.config file, or in project POM properties.
2026-07-25 12:15:26,825 [Worker-9: Building] WARN  o.apache.maven.project.MavenProject - Plugin is modifying testCompileSourceRoots through add(), which will not work in Maven 4.0.0. Use MavenProject.addTestCompileSourceRoot()/removeTestCompileSourceRoot() methods instead. If using a plugin, please upgrade to the latest version or report the issue to the plugin maintainer. To disable these warnings, set -Dmaven.project.sourceRoots.warningsDisabled=true on the command line, in the .mvn/maven.config file, or in project POM properties.
2026-07-25 12:15:32,044 [Worker-4: Updating Maven Dependencies] INFO  o.e.m.c.i.l.LifecycleMappingFactory - Using org.eclipse.m2e.jdt.JarLifecycleMapping lifecycle mapping for MavenProject: com.whoami:notification-service:1.0.0 @ C:\Users\user\Desktop\locato\Notification-Service\pom.xml.
2026-07-25 12:15:35,169 [Worker-5: Building] INFO  o.e.m.c.i.l.LifecycleMappingFactory - Using org.eclipse.m2e.jdt.JarLifecycleMapping lifecycle mapping for MavenProject: com.whoami:notification-service:1.0.0 @ C:\Users\user\Desktop\locato\Notification-Service\pom.xml.
2026-07-25 12:15:40,278 [Worker-5: Building] INFO  o.a.m.s.f.DefaultMavenResourcesFiltering - Copying 1 resource from src\main\resources to target\classes
2026-07-25 12:15:40,626 [Worker-5: Building] INFO  o.a.m.s.f.DefaultMavenResourcesFiltering - Copying 2 resources from src\main\resources to target\classes
2026-07-25 12:15:40,665 [Worker-5: Building] INFO  o.a.m.s.f.DefaultMavenResourcesFiltering - skip non existing resourceDirectory C:\Users\user\Desktop\locato\Notification-Service\src\test\resources
2026-07-25 12:15:40,785 [Worker-5: Building] WARN  o.apache.maven.project.MavenProject - Plugin is modifying compileSourceRoots through clear(), which will not work in Maven 4.0.0. Use MavenProject.addCompileSourceRoot()/removeCompileSourceRoot() methods instead. If using a plugin, please upgrade to the latest version or report the issue to the plugin maintainer. To disable these warnings, set -Dmaven.project.sourceRoots.warningsDisabled=true on the command line, in the .mvn/maven.config file, or in project POM properties.
2026-07-25 12:15:40,787 [Worker-5: Building] WARN  o.apache.maven.project.MavenProject - Plugin is modifying compileSourceRoots through add(), which will not work in Maven 4.0.0. Use MavenProject.addCompileSourceRoot()/removeCompileSourceRoot() methods instead. If using a plugin, please upgrade to the latest version or report the issue to the plugin maintainer. To disable these warnings, set -Dmaven.project.sourceRoots.warningsDisabled=true on the command line, in the .mvn/maven.config file, or in project POM properties.
2026-07-25 12:15:40,787 [Worker-5: Building] WARN  o.apache.maven.project.MavenProject - Plugin is modifying testCompileSourceRoots through clear(), which will not work in Maven 4.0.0. Use MavenProject.addTestCompileSourceRoot()/removeTestCompileSourceRoot() methods instead. If using a plugin, please upgrade to the latest version or report the issue to the plugin maintainer. To disable these warnings, set -Dmaven.project.sourceRoots.warningsDisabled=true on the command line, in the .mvn/maven.config file, or in project POM properties.
2026-07-25 12:15:40,788 [Worker-5: Building] WARN  o.apache.maven.project.MavenProject - Plugin is modifying testCompileSourceRoots through add(), which will not work in Maven 4.0.0. Use MavenProject.addTestCompileSourceRoot()/removeTestCompileSourceRoot() methods instead. If using a plugin, please upgrade to the latest version or report the issue to the plugin maintainer. To disable these warnings, set -Dmaven.project.sourceRoots.warningsDisabled=true on the command line, in the .mvn/maven.config file, or in project POM properties.
2026-07-25 12:15:42,066 [Worker-11: Download sources and javadoc] INFO  o.e.m.c.i.e.AbstractTransferListenerAdapter - Downloaded https://repo.maven.apache.org/maven2/com/locato/locato-constants/1.0.0/locato-constants-1.0.0-sources.jar
2026-07-25 12:15:42,071 [Worker-11: Download sources and javadoc] ERROR o.e.m.j.internal.DownloadSourcesJob - Could not download sources for com.locato:locato-constants:1.0.0
org.eclipse.core.runtime.CoreException: Could not resolve artifact com.locato:locato-constants:jar:sources:1.0.0
	at org.eclipse.m2e.core.internal.embedder.MavenImpl.lambda$7(MavenImpl.java:581)
	at org.eclipse.m2e.core.internal.embedder.MavenExecutionContext.executeBare(MavenExecutionContext.java:462)
	at org.eclipse.m2e.core.internal.embedder.MavenExecutionContext.execute(MavenExecutionContext.java:295)
	at org.eclipse.m2e.core.internal.embedder.MavenExecutionContext.execute(MavenExecutionContext.java:281)
	at org.eclipse.m2e.core.internal.embedder.MavenImpl.resolve(MavenImpl.java:550)
	at org.eclipse.m2e.core.internal.embedder.MavenImpl.resolve(MavenImpl.java:535)
	at org.eclipse.m2e.jdt.internal.DownloadSourcesJob.download(DownloadSourcesJob.java:308)
	at org.eclipse.m2e.jdt.internal.DownloadSourcesJob.downloadAttachments(DownloadSourcesJob.java:282)
	at org.eclipse.m2e.jdt.internal.DownloadSourcesJob.downloadMaven(DownloadSourcesJob.java:252)
	at org.eclipse.m2e.jdt.internal.DownloadSourcesJob.downloadFilesAndPopulateToUpdate(DownloadSourcesJob.java:220)
	at org.eclipse.m2e.jdt.internal.DownloadSourcesJob.lambda$0(DownloadSourcesJob.java:149)
	at org.eclipse.m2e.core.internal.embedder.MavenExecutionContext.executeBare(MavenExecutionContext.java:462)
	at org.eclipse.m2e.core.internal.embedder.MavenExecutionContext.execute(MavenExecutionContext.java:342)
	at org.eclipse.m2e.core.internal.embedder.MavenExecutionContext.execute(MavenExecutionContext.java:281)
	at org.eclipse.m2e.core.embedder.IMaven.execute(IMaven.java:300)
	at org.eclipse.m2e.jdt.internal.DownloadSourcesJob.run(DownloadSourcesJob.java:149)
	at org.eclipse.core.internal.jobs.Worker.run(Worker.java:63)
2026-07-25 12:15:43,558 [Worker-2: Updating Maven Dependencies] INFO  o.e.m.c.i.l.LifecycleMappingFactory - Using org.eclipse.m2e.jdt.JarLifecycleMapping lifecycle mapping for MavenProject: com.whoami:notification-service:1.0.0 @ C:\Users\user\Desktop\locato\Notification-Service\pom.xml.
2026-07-25 12:15:44,073 [Worker-10: Building] INFO  o.a.m.s.f.DefaultMavenResourcesFiltering - Copying 1 resource from src\main\resources to target\classes
2026-07-25 12:15:44,122 [Worker-10: Building] INFO  o.a.m.s.f.DefaultMavenResourcesFiltering - Copying 2 resources from src\main\resources to target\classes
2026-07-25 12:15:44,131 [Worker-10: Building] INFO  o.a.m.s.f.DefaultMavenResourcesFiltering - skip non existing resourceDirectory C:\Users\user\Desktop\locato\Notification-Service\src\test\resources
2026-07-25 12:15:44,152 [Worker-10: Building] WARN  o.apache.maven.project.MavenProject - Plugin is modifying compileSourceRoots through clear(), which will not work in Maven 4.0.0. Use MavenProject.addCompileSourceRoot()/removeCompileSourceRoot() methods instead. If using a plugin, please upgrade to the latest version or report the issue to the plugin maintainer. To disable these warnings, set -Dmaven.project.sourceRoots.warningsDisabled=true on the command line, in the .mvn/maven.config file, or in project POM properties.
2026-07-25 12:15:44,153 [Worker-10: Building] WARN  o.apache.maven.project.MavenProject - Plugin is modifying compileSourceRoots through add(), which will not work in Maven 4.0.0. Use MavenProject.addCompileSourceRoot()/removeCompileSourceRoot() methods instead. If using a plugin, please upgrade to the latest version or report the issue to the plugin maintainer. To disable these warnings, set -Dmaven.project.sourceRoots.warningsDisabled=true on the command line, in the .mvn/maven.config file, or in project POM properties.
2026-07-25 12:15:44,154 [Worker-10: Building] WARN  o.apache.maven.project.MavenProject - Plugin is modifying testCompileSourceRoots through clear(), which will not work in Maven 4.0.0. Use MavenProject.addTestCompileSourceRoot()/removeTestCompileSourceRoot() methods instead. If using a plugin, please upgrade to the latest version or report the issue to the plugin maintainer. To disable these warnings, set -Dmaven.project.sourceRoots.warningsDisabled=true on the command line, in the .mvn/maven.config file, or in project POM properties.
2026-07-25 12:15:44,154 [Worker-10: Building] WARN  o.apache.maven.project.MavenProject - Plugin is modifying testCompileSourceRoots through add(), which will not work in Maven 4.0.0. Use MavenProject.addTestCompileSourceRoot()/removeTestCompileSourceRoot() methods instead. If using a plugin, please upgrade to the latest version or report the issue to the plugin maintainer. To disable these warnings, set -Dmaven.project.sourceRoots.warningsDisabled=true on the command line, in the .mvn/maven.config file, or in project POM properties.
2026-07-25 12:15:48,849 [Worker-4: Download sources and javadoc] INFO  o.e.m.c.i.e.AbstractTransferListenerAdapter - Downloaded https://repo.maven.apache.org/maven2/com/locato/locato-constants/1.0.0/locato-constants-1.0.0-javadoc.jar
2026-07-25 12:15:48,853 [Worker-4: Download sources and javadoc] ERROR o.e.m.j.internal.DownloadSourcesJob - Could not download javadoc for com.locato:locato-constants:1.0.0
org.eclipse.core.runtime.CoreException: Could not resolve artifact com.locato:locato-constants:jar:javadoc:1.0.0
	at org.eclipse.m2e.core.internal.embedder.MavenImpl.lambda$7(MavenImpl.java:581)
	at org.eclipse.m2e.core.internal.embedder.MavenExecutionContext.executeBare(MavenExecutionContext.java:462)
	at org.eclipse.m2e.core.internal.embedder.MavenExecutionContext.execute(MavenExecutionContext.java:295)
	at org.eclipse.m2e.core.internal.embedder.MavenExecutionContext.execute(MavenExecutionContext.java:281)
	at org.eclipse.m2e.core.internal.embedder.MavenImpl.resolve(MavenImpl.java:550)
	at org.eclipse.m2e.core.internal.embedder.MavenImpl.resolve(MavenImpl.java:535)
	at org.eclipse.m2e.jdt.internal.DownloadSourcesJob.download(DownloadSourcesJob.java:308)
	at org.eclipse.m2e.jdt.internal.DownloadSourcesJob.downloadAttachments(DownloadSourcesJob.java:294)
	at org.eclipse.m2e.jdt.internal.DownloadSourcesJob.downloadMaven(DownloadSourcesJob.java:252)
	at org.eclipse.m2e.jdt.internal.DownloadSourcesJob.downloadFilesAndPopulateToUpdate(DownloadSourcesJob.java:220)
	at org.eclipse.m2e.jdt.internal.DownloadSourcesJob.lambda$0(DownloadSourcesJob.java:149)
	at org.eclipse.m2e.core.internal.embedder.MavenExecutionContext.executeBare(MavenExecutionContext.java:462)
	at org.eclipse.m2e.core.internal.embedder.MavenExecutionContext.execute(MavenExecutionContext.java:342)
	at org.eclipse.m2e.core.internal.embedder.MavenExecutionContext.execute(MavenExecutionContext.java:281)
	at org.eclipse.m2e.core.embedder.IMaven.execute(IMaven.java:300)
	at org.eclipse.m2e.jdt.internal.DownloadSourcesJob.run(DownloadSourcesJob.java:149)
	at org.eclipse.core.internal.jobs.Worker.run(Worker.java:63)
2026-07-25 12:16:00,482 [Worker-3: Building] INFO  o.e.m.c.i.l.LifecycleMappingFactory - Using org.eclipse.m2e.jdt.JarLifecycleMapping lifecycle mapping for MavenProject: com.whoami:OrderService:0.0.1-SNAPSHOT @ C:\Users\user\Desktop\locato\OrderService\pom.xml.
2026-07-25 12:16:02,618 [Worker-3: Building] INFO  o.a.m.s.f.DefaultMavenResourcesFiltering - Copying 1 resource from src\main\resources to target\classes
2026-07-25 12:16:02,649 [Worker-3: Building] INFO  o.a.m.s.f.DefaultMavenResourcesFiltering - Copying 0 resource from src\main\resources to target\classes
2026-07-25 12:16:02,656 [Worker-3: Building] INFO  o.a.m.s.f.DefaultMavenResourcesFiltering - skip non existing resourceDirectory C:\Users\user\Desktop\locato\OrderService\src\test\resources
2026-07-25 12:16:02,690 [Worker-3: Building] WARN  o.apache.maven.project.MavenProject - Plugin is modifying compileSourceRoots through clear(), which will not work in Maven 4.0.0. Use MavenProject.addCompileSourceRoot()/removeCompileSourceRoot() methods instead. If using a plugin, please upgrade to the latest version or report the issue to the plugin maintainer. To disable these warnings, set -Dmaven.project.sourceRoots.warningsDisabled=true on the command line, in the .mvn/maven.config file, or in project POM properties.
2026-07-25 12:16:02,691 [Worker-3: Building] WARN  o.apache.maven.project.MavenProject - Plugin is modifying compileSourceRoots through add(), which will not work in Maven 4.0.0. Use MavenProject.addCompileSourceRoot()/removeCompileSourceRoot() methods instead. If using a plugin, please upgrade to the latest version or report the issue to the plugin maintainer. To disable these warnings, set -Dmaven.project.sourceRoots.warningsDisabled=true on the command line, in the .mvn/maven.config file, or in project POM properties.
2026-07-25 12:16:02,692 [Worker-3: Building] WARN  o.apache.maven.project.MavenProject - Plugin is modifying testCompileSourceRoots through clear(), which will not work in Maven 4.0.0. Use MavenProject.addTestCompileSourceRoot()/removeTestCompileSourceRoot() methods instead. If using a plugin, please upgrade to the latest version or report the issue to the plugin maintainer. To disable these warnings, set -Dmaven.project.sourceRoots.warningsDisabled=true on the command line, in the .mvn/maven.config file, or in project POM properties.
2026-07-25 12:16:02,692 [Worker-3: Building] WARN  o.apache.maven.project.MavenProject - Plugin is modifying testCompileSourceRoots through add(), which will not work in Maven 4.0.0. Use MavenProject.addTestCompileSourceRoot()/removeTestCompileSourceRoot() methods instead. If using a plugin, please upgrade to the latest version or report the issue to the plugin maintainer. To disable these warnings, set -Dmaven.project.sourceRoots.warningsDisabled=true on the command line, in the .mvn/maven.config file, or in project POM properties.
2026-07-25 12:16:03,781 [Worker-2: Updating Maven Dependencies] INFO  o.e.m.c.i.l.LifecycleMappingFactory - Using org.eclipse.m2e.jdt.JarLifecycleMapping lifecycle mapping for MavenProject: com.whoami:OrderService:0.0.1-SNAPSHOT @ C:\Users\user\Desktop\locato\OrderService\pom.xml.
2026-07-25 12:16:07,445 [Worker-2: Building] INFO  o.a.m.s.f.DefaultMavenResourcesFiltering - Copying 1 resource from src\main\resources to target\classes
2026-07-25 12:16:07,465 [Worker-2: Building] INFO  o.a.m.s.f.DefaultMavenResourcesFiltering - Copying 0 resource from src\main\resources to target\classes
2026-07-25 12:16:07,471 [Worker-2: Building] INFO  o.a.m.s.f.DefaultMavenResourcesFiltering - skip non existing resourceDirectory C:\Users\user\Desktop\locato\OrderService\src\test\resources
2026-07-25 12:16:07,527 [Worker-2: Building] WARN  o.apache.maven.project.MavenProject - Plugin is modifying compileSourceRoots through clear(), which will not work in Maven 4.0.0. Use MavenProject.addCompileSourceRoot()/removeCompileSourceRoot() methods instead. If using a plugin, please upgrade to the latest version or report the issue to the plugin maintainer. To disable these warnings, set -Dmaven.project.sourceRoots.warningsDisabled=true on the command line, in the .mvn/maven.config file, or in project POM properties.
2026-07-25 12:16:07,529 [Worker-2: Building] WARN  o.apache.maven.project.MavenProject - Plugin is modifying compileSourceRoots through add(), which will not work in Maven 4.0.0. Use MavenProject.addCompileSourceRoot()/removeCompileSourceRoot() methods instead. If using a plugin, please upgrade to the latest version or report the issue to the plugin maintainer. To disable these warnings, set -Dmaven.project.sourceRoots.warningsDisabled=true on the command line, in the .mvn/maven.config file, or in project POM properties.
2026-07-25 12:16:07,530 [Worker-2: Building] WARN  o.apache.maven.project.MavenProject - Plugin is modifying testCompileSourceRoots through clear(), which will not work in Maven 4.0.0. Use MavenProject.addTestCompileSourceRoot()/removeTestCompileSourceRoot() methods instead. If using a plugin, please upgrade to the latest version or report the issue to the plugin maintainer. To disable these warnings, set -Dmaven.project.sourceRoots.warningsDisabled=true on the command line, in the .mvn/maven.config file, or in project POM properties.
2026-07-25 12:16:07,532 [Worker-2: Building] WARN  o.apache.maven.project.MavenProject - Plugin is modifying testCompileSourceRoots through add(), which will not work in Maven 4.0.0. Use MavenProject.addTestCompileSourceRoot()/removeTestCompileSourceRoot() methods instead. If using a plugin, please upgrade to the latest version or report the issue to the plugin maintainer. To disable these warnings, set -Dmaven.project.sourceRoots.warningsDisabled=true on the command line, in the .mvn/maven.config file, or in project POM properties.
2026-07-25 12:16:33,267 [Worker-11: Building] INFO  o.e.m.c.i.l.LifecycleMappingFactory - Using org.eclipse.m2e.jdt.JarLifecycleMapping lifecycle mapping for MavenProject: com.whoami:Servicechat:0.0.1-SNAPSHOT @ C:\Users\user\Desktop\locato\Servicechat\pom.xml.
2026-07-25 12:16:35,055 [Worker-11: Building] INFO  o.a.m.s.f.DefaultMavenResourcesFiltering - Copying 1 resource from src\main\resources to target\classes
2026-07-25 12:16:35,071 [Worker-11: Building] INFO  o.a.m.s.f.DefaultMavenResourcesFiltering - Copying 0 resource from src\main\resources to target\classes
2026-07-25 12:16:35,077 [Worker-11: Building] INFO  o.a.m.s.f.DefaultMavenResourcesFiltering - skip non existing resourceDirectory C:\Users\user\Desktop\locato\Servicechat\src\test\resources
2026-07-25 12:16:35,108 [Worker-11: Building] WARN  o.apache.maven.project.MavenProject - Plugin is modifying compileSourceRoots through clear(), which will not work in Maven 4.0.0. Use MavenProject.addCompileSourceRoot()/removeCompileSourceRoot() methods instead. If using a plugin, please upgrade to the latest version or report the issue to the plugin maintainer. To disable these warnings, set -Dmaven.project.sourceRoots.warningsDisabled=true on the command line, in the .mvn/maven.config file, or in project POM properties.
2026-07-25 12:16:35,109 [Worker-11: Building] WARN  o.apache.maven.project.MavenProject - Plugin is modifying compileSourceRoots through add(), which will not work in Maven 4.0.0. Use MavenProject.addCompileSourceRoot()/removeCompileSourceRoot() methods instead. If using a plugin, please upgrade to the latest version or report the issue to the plugin maintainer. To disable these warnings, set -Dmaven.project.sourceRoots.warningsDisabled=true on the command line, in the .mvn/maven.config file, or in project POM properties.
2026-07-25 12:16:35,110 [Worker-11: Building] WARN  o.apache.maven.project.MavenProject - Plugin is modifying testCompileSourceRoots through clear(), which will not work in Maven 4.0.0. Use MavenProject.addTestCompileSourceRoot()/removeTestCompileSourceRoot() methods instead. If using a plugin, please upgrade to the latest version or report the issue to the plugin maintainer. To disable these warnings, set -Dmaven.project.sourceRoots.warningsDisabled=true on the command line, in the .mvn/maven.config file, or in project POM properties.
2026-07-25 12:16:35,111 [Worker-11: Building] WARN  o.apache.maven.project.MavenProject - Plugin is modifying testCompileSourceRoots through add(), which will not work in Maven 4.0.0. Use MavenProject.addTestCompileSourceRoot()/removeTestCompileSourceRoot() methods instead. If using a plugin, please upgrade to the latest version or report the issue to the plugin maintainer. To disable these warnings, set -Dmaven.project.sourceRoots.warningsDisabled=true on the command line, in the .mvn/maven.config file, or in project POM properties.
2026-07-25 12:16:35,842 [Worker-5: Updating Maven Dependencies] INFO  o.e.m.c.i.l.LifecycleMappingFactory - Using org.eclipse.m2e.jdt.JarLifecycleMapping lifecycle mapping for MavenProject: com.whoami:Servicechat:0.0.1-SNAPSHOT @ C:\Users\user\Desktop\locato\Servicechat\pom.xml.
2026-07-25 12:16:36,791 [Worker-7: Building] INFO  o.a.m.s.f.DefaultMavenResourcesFiltering - Copying 1 resource from src\main\resources to target\classes
2026-07-25 12:16:36,807 [Worker-7: Building] INFO  o.a.m.s.f.DefaultMavenResourcesFiltering - Copying 0 resource from src\main\resources to target\classes
2026-07-25 12:16:36,812 [Worker-7: Building] INFO  o.a.m.s.f.DefaultMavenResourcesFiltering - skip non existing resourceDirectory C:\Users\user\Desktop\locato\Servicechat\src\test\resources
2026-07-25 12:16:36,831 [Worker-7: Building] WARN  o.apache.maven.project.MavenProject - Plugin is modifying compileSourceRoots through clear(), which will not work in Maven 4.0.0. Use MavenProject.addCompileSourceRoot()/removeCompileSourceRoot() methods instead. If using a plugin, please upgrade to the latest version or report the issue to the plugin maintainer. To disable these warnings, set -Dmaven.project.sourceRoots.warningsDisabled=true on the command line, in the .mvn/maven.config file, or in project POM properties.
2026-07-25 12:16:36,832 [Worker-7: Building] WARN  o.apache.maven.project.MavenProject - Plugin is modifying compileSourceRoots through add(), which will not work in Maven 4.0.0. Use MavenProject.addCompileSourceRoot()/removeCompileSourceRoot() methods instead. If using a plugin, please upgrade to the latest version or report the issue to the plugin maintainer. To disable these warnings, set -Dmaven.project.sourceRoots.warningsDisabled=true on the command line, in the .mvn/maven.config file, or in project POM properties.
2026-07-25 12:16:36,833 [Worker-7: Building] WARN  o.apache.maven.project.MavenProject - Plugin is modifying testCompileSourceRoots through clear(), which will not work in Maven 4.0.0. Use MavenProject.addTestCompileSourceRoot()/removeTestCompileSourceRoot() methods instead. If using a plugin, please upgrade to the latest version or report the issue to the plugin maintainer. To disable these warnings, set -Dmaven.project.sourceRoots.warningsDisabled=true on the command line, in the .mvn/maven.config file, or in project POM properties.
2026-07-25 12:16:36,834 [Worker-7: Building] WARN  o.apache.maven.project.MavenProject - Plugin is modifying testCompileSourceRoots through add(), which will not work in Maven 4.0.0. Use MavenProject.addTestCompileSourceRoot()/removeTestCompileSourceRoot() methods instead. If using a plugin, please upgrade to the latest version or report the issue to the plugin maintainer. To disable these warnings, set -Dmaven.project.sourceRoots.warningsDisabled=true on the command line, in the .mvn/maven.config file, or in project POM properties.
2026-07-25 12:17:08,970 [Worker-11: Building] INFO  o.e.m.c.i.l.LifecycleMappingFactory - Using org.eclipse.m2e.jdt.JarLifecycleMapping lifecycle mapping for MavenProject: com.whoami:service-registry:0.0.1-SNAPSHOT @ C:\Users\user\Desktop\locato\service-registery\pom.xml.
2026-07-25 12:17:10,153 [Worker-11: Building] INFO  o.a.m.s.f.DefaultMavenResourcesFiltering - Copying 1 resource from src\main\resources to target\classes
2026-07-25 12:17:10,166 [Worker-11: Building] INFO  o.a.m.s.f.DefaultMavenResourcesFiltering - Copying 0 resource from src\main\resources to target\classes
2026-07-25 12:17:10,170 [Worker-11: Building] INFO  o.a.m.s.f.DefaultMavenResourcesFiltering - skip non existing resourceDirectory C:\Users\user\Desktop\locato\service-registery\src\test\resources
2026-07-25 12:17:10,187 [Worker-11: Building] WARN  o.apache.maven.project.MavenProject - Plugin is modifying compileSourceRoots through clear(), which will not work in Maven 4.0.0. Use MavenProject.addCompileSourceRoot()/removeCompileSourceRoot() methods instead. If using a plugin, please upgrade to the latest version or report the issue to the plugin maintainer. To disable these warnings, set -Dmaven.project.sourceRoots.warningsDisabled=true on the command line, in the .mvn/maven.config file, or in project POM properties.
2026-07-25 12:17:10,188 [Worker-11: Building] WARN  o.apache.maven.project.MavenProject - Plugin is modifying compileSourceRoots through add(), which will not work in Maven 4.0.0. Use MavenProject.addCompileSourceRoot()/removeCompileSourceRoot() methods instead. If using a plugin, please upgrade to the latest version or report the issue to the plugin maintainer. To disable these warnings, set -Dmaven.project.sourceRoots.warningsDisabled=true on the command line, in the .mvn/maven.config file, or in project POM properties.
2026-07-25 12:17:10,188 [Worker-11: Building] WARN  o.apache.maven.project.MavenProject - Plugin is modifying testCompileSourceRoots through clear(), which will not work in Maven 4.0.0. Use MavenProject.addTestCompileSourceRoot()/removeTestCompileSourceRoot() methods instead. If using a plugin, please upgrade to the latest version or report the issue to the plugin maintainer. To disable these warnings, set -Dmaven.project.sourceRoots.warningsDisabled=true on the command line, in the .mvn/maven.config file, or in project POM properties.
2026-07-25 12:17:10,189 [Worker-11: Building] WARN  o.apache.maven.project.MavenProject - Plugin is modifying testCompileSourceRoots through add(), which will not work in Maven 4.0.0. Use MavenProject.addTestCompileSourceRoot()/removeTestCompileSourceRoot() methods instead. If using a plugin, please upgrade to the latest version or report the issue to the plugin maintainer. To disable these warnings, set -Dmaven.project.sourceRoots.warningsDisabled=true on the command line, in the .mvn/maven.config file, or in project POM properties.
2026-07-25 12:17:11,331 [Worker-11: Updating Maven Dependencies] INFO  o.e.m.c.i.l.LifecycleMappingFactory - Using org.eclipse.m2e.jdt.JarLifecycleMapping lifecycle mapping for MavenProject: com.whoami:service-registry:0.0.1-SNAPSHOT @ C:\Users\user\Desktop\locato\service-registery\pom.xml.
2026-07-25 12:17:11,753 [Worker-10: Building] INFO  o.a.m.s.f.DefaultMavenResourcesFiltering - Copying 1 resource from src\main\resources to target\classes
2026-07-25 12:17:11,768 [Worker-10: Building] INFO  o.a.m.s.f.DefaultMavenResourcesFiltering - Copying 0 resource from src\main\resources to target\classes
2026-07-25 12:17:11,774 [Worker-10: Building] INFO  o.a.m.s.f.DefaultMavenResourcesFiltering - skip non existing resourceDirectory C:\Users\user\Desktop\locato\service-registery\src\test\resources
2026-07-25 12:17:11,789 [Worker-10: Building] WARN  o.apache.maven.project.MavenProject - Plugin is modifying compileSourceRoots through clear(), which will not work in Maven 4.0.0. Use MavenProject.addCompileSourceRoot()/removeCompileSourceRoot() methods instead. If using a plugin, please upgrade to the latest version or report the issue to the plugin maintainer. To disable these warnings, set -Dmaven.project.sourceRoots.warningsDisabled=true on the command line, in the .mvn/maven.config file, or in project POM properties.
2026-07-25 12:17:11,790 [Worker-10: Building] WARN  o.apache.maven.project.MavenProject - Plugin is modifying compileSourceRoots through add(), which will not work in Maven 4.0.0. Use MavenProject.addCompileSourceRoot()/removeCompileSourceRoot() methods instead. If using a plugin, please upgrade to the latest version or report the issue to the plugin maintainer. To disable these warnings, set -Dmaven.project.sourceRoots.warningsDisabled=true on the command line, in the .mvn/maven.config file, or in project POM properties.
2026-07-25 12:17:11,790 [Worker-10: Building] WARN  o.apache.maven.project.MavenProject - Plugin is modifying testCompileSourceRoots through clear(), which will not work in Maven 4.0.0. Use MavenProject.addTestCompileSourceRoot()/removeTestCompileSourceRoot() methods instead. If using a plugin, please upgrade to the latest version or report the issue to the plugin maintainer. To disable these warnings, set -Dmaven.project.sourceRoots.warningsDisabled=true on the command line, in the .mvn/maven.config file, or in project POM properties.
2026-07-25 12:17:11,791 [Worker-10: Building] WARN  o.apache.maven.project.MavenProject - Plugin is modifying testCompileSourceRoots through add(), which will not work in Maven 4.0.0. Use MavenProject.addTestCompileSourceRoot()/removeTestCompileSourceRoot() methods instead. If using a plugin, please upgrade to the latest version or report the issue to the plugin maintainer. To disable these warnings, set -Dmaven.project.sourceRoots.warningsDisabled=true on the command line, in the .mvn/maven.config file, or in project POM properties.
2026-07-25 12:17:23,906 [Worker-12: Updating Maven Dependencies] INFO  o.e.m.c.i.e.AbstractTransferListenerAdapter - Downloading https://repo.maven.apache.org/maven2/org/springframework/boot/spring-boot-starter-parent/4.0.6/spring-boot-starter-parent-4.0.6.pom
2026-07-25 12:17:24,180 [Worker-12: Updating Maven Dependencies] INFO  o.e.m.c.i.e.AbstractTransferListenerAdapter - Downloaded https://repo.maven.apache.org/maven2/org/springframework/boot/spring-boot-starter-parent/4.0.6/spring-boot-starter-parent-4.0.6.pom
2026-07-25 12:17:24,258 [Worker-12: Updating Maven Dependencies] INFO  o.e.m.c.i.e.AbstractTransferListenerAdapter - Downloading https://repo.maven.apache.org/maven2/org/springframework/boot/spring-boot-dependencies/4.0.6/spring-boot-dependencies-4.0.6.pom
2026-07-25 12:17:24,267 [Worker-12: Updating Maven Dependencies] INFO  o.e.m.c.i.e.AbstractTransferListenerAdapter - Downloaded https://repo.maven.apache.org/maven2/org/springframework/boot/spring-boot-dependencies/4.0.6/spring-boot-dependencies-4.0.6.pom
2026-07-25 12:17:24,362 [Worker-12: Updating Maven Dependencies] INFO  o.e.m.c.i.e.AbstractTransferListenerAdapter - Downloading https://repo.maven.apache.org/maven2/org/springframework/cloud/spring-cloud-dependencies/2025.1.1/spring-cloud-dependencies-2025.1.1.pom
2026-07-25 12:17:24,411 [Worker-12: Updating Maven Dependencies] INFO  o.e.m.c.i.e.AbstractTransferListenerAdapter - Downloaded https://repo.maven.apache.org/maven2/org/springframework/cloud/spring-cloud-dependencies/2025.1.1/spring-cloud-dependencies-2025.1.1.pom
2026-07-25 12:17:24,495 [Worker-12: Updating Maven Dependencies] INFO  o.e.m.c.i.e.AbstractTransferListenerAdapter - Downloading https://repo.maven.apache.org/maven2/org/springframework/cloud/spring-cloud-dependencies-parent/5.0.1/spring-cloud-dependencies-parent-5.0.1.pom
2026-07-25 12:17:24,501 [Worker-12: Updating Maven Dependencies] INFO  o.e.m.c.i.e.AbstractTransferListenerAdapter - Downloaded https://repo.maven.apache.org/maven2/org/springframework/cloud/spring-cloud-dependencies-parent/5.0.1/spring-cloud-dependencies-parent-5.0.1.pom
2026-07-25 12:17:24,696 [Worker-1: Building] INFO  o.e.m.c.i.e.AbstractTransferListenerAdapter - Downloading https://repo.maven.apache.org/maven2/org/springframework/cloud/spring-cloud-commons-dependencies/5.0.1/spring-cloud-commons-dependencies-5.0.1.pom
2026-07-25 12:17:24,701 [Worker-1: Building] INFO  o.e.m.c.i.e.AbstractTransferListenerAdapter - Downloaded https://repo.maven.apache.org/maven2/org/springframework/cloud/spring-cloud-commons-dependencies/5.0.1/spring-cloud-commons-dependencies-5.0.1.pom
2026-07-25 12:17:24,762 [Worker-1: Building] INFO  o.e.m.c.i.e.AbstractTransferListenerAdapter - Downloading https://repo.maven.apache.org/maven2/org/springframework/cloud/spring-cloud-netflix-dependencies/5.0.1/spring-cloud-netflix-dependencies-5.0.1.pom
2026-07-25 12:17:24,768 [Worker-1: Building] INFO  o.e.m.c.i.e.AbstractTransferListenerAdapter - Downloaded https://repo.maven.apache.org/maven2/org/springframework/cloud/spring-cloud-netflix-dependencies/5.0.1/spring-cloud-netflix-dependencies-5.0.1.pom
2026-07-25 12:17:24,844 [Worker-1: Building] INFO  o.e.m.c.i.e.AbstractTransferListenerAdapter - Downloading https://repo.maven.apache.org/maven2/org/springframework/cloud/spring-cloud-stream-dependencies/5.0.1/spring-cloud-stream-dependencies-5.0.1.pom
2026-07-25 12:17:24,849 [Worker-1: Building] INFO  o.e.m.c.i.e.AbstractTransferListenerAdapter - Downloaded https://repo.maven.apache.org/maven2/org/springframework/cloud/spring-cloud-stream-dependencies/5.0.1/spring-cloud-stream-dependencies-5.0.1.pom
2026-07-25 12:17:24,915 [Worker-1: Building] INFO  o.e.m.c.i.e.AbstractTransferListenerAdapter - Downloading https://repo.maven.apache.org/maven2/org/springframework/cloud/spring-cloud-task-dependencies/5.0.1/spring-cloud-task-dependencies-5.0.1.pom
2026-07-25 12:17:24,921 [Worker-1: Building] INFO  o.e.m.c.i.e.AbstractTransferListenerAdapter - Downloaded https://repo.maven.apache.org/maven2/org/springframework/cloud/spring-cloud-task-dependencies/5.0.1/spring-cloud-task-dependencies-5.0.1.pom
2026-07-25 12:17:24,984 [Worker-1: Building] INFO  o.e.m.c.i.e.AbstractTransferListenerAdapter - Downloading https://repo.maven.apache.org/maven2/org/springframework/cloud/spring-cloud-circuitbreaker-dependencies/5.0.1/spring-cloud-circuitbreaker-dependencies-5.0.1.pom
2026-07-25 12:17:24,989 [Worker-1: Building] INFO  o.e.m.c.i.e.AbstractTransferListenerAdapter - Downloaded https://repo.maven.apache.org/maven2/org/springframework/cloud/spring-cloud-circuitbreaker-dependencies/5.0.1/spring-cloud-circuitbreaker-dependencies-5.0.1.pom
2026-07-25 12:17:25,054 [Worker-1: Building] INFO  o.e.m.c.i.e.AbstractTransferListenerAdapter - Downloading https://repo.maven.apache.org/maven2/io/github/resilience4j/resilience4j-bom/2.3.0/resilience4j-bom-2.3.0.pom
2026-07-25 12:17:25,059 [Worker-1: Building] INFO  o.e.m.c.i.e.AbstractTransferListenerAdapter - Downloaded https://repo.maven.apache.org/maven2/io/github/resilience4j/resilience4j-bom/2.3.0/resilience4j-bom-2.3.0.pom
2026-07-25 12:17:25,121 [Worker-1: Building] INFO  o.e.m.c.i.e.AbstractTransferListenerAdapter - Downloading https://repo.maven.apache.org/maven2/org/springframework/cloud/spring-cloud-config-dependencies/5.0.1/spring-cloud-config-dependencies-5.0.1.pom
2026-07-25 12:17:25,128 [Worker-1: Building] INFO  o.e.m.c.i.e.AbstractTransferListenerAdapter - Downloaded https://repo.maven.apache.org/maven2/org/springframework/cloud/spring-cloud-config-dependencies/5.0.1/spring-cloud-config-dependencies-5.0.1.pom
2026-07-25 12:17:25,194 [Worker-1: Building] INFO  o.e.m.c.i.e.AbstractTransferListenerAdapter - Downloading https://repo.maven.apache.org/maven2/org/springframework/cloud/spring-cloud-function-dependencies/5.0.1/spring-cloud-function-dependencies-5.0.1.pom
2026-07-25 12:17:25,200 [Worker-1: Building] INFO  o.e.m.c.i.e.AbstractTransferListenerAdapter - Downloaded https://repo.maven.apache.org/maven2/org/springframework/cloud/spring-cloud-function-dependencies/5.0.1/spring-cloud-function-dependencies-5.0.1.pom
2026-07-25 12:17:25,264 [Worker-1: Building] INFO  o.e.m.c.i.e.AbstractTransferListenerAdapter - Downloading https://repo.maven.apache.org/maven2/org/springframework/cloud/spring-cloud-gateway-dependencies/5.0.1/spring-cloud-gateway-dependencies-5.0.1.pom
2026-07-25 12:17:25,270 [Worker-1: Building] INFO  o.e.m.c.i.e.AbstractTransferListenerAdapter - Downloaded https://repo.maven.apache.org/maven2/org/springframework/cloud/spring-cloud-gateway-dependencies/5.0.1/spring-cloud-gateway-dependencies-5.0.1.pom
2026-07-25 12:17:25,336 [Worker-1: Building] INFO  o.e.m.c.i.e.AbstractTransferListenerAdapter - Downloading https://repo.maven.apache.org/maven2/org/springframework/cloud/spring-cloud-consul-dependencies/5.0.1/spring-cloud-consul-dependencies-5.0.1.pom
2026-07-25 12:17:25,342 [Worker-1: Building] INFO  o.e.m.c.i.e.AbstractTransferListenerAdapter - Downloaded https://repo.maven.apache.org/maven2/org/springframework/cloud/spring-cloud-consul-dependencies/5.0.1/spring-cloud-consul-dependencies-5.0.1.pom
2026-07-25 12:17:25,405 [Worker-1: Building] INFO  o.e.m.c.i.e.AbstractTransferListenerAdapter - Downloading https://repo.maven.apache.org/maven2/org/springframework/cloud/spring-cloud-vault-dependencies/5.0.1/spring-cloud-vault-dependencies-5.0.1.pom
2026-07-25 12:17:25,410 [Worker-1: Building] INFO  o.e.m.c.i.e.AbstractTransferListenerAdapter - Downloaded https://repo.maven.apache.org/maven2/org/springframework/cloud/spring-cloud-vault-dependencies/5.0.1/spring-cloud-vault-dependencies-5.0.1.pom
2026-07-25 12:17:25,475 [Worker-1: Building] INFO  o.e.m.c.i.e.AbstractTransferListenerAdapter - Downloading https://repo.maven.apache.org/maven2/org/springframework/cloud/spring-cloud-zookeeper-dependencies/5.0.1/spring-cloud-zookeeper-dependencies-5.0.1.pom
2026-07-25 12:17:25,480 [Worker-1: Building] INFO  o.e.m.c.i.e.AbstractTransferListenerAdapter - Downloaded https://repo.maven.apache.org/maven2/org/springframework/cloud/spring-cloud-zookeeper-dependencies/5.0.1/spring-cloud-zookeeper-dependencies-5.0.1.pom
2026-07-25 12:17:25,543 [Worker-1: Building] INFO  o.e.m.c.i.e.AbstractTransferListenerAdapter - Downloading https://repo.maven.apache.org/maven2/org/springframework/cloud/spring-cloud-bus-dependencies/5.0.1/spring-cloud-bus-dependencies-5.0.1.pom
2026-07-25 12:17:25,549 [Worker-1: Building] INFO  o.e.m.c.i.e.AbstractTransferListenerAdapter - Downloaded https://repo.maven.apache.org/maven2/org/springframework/cloud/spring-cloud-bus-dependencies/5.0.1/spring-cloud-bus-dependencies-5.0.1.pom
2026-07-25 12:17:25,615 [Worker-1: Building] INFO  o.e.m.c.i.e.AbstractTransferListenerAdapter - Downloading https://repo.maven.apache.org/maven2/org/springframework/cloud/spring-cloud-contract-dependencies/5.0.2/spring-cloud-contract-dependencies-5.0.2.pom
2026-07-25 12:17:25,620 [Worker-1: Building] INFO  o.e.m.c.i.e.AbstractTransferListenerAdapter - Downloaded https://repo.maven.apache.org/maven2/org/springframework/cloud/spring-cloud-contract-dependencies/5.0.2/spring-cloud-contract-dependencies-5.0.2.pom
2026-07-25 12:17:25,694 [Worker-12: Updating Maven Dependencies] INFO  o.e.m.c.i.e.AbstractTransferListenerAdapter - Downloading https://repo.maven.apache.org/maven2/org/springframework/cloud/spring-cloud-openfeign-dependencies/5.0.1/spring-cloud-openfeign-dependencies-5.0.1.pom
2026-07-25 12:17:25,698 [Worker-12: Updating Maven Dependencies] INFO  o.e.m.c.i.e.AbstractTransferListenerAdapter - Downloaded https://repo.maven.apache.org/maven2/org/springframework/cloud/spring-cloud-openfeign-dependencies/5.0.1/spring-cloud-openfeign-dependencies-5.0.1.pom
2026-07-25 12:17:25,765 [Worker-12: Updating Maven Dependencies] INFO  o.e.m.c.i.e.AbstractTransferListenerAdapter - Downloading https://repo.maven.apache.org/maven2/org/springframework/cloud/spring-cloud-kubernetes-dependencies/5.0.1/spring-cloud-kubernetes-dependencies-5.0.1.pom
2026-07-25 12:17:25,771 [Worker-12: Updating Maven Dependencies] INFO  o.e.m.c.i.e.AbstractTransferListenerAdapter - Downloaded https://repo.maven.apache.org/maven2/org/springframework/cloud/spring-cloud-kubernetes-dependencies/5.0.1/spring-cloud-kubernetes-dependencies-5.0.1.pom
2026-07-25 12:17:25,835 [Worker-12: Updating Maven Dependencies] INFO  o.e.m.c.i.e.AbstractTransferListenerAdapter - Downloading https://repo.maven.apache.org/maven2/io/fabric8/kubernetes-client-bom/7.4.0/kubernetes-client-bom-7.4.0.pom
2026-07-25 12:17:25,840 [Worker-12: Updating Maven Dependencies] INFO  o.e.m.c.i.e.AbstractTransferListenerAdapter - Downloaded https://repo.maven.apache.org/maven2/io/fabric8/kubernetes-client-bom/7.4.0/kubernetes-client-bom-7.4.0.pom
2026-07-25 12:17:25,904 [Worker-12: Updating Maven Dependencies] INFO  o.e.m.c.i.e.AbstractTransferListenerAdapter - Downloading https://repo.maven.apache.org/maven2/org/apache/activemq/artemis-bom/2.43.0/artemis-bom-2.43.0.pom
2026-07-25 12:17:25,912 [Worker-12: Updating Maven Dependencies] INFO  o.e.m.c.i.e.AbstractTransferListenerAdapter - Downloaded https://repo.maven.apache.org/maven2/org/apache/activemq/artemis-bom/2.43.0/artemis-bom-2.43.0.pom
2026-07-25 12:17:25,975 [Worker-12: Updating Maven Dependencies] INFO  o.e.m.c.i.e.AbstractTransferListenerAdapter - Downloading https://repo.maven.apache.org/maven2/org/apache/activemq/artemis-project/2.43.0/artemis-project-2.43.0.pom
2026-07-25 12:17:25,986 [Worker-12: Updating Maven Dependencies] INFO  o.e.m.c.i.e.AbstractTransferListenerAdapter - Downloaded https://repo.maven.apache.org/maven2/org/apache/activemq/artemis-project/2.43.0/artemis-project-2.43.0.pom
2026-07-25 12:17:26,071 [Worker-1: Building] INFO  o.e.m.c.i.e.AbstractTransferListenerAdapter - Downloading https://repo.maven.apache.org/maven2/org/apache/groovy/groovy-bom/5.0.5/groovy-bom-5.0.5.pom
2026-07-25 12:17:26,077 [Worker-1: Building] INFO  o.e.m.c.i.e.AbstractTransferListenerAdapter - Downloaded https://repo.maven.apache.org/maven2/org/apache/groovy/groovy-bom/5.0.5/groovy-bom-5.0.5.pom
2026-07-25 12:17:26,152 [Worker-1: Building] INFO  o.e.m.c.i.e.AbstractTransferListenerAdapter - Downloading https://repo.maven.apache.org/maven2/tools/jackson/jackson-bom/3.1.2/jackson-bom-3.1.2.pom
2026-07-25 12:17:26,158 [Worker-1: Building] INFO  o.e.m.c.i.e.AbstractTransferListenerAdapter - Downloaded https://repo.maven.apache.org/maven2/tools/jackson/jackson-bom/3.1.2/jackson-bom-3.1.2.pom
2026-07-25 12:17:26,236 [Worker-1: Building] INFO  o.e.m.c.i.e.AbstractTransferListenerAdapter - Downloading https://repo.maven.apache.org/maven2/org/eclipse/jetty/ee11/jetty-ee11-bom/12.1.8/jetty-ee11-bom-12.1.8.pom
2026-07-25 12:17:26,245 [Worker-1: Building] INFO  o.e.m.c.i.e.AbstractTransferListenerAdapter - Downloaded https://repo.maven.apache.org/maven2/org/eclipse/jetty/ee11/jetty-ee11-bom/12.1.8/jetty-ee11-bom-12.1.8.pom
2026-07-25 12:17:26,315 [Worker-1: Building] INFO  o.e.m.c.i.e.AbstractTransferListenerAdapter - Downloading https://repo.maven.apache.org/maven2/org/eclipse/jetty/jetty-bom/12.1.8/jetty-bom-12.1.8.pom
2026-07-25 12:17:26,322 [Worker-1: Building] INFO  o.e.m.c.i.e.AbstractTransferListenerAdapter - Downloaded https://repo.maven.apache.org/maven2/org/eclipse/jetty/jetty-bom/12.1.8/jetty-bom-12.1.8.pom
2026-07-25 12:17:26,395 [Worker-1: Building] INFO  o.e.m.c.i.e.AbstractTransferListenerAdapter - Downloading https://repo.maven.apache.org/maven2/org/jooq/jooq-bom/3.19.32/jooq-bom-3.19.32.pom
2026-07-25 12:17:26,402 [Worker-1: Building] INFO  o.e.m.c.i.e.AbstractTransferListenerAdapter - Downloaded https://repo.maven.apache.org/maven2/org/jooq/jooq-bom/3.19.32/jooq-bom-3.19.32.pom
2026-07-25 12:17:26,476 [Worker-12: Updating Maven Dependencies] INFO  o.e.m.c.i.e.AbstractTransferListenerAdapter - Downloading https://repo.maven.apache.org/maven2/org/jetbrains/kotlin/kotlin-bom/2.2.21/kotlin-bom-2.2.21.pom
2026-07-25 12:17:26,481 [Worker-12: Updating Maven Dependencies] INFO  o.e.m.c.i.e.AbstractTransferListenerAdapter - Downloaded https://repo.maven.apache.org/maven2/org/jetbrains/kotlin/kotlin-bom/2.2.21/kotlin-bom-2.2.21.pom
2026-07-25 12:17:26,546 [Worker-12: Updating Maven Dependencies] INFO  o.e.m.c.i.e.AbstractTransferListenerAdapter - Downloading https://repo.maven.apache.org/maven2/org/jetbrains/kotlinx/kotlinx-serialization-bom/1.9.0/kotlinx-serialization-bom-1.9.0.pom
2026-07-25 12:17:26,552 [Worker-12: Updating Maven Dependencies] INFO  o.e.m.c.i.e.AbstractTransferListenerAdapter - Downloaded https://repo.maven.apache.org/maven2/org/jetbrains/kotlinx/kotlinx-serialization-bom/1.9.0/kotlinx-serialization-bom-1.9.0.pom
2026-07-25 12:17:26,630 [Worker-12: Updating Maven Dependencies] INFO  o.e.m.c.i.e.AbstractTransferListenerAdapter - Downloading https://repo.maven.apache.org/maven2/io/micrometer/micrometer-bom/1.16.5/micrometer-bom-1.16.5.pom
2026-07-25 12:17:26,635 [Worker-12: Updating Maven Dependencies] INFO  o.e.m.c.i.e.AbstractTransferListenerAdapter - Downloaded https://repo.maven.apache.org/maven2/io/micrometer/micrometer-bom/1.16.5/micrometer-bom-1.16.5.pom
2026-07-25 12:17:26,696 [Worker-12: Updating Maven Dependencies] INFO  o.e.m.c.i.e.AbstractTransferListenerAdapter - Downloading https://repo.maven.apache.org/maven2/org/mockito/mockito-bom/5.20.0/mockito-bom-5.20.0.pom
2026-07-25 12:17:26,703 [Worker-12: Updating Maven Dependencies] INFO  o.e.m.c.i.e.AbstractTransferListenerAdapter - Downloaded https://repo.maven.apache.org/maven2/org/mockito/mockito-bom/5.20.0/mockito-bom-5.20.0.pom
2026-07-25 12:17:26,777 [Worker-12: Updating Maven Dependencies] INFO  o.e.m.c.i.e.AbstractTransferListenerAdapter - Downloading https://repo.maven.apache.org/maven2/org/mongodb/mongodb-driver-bom/5.6.5/mongodb-driver-bom-5.6.5.pom
2026-07-25 12:17:26,786 [Worker-12: Updating Maven Dependencies] INFO  o.e.m.c.i.e.AbstractTransferListenerAdapter - Downloaded https://repo.maven.apache.org/maven2/org/mongodb/mongodb-driver-bom/5.6.5/mongodb-driver-bom-5.6.5.pom
2026-07-25 12:17:26,856 [Worker-12: Updating Maven Dependencies] INFO  o.e.m.c.i.e.AbstractTransferListenerAdapter - Downloading https://repo.maven.apache.org/maven2/org/neo4j/driver/neo4j-java-driver-bom/6.0.5/neo4j-java-driver-bom-6.0.5.pom
2026-07-25 12:17:26,865 [Worker-12: Updating Maven Dependencies] INFO  o.e.m.c.i.e.AbstractTransferListenerAdapter - Downloaded https://repo.maven.apache.org/maven2/org/neo4j/driver/neo4j-java-driver-bom/6.0.5/neo4j-java-driver-bom-6.0.5.pom
2026-07-25 12:17:26,935 [Worker-12: Updating Maven Dependencies] INFO  o.e.m.c.i.e.AbstractTransferListenerAdapter - Downloading https://repo.maven.apache.org/maven2/org/neo4j/bolt/neo4j-bolt-connection-bom/11.0.1/neo4j-bolt-connection-bom-11.0.1.pom
2026-07-25 12:17:26,943 [Worker-12: Updating Maven Dependencies] INFO  o.e.m.c.i.e.AbstractTransferListenerAdapter - Downloaded https://repo.maven.apache.org/maven2/org/neo4j/bolt/neo4j-bolt-connection-bom/11.0.1/neo4j-bolt-connection-bom-11.0.1.pom
2026-07-25 12:17:27,012 [Worker-12: Updating Maven Dependencies] INFO  o.e.m.c.i.e.AbstractTransferListenerAdapter - Downloading https://repo.maven.apache.org/maven2/io/netty/netty-bom/4.2.12.Final/netty-bom-4.2.12.Final.pom
2026-07-25 12:17:27,018 [Worker-12: Updating Maven Dependencies] INFO  o.e.m.c.i.e.AbstractTransferListenerAdapter - Downloaded https://repo.maven.apache.org/maven2/io/netty/netty-bom/4.2.12.Final/netty-bom-4.2.12.Final.pom
2026-07-25 12:17:27,083 [Worker-12: Updating Maven Dependencies] INFO  o.e.m.c.i.e.AbstractTransferListenerAdapter - Downloading https://repo.maven.apache.org/maven2/io/opentelemetry/opentelemetry-bom/1.55.0/opentelemetry-bom-1.55.0.pom
2026-07-25 12:17:27,090 [Worker-12: Updating Maven Dependencies] INFO  o.e.m.c.i.e.AbstractTransferListenerAdapter - Downloaded https://repo.maven.apache.org/maven2/io/opentelemetry/opentelemetry-bom/1.55.0/opentelemetry-bom-1.55.0.pom
2026-07-25 12:17:27,151 [Worker-12: Updating Maven Dependencies] INFO  o.e.m.c.i.e.AbstractTransferListenerAdapter - Downloading https://repo.maven.apache.org/maven2/io/prometheus/prometheus-metrics-bom/1.4.3/prometheus-metrics-bom-1.4.3.pom
2026-07-25 12:17:27,156 [Worker-12: Updating Maven Dependencies] INFO  o.e.m.c.i.e.AbstractTransferListenerAdapter - Downloaded https://repo.maven.apache.org/maven2/io/prometheus/prometheus-metrics-bom/1.4.3/prometheus-metrics-bom-1.4.3.pom
2026-07-25 12:17:27,212 [Worker-12: Updating Maven Dependencies] INFO  o.e.m.c.i.e.AbstractTransferListenerAdapter - Downloading https://repo.maven.apache.org/maven2/io/prometheus/client_java_parent/1.4.3/client_java_parent-1.4.3.pom
2026-07-25 12:17:27,217 [Worker-12: Updating Maven Dependencies] INFO  o.e.m.c.i.e.AbstractTransferListenerAdapter - Downloaded https://repo.maven.apache.org/maven2/io/prometheus/client_java_parent/1.4.3/client_java_parent-1.4.3.pom
2026-07-25 12:17:27,287 [Worker-12: Updating Maven Dependencies] INFO  o.e.m.c.i.e.AbstractTransferListenerAdapter - Downloading https://repo.maven.apache.org/maven2/org/apache/pulsar/pulsar-bom/4.1.3/pulsar-bom-4.1.3.pom
2026-07-25 12:17:27,292 [Worker-12: Updating Maven Dependencies] INFO  o.e.m.c.i.e.AbstractTransferListenerAdapter - Downloaded https://repo.maven.apache.org/maven2/org/apache/pulsar/pulsar-bom/4.1.3/pulsar-bom-4.1.3.pom
2026-07-25 12:17:27,355 [Worker-12: Updating Maven Dependencies] INFO  o.e.m.c.i.e.AbstractTransferListenerAdapter - Downloading https://repo.maven.apache.org/maven2/io/projectreactor/reactor-bom/2025.0.5/reactor-bom-2025.0.5.pom
2026-07-25 12:17:27,362 [Worker-12: Updating Maven Dependencies] INFO  o.e.m.c.i.e.AbstractTransferListenerAdapter - Downloaded https://repo.maven.apache.org/maven2/io/projectreactor/reactor-bom/2025.0.5/reactor-bom-2025.0.5.pom
2026-07-25 12:17:27,433 [Worker-12: Updating Maven Dependencies] INFO  o.e.m.c.i.e.AbstractTransferListenerAdapter - Downloading https://repo.maven.apache.org/maven2/org/seleniumhq/selenium/selenium-bom/4.37.0/selenium-bom-4.37.0.pom
2026-07-25 12:17:27,439 [Worker-12: Updating Maven Dependencies] INFO  o.e.m.c.i.e.AbstractTransferListenerAdapter - Downloaded https://repo.maven.apache.org/maven2/org/seleniumhq/selenium/selenium-bom/4.37.0/selenium-bom-4.37.0.pom
2026-07-25 12:17:27,513 [Worker-12: Updating Maven Dependencies] INFO  o.e.m.c.i.e.AbstractTransferListenerAdapter - Downloading https://repo.maven.apache.org/maven2/org/springframework/amqp/spring-amqp-bom/4.0.3/spring-amqp-bom-4.0.3.pom
2026-07-25 12:17:27,522 [Worker-12: Updating Maven Dependencies] INFO  o.e.m.c.i.e.AbstractTransferListenerAdapter - Downloaded https://repo.maven.apache.org/maven2/org/springframework/amqp/spring-amqp-bom/4.0.3/spring-amqp-bom-4.0.3.pom
2026-07-25 12:17:27,589 [Worker-12: Updating Maven Dependencies] INFO  o.e.m.c.i.e.AbstractTransferListenerAdapter - Downloading https://repo.maven.apache.org/maven2/org/springframework/batch/spring-batch-bom/6.0.3/spring-batch-bom-6.0.3.pom
2026-07-25 12:17:27,598 [Worker-12: Updating Maven Dependencies] INFO  o.e.m.c.i.e.AbstractTransferListenerAdapter - Downloaded https://repo.maven.apache.org/maven2/org/springframework/batch/spring-batch-bom/6.0.3/spring-batch-bom-6.0.3.pom
2026-07-25 12:17:27,663 [Worker-12: Updating Maven Dependencies] INFO  o.e.m.c.i.e.AbstractTransferListenerAdapter - Downloading https://repo.maven.apache.org/maven2/org/springframework/data/spring-data-bom/2025.1.5/spring-data-bom-2025.1.5.pom
2026-07-25 12:17:27,670 [Worker-12: Updating Maven Dependencies] INFO  o.e.m.c.i.e.AbstractTransferListenerAdapter - Downloaded https://repo.maven.apache.org/maven2/org/springframework/data/spring-data-bom/2025.1.5/spring-data-bom-2025.1.5.pom
2026-07-25 12:17:27,734 [Worker-12: Updating Maven Dependencies] INFO  o.e.m.c.i.e.AbstractTransferListenerAdapter - Downloading https://repo.maven.apache.org/maven2/org/springframework/spring-framework-bom/7.0.7/spring-framework-bom-7.0.7.pom
2026-07-25 12:17:27,738 [Worker-12: Updating Maven Dependencies] INFO  o.e.m.c.i.e.AbstractTransferListenerAdapter - Downloaded https://repo.maven.apache.org/maven2/org/springframework/spring-framework-bom/7.0.7/spring-framework-bom-7.0.7.pom
2026-07-25 12:17:27,791 [Worker-12: Updating Maven Dependencies] INFO  o.e.m.c.i.e.AbstractTransferListenerAdapter - Downloading https://repo.maven.apache.org/maven2/org/springframework/integration/spring-integration-bom/7.0.4/spring-integration-bom-7.0.4.pom
2026-07-25 12:17:27,798 [Worker-12: Updating Maven Dependencies] INFO  o.e.m.c.i.e.AbstractTransferListenerAdapter - Downloaded https://repo.maven.apache.org/maven2/org/springframework/integration/spring-integration-bom/7.0.4/spring-integration-bom-7.0.4.pom
2026-07-25 12:17:27,866 [Worker-12: Updating Maven Dependencies] INFO  o.e.m.c.i.e.AbstractTransferListenerAdapter - Downloading https://repo.maven.apache.org/maven2/org/springframework/pulsar/spring-pulsar-bom/2.0.5/spring-pulsar-bom-2.0.5.pom
2026-07-25 12:17:27,873 [Worker-12: Updating Maven Dependencies] INFO  o.e.m.c.i.e.AbstractTransferListenerAdapter - Downloaded https://repo.maven.apache.org/maven2/org/springframework/pulsar/spring-pulsar-bom/2.0.5/spring-pulsar-bom-2.0.5.pom
2026-07-25 12:17:27,946 [Worker-12: Updating Maven Dependencies] INFO  o.e.m.c.i.e.AbstractTransferListenerAdapter - Downloading https://repo.maven.apache.org/maven2/org/springframework/restdocs/spring-restdocs-bom/4.0.0/spring-restdocs-bom-4.0.0.pom
2026-07-25 12:17:27,954 [Worker-12: Updating Maven Dependencies] INFO  o.e.m.c.i.e.AbstractTransferListenerAdapter - Downloaded https://repo.maven.apache.org/maven2/org/springframework/restdocs/spring-restdocs-bom/4.0.0/spring-restdocs-bom-4.0.0.pom
2026-07-25 12:17:28,026 [Worker-12: Updating Maven Dependencies] INFO  o.e.m.c.i.e.AbstractTransferListenerAdapter - Downloading https://repo.maven.apache.org/maven2/org/springframework/security/spring-security-bom/7.0.5/spring-security-bom-7.0.5.pom
2026-07-25 12:17:28,035 [Worker-12: Updating Maven Dependencies] INFO  o.e.m.c.i.e.AbstractTransferListenerAdapter - Downloaded https://repo.maven.apache.org/maven2/org/springframework/security/spring-security-bom/7.0.5/spring-security-bom-7.0.5.pom
2026-07-25 12:17:28,106 [Worker-12: Updating Maven Dependencies] INFO  o.e.m.c.i.e.AbstractTransferListenerAdapter - Downloading https://repo.maven.apache.org/maven2/org/springframework/session/spring-session-bom/4.0.3/spring-session-bom-4.0.3.pom
2026-07-25 12:17:28,114 [Worker-12: Updating Maven Dependencies] INFO  o.e.m.c.i.e.AbstractTransferListenerAdapter - Downloaded https://repo.maven.apache.org/maven2/org/springframework/session/spring-session-bom/4.0.3/spring-session-bom-4.0.3.pom
2026-07-25 12:17:28,196 [Worker-12: Updating Maven Dependencies] INFO  o.e.m.c.i.e.AbstractTransferListenerAdapter - Downloading https://repo.maven.apache.org/maven2/org/springframework/ws/spring-ws-bom/5.0.1/spring-ws-bom-5.0.1.pom
2026-07-25 12:17:28,201 [Worker-12: Updating Maven Dependencies] INFO  o.e.m.c.i.e.AbstractTransferListenerAdapter - Downloaded https://repo.maven.apache.org/maven2/org/springframework/ws/spring-ws-bom/5.0.1/spring-ws-bom-5.0.1.pom
2026-07-25 12:17:29,984 [Worker-1: Building] INFO  o.e.m.c.i.e.AbstractTransferListenerAdapter - Downloading https://repo.maven.apache.org/maven2/org/springframework/boot/spring-boot-maven-plugin/4.0.6/spring-boot-maven-plugin-4.0.6.pom
2026-07-25 12:17:29,990 [Worker-1: Building] INFO  o.e.m.c.i.e.AbstractTransferListenerAdapter - Downloaded https://repo.maven.apache.org/maven2/org/springframework/boot/spring-boot-maven-plugin/4.0.6/spring-boot-maven-plugin-4.0.6.pom
2026-07-25 12:17:30,055 [Worker-1: Building] INFO  o.e.m.c.i.e.AbstractTransferListenerAdapter - Downloading https://repo.maven.apache.org/maven2/org/springframework/boot/spring-boot-maven-plugin/4.0.6/spring-boot-maven-plugin-4.0.6.jar
2026-07-25 12:17:30,146 [Worker-1: Building] INFO  o.e.m.c.i.e.AbstractTransferListenerAdapter - Downloaded https://repo.maven.apache.org/maven2/org/springframework/boot/spring-boot-maven-plugin/4.0.6/spring-boot-maven-plugin-4.0.6.jar
2026-07-25 12:17:30,328 [Worker-1: Building] INFO  o.e.m.c.i.l.LifecycleMappingFactory - Using org.eclipse.m2e.jdt.JarLifecycleMapping lifecycle mapping for MavenProject: com.whoami:SuperUser:0.0.1-SNAPSHOT @ C:\Users\user\Desktop\locato\SuperUSer\pom.xml.
2026-07-25 12:17:30,404 [Worker-1: Building] INFO  o.e.m.c.i.e.AbstractTransferListenerAdapter - Downloading https://repo.maven.apache.org/maven2/org/springframework/boot/spring-boot-starter-web/4.0.6/spring-boot-starter-web-4.0.6.pom
2026-07-25 12:17:30,409 [Worker-1: Building] INFO  o.e.m.c.i.e.AbstractTransferListenerAdapter - Downloaded https://repo.maven.apache.org/maven2/org/springframework/boot/spring-boot-starter-web/4.0.6/spring-boot-starter-web-4.0.6.pom
2026-07-25 12:17:30,478 [Worker-1: Building] INFO  o.e.m.c.i.e.AbstractTransferListenerAdapter - Downloading https://repo.maven.apache.org/maven2/org/springframework/boot/spring-boot-starter-jackson/4.0.6/spring-boot-starter-jackson-4.0.6.pom
2026-07-25 12:17:30,483 [Worker-1: Building] INFO  o.e.m.c.i.e.AbstractTransferListenerAdapter - Downloaded https://repo.maven.apache.org/maven2/org/springframework/boot/spring-boot-starter-jackson/4.0.6/spring-boot-starter-jackson-4.0.6.pom
2026-07-25 12:17:30,544 [Worker-1: Building] INFO  o.e.m.c.i.e.AbstractTransferListenerAdapter - Downloading https://repo.maven.apache.org/maven2/org/springframework/boot/spring-boot-starter/4.0.6/spring-boot-starter-4.0.6.pom
2026-07-25 12:17:30,549 [Worker-1: Building] INFO  o.e.m.c.i.e.AbstractTransferListenerAdapter - Downloaded https://repo.maven.apache.org/maven2/org/springframework/boot/spring-boot-starter/4.0.6/spring-boot-starter-4.0.6.pom
2026-07-25 12:17:30,615 [Worker-1: Building] INFO  o.e.m.c.i.e.AbstractTransferListenerAdapter - Downloading https://repo.maven.apache.org/maven2/org/springframework/boot/spring-boot-starter-logging/4.0.6/spring-boot-starter-logging-4.0.6.pom
2026-07-25 12:17:30,619 [Worker-1: Building] INFO  o.e.m.c.i.e.AbstractTransferListenerAdapter - Downloaded https://repo.maven.apache.org/maven2/org/springframework/boot/spring-boot-starter-logging/4.0.6/spring-boot-starter-logging-4.0.6.pom
2026-07-25 12:17:30,735 [Worker-1: Building] INFO  o.e.m.c.i.e.AbstractTransferListenerAdapter - Downloading https://repo.maven.apache.org/maven2/org/springframework/boot/spring-boot-autoconfigure/4.0.6/spring-boot-autoconfigure-4.0.6.pom
2026-07-25 12:17:30,740 [Worker-1: Building] INFO  o.e.m.c.i.e.AbstractTransferListenerAdapter - Downloaded https://repo.maven.apache.org/maven2/org/springframework/boot/spring-boot-autoconfigure/4.0.6/spring-boot-autoconfigure-4.0.6.pom
2026-07-25 12:17:30,803 [Worker-1: Building] INFO  o.e.m.c.i.e.AbstractTransferListenerAdapter - Downloading https://repo.maven.apache.org/maven2/org/springframework/boot/spring-boot/4.0.6/spring-boot-4.0.6.pom
2026-07-25 12:17:30,807 [Worker-1: Building] INFO  o.e.m.c.i.e.AbstractTransferListenerAdapter - Downloaded https://repo.maven.apache.org/maven2/org/springframework/boot/spring-boot/4.0.6/spring-boot-4.0.6.pom
2026-07-25 12:17:30,863 [Worker-1: Building] INFO  o.e.m.c.i.e.AbstractTransferListenerAdapter - Downloading https://repo.maven.apache.org/maven2/org/springframework/spring-core/7.0.7/spring-core-7.0.7.pom
2026-07-25 12:17:30,868 [Worker-1: Building] INFO  o.e.m.c.i.e.AbstractTransferListenerAdapter - Downloaded https://repo.maven.apache.org/maven2/org/springframework/spring-core/7.0.7/spring-core-7.0.7.pom
2026-07-25 12:17:30,947 [Worker-1: Building] INFO  o.e.m.c.i.e.AbstractTransferListenerAdapter - Downloading https://repo.maven.apache.org/maven2/org/springframework/spring-context/7.0.7/spring-context-7.0.7.pom
2026-07-25 12:17:30,951 [Worker-1: Building] INFO  o.e.m.c.i.e.AbstractTransferListenerAdapter - Downloaded https://repo.maven.apache.org/maven2/org/springframework/spring-context/7.0.7/spring-context-7.0.7.pom
2026-07-25 12:17:31,028 [Worker-1: Building] INFO  o.e.m.c.i.e.AbstractTransferListenerAdapter - Downloading https://repo.maven.apache.org/maven2/org/springframework/spring-aop/7.0.7/spring-aop-7.0.7.pom
2026-07-25 12:17:31,032 [Worker-1: Building] INFO  o.e.m.c.i.e.AbstractTransferListenerAdapter - Downloaded https://repo.maven.apache.org/maven2/org/springframework/spring-aop/7.0.7/spring-aop-7.0.7.pom
2026-07-25 12:17:31,095 [Worker-1: Building] INFO  o.e.m.c.i.e.AbstractTransferListenerAdapter - Downloading https://repo.maven.apache.org/maven2/org/springframework/spring-beans/7.0.7/spring-beans-7.0.7.pom
2026-07-25 12:17:31,099 [Worker-1: Building] INFO  o.e.m.c.i.e.AbstractTransferListenerAdapter - Downloaded https://repo.maven.apache.org/maven2/org/springframework/spring-beans/7.0.7/spring-beans-7.0.7.pom
2026-07-25 12:17:31,178 [Worker-1: Building] INFO  o.e.m.c.i.e.AbstractTransferListenerAdapter - Downloading https://repo.maven.apache.org/maven2/org/springframework/spring-expression/7.0.7/spring-expression-7.0.7.pom
2026-07-25 12:17:31,183 [Worker-1: Building] INFO  o.e.m.c.i.e.AbstractTransferListenerAdapter - Downloaded https://repo.maven.apache.org/maven2/org/springframework/spring-expression/7.0.7/spring-expression-7.0.7.pom
2026-07-25 12:17:31,245 [Worker-1: Building] INFO  o.e.m.c.i.e.AbstractTransferListenerAdapter - Downloading https://repo.maven.apache.org/maven2/io/micrometer/micrometer-observation/1.16.5/micrometer-observation-1.16.5.pom
2026-07-25 12:17:31,252 [Worker-1: Building] INFO  o.e.m.c.i.e.AbstractTransferListenerAdapter - Downloaded https://repo.maven.apache.org/maven2/io/micrometer/micrometer-observation/1.16.5/micrometer-observation-1.16.5.pom
2026-07-25 12:17:31,317 [Worker-1: Building] INFO  o.e.m.c.i.e.AbstractTransferListenerAdapter - Downloading https://repo.maven.apache.org/maven2/io/micrometer/micrometer-commons/1.16.5/micrometer-commons-1.16.5.pom
2026-07-25 12:17:31,324 [Worker-1: Building] INFO  o.e.m.c.i.e.AbstractTransferListenerAdapter - Downloaded https://repo.maven.apache.org/maven2/io/micrometer/micrometer-commons/1.16.5/micrometer-commons-1.16.5.pom
2026-07-25 12:17:31,395 [Worker-1: Building] INFO  o.e.m.c.i.e.AbstractTransferListenerAdapter - Downloading https://repo.maven.apache.org/maven2/org/yaml/snakeyaml/2.5/snakeyaml-2.5.pom
2026-07-25 12:17:31,405 [Worker-1: Building] INFO  o.e.m.c.i.e.AbstractTransferListenerAdapter - Downloaded https://repo.maven.apache.org/maven2/org/yaml/snakeyaml/2.5/snakeyaml-2.5.pom
2026-07-25 12:17:31,473 [Worker-1: Building] INFO  o.e.m.c.i.e.AbstractTransferListenerAdapter - Downloading https://repo.maven.apache.org/maven2/org/springframework/boot/spring-boot-jackson/4.0.6/spring-boot-jackson-4.0.6.pom
2026-07-25 12:17:31,478 [Worker-1: Building] INFO  o.e.m.c.i.e.AbstractTransferListenerAdapter - Downloaded https://repo.maven.apache.org/maven2/org/springframework/boot/spring-boot-jackson/4.0.6/spring-boot-jackson-4.0.6.pom
2026-07-25 12:17:31,548 [Worker-1: Building] INFO  o.e.m.c.i.e.AbstractTransferListenerAdapter - Downloading https://repo.maven.apache.org/maven2/tools/jackson/core/jackson-databind/3.1.2/jackson-databind-3.1.2.pom
2026-07-25 12:17:31,553 [Worker-1: Building] INFO  o.e.m.c.i.e.AbstractTransferListenerAdapter - Downloaded https://repo.maven.apache.org/maven2/tools/jackson/core/jackson-databind/3.1.2/jackson-databind-3.1.2.pom
2026-07-25 12:17:31,617 [Worker-1: Building] INFO  o.e.m.c.i.e.AbstractTransferListenerAdapter - Downloading https://repo.maven.apache.org/maven2/tools/jackson/jackson-base/3.1.2/jackson-base-3.1.2.pom
2026-07-25 12:17:31,622 [Worker-1: Building] INFO  o.e.m.c.i.e.AbstractTransferListenerAdapter - Downloaded https://repo.maven.apache.org/maven2/tools/jackson/jackson-base/3.1.2/jackson-base-3.1.2.pom
2026-07-25 12:17:31,697 [Worker-1: Building] INFO  o.e.m.c.i.e.AbstractTransferListenerAdapter - Downloading https://repo.maven.apache.org/maven2/tools/jackson/core/jackson-core/3.1.2/jackson-core-3.1.2.pom
2026-07-25 12:17:31,706 [Worker-1: Building] INFO  o.e.m.c.i.e.AbstractTransferListenerAdapter - Downloaded https://repo.maven.apache.org/maven2/tools/jackson/core/jackson-core/3.1.2/jackson-core-3.1.2.pom
2026-07-25 12:17:31,784 [Worker-1: Building] INFO  o.e.m.c.i.e.AbstractTransferListenerAdapter - Downloading https://repo.maven.apache.org/maven2/org/springframework/boot/spring-boot-starter-tomcat/4.0.6/spring-boot-starter-tomcat-4.0.6.pom
2026-07-25 12:17:31,791 [Worker-1: Building] INFO  o.e.m.c.i.e.AbstractTransferListenerAdapter - Downloaded https://repo.maven.apache.org/maven2/org/springframework/boot/spring-boot-starter-tomcat/4.0.6/spring-boot-starter-tomcat-4.0.6.pom
2026-07-25 12:17:31,855 [Worker-1: Building] INFO  o.e.m.c.i.e.AbstractTransferListenerAdapter - Downloading https://repo.maven.apache.org/maven2/org/springframework/boot/spring-boot-starter-tomcat-runtime/4.0.6/spring-boot-starter-tomcat-runtime-4.0.6.pom
2026-07-25 12:17:31,860 [Worker-1: Building] INFO  o.e.m.c.i.e.AbstractTransferListenerAdapter - Downloaded https://repo.maven.apache.org/maven2/org/springframework/boot/spring-boot-starter-tomcat-runtime/4.0.6/spring-boot-starter-tomcat-runtime-4.0.6.pom
2026-07-25 12:17:32,230 [Worker-1: Building] INFO  o.e.m.c.i.e.AbstractTransferListenerAdapter - Downloading https://repo.maven.apache.org/maven2/org/springframework/boot/spring-boot-tomcat/4.0.6/spring-boot-tomcat-4.0.6.pom
2026-07-25 12:17:32,237 [Worker-1: Building] INFO  o.e.m.c.i.e.AbstractTransferListenerAdapter - Downloaded https://repo.maven.apache.org/maven2/org/springframework/boot/spring-boot-tomcat/4.0.6/spring-boot-tomcat-4.0.6.pom
2026-07-25 12:17:32,313 [Worker-1: Building] INFO  o.e.m.c.i.e.AbstractTransferListenerAdapter - Downloading https://repo.maven.apache.org/maven2/org/springframework/boot/spring-boot-web-server/4.0.6/spring-boot-web-server-4.0.6.pom
2026-07-25 12:17:32,323 [Worker-1: Building] INFO  o.e.m.c.i.e.AbstractTransferListenerAdapter - Downloaded https://repo.maven.apache.org/maven2/org/springframework/boot/spring-boot-web-server/4.0.6/spring-boot-web-server-4.0.6.pom
2026-07-25 12:17:32,402 [Worker-1: Building] INFO  o.e.m.c.i.e.AbstractTransferListenerAdapter - Downloading https://repo.maven.apache.org/maven2/org/apache/tomcat/embed/tomcat-embed-core/11.0.21/tomcat-embed-core-11.0.21.pom
2026-07-25 12:17:32,413 [Worker-1: Building] INFO  o.e.m.c.i.e.AbstractTransferListenerAdapter - Downloaded https://repo.maven.apache.org/maven2/org/apache/tomcat/embed/tomcat-embed-core/11.0.21/tomcat-embed-core-11.0.21.pom
2026-07-25 12:17:32,493 [Worker-1: Building] INFO  o.e.m.c.i.e.AbstractTransferListenerAdapter - Downloading https://repo.maven.apache.org/maven2/org/apache/tomcat/embed/tomcat-embed-el/11.0.21/tomcat-embed-el-11.0.21.pom
2026-07-25 12:17:32,501 [Worker-1: Building] INFO  o.e.m.c.i.e.AbstractTransferListenerAdapter - Downloaded https://repo.maven.apache.org/maven2/org/apache/tomcat/embed/tomcat-embed-el/11.0.21/tomcat-embed-el-11.0.21.pom
2026-07-25 12:17:32,572 [Worker-1: Building] INFO  o.e.m.c.i.e.AbstractTransferListenerAdapter - Downloading https://repo.maven.apache.org/maven2/org/apache/tomcat/embed/tomcat-embed-websocket/11.0.21/tomcat-embed-websocket-11.0.21.pom
2026-07-25 12:17:32,576 [Worker-1: Building] INFO  o.e.m.c.i.e.AbstractTransferListenerAdapter - Downloaded https://repo.maven.apache.org/maven2/org/apache/tomcat/embed/tomcat-embed-websocket/11.0.21/tomcat-embed-websocket-11.0.21.pom
2026-07-25 12:17:32,631 [Worker-1: Building] INFO  o.e.m.c.i.e.AbstractTransferListenerAdapter - Downloading https://repo.maven.apache.org/maven2/org/springframework/spring-web/7.0.7/spring-web-7.0.7.pom
2026-07-25 12:17:32,636 [Worker-1: Building] INFO  o.e.m.c.i.e.AbstractTransferListenerAdapter - Downloaded https://repo.maven.apache.org/maven2/org/springframework/spring-web/7.0.7/spring-web-7.0.7.pom
2026-07-25 12:17:32,704 [Worker-1: Building] INFO  o.e.m.c.i.e.AbstractTransferListenerAdapter - Downloading https://repo.maven.apache.org/maven2/org/springframework/boot/spring-boot-http-converter/4.0.6/spring-boot-http-converter-4.0.6.pom
2026-07-25 12:17:32,709 [Worker-1: Building] INFO  o.e.m.c.i.e.AbstractTransferListenerAdapter - Downloaded https://repo.maven.apache.org/maven2/org/springframework/boot/spring-boot-http-converter/4.0.6/spring-boot-http-converter-4.0.6.pom
2026-07-25 12:17:32,775 [Worker-1: Building] INFO  o.e.m.c.i.e.AbstractTransferListenerAdapter - Downloading https://repo.maven.apache.org/maven2/org/springframework/boot/spring-boot-webmvc/4.0.6/spring-boot-webmvc-4.0.6.pom
2026-07-25 12:17:32,782 [Worker-1: Building] INFO  o.e.m.c.i.e.AbstractTransferListenerAdapter - Downloaded https://repo.maven.apache.org/maven2/org/springframework/boot/spring-boot-webmvc/4.0.6/spring-boot-webmvc-4.0.6.pom
2026-07-25 12:17:32,846 [Worker-1: Building] INFO  o.e.m.c.i.e.AbstractTransferListenerAdapter - Downloading https://repo.maven.apache.org/maven2/org/springframework/boot/spring-boot-servlet/4.0.6/spring-boot-servlet-4.0.6.pom
2026-07-25 12:17:32,852 [Worker-1: Building] INFO  o.e.m.c.i.e.AbstractTransferListenerAdapter - Downloaded https://repo.maven.apache.org/maven2/org/springframework/boot/spring-boot-servlet/4.0.6/spring-boot-servlet-4.0.6.pom
2026-07-25 12:17:32,916 [Worker-1: Building] INFO  o.e.m.c.i.e.AbstractTransferListenerAdapter - Downloading https://repo.maven.apache.org/maven2/org/springframework/spring-webmvc/7.0.7/spring-webmvc-7.0.7.pom
2026-07-25 12:17:32,921 [Worker-1: Building] INFO  o.e.m.c.i.e.AbstractTransferListenerAdapter - Downloaded https://repo.maven.apache.org/maven2/org/springframework/spring-webmvc/7.0.7/spring-webmvc-7.0.7.pom
2026-07-25 12:17:32,991 [Worker-1: Building] INFO  o.e.m.c.i.e.AbstractTransferListenerAdapter - Downloading https://repo.maven.apache.org/maven2/org/springframework/boot/spring-boot-starter-security/4.0.6/spring-boot-starter-security-4.0.6.pom
2026-07-25 12:17:32,997 [Worker-1: Building] INFO  o.e.m.c.i.e.AbstractTransferListenerAdapter - Downloaded https://repo.maven.apache.org/maven2/org/springframework/boot/spring-boot-starter-security/4.0.6/spring-boot-starter-security-4.0.6.pom
2026-07-25 12:17:33,054 [Worker-1: Building] INFO  o.e.m.c.i.e.AbstractTransferListenerAdapter - Downloading https://repo.maven.apache.org/maven2/org/springframework/boot/spring-boot-security/4.0.6/spring-boot-security-4.0.6.pom
2026-07-25 12:17:33,059 [Worker-1: Building] INFO  o.e.m.c.i.e.AbstractTransferListenerAdapter - Downloaded https://repo.maven.apache.org/maven2/org/springframework/boot/spring-boot-security/4.0.6/spring-boot-security-4.0.6.pom
2026-07-25 12:17:33,125 [Worker-1: Building] INFO  o.e.m.c.i.e.AbstractTransferListenerAdapter - Downloading https://repo.maven.apache.org/maven2/org/springframework/security/spring-security-config/7.0.5/spring-security-config-7.0.5.pom
2026-07-25 12:17:33,130 [Worker-1: Building] INFO  o.e.m.c.i.e.AbstractTransferListenerAdapter - Downloaded https://repo.maven.apache.org/maven2/org/springframework/security/spring-security-config/7.0.5/spring-security-config-7.0.5.pom
2026-07-25 12:17:33,196 [Worker-1: Building] INFO  o.e.m.c.i.e.AbstractTransferListenerAdapter - Downloading https://repo.maven.apache.org/maven2/org/springframework/security/spring-security-core/7.0.5/spring-security-core-7.0.5.pom
2026-07-25 12:17:33,201 [Worker-1: Building] INFO  o.e.m.c.i.e.AbstractTransferListenerAdapter - Downloaded https://repo.maven.apache.org/maven2/org/springframework/security/spring-security-core/7.0.5/spring-security-core-7.0.5.pom
2026-07-25 12:17:33,266 [Worker-1: Building] INFO  o.e.m.c.i.e.AbstractTransferListenerAdapter - Downloading https://repo.maven.apache.org/maven2/org/springframework/security/spring-security-crypto/7.0.5/spring-security-crypto-7.0.5.pom
2026-07-25 12:17:33,271 [Worker-1: Building] INFO  o.e.m.c.i.e.AbstractTransferListenerAdapter - Downloaded https://repo.maven.apache.org/maven2/org/springframework/security/spring-security-crypto/7.0.5/spring-security-crypto-7.0.5.pom
2026-07-25 12:17:33,341 [Worker-1: Building] INFO  o.e.m.c.i.e.AbstractTransferListenerAdapter - Downloading https://repo.maven.apache.org/maven2/org/springframework/security/spring-security-web/7.0.5/spring-security-web-7.0.5.pom
2026-07-25 12:17:33,346 [Worker-1: Building] INFO  o.e.m.c.i.e.AbstractTransferListenerAdapter - Downloaded https://repo.maven.apache.org/maven2/org/springframework/security/spring-security-web/7.0.5/spring-security-web-7.0.5.pom
2026-07-25 12:17:33,430 [Worker-1: Building] INFO  o.e.m.c.i.e.AbstractTransferListenerAdapter - Downloading https://repo.maven.apache.org/maven2/org/springframework/boot/spring-boot-starter-validation/4.0.6/spring-boot-starter-validation-4.0.6.pom
2026-07-25 12:17:33,436 [Worker-1: Building] INFO  o.e.m.c.i.e.AbstractTransferListenerAdapter - Downloaded https://repo.maven.apache.org/maven2/org/springframework/boot/spring-boot-starter-validation/4.0.6/spring-boot-starter-validation-4.0.6.pom
2026-07-25 12:17:33,505 [Worker-1: Building] INFO  o.e.m.c.i.e.AbstractTransferListenerAdapter - Downloading https://repo.maven.apache.org/maven2/org/springframework/boot/spring-boot-validation/4.0.6/spring-boot-validation-4.0.6.pom
2026-07-25 12:17:33,510 [Worker-1: Building] INFO  o.e.m.c.i.e.AbstractTransferListenerAdapter - Downloaded https://repo.maven.apache.org/maven2/org/springframework/boot/spring-boot-validation/4.0.6/spring-boot-validation-4.0.6.pom
2026-07-25 12:17:33,601 [Worker-1: Building] INFO  o.e.m.c.i.e.AbstractTransferListenerAdapter - Downloading https://repo.maven.apache.org/maven2/org/hibernate/validator/hibernate-validator/9.0.1.Final/hibernate-validator-9.0.1.Final.pom
2026-07-25 12:17:33,611 [Worker-1: Building] INFO  o.e.m.c.i.e.AbstractTransferListenerAdapter - Downloaded https://repo.maven.apache.org/maven2/org/hibernate/validator/hibernate-validator/9.0.1.Final/hibernate-validator-9.0.1.Final.pom
2026-07-25 12:17:33,685 [Worker-1: Building] INFO  o.e.m.c.i.e.AbstractTransferListenerAdapter - Downloading https://repo.maven.apache.org/maven2/jakarta/validation/jakarta.validation-api/3.1.1/jakarta.validation-api-3.1.1.pom
2026-07-25 12:17:33,692 [Worker-1: Building] INFO  o.e.m.c.i.e.AbstractTransferListenerAdapter - Downloaded https://repo.maven.apache.org/maven2/jakarta/validation/jakarta.validation-api/3.1.1/jakarta.validation-api-3.1.1.pom
2026-07-25 12:17:33,769 [Worker-1: Building] INFO  o.e.m.c.i.e.AbstractTransferListenerAdapter - Downloading https://repo.maven.apache.org/maven2/org/springframework/boot/spring-boot-starter-data-jpa/4.0.6/spring-boot-starter-data-jpa-4.0.6.pom
2026-07-25 12:17:33,776 [Worker-1: Building] INFO  o.e.m.c.i.e.AbstractTransferListenerAdapter - Downloaded https://repo.maven.apache.org/maven2/org/springframework/boot/spring-boot-starter-data-jpa/4.0.6/spring-boot-starter-data-jpa-4.0.6.pom
2026-07-25 12:17:33,845 [Worker-1: Building] INFO  o.e.m.c.i.e.AbstractTransferListenerAdapter - Downloading https://repo.maven.apache.org/maven2/org/springframework/boot/spring-boot-starter-jdbc/4.0.6/spring-boot-starter-jdbc-4.0.6.pom
2026-07-25 12:17:33,849 [Worker-1: Building] INFO  o.e.m.c.i.e.AbstractTransferListenerAdapter - Downloaded https://repo.maven.apache.org/maven2/org/springframework/boot/spring-boot-starter-jdbc/4.0.6/spring-boot-starter-jdbc-4.0.6.pom
2026-07-25 12:17:33,912 [Worker-1: Building] INFO  o.e.m.c.i.e.AbstractTransferListenerAdapter - Downloading https://repo.maven.apache.org/maven2/org/springframework/boot/spring-boot-jdbc/4.0.6/spring-boot-jdbc-4.0.6.pom
2026-07-25 12:17:33,917 [Worker-1: Building] INFO  o.e.m.c.i.e.AbstractTransferListenerAdapter - Downloaded https://repo.maven.apache.org/maven2/org/springframework/boot/spring-boot-jdbc/4.0.6/spring-boot-jdbc-4.0.6.pom
2026-07-25 12:17:33,987 [Worker-1: Building] INFO  o.e.m.c.i.e.AbstractTransferListenerAdapter - Downloading https://repo.maven.apache.org/maven2/org/springframework/boot/spring-boot-sql/4.0.6/spring-boot-sql-4.0.6.pom
2026-07-25 12:17:33,997 [Worker-1: Building] INFO  o.e.m.c.i.e.AbstractTransferListenerAdapter - Downloaded https://repo.maven.apache.org/maven2/org/springframework/boot/spring-boot-sql/4.0.6/spring-boot-sql-4.0.6.pom
2026-07-25 12:17:34,072 [Worker-1: Building] INFO  o.e.m.c.i.e.AbstractTransferListenerAdapter - Downloading https://repo.maven.apache.org/maven2/org/springframework/boot/spring-boot-transaction/4.0.6/spring-boot-transaction-4.0.6.pom
2026-07-25 12:17:34,082 [Worker-1: Building] INFO  o.e.m.c.i.e.AbstractTransferListenerAdapter - Downloaded https://repo.maven.apache.org/maven2/org/springframework/boot/spring-boot-transaction/4.0.6/spring-boot-transaction-4.0.6.pom
2026-07-25 12:17:34,156 [Worker-1: Building] INFO  o.e.m.c.i.e.AbstractTransferListenerAdapter - Downloading https://repo.maven.apache.org/maven2/org/springframework/boot/spring-boot-persistence/4.0.6/spring-boot-persistence-4.0.6.pom
2026-07-25 12:17:34,165 [Worker-1: Building] INFO  o.e.m.c.i.e.AbstractTransferListenerAdapter - Downloaded https://repo.maven.apache.org/maven2/org/springframework/boot/spring-boot-persistence/4.0.6/spring-boot-persistence-4.0.6.pom
2026-07-25 12:17:34,235 [Worker-1: Building] INFO  o.e.m.c.i.e.AbstractTransferListenerAdapter - Downloading https://repo.maven.apache.org/maven2/org/springframework/spring-tx/7.0.7/spring-tx-7.0.7.pom
2026-07-25 12:17:34,244 [Worker-1: Building] INFO  o.e.m.c.i.e.AbstractTransferListenerAdapter - Downloaded https://repo.maven.apache.org/maven2/org/springframework/spring-tx/7.0.7/spring-tx-7.0.7.pom
2026-07-25 12:17:34,307 [Worker-1: Building] INFO  o.e.m.c.i.e.AbstractTransferListenerAdapter - Downloading https://repo.maven.apache.org/maven2/org/springframework/spring-jdbc/7.0.7/spring-jdbc-7.0.7.pom
2026-07-25 12:17:34,314 [Worker-1: Building] INFO  o.e.m.c.i.e.AbstractTransferListenerAdapter - Downloaded https://repo.maven.apache.org/maven2/org/springframework/spring-jdbc/7.0.7/spring-jdbc-7.0.7.pom
2026-07-25 12:17:34,387 [Worker-1: Building] INFO  o.e.m.c.i.e.AbstractTransferListenerAdapter - Downloading https://repo.maven.apache.org/maven2/com/zaxxer/HikariCP/7.0.2/HikariCP-7.0.2.pom
2026-07-25 12:17:34,394 [Worker-1: Building] INFO  o.e.m.c.i.e.AbstractTransferListenerAdapter - Downloaded https://repo.maven.apache.org/maven2/com/zaxxer/HikariCP/7.0.2/HikariCP-7.0.2.pom
2026-07-25 12:17:34,465 [Worker-1: Building] INFO  o.e.m.c.i.e.AbstractTransferListenerAdapter - Downloading https://repo.maven.apache.org/maven2/org/springframework/boot/spring-boot-data-jpa/4.0.6/spring-boot-data-jpa-4.0.6.pom
2026-07-25 12:17:34,470 [Worker-1: Building] INFO  o.e.m.c.i.e.AbstractTransferListenerAdapter - Downloaded https://repo.maven.apache.org/maven2/org/springframework/boot/spring-boot-data-jpa/4.0.6/spring-boot-data-jpa-4.0.6.pom
2026-07-25 12:17:34,545 [Worker-1: Building] INFO  o.e.m.c.i.e.AbstractTransferListenerAdapter - Downloading https://repo.maven.apache.org/maven2/org/springframework/boot/spring-boot-data-commons/4.0.6/spring-boot-data-commons-4.0.6.pom
2026-07-25 12:17:34,554 [Worker-1: Building] INFO  o.e.m.c.i.e.AbstractTransferListenerAdapter - Downloaded https://repo.maven.apache.org/maven2/org/springframework/boot/spring-boot-data-commons/4.0.6/spring-boot-data-commons-4.0.6.pom
2026-07-25 12:17:34,630 [Worker-1: Building] INFO  o.e.m.c.i.e.AbstractTransferListenerAdapter - Downloading https://repo.maven.apache.org/maven2/org/springframework/data/spring-data-commons/4.0.5/spring-data-commons-4.0.5.pom
2026-07-25 12:17:34,636 [Worker-1: Building] INFO  o.e.m.c.i.e.AbstractTransferListenerAdapter - Downloaded https://repo.maven.apache.org/maven2/org/springframework/data/spring-data-commons/4.0.5/spring-data-commons-4.0.5.pom
2026-07-25 12:17:34,715 [Worker-1: Building] INFO  o.e.m.c.i.e.AbstractTransferListenerAdapter - Downloading https://repo.maven.apache.org/maven2/org/springframework/data/build/spring-data-parent/4.0.5/spring-data-parent-4.0.5.pom
2026-07-25 12:17:34,723 [Worker-1: Building] INFO  o.e.m.c.i.e.AbstractTransferListenerAdapter - Downloaded https://repo.maven.apache.org/maven2/org/springframework/data/build/spring-data-parent/4.0.5/spring-data-parent-4.0.5.pom
2026-07-25 12:17:34,801 [Worker-1: Building] INFO  o.e.m.c.i.e.AbstractTransferListenerAdapter - Downloading https://repo.maven.apache.org/maven2/org/springframework/data/build/spring-data-build/4.0.5/spring-data-build-4.0.5.pom
2026-07-25 12:17:34,805 [Worker-1: Building] INFO  o.e.m.c.i.e.AbstractTransferListenerAdapter - Downloaded https://repo.maven.apache.org/maven2/org/springframework/data/build/spring-data-build/4.0.5/spring-data-build-4.0.5.pom
2026-07-25 12:17:34,869 [Worker-1: Building] INFO  o.e.m.c.i.e.AbstractTransferListenerAdapter - Downloading https://repo.maven.apache.org/maven2/io/micrometer/micrometer-tracing-bom/1.6.5/micrometer-tracing-bom-1.6.5.pom
2026-07-25 12:17:34,873 [Worker-1: Building] INFO  o.e.m.c.i.e.AbstractTransferListenerAdapter - Downloaded https://repo.maven.apache.org/maven2/io/micrometer/micrometer-tracing-bom/1.6.5/micrometer-tracing-bom-1.6.5.pom
2026-07-25 12:17:34,948 [Worker-1: Building] INFO  o.e.m.c.i.e.AbstractTransferListenerAdapter - Downloading https://repo.maven.apache.org/maven2/org/jmolecules/jmolecules-bom/2025.0.2/jmolecules-bom-2025.0.2.pom
2026-07-25 12:17:34,954 [Worker-1: Building] INFO  o.e.m.c.i.e.AbstractTransferListenerAdapter - Downloaded https://repo.maven.apache.org/maven2/org/jmolecules/jmolecules-bom/2025.0.2/jmolecules-bom-2025.0.2.pom
2026-07-25 12:17:35,058 [Worker-1: Building] INFO  o.e.m.c.i.e.AbstractTransferListenerAdapter - Downloading https://repo.maven.apache.org/maven2/org/testcontainers/testcontainers-bom/2.0.4/testcontainers-bom-2.0.4.pom
2026-07-25 12:17:35,068 [Worker-1: Building] INFO  o.e.m.c.i.e.AbstractTransferListenerAdapter - Downloaded https://repo.maven.apache.org/maven2/org/testcontainers/testcontainers-bom/2.0.4/testcontainers-bom-2.0.4.pom
2026-07-25 12:17:35,142 [Worker-1: Building] INFO  o.e.m.c.i.e.AbstractTransferListenerAdapter - Downloading https://repo.maven.apache.org/maven2/org/springframework/boot/spring-boot-hibernate/4.0.6/spring-boot-hibernate-4.0.6.pom
2026-07-25 12:17:35,147 [Worker-1: Building] INFO  o.e.m.c.i.e.AbstractTransferListenerAdapter - Downloaded https://repo.maven.apache.org/maven2/org/springframework/boot/spring-boot-hibernate/4.0.6/spring-boot-hibernate-4.0.6.pom
2026-07-25 12:17:35,216 [Worker-1: Building] INFO  o.e.m.c.i.e.AbstractTransferListenerAdapter - Downloading https://repo.maven.apache.org/maven2/org/springframework/boot/spring-boot-jpa/4.0.6/spring-boot-jpa-4.0.6.pom
2026-07-25 12:17:35,219 [Worker-1: Building] INFO  o.e.m.c.i.e.AbstractTransferListenerAdapter - Downloaded https://repo.maven.apache.org/maven2/org/springframework/boot/spring-boot-jpa/4.0.6/spring-boot-jpa-4.0.6.pom
2026-07-25 12:17:35,285 [Worker-1: Building] INFO  o.e.m.c.i.e.AbstractTransferListenerAdapter - Downloading https://repo.maven.apache.org/maven2/jakarta/persistence/jakarta.persistence-api/3.2.0/jakarta.persistence-api-3.2.0.pom
2026-07-25 12:17:35,292 [Worker-1: Building] INFO  o.e.m.c.i.e.AbstractTransferListenerAdapter - Downloaded https://repo.maven.apache.org/maven2/jakarta/persistence/jakarta.persistence-api/3.2.0/jakarta.persistence-api-3.2.0.pom
2026-07-25 12:17:35,363 [Worker-1: Building] INFO  o.e.m.c.i.e.AbstractTransferListenerAdapter - Downloading https://repo.maven.apache.org/maven2/org/springframework/spring-orm/7.0.7/spring-orm-7.0.7.pom
2026-07-25 12:17:35,372 [Worker-1: Building] INFO  o.e.m.c.i.e.AbstractTransferListenerAdapter - Downloaded https://repo.maven.apache.org/maven2/org/springframework/spring-orm/7.0.7/spring-orm-7.0.7.pom
2026-07-25 12:17:35,437 [Worker-1: Building] INFO  o.e.m.c.i.e.AbstractTransferListenerAdapter - Downloading https://repo.maven.apache.org/maven2/org/hibernate/orm/hibernate-core/7.2.12.Final/hibernate-core-7.2.12.Final.pom
2026-07-25 12:17:35,442 [Worker-1: Building] INFO  o.e.m.c.i.e.AbstractTransferListenerAdapter - Downloaded https://repo.maven.apache.org/maven2/org/hibernate/orm/hibernate-core/7.2.12.Final/hibernate-core-7.2.12.Final.pom
2026-07-25 12:17:35,505 [Worker-1: Building] INFO  o.e.m.c.i.e.AbstractTransferListenerAdapter - Downloading https://repo.maven.apache.org/maven2/org/hibernate/models/hibernate-models/1.0.1/hibernate-models-1.0.1.pom
2026-07-25 12:17:35,510 [Worker-1: Building] INFO  o.e.m.c.i.e.AbstractTransferListenerAdapter - Downloaded https://repo.maven.apache.org/maven2/org/hibernate/models/hibernate-models/1.0.1/hibernate-models-1.0.1.pom
2026-07-25 12:17:35,605 [Worker-1: Building] INFO  o.e.m.c.i.e.AbstractTransferListenerAdapter - Downloading https://repo.maven.apache.org/maven2/org/springframework/data/spring-data-jpa/4.0.5/spring-data-jpa-4.0.5.pom
2026-07-25 12:17:35,613 [Worker-1: Building] INFO  o.e.m.c.i.e.AbstractTransferListenerAdapter - Downloaded https://repo.maven.apache.org/maven2/org/springframework/data/spring-data-jpa/4.0.5/spring-data-jpa-4.0.5.pom
2026-07-25 12:17:35,685 [Worker-1: Building] INFO  o.e.m.c.i.e.AbstractTransferListenerAdapter - Downloading https://repo.maven.apache.org/maven2/org/springframework/data/spring-data-jpa-parent/4.0.5/spring-data-jpa-parent-4.0.5.pom
2026-07-25 12:17:35,693 [Worker-1: Building] INFO  o.e.m.c.i.e.AbstractTransferListenerAdapter - Downloaded https://repo.maven.apache.org/maven2/org/springframework/data/spring-data-jpa-parent/4.0.5/spring-data-jpa-parent-4.0.5.pom
2026-07-25 12:17:35,768 [Worker-1: Building] INFO  o.e.m.c.i.e.AbstractTransferListenerAdapter - Downloading https://repo.maven.apache.org/maven2/org/springframework/spring-aspects/7.0.7/spring-aspects-7.0.7.pom
2026-07-25 12:17:35,778 [Worker-1: Building] INFO  o.e.m.c.i.e.AbstractTransferListenerAdapter - Downloaded https://repo.maven.apache.org/maven2/org/springframework/spring-aspects/7.0.7/spring-aspects-7.0.7.pom
2026-07-25 12:17:35,845 [Worker-1: Building] INFO  o.e.m.c.i.e.AbstractTransferListenerAdapter - Downloading https://repo.maven.apache.org/maven2/org/springframework/boot/spring-boot-starter-mail/4.0.6/spring-boot-starter-mail-4.0.6.pom
2026-07-25 12:17:35,852 [Worker-1: Building] INFO  o.e.m.c.i.e.AbstractTransferListenerAdapter - Downloaded https://repo.maven.apache.org/maven2/org/springframework/boot/spring-boot-starter-mail/4.0.6/spring-boot-starter-mail-4.0.6.pom
2026-07-25 12:17:35,933 [Worker-1: Building] INFO  o.e.m.c.i.e.AbstractTransferListenerAdapter - Downloading https://repo.maven.apache.org/maven2/org/springframework/boot/spring-boot-mail/4.0.6/spring-boot-mail-4.0.6.pom
2026-07-25 12:17:35,942 [Worker-1: Building] INFO  o.e.m.c.i.e.AbstractTransferListenerAdapter - Downloaded https://repo.maven.apache.org/maven2/org/springframework/boot/spring-boot-mail/4.0.6/spring-boot-mail-4.0.6.pom
2026-07-25 12:17:36,002 [Worker-1: Building] INFO  o.e.m.c.i.e.AbstractTransferListenerAdapter - Downloading https://repo.maven.apache.org/maven2/org/springframework/spring-context-support/7.0.7/spring-context-support-7.0.7.pom
2026-07-25 12:17:36,008 [Worker-1: Building] INFO  o.e.m.c.i.e.AbstractTransferListenerAdapter - Downloaded https://repo.maven.apache.org/maven2/org/springframework/spring-context-support/7.0.7/spring-context-support-7.0.7.pom
2026-07-25 12:17:36,095 [Worker-1: Building] INFO  o.e.m.c.i.e.AbstractTransferListenerAdapter - Downloading https://repo.maven.apache.org/maven2/jakarta/mail/jakarta.mail-api/2.1.5/jakarta.mail-api-2.1.5.pom
2026-07-25 12:17:36,105 [Worker-1: Building] INFO  o.e.m.c.i.e.AbstractTransferListenerAdapter - Downloaded https://repo.maven.apache.org/maven2/jakarta/mail/jakarta.mail-api/2.1.5/jakarta.mail-api-2.1.5.pom
2026-07-25 12:17:36,177 [Worker-1: Building] INFO  o.e.m.c.i.e.AbstractTransferListenerAdapter - Downloading https://repo.maven.apache.org/maven2/org/eclipse/angus/angus-mail/2.0.5/angus-mail-2.0.5.pom
2026-07-25 12:17:36,187 [Worker-1: Building] INFO  o.e.m.c.i.e.AbstractTransferListenerAdapter - Downloaded https://repo.maven.apache.org/maven2/org/eclipse/angus/angus-mail/2.0.5/angus-mail-2.0.5.pom
2026-07-25 12:17:36,256 [Worker-1: Building] INFO  o.e.m.c.i.e.AbstractTransferListenerAdapter - Downloading https://repo.maven.apache.org/maven2/org/springframework/boot/spring-boot-starter-actuator/4.0.6/spring-boot-starter-actuator-4.0.6.pom
2026-07-25 12:17:36,261 [Worker-1: Building] INFO  o.e.m.c.i.e.AbstractTransferListenerAdapter - Downloaded https://repo.maven.apache.org/maven2/org/springframework/boot/spring-boot-starter-actuator/4.0.6/spring-boot-starter-actuator-4.0.6.pom
2026-07-25 12:17:36,344 [Worker-1: Building] INFO  o.e.m.c.i.e.AbstractTransferListenerAdapter - Downloading https://repo.maven.apache.org/maven2/org/springframework/boot/spring-boot-starter-micrometer-metrics/4.0.6/spring-boot-starter-micrometer-metrics-4.0.6.pom
2026-07-25 12:17:36,350 [Worker-1: Building] INFO  o.e.m.c.i.e.AbstractTransferListenerAdapter - Downloaded https://repo.maven.apache.org/maven2/org/springframework/boot/spring-boot-starter-micrometer-metrics/4.0.6/spring-boot-starter-micrometer-metrics-4.0.6.pom
2026-07-25 12:17:36,424 [Worker-1: Building] INFO  o.e.m.c.i.e.AbstractTransferListenerAdapter - Downloading https://repo.maven.apache.org/maven2/org/springframework/boot/spring-boot-micrometer-metrics/4.0.6/spring-boot-micrometer-metrics-4.0.6.pom
2026-07-25 12:17:36,432 [Worker-1: Building] INFO  o.e.m.c.i.e.AbstractTransferListenerAdapter - Downloaded https://repo.maven.apache.org/maven2/org/springframework/boot/spring-boot-micrometer-metrics/4.0.6/spring-boot-micrometer-metrics-4.0.6.pom
2026-07-25 12:17:36,515 [Worker-1: Building] INFO  o.e.m.c.i.e.AbstractTransferListenerAdapter - Downloading https://repo.maven.apache.org/maven2/org/springframework/boot/spring-boot-micrometer-observation/4.0.6/spring-boot-micrometer-observation-4.0.6.pom
2026-07-25 12:17:36,525 [Worker-1: Building] INFO  o.e.m.c.i.e.AbstractTransferListenerAdapter - Downloaded https://repo.maven.apache.org/maven2/org/springframework/boot/spring-boot-micrometer-observation/4.0.6/spring-boot-micrometer-observation-4.0.6.pom
2026-07-25 12:17:36,595 [Worker-1: Building] INFO  o.e.m.c.i.e.AbstractTransferListenerAdapter - Downloading https://repo.maven.apache.org/maven2/io/micrometer/micrometer-core/1.16.5/micrometer-core-1.16.5.pom
2026-07-25 12:17:36,599 [Worker-1: Building] INFO  o.e.m.c.i.e.AbstractTransferListenerAdapter - Downloaded https://repo.maven.apache.org/maven2/io/micrometer/micrometer-core/1.16.5/micrometer-core-1.16.5.pom
2026-07-25 12:17:36,667 [Worker-1: Building] INFO  o.e.m.c.i.e.AbstractTransferListenerAdapter - Downloading https://repo.maven.apache.org/maven2/org/springframework/boot/spring-boot-actuator-autoconfigure/4.0.6/spring-boot-actuator-autoconfigure-4.0.6.pom
2026-07-25 12:17:36,673 [Worker-1: Building] INFO  o.e.m.c.i.e.AbstractTransferListenerAdapter - Downloaded https://repo.maven.apache.org/maven2/org/springframework/boot/spring-boot-actuator-autoconfigure/4.0.6/spring-boot-actuator-autoconfigure-4.0.6.pom
2026-07-25 12:17:36,740 [Worker-1: Building] INFO  o.e.m.c.i.e.AbstractTransferListenerAdapter - Downloading https://repo.maven.apache.org/maven2/org/springframework/boot/spring-boot-actuator/4.0.6/spring-boot-actuator-4.0.6.pom
2026-07-25 12:17:36,746 [Worker-1: Building] INFO  o.e.m.c.i.e.AbstractTransferListenerAdapter - Downloaded https://repo.maven.apache.org/maven2/org/springframework/boot/spring-boot-actuator/4.0.6/spring-boot-actuator-4.0.6.pom
2026-07-25 12:17:36,814 [Worker-1: Building] INFO  o.e.m.c.i.e.AbstractTransferListenerAdapter - Downloading https://repo.maven.apache.org/maven2/org/springframework/boot/spring-boot-health/4.0.6/spring-boot-health-4.0.6.pom
2026-07-25 12:17:36,819 [Worker-1: Building] INFO  o.e.m.c.i.e.AbstractTransferListenerAdapter - Downloaded https://repo.maven.apache.org/maven2/org/springframework/boot/spring-boot-health/4.0.6/spring-boot-health-4.0.6.pom
2026-07-25 12:17:36,891 [Worker-1: Building] INFO  o.e.m.c.i.e.AbstractTransferListenerAdapter - Downloading https://repo.maven.apache.org/maven2/io/micrometer/micrometer-jakarta9/1.16.5/micrometer-jakarta9-1.16.5.pom
2026-07-25 12:17:36,896 [Worker-1: Building] INFO  o.e.m.c.i.e.AbstractTransferListenerAdapter - Downloaded https://repo.maven.apache.org/maven2/io/micrometer/micrometer-jakarta9/1.16.5/micrometer-jakarta9-1.16.5.pom
2026-07-25 12:17:36,966 [Worker-1: Building] INFO  o.e.m.c.i.e.AbstractTransferListenerAdapter - Downloading https://repo.maven.apache.org/maven2/org/springframework/cloud/spring-cloud-starter-openfeign/5.0.1/spring-cloud-starter-openfeign-5.0.1.pom
2026-07-25 12:17:36,970 [Worker-1: Building] INFO  o.e.m.c.i.e.AbstractTransferListenerAdapter - Downloaded https://repo.maven.apache.org/maven2/org/springframework/cloud/spring-cloud-starter-openfeign/5.0.1/spring-cloud-starter-openfeign-5.0.1.pom
2026-07-25 12:17:37,037 [Worker-1: Building] INFO  o.e.m.c.i.e.AbstractTransferListenerAdapter - Downloading https://repo.maven.apache.org/maven2/org/springframework/cloud/spring-cloud-openfeign/5.0.1/spring-cloud-openfeign-5.0.1.pom
2026-07-25 12:17:37,041 [Worker-1: Building] INFO  o.e.m.c.i.e.AbstractTransferListenerAdapter - Downloaded https://repo.maven.apache.org/maven2/org/springframework/cloud/spring-cloud-openfeign/5.0.1/spring-cloud-openfeign-5.0.1.pom
2026-07-25 12:17:37,119 [Worker-1: Building] INFO  o.e.m.c.i.e.AbstractTransferListenerAdapter - Downloading https://repo.maven.apache.org/maven2/org/springframework/cloud/spring-cloud-build/5.0.1/spring-cloud-build-5.0.1.pom
2026-07-25 12:17:37,124 [Worker-1: Building] INFO  o.e.m.c.i.e.AbstractTransferListenerAdapter - Downloaded https://repo.maven.apache.org/maven2/org/springframework/cloud/spring-cloud-build/5.0.1/spring-cloud-build-5.0.1.pom
2026-07-25 12:17:37,186 [Worker-1: Building] INFO  o.e.m.c.i.e.AbstractTransferListenerAdapter - Downloading https://repo.maven.apache.org/maven2/org/springframework/cloud/spring-cloud-build-dependencies/5.0.1/spring-cloud-build-dependencies-5.0.1.pom
2026-07-25 12:17:37,193 [Worker-1: Building] INFO  o.e.m.c.i.e.AbstractTransferListenerAdapter - Downloaded https://repo.maven.apache.org/maven2/org/springframework/cloud/spring-cloud-build-dependencies/5.0.1/spring-cloud-build-dependencies-5.0.1.pom
2026-07-25 12:17:37,272 [Worker-1: Building] INFO  o.e.m.c.i.e.AbstractTransferListenerAdapter - Downloading https://repo.maven.apache.org/maven2/org/springframework/boot/spring-boot-dependencies/4.0.2/spring-boot-dependencies-4.0.2.pom
2026-07-25 12:17:37,279 [Worker-1: Building] INFO  o.e.m.c.i.e.AbstractTransferListenerAdapter - Downloaded https://repo.maven.apache.org/maven2/org/springframework/boot/spring-boot-dependencies/4.0.2/spring-boot-dependencies-4.0.2.pom
2026-07-25 12:17:37,371 [Worker-1: Building] INFO  o.e.m.c.i.e.AbstractTransferListenerAdapter - Downloading https://repo.maven.apache.org/maven2/org/assertj/assertj-bom/3.27.6/assertj-bom-3.27.6.pom
2026-07-25 12:17:37,376 [Worker-1: Building] INFO  o.e.m.c.i.e.AbstractTransferListenerAdapter - Downloaded https://repo.maven.apache.org/maven2/org/assertj/assertj-bom/3.27.6/assertj-bom-3.27.6.pom
2026-07-25 12:17:37,436 [Worker-1: Building] INFO  o.e.m.c.i.e.AbstractTransferListenerAdapter - Downloading https://repo.maven.apache.org/maven2/io/zipkin/reporter2/zipkin-reporter-bom/3.5.1/zipkin-reporter-bom-3.5.1.pom
2026-07-25 12:17:37,440 [Worker-1: Building] INFO  o.e.m.c.i.e.AbstractTransferListenerAdapter - Downloaded https://repo.maven.apache.org/maven2/io/zipkin/reporter2/zipkin-reporter-bom/3.5.1/zipkin-reporter-bom-3.5.1.pom
2026-07-25 12:17:37,507 [Worker-1: Building] INFO  o.e.m.c.i.e.AbstractTransferListenerAdapter - Downloading https://repo.maven.apache.org/maven2/io/zipkin/brave/brave-bom/6.3.0/brave-bom-6.3.0.pom
2026-07-25 12:17:37,518 [Worker-1: Building] INFO  o.e.m.c.i.e.AbstractTransferListenerAdapter - Downloaded https://repo.maven.apache.org/maven2/io/zipkin/brave/brave-bom/6.3.0/brave-bom-6.3.0.pom
2026-07-25 12:17:37,586 [Worker-1: Building] INFO  o.e.m.c.i.e.AbstractTransferListenerAdapter - Downloading https://repo.maven.apache.org/maven2/org/apache/groovy/groovy-bom/5.0.3/groovy-bom-5.0.3.pom
2026-07-25 12:17:37,595 [Worker-1: Building] INFO  o.e.m.c.i.e.AbstractTransferListenerAdapter - Downloaded https://repo.maven.apache.org/maven2/org/apache/groovy/groovy-bom/5.0.3/groovy-bom-5.0.3.pom
2026-07-25 12:17:37,667 [Worker-1: Building] INFO  o.e.m.c.i.e.AbstractTransferListenerAdapter - Downloading https://repo.maven.apache.org/maven2/com/fasterxml/jackson/jackson-bom/2.20.2/jackson-bom-2.20.2.pom
2026-07-25 12:17:37,673 [Worker-1: Building] INFO  o.e.m.c.i.e.AbstractTransferListenerAdapter - Downloaded https://repo.maven.apache.org/maven2/com/fasterxml/jackson/jackson-bom/2.20.2/jackson-bom-2.20.2.pom
2026-07-25 12:17:37,745 [Worker-1: Building] INFO  o.e.m.c.i.e.AbstractTransferListenerAdapter - Downloading https://repo.maven.apache.org/maven2/com/fasterxml/jackson/jackson-parent/2.20/jackson-parent-2.20.pom
2026-07-25 12:17:37,756 [Worker-1: Building] INFO  o.e.m.c.i.e.AbstractTransferListenerAdapter - Downloaded https://repo.maven.apache.org/maven2/com/fasterxml/jackson/jackson-parent/2.20/jackson-parent-2.20.pom
2026-07-25 12:17:37,836 [Worker-1: Building] INFO  o.e.m.c.i.e.AbstractTransferListenerAdapter - Downloading https://repo.maven.apache.org/maven2/com/fasterxml/oss-parent/70/oss-parent-70.pom
2026-07-25 12:17:37,847 [Worker-1: Building] INFO  o.e.m.c.i.e.AbstractTransferListenerAdapter - Downloaded https://repo.maven.apache.org/maven2/com/fasterxml/oss-parent/70/oss-parent-70.pom
2026-07-25 12:17:37,915 [Worker-1: Building] INFO  o.e.m.c.i.e.AbstractTransferListenerAdapter - Downloading https://repo.maven.apache.org/maven2/tools/jackson/jackson-bom/3.0.4/jackson-bom-3.0.4.pom
2026-07-25 12:17:37,925 [Worker-1: Building] INFO  o.e.m.c.i.e.AbstractTransferListenerAdapter - Downloaded https://repo.maven.apache.org/maven2/tools/jackson/jackson-bom/3.0.4/jackson-bom-3.0.4.pom
2026-07-25 12:17:38,003 [Worker-1: Building] INFO  o.e.m.c.i.e.AbstractTransferListenerAdapter - Downloading https://repo.maven.apache.org/maven2/com/fasterxml/oss-parent/73/oss-parent-73.pom
2026-07-25 12:17:38,009 [Worker-1: Building] INFO  o.e.m.c.i.e.AbstractTransferListenerAdapter - Downloaded https://repo.maven.apache.org/maven2/com/fasterxml/oss-parent/73/oss-parent-73.pom
2026-07-25 12:17:38,085 [Worker-1: Building] INFO  o.e.m.c.i.e.AbstractTransferListenerAdapter - Downloading https://repo.maven.apache.org/maven2/org/glassfish/jersey/jersey-bom/4.0.0/jersey-bom-4.0.0.pom
2026-07-25 12:17:38,095 [Worker-1: Building] INFO  o.e.m.c.i.e.AbstractTransferListenerAdapter - Downloaded https://repo.maven.apache.org/maven2/org/glassfish/jersey/jersey-bom/4.0.0/jersey-bom-4.0.0.pom
2026-07-25 12:17:38,166 [Worker-1: Building] INFO  o.e.m.c.i.e.AbstractTransferListenerAdapter - Downloading https://repo.maven.apache.org/maven2/org/eclipse/jetty/ee11/jetty-ee11-bom/12.1.5/jetty-ee11-bom-12.1.5.pom
2026-07-25 12:17:38,173 [Worker-1: Building] INFO  o.e.m.c.i.e.AbstractTransferListenerAdapter - Downloaded https://repo.maven.apache.org/maven2/org/eclipse/jetty/ee11/jetty-ee11-bom/12.1.5/jetty-ee11-bom-12.1.5.pom
2026-07-25 12:17:38,246 [Worker-1: Building] INFO  o.e.m.c.i.e.AbstractTransferListenerAdapter - Downloading https://repo.maven.apache.org/maven2/org/eclipse/jetty/jetty-bom/12.1.5/jetty-bom-12.1.5.pom
2026-07-25 12:17:38,254 [Worker-1: Building] INFO  o.e.m.c.i.e.AbstractTransferListenerAdapter - Downloaded https://repo.maven.apache.org/maven2/org/eclipse/jetty/jetty-bom/12.1.5/jetty-bom-12.1.5.pom
2026-07-25 12:17:38,327 [Worker-1: Building] INFO  o.e.m.c.i.e.AbstractTransferListenerAdapter - Downloading https://repo.maven.apache.org/maven2/org/jooq/jooq-bom/3.19.29/jooq-bom-3.19.29.pom
2026-07-25 12:17:38,334 [Worker-1: Building] INFO  o.e.m.c.i.e.AbstractTransferListenerAdapter - Downloaded https://repo.maven.apache.org/maven2/org/jooq/jooq-bom/3.19.29/jooq-bom-3.19.29.pom
2026-07-25 12:17:38,406 [Worker-1: Building] INFO  o.e.m.c.i.e.AbstractTransferListenerAdapter - Downloading https://repo.maven.apache.org/maven2/org/junit/junit-bom/6.0.2/junit-bom-6.0.2.pom
2026-07-25 12:17:38,415 [Worker-1: Building] INFO  o.e.m.c.i.e.AbstractTransferListenerAdapter - Downloaded https://repo.maven.apache.org/maven2/org/junit/junit-bom/6.0.2/junit-bom-6.0.2.pom
2026-07-25 12:17:38,502 [Worker-1: Building] INFO  o.e.m.c.i.e.AbstractTransferListenerAdapter - Downloading https://repo.maven.apache.org/maven2/io/micrometer/micrometer-bom/1.16.2/micrometer-bom-1.16.2.pom
2026-07-25 12:17:38,510 [Worker-1: Building] INFO  o.e.m.c.i.e.AbstractTransferListenerAdapter - Downloaded https://repo.maven.apache.org/maven2/io/micrometer/micrometer-bom/1.16.2/micrometer-bom-1.16.2.pom
2026-07-25 12:17:38,577 [Worker-1: Building] INFO  o.e.m.c.i.e.AbstractTransferListenerAdapter - Downloading https://repo.maven.apache.org/maven2/io/micrometer/micrometer-tracing-bom/1.6.2/micrometer-tracing-bom-1.6.2.pom
2026-07-25 12:17:38,586 [Worker-1: Building] INFO  o.e.m.c.i.e.AbstractTransferListenerAdapter - Downloaded https://repo.maven.apache.org/maven2/io/micrometer/micrometer-tracing-bom/1.6.2/micrometer-tracing-bom-1.6.2.pom
2026-07-25 12:17:38,657 [Worker-1: Building] INFO  o.e.m.c.i.e.AbstractTransferListenerAdapter - Downloading https://repo.maven.apache.org/maven2/org/mongodb/mongodb-driver-bom/5.6.2/mongodb-driver-bom-5.6.2.pom
2026-07-25 12:17:38,664 [Worker-1: Building] INFO  o.e.m.c.i.e.AbstractTransferListenerAdapter - Downloaded https://repo.maven.apache.org/maven2/org/mongodb/mongodb-driver-bom/5.6.2/mongodb-driver-bom-5.6.2.pom
2026-07-25 12:17:38,726 [Worker-1: Building] INFO  o.e.m.c.i.e.AbstractTransferListenerAdapter - Downloading https://repo.maven.apache.org/maven2/org/neo4j/driver/neo4j-java-driver-bom/6.0.2/neo4j-java-driver-bom-6.0.2.pom
2026-07-25 12:17:38,730 [Worker-1: Building] INFO  o.e.m.c.i.e.AbstractTransferListenerAdapter - Downloaded https://repo.maven.apache.org/maven2/org/neo4j/driver/neo4j-java-driver-bom/6.0.2/neo4j-java-driver-bom-6.0.2.pom
2026-07-25 12:17:38,828 [Worker-1: Building] INFO  o.e.m.c.i.e.AbstractTransferListenerAdapter - Downloading https://repo.maven.apache.org/maven2/org/neo4j/bolt/neo4j-bolt-connection-bom/10.1.0/neo4j-bolt-connection-bom-10.1.0.pom
2026-07-25 12:17:38,833 [Worker-1: Building] INFO  o.e.m.c.i.e.AbstractTransferListenerAdapter - Downloaded https://repo.maven.apache.org/maven2/org/neo4j/bolt/neo4j-bolt-connection-bom/10.1.0/neo4j-bolt-connection-bom-10.1.0.pom
2026-07-25 12:17:38,898 [Worker-1: Building] INFO  o.e.m.c.i.e.AbstractTransferListenerAdapter - Downloading https://repo.maven.apache.org/maven2/io/netty/netty-bom/4.2.9.Final/netty-bom-4.2.9.Final.pom
2026-07-25 12:17:38,904 [Worker-1: Building] INFO  o.e.m.c.i.e.AbstractTransferListenerAdapter - Downloaded https://repo.maven.apache.org/maven2/io/netty/netty-bom/4.2.9.Final/netty-bom-4.2.9.Final.pom
2026-07-25 12:17:38,976 [Worker-1: Building] INFO  o.e.m.c.i.e.AbstractTransferListenerAdapter - Downloading https://repo.maven.apache.org/maven2/org/apache/pulsar/pulsar-bom/4.1.2/pulsar-bom-4.1.2.pom
2026-07-25 12:17:38,984 [Worker-1: Building] INFO  o.e.m.c.i.e.AbstractTransferListenerAdapter - Downloaded https://repo.maven.apache.org/maven2/org/apache/pulsar/pulsar-bom/4.1.2/pulsar-bom-4.1.2.pom
2026-07-25 12:17:39,086 [Worker-1: Building] INFO  o.e.m.c.i.e.AbstractTransferListenerAdapter - Downloading https://repo.maven.apache.org/maven2/io/projectreactor/reactor-bom/2025.0.2/reactor-bom-2025.0.2.pom
2026-07-25 12:17:39,096 [Worker-1: Building] INFO  o.e.m.c.i.e.AbstractTransferListenerAdapter - Downloaded https://repo.maven.apache.org/maven2/io/projectreactor/reactor-bom/2025.0.2/reactor-bom-2025.0.2.pom
2026-07-25 12:17:39,172 [Worker-1: Building] INFO  o.e.m.c.i.e.AbstractTransferListenerAdapter - Downloading https://repo.maven.apache.org/maven2/org/springframework/amqp/spring-amqp-bom/4.0.2/spring-amqp-bom-4.0.2.pom
2026-07-25 12:17:39,182 [Worker-1: Building] INFO  o.e.m.c.i.e.AbstractTransferListenerAdapter - Downloaded https://repo.maven.apache.org/maven2/org/springframework/amqp/spring-amqp-bom/4.0.2/spring-amqp-bom-4.0.2.pom
2026-07-25 12:17:39,259 [Worker-1: Building] INFO  o.e.m.c.i.e.AbstractTransferListenerAdapter - Downloading https://repo.maven.apache.org/maven2/org/springframework/batch/spring-batch-bom/6.0.2/spring-batch-bom-6.0.2.pom
2026-07-25 12:17:39,266 [Worker-1: Building] INFO  o.e.m.c.i.e.AbstractTransferListenerAdapter - Downloaded https://repo.maven.apache.org/maven2/org/springframework/batch/spring-batch-bom/6.0.2/spring-batch-bom-6.0.2.pom
2026-07-25 12:17:39,345 [Worker-1: Building] INFO  o.e.m.c.i.e.AbstractTransferListenerAdapter - Downloading https://repo.maven.apache.org/maven2/org/springframework/data/spring-data-bom/2025.1.2/spring-data-bom-2025.1.2.pom
2026-07-25 12:17:39,350 [Worker-1: Building] INFO  o.e.m.c.i.e.AbstractTransferListenerAdapter - Downloaded https://repo.maven.apache.org/maven2/org/springframework/data/spring-data-bom/2025.1.2/spring-data-bom-2025.1.2.pom
2026-07-25 12:17:39,428 [Worker-1: Building] INFO  o.e.m.c.i.e.AbstractTransferListenerAdapter - Downloading https://repo.maven.apache.org/maven2/org/springframework/spring-framework-bom/7.0.3/spring-framework-bom-7.0.3.pom
2026-07-25 12:17:39,438 [Worker-1: Building] INFO  o.e.m.c.i.e.AbstractTransferListenerAdapter - Downloaded https://repo.maven.apache.org/maven2/org/springframework/spring-framework-bom/7.0.3/spring-framework-bom-7.0.3.pom
2026-07-25 12:17:39,513 [Worker-1: Building] INFO  o.e.m.c.i.e.AbstractTransferListenerAdapter - Downloading https://repo.maven.apache.org/maven2/org/springframework/integration/spring-integration-bom/7.0.2/spring-integration-bom-7.0.2.pom
2026-07-25 12:17:39,520 [Worker-1: Building] INFO  o.e.m.c.i.e.AbstractTransferListenerAdapter - Downloaded https://repo.maven.apache.org/maven2/org/springframework/integration/spring-integration-bom/7.0.2/spring-integration-bom-7.0.2.pom
2026-07-25 12:17:40,075 [Worker-1: Building] INFO  o.e.m.c.i.e.AbstractTransferListenerAdapter - Downloading https://repo.maven.apache.org/maven2/org/springframework/pulsar/spring-pulsar-bom/2.0.2/spring-pulsar-bom-2.0.2.pom
2026-07-25 12:17:40,079 [Worker-1: Building] INFO  o.e.m.c.i.e.AbstractTransferListenerAdapter - Downloaded https://repo.maven.apache.org/maven2/org/springframework/pulsar/spring-pulsar-bom/2.0.2/spring-pulsar-bom-2.0.2.pom
2026-07-25 12:17:40,146 [Worker-1: Building] INFO  o.e.m.c.i.e.AbstractTransferListenerAdapter - Downloading https://repo.maven.apache.org/maven2/org/springframework/security/spring-security-bom/7.0.2/spring-security-bom-7.0.2.pom
2026-07-25 12:17:40,156 [Worker-1: Building] INFO  o.e.m.c.i.e.AbstractTransferListenerAdapter - Downloaded https://repo.maven.apache.org/maven2/org/springframework/security/spring-security-bom/7.0.2/spring-security-bom-7.0.2.pom
2026-07-25 12:17:40,225 [Worker-1: Building] INFO  o.e.m.c.i.e.AbstractTransferListenerAdapter - Downloading https://repo.maven.apache.org/maven2/org/springframework/session/spring-session-bom/4.0.1/spring-session-bom-4.0.1.pom
2026-07-25 12:17:40,230 [Worker-1: Building] INFO  o.e.m.c.i.e.AbstractTransferListenerAdapter - Downloaded https://repo.maven.apache.org/maven2/org/springframework/session/spring-session-bom/4.0.1/spring-session-bom-4.0.1.pom
2026-07-25 12:17:40,295 [Worker-1: Building] INFO  o.e.m.c.i.e.AbstractTransferListenerAdapter - Downloading https://repo.maven.apache.org/maven2/org/springframework/ws/spring-ws-bom/5.0.0/spring-ws-bom-5.0.0.pom
2026-07-25 12:17:40,301 [Worker-1: Building] INFO  o.e.m.c.i.e.AbstractTransferListenerAdapter - Downloaded https://repo.maven.apache.org/maven2/org/springframework/ws/spring-ws-bom/5.0.0/spring-ws-bom-5.0.0.pom
2026-07-25 12:17:40,372 [Worker-1: Building] INFO  o.e.m.c.i.e.AbstractTransferListenerAdapter - Downloading https://repo.maven.apache.org/maven2/org/testcontainers/testcontainers-bom/2.0.3/testcontainers-bom-2.0.3.pom
2026-07-25 12:17:40,381 [Worker-1: Building] INFO  o.e.m.c.i.e.AbstractTransferListenerAdapter - Downloaded https://repo.maven.apache.org/maven2/org/testcontainers/testcontainers-bom/2.0.3/testcontainers-bom-2.0.3.pom
2026-07-25 12:17:40,456 [Worker-1: Building] INFO  o.e.m.c.i.e.AbstractTransferListenerAdapter - Downloading https://repo.maven.apache.org/maven2/org/springframework/cloud/spring-cloud-starter/5.0.1/spring-cloud-starter-5.0.1.pom
2026-07-25 12:17:40,461 [Worker-1: Building] INFO  o.e.m.c.i.e.AbstractTransferListenerAdapter - Downloaded https://repo.maven.apache.org/maven2/org/springframework/cloud/spring-cloud-starter/5.0.1/spring-cloud-starter-5.0.1.pom
2026-07-25 12:17:40,516 [Worker-1: Building] INFO  o.e.m.c.i.e.AbstractTransferListenerAdapter - Downloading https://repo.maven.apache.org/maven2/org/springframework/cloud/spring-cloud-commons-parent/5.0.1/spring-cloud-commons-parent-5.0.1.pom
2026-07-25 12:17:40,521 [Worker-1: Building] INFO  o.e.m.c.i.e.AbstractTransferListenerAdapter - Downloaded https://repo.maven.apache.org/maven2/org/springframework/cloud/spring-cloud-commons-parent/5.0.1/spring-cloud-commons-parent-5.0.1.pom
2026-07-25 12:17:40,593 [Worker-1: Building] INFO  o.e.m.c.i.e.AbstractTransferListenerAdapter - Downloading https://repo.maven.apache.org/maven2/org/springframework/cloud/spring-cloud-context/5.0.1/spring-cloud-context-5.0.1.pom
2026-07-25 12:17:40,600 [Worker-1: Building] INFO  o.e.m.c.i.e.AbstractTransferListenerAdapter - Downloaded https://repo.maven.apache.org/maven2/org/springframework/cloud/spring-cloud-context/5.0.1/spring-cloud-context-5.0.1.pom
2026-07-25 12:17:40,677 [Worker-1: Building] INFO  o.e.m.c.i.e.AbstractTransferListenerAdapter - Downloading https://repo.maven.apache.org/maven2/org/springframework/boot/spring-boot-restclient/4.0.6/spring-boot-restclient-4.0.6.pom
2026-07-25 12:17:40,682 [Worker-1: Building] INFO  o.e.m.c.i.e.AbstractTransferListenerAdapter - Downloaded https://repo.maven.apache.org/maven2/org/springframework/boot/spring-boot-restclient/4.0.6/spring-boot-restclient-4.0.6.pom
2026-07-25 12:17:40,746 [Worker-1: Building] INFO  o.e.m.c.i.e.AbstractTransferListenerAdapter - Downloading https://repo.maven.apache.org/maven2/org/springframework/boot/spring-boot-http-client/4.0.6/spring-boot-http-client-4.0.6.pom
2026-07-25 12:17:40,750 [Worker-1: Building] INFO  o.e.m.c.i.e.AbstractTransferListenerAdapter - Downloaded https://repo.maven.apache.org/maven2/org/springframework/boot/spring-boot-http-client/4.0.6/spring-boot-http-client-4.0.6.pom
2026-07-25 12:17:40,824 [Worker-1: Building] INFO  o.e.m.c.i.e.AbstractTransferListenerAdapter - Downloading https://repo.maven.apache.org/maven2/org/springframework/cloud/spring-cloud-commons/5.0.1/spring-cloud-commons-5.0.1.pom
2026-07-25 12:17:40,833 [Worker-1: Building] INFO  o.e.m.c.i.e.AbstractTransferListenerAdapter - Downloaded https://repo.maven.apache.org/maven2/org/springframework/cloud/spring-cloud-commons/5.0.1/spring-cloud-commons-5.0.1.pom
2026-07-25 12:17:40,895 [Worker-1: Building] INFO  o.e.m.c.i.e.AbstractTransferListenerAdapter - Downloading https://repo.maven.apache.org/maven2/org/bouncycastle/bcprov-jdk18on/1.81/bcprov-jdk18on-1.81.pom
2026-07-25 12:17:40,900 [Worker-1: Building] INFO  o.e.m.c.i.e.AbstractTransferListenerAdapter - Downloaded https://repo.maven.apache.org/maven2/org/bouncycastle/bcprov-jdk18on/1.81/bcprov-jdk18on-1.81.pom
2026-07-25 12:17:40,971 [Worker-1: Building] INFO  o.e.m.c.i.e.AbstractTransferListenerAdapter - Downloading https://repo.maven.apache.org/maven2/org/springframework/cloud/spring-cloud-openfeign-core/5.0.1/spring-cloud-openfeign-core-5.0.1.pom
2026-07-25 12:17:40,982 [Worker-1: Building] INFO  o.e.m.c.i.e.AbstractTransferListenerAdapter - Downloaded https://repo.maven.apache.org/maven2/org/springframework/cloud/spring-cloud-openfeign-core/5.0.1/spring-cloud-openfeign-core-5.0.1.pom
2026-07-25 12:17:41,065 [Worker-1: Building] INFO  o.e.m.c.i.e.AbstractTransferListenerAdapter - Downloading https://repo.maven.apache.org/maven2/org/apache/commons/commons-lang3/3.19.0/commons-lang3-3.19.0.pom
2026-07-25 12:17:41,070 [Worker-1: Building] INFO  o.e.m.c.i.e.AbstractTransferListenerAdapter - Downloaded https://repo.maven.apache.org/maven2/org/apache/commons/commons-lang3/3.19.0/commons-lang3-3.19.0.pom
2026-07-25 12:17:41,140 [Worker-1: Building] INFO  o.e.m.c.i.e.AbstractTransferListenerAdapter - Downloading https://repo.maven.apache.org/maven2/org/apache/commons/commons-parent/88/commons-parent-88.pom
2026-07-25 12:17:41,147 [Worker-1: Building] INFO  o.e.m.c.i.e.AbstractTransferListenerAdapter - Downloaded https://repo.maven.apache.org/maven2/org/apache/commons/commons-parent/88/commons-parent-88.pom
2026-07-25 12:17:41,230 [Worker-1: Building] INFO  o.e.m.c.i.e.AbstractTransferListenerAdapter - Downloading https://repo.maven.apache.org/maven2/org/springframework/cloud/spring-cloud-starter-netflix-eureka-client/5.0.1/spring-cloud-starter-netflix-eureka-client-5.0.1.pom
2026-07-25 12:17:41,235 [Worker-1: Building] INFO  o.e.m.c.i.e.AbstractTransferListenerAdapter - Downloaded https://repo.maven.apache.org/maven2/org/springframework/cloud/spring-cloud-starter-netflix-eureka-client/5.0.1/spring-cloud-starter-netflix-eureka-client-5.0.1.pom
2026-07-25 12:17:41,295 [Worker-1: Building] INFO  o.e.m.c.i.e.AbstractTransferListenerAdapter - Downloading https://repo.maven.apache.org/maven2/org/springframework/cloud/spring-cloud-netflix/5.0.1/spring-cloud-netflix-5.0.1.pom
2026-07-25 12:17:41,300 [Worker-1: Building] INFO  o.e.m.c.i.e.AbstractTransferListenerAdapter - Downloaded https://repo.maven.apache.org/maven2/org/springframework/cloud/spring-cloud-netflix/5.0.1/spring-cloud-netflix-5.0.1.pom
2026-07-25 12:17:41,371 [Worker-1: Building] INFO  o.e.m.c.i.e.AbstractTransferListenerAdapter - Downloading https://repo.maven.apache.org/maven2/org/springframework/cloud/spring-cloud-netflix-eureka-client/5.0.1/spring-cloud-netflix-eureka-client-5.0.1.pom
2026-07-25 12:17:41,376 [Worker-1: Building] INFO  o.e.m.c.i.e.AbstractTransferListenerAdapter - Downloaded https://repo.maven.apache.org/maven2/org/springframework/cloud/spring-cloud-netflix-eureka-client/5.0.1/spring-cloud-netflix-eureka-client-5.0.1.pom
2026-07-25 12:17:41,451 [Worker-1: Building] INFO  o.e.m.c.i.e.AbstractTransferListenerAdapter - Downloading https://repo.maven.apache.org/maven2/org/springframework/boot/spring-boot-jackson2/4.0.6/spring-boot-jackson2-4.0.6.pom
2026-07-25 12:17:41,455 [Worker-1: Building] INFO  o.e.m.c.i.e.AbstractTransferListenerAdapter - Downloaded https://repo.maven.apache.org/maven2/org/springframework/boot/spring-boot-jackson2/4.0.6/spring-boot-jackson2-4.0.6.pom
2026-07-25 12:17:41,534 [Worker-1: Building] INFO  o.e.m.c.i.e.AbstractTransferListenerAdapter - Downloading https://repo.maven.apache.org/maven2/com/netflix/eureka/eureka-client/2.0.5/eureka-client-2.0.5.pom
2026-07-25 12:17:41,538 [Worker-1: Building] INFO  o.e.m.c.i.e.AbstractTransferListenerAdapter - Downloaded https://repo.maven.apache.org/maven2/com/netflix/eureka/eureka-client/2.0.5/eureka-client-2.0.5.pom
2026-07-25 12:17:41,596 [Worker-1: Building] INFO  o.e.m.c.i.e.AbstractTransferListenerAdapter - Downloading https://repo.maven.apache.org/maven2/com/thoughtworks/xstream/xstream/1.4.21/xstream-1.4.21.pom
2026-07-25 12:17:41,606 [Worker-1: Building] INFO  o.e.m.c.i.e.AbstractTransferListenerAdapter - Downloaded https://repo.maven.apache.org/maven2/com/thoughtworks/xstream/xstream/1.4.21/xstream-1.4.21.pom
2026-07-25 12:17:41,674 [Worker-1: Building] INFO  o.e.m.c.i.e.AbstractTransferListenerAdapter - Downloading https://repo.maven.apache.org/maven2/com/thoughtworks/xstream/xstream-parent/1.4.21/xstream-parent-1.4.21.pom
2026-07-25 12:17:41,679 [Worker-1: Building] INFO  o.e.m.c.i.e.AbstractTransferListenerAdapter - Downloaded https://repo.maven.apache.org/maven2/com/thoughtworks/xstream/xstream-parent/1.4.21/xstream-parent-1.4.21.pom
2026-07-25 12:17:41,751 [Worker-1: Building] INFO  o.e.m.c.i.e.AbstractTransferListenerAdapter - Downloading https://repo.maven.apache.org/maven2/jakarta/ws/rs/jakarta.ws.rs-api/4.0.0/jakarta.ws.rs-api-4.0.0.pom
2026-07-25 12:17:41,756 [Worker-1: Building] INFO  o.e.m.c.i.e.AbstractTransferListenerAdapter - Downloaded https://repo.maven.apache.org/maven2/jakarta/ws/rs/jakarta.ws.rs-api/4.0.0/jakarta.ws.rs-api-4.0.0.pom
2026-07-25 12:17:41,816 [Worker-1: Building] INFO  o.e.m.c.i.e.AbstractTransferListenerAdapter - Downloading https://repo.maven.apache.org/maven2/jakarta/ws/rs/all/4.0.0/all-4.0.0.pom
2026-07-25 12:17:41,820 [Worker-1: Building] INFO  o.e.m.c.i.e.AbstractTransferListenerAdapter - Downloaded https://repo.maven.apache.org/maven2/jakarta/ws/rs/all/4.0.0/all-4.0.0.pom
2026-07-25 12:17:41,949 [Worker-1: Building] INFO  o.e.m.c.i.e.AbstractTransferListenerAdapter - Downloading https://repo.maven.apache.org/maven2/org/springframework/cloud/spring-cloud-starter-loadbalancer/5.0.1/spring-cloud-starter-loadbalancer-5.0.1.pom
2026-07-25 12:17:41,953 [Worker-1: Building] INFO  o.e.m.c.i.e.AbstractTransferListenerAdapter - Downloaded https://repo.maven.apache.org/maven2/org/springframework/cloud/spring-cloud-starter-loadbalancer/5.0.1/spring-cloud-starter-loadbalancer-5.0.1.pom
2026-07-25 12:17:42,011 [Worker-1: Building] INFO  o.e.m.c.i.e.AbstractTransferListenerAdapter - Downloading https://repo.maven.apache.org/maven2/org/springframework/cloud/spring-cloud-loadbalancer/5.0.1/spring-cloud-loadbalancer-5.0.1.pom
2026-07-25 12:17:42,020 [Worker-1: Building] INFO  o.e.m.c.i.e.AbstractTransferListenerAdapter - Downloaded https://repo.maven.apache.org/maven2/org/springframework/cloud/spring-cloud-loadbalancer/5.0.1/spring-cloud-loadbalancer-5.0.1.pom
2026-07-25 12:17:42,082 [Worker-1: Building] INFO  o.e.m.c.i.e.AbstractTransferListenerAdapter - Downloading https://repo.maven.apache.org/maven2/io/projectreactor/reactor-core/3.8.5/reactor-core-3.8.5.pom
2026-07-25 12:17:42,087 [Worker-1: Building] INFO  o.e.m.c.i.e.AbstractTransferListenerAdapter - Downloaded https://repo.maven.apache.org/maven2/io/projectreactor/reactor-core/3.8.5/reactor-core-3.8.5.pom
2026-07-25 12:17:42,653 [Worker-1: Building] INFO  o.e.m.c.i.e.AbstractTransferListenerAdapter - Downloading https://repo.maven.apache.org/maven2/io/projectreactor/addons/reactor-extra/3.6.0/reactor-extra-3.6.0.pom
2026-07-25 12:17:42,658 [Worker-1: Building] INFO  o.e.m.c.i.e.AbstractTransferListenerAdapter - Downloaded https://repo.maven.apache.org/maven2/io/projectreactor/addons/reactor-extra/3.6.0/reactor-extra-3.6.0.pom
2026-07-25 12:17:42,727 [Worker-1: Building] INFO  o.e.m.c.i.e.AbstractTransferListenerAdapter - Downloading https://repo.maven.apache.org/maven2/org/springframework/boot/spring-boot-starter-cache/4.0.6/spring-boot-starter-cache-4.0.6.pom
2026-07-25 12:17:42,737 [Worker-1: Building] INFO  o.e.m.c.i.e.AbstractTransferListenerAdapter - Downloaded https://repo.maven.apache.org/maven2/org/springframework/boot/spring-boot-starter-cache/4.0.6/spring-boot-starter-cache-4.0.6.pom
2026-07-25 12:17:42,817 [Worker-1: Building] INFO  o.e.m.c.i.e.AbstractTransferListenerAdapter - Downloading https://repo.maven.apache.org/maven2/org/springframework/boot/spring-boot-cache/4.0.6/spring-boot-cache-4.0.6.pom
2026-07-25 12:17:42,822 [Worker-1: Building] INFO  o.e.m.c.i.e.AbstractTransferListenerAdapter - Downloaded https://repo.maven.apache.org/maven2/org/springframework/boot/spring-boot-cache/4.0.6/spring-boot-cache-4.0.6.pom
2026-07-25 12:17:42,892 [Worker-1: Building] INFO  o.e.m.c.i.e.AbstractTransferListenerAdapter - Downloading https://repo.maven.apache.org/maven2/com/h2database/h2/2.4.240/h2-2.4.240.pom
2026-07-25 12:17:42,898 [Worker-1: Building] INFO  o.e.m.c.i.e.AbstractTransferListenerAdapter - Downloaded https://repo.maven.apache.org/maven2/com/h2database/h2/2.4.240/h2-2.4.240.pom
2026-07-25 12:17:42,972 [Worker-1: Building] INFO  o.e.m.c.i.e.AbstractTransferListenerAdapter - Downloading https://repo.maven.apache.org/maven2/io/jsonwebtoken/jjwt-api/0.12.6/jjwt-api-0.12.6.pom
2026-07-25 12:17:42,981 [Worker-1: Building] INFO  o.e.m.c.i.e.AbstractTransferListenerAdapter - Downloaded https://repo.maven.apache.org/maven2/io/jsonwebtoken/jjwt-api/0.12.6/jjwt-api-0.12.6.pom
2026-07-25 12:17:43,048 [Worker-1: Building] INFO  o.e.m.c.i.e.AbstractTransferListenerAdapter - Downloading https://repo.maven.apache.org/maven2/io/jsonwebtoken/jjwt-root/0.12.6/jjwt-root-0.12.6.pom
2026-07-25 12:17:43,055 [Worker-1: Building] INFO  o.e.m.c.i.e.AbstractTransferListenerAdapter - Downloaded https://repo.maven.apache.org/maven2/io/jsonwebtoken/jjwt-root/0.12.6/jjwt-root-0.12.6.pom
2026-07-25 12:17:43,123 [Worker-1: Building] INFO  o.e.m.c.i.e.AbstractTransferListenerAdapter - Downloading https://repo.maven.apache.org/maven2/io/jsonwebtoken/jjwt-impl/0.12.6/jjwt-impl-0.12.6.pom
2026-07-25 12:17:43,127 [Worker-1: Building] INFO  o.e.m.c.i.e.AbstractTransferListenerAdapter - Downloaded https://repo.maven.apache.org/maven2/io/jsonwebtoken/jjwt-impl/0.12.6/jjwt-impl-0.12.6.pom
2026-07-25 12:17:43,197 [Worker-1: Building] INFO  o.e.m.c.i.e.AbstractTransferListenerAdapter - Downloading https://repo.maven.apache.org/maven2/io/jsonwebtoken/jjwt-jackson/0.12.6/jjwt-jackson-0.12.6.pom
2026-07-25 12:17:43,207 [Worker-1: Building] INFO  o.e.m.c.i.e.AbstractTransferListenerAdapter - Downloaded https://repo.maven.apache.org/maven2/io/jsonwebtoken/jjwt-jackson/0.12.6/jjwt-jackson-0.12.6.pom
2026-07-25 12:17:43,276 [Worker-1: Building] INFO  o.e.m.c.i.e.AbstractTransferListenerAdapter - Downloading https://repo.maven.apache.org/maven2/com/github/ben-manes/caffeine/caffeine/3.2.3/caffeine-3.2.3.pom
2026-07-25 12:17:43,281 [Worker-1: Building] INFO  o.e.m.c.i.e.AbstractTransferListenerAdapter - Downloaded https://repo.maven.apache.org/maven2/com/github/ben-manes/caffeine/caffeine/3.2.3/caffeine-3.2.3.pom
2026-07-25 12:17:43,349 [Worker-1: Building] INFO  o.e.m.c.i.e.AbstractTransferListenerAdapter - Downloading https://repo.maven.apache.org/maven2/com/google/errorprone/error_prone_annotations/2.43.0/error_prone_annotations-2.43.0.pom
2026-07-25 12:17:43,360 [Worker-1: Building] INFO  o.e.m.c.i.e.AbstractTransferListenerAdapter - Downloaded https://repo.maven.apache.org/maven2/com/google/errorprone/error_prone_annotations/2.43.0/error_prone_annotations-2.43.0.pom
2026-07-25 12:17:43,426 [Worker-1: Building] INFO  o.e.m.c.i.e.AbstractTransferListenerAdapter - Downloading https://repo.maven.apache.org/maven2/com/google/errorprone/error_prone_parent/2.43.0/error_prone_parent-2.43.0.pom
2026-07-25 12:17:43,435 [Worker-1: Building] INFO  o.e.m.c.i.e.AbstractTransferListenerAdapter - Downloaded https://repo.maven.apache.org/maven2/com/google/errorprone/error_prone_parent/2.43.0/error_prone_parent-2.43.0.pom
2026-07-25 12:17:43,507 [Worker-1: Building] INFO  o.e.m.c.i.e.AbstractTransferListenerAdapter - Downloading https://repo.maven.apache.org/maven2/dev/samstevens/totp/totp/1.7.1/totp-1.7.1.pom
2026-07-25 12:17:43,512 [Worker-1: Building] INFO  o.e.m.c.i.e.AbstractTransferListenerAdapter - Downloaded https://repo.maven.apache.org/maven2/dev/samstevens/totp/totp/1.7.1/totp-1.7.1.pom
2026-07-25 12:17:43,574 [Worker-1: Building] INFO  o.e.m.c.i.e.AbstractTransferListenerAdapter - Downloading https://repo.maven.apache.org/maven2/dev/samstevens/totp/totp-parent/1.7.1/totp-parent-1.7.1.pom
2026-07-25 12:17:43,581 [Worker-1: Building] INFO  o.e.m.c.i.e.AbstractTransferListenerAdapter - Downloaded https://repo.maven.apache.org/maven2/dev/samstevens/totp/totp-parent/1.7.1/totp-parent-1.7.1.pom
2026-07-25 12:17:43,653 [Worker-1: Building] INFO  o.e.m.c.i.e.AbstractTransferListenerAdapter - Downloading https://repo.maven.apache.org/maven2/com/google/zxing/core/3.4.0/core-3.4.0.pom
2026-07-25 12:17:43,656 [Worker-1: Building] INFO  o.e.m.c.i.e.AbstractTransferListenerAdapter - Downloaded https://repo.maven.apache.org/maven2/com/google/zxing/core/3.4.0/core-3.4.0.pom
2026-07-25 12:17:43,719 [Worker-1: Building] INFO  o.e.m.c.i.e.AbstractTransferListenerAdapter - Downloading https://repo.maven.apache.org/maven2/com/google/zxing/zxing-parent/3.4.0/zxing-parent-3.4.0.pom
2026-07-25 12:17:43,726 [Worker-1: Building] INFO  o.e.m.c.i.e.AbstractTransferListenerAdapter - Downloaded https://repo.maven.apache.org/maven2/com/google/zxing/zxing-parent/3.4.0/zxing-parent-3.4.0.pom
2026-07-25 12:17:43,798 [Worker-1: Building] INFO  o.e.m.c.i.e.AbstractTransferListenerAdapter - Downloading https://repo.maven.apache.org/maven2/com/google/zxing/javase/3.4.0/javase-3.4.0.pom
2026-07-25 12:17:43,803 [Worker-1: Building] INFO  o.e.m.c.i.e.AbstractTransferListenerAdapter - Downloaded https://repo.maven.apache.org/maven2/com/google/zxing/javase/3.4.0/javase-3.4.0.pom
2026-07-25 12:17:43,866 [Worker-1: Building] INFO  o.e.m.c.i.e.AbstractTransferListenerAdapter - Downloading https://repo.maven.apache.org/maven2/com/beust/jcommander/1.72/jcommander-1.72.pom
2026-07-25 12:17:43,870 [Worker-1: Building] INFO  o.e.m.c.i.e.AbstractTransferListenerAdapter - Downloaded https://repo.maven.apache.org/maven2/com/beust/jcommander/1.72/jcommander-1.72.pom
2026-07-25 12:17:43,939 [Worker-1: Building] INFO  o.e.m.c.i.e.AbstractTransferListenerAdapter - Downloading https://repo.maven.apache.org/maven2/com/github/jai-imageio/jai-imageio-core/1.4.0/jai-imageio-core-1.4.0.pom
2026-07-25 12:17:43,946 [Worker-1: Building] INFO  o.e.m.c.i.e.AbstractTransferListenerAdapter - Downloaded https://repo.maven.apache.org/maven2/com/github/jai-imageio/jai-imageio-core/1.4.0/jai-imageio-core-1.4.0.pom
2026-07-25 12:17:44,007 [Worker-1: Building] INFO  o.e.m.c.i.e.AbstractTransferListenerAdapter - Downloading https://repo.maven.apache.org/maven2/org/projectlombok/lombok/1.18.42/lombok-1.18.42.pom
2026-07-25 12:17:44,013 [Worker-1: Building] INFO  o.e.m.c.i.e.AbstractTransferListenerAdapter - Downloaded https://repo.maven.apache.org/maven2/org/projectlombok/lombok/1.18.42/lombok-1.18.42.pom
2026-07-25 12:17:44,074 [Worker-1: Building] INFO  o.e.m.c.i.e.AbstractTransferListenerAdapter - Downloading https://repo.maven.apache.org/maven2/org/springframework/boot/spring-boot-starter-test/4.0.6/spring-boot-starter-test-4.0.6.pom
2026-07-25 12:17:44,084 [Worker-1: Building] INFO  o.e.m.c.i.e.AbstractTransferListenerAdapter - Downloaded https://repo.maven.apache.org/maven2/org/springframework/boot/spring-boot-starter-test/4.0.6/spring-boot-starter-test-4.0.6.pom
2026-07-25 12:17:44,144 [Worker-1: Building] INFO  o.e.m.c.i.e.AbstractTransferListenerAdapter - Downloading https://repo.maven.apache.org/maven2/org/springframework/boot/spring-boot-test/4.0.6/spring-boot-test-4.0.6.pom
2026-07-25 12:17:44,150 [Worker-1: Building] INFO  o.e.m.c.i.e.AbstractTransferListenerAdapter - Downloaded https://repo.maven.apache.org/maven2/org/springframework/boot/spring-boot-test/4.0.6/spring-boot-test-4.0.6.pom
2026-07-25 12:17:44,217 [Worker-1: Building] INFO  o.e.m.c.i.e.AbstractTransferListenerAdapter - Downloading https://repo.maven.apache.org/maven2/org/springframework/spring-test/7.0.7/spring-test-7.0.7.pom
2026-07-25 12:17:44,226 [Worker-1: Building] INFO  o.e.m.c.i.e.AbstractTransferListenerAdapter - Downloaded https://repo.maven.apache.org/maven2/org/springframework/spring-test/7.0.7/spring-test-7.0.7.pom
2026-07-25 12:17:44,295 [Worker-1: Building] INFO  o.e.m.c.i.e.AbstractTransferListenerAdapter - Downloading https://repo.maven.apache.org/maven2/org/springframework/boot/spring-boot-test-autoconfigure/4.0.6/spring-boot-test-autoconfigure-4.0.6.pom
2026-07-25 12:17:44,298 [Worker-1: Building] INFO  o.e.m.c.i.e.AbstractTransferListenerAdapter - Downloaded https://repo.maven.apache.org/maven2/org/springframework/boot/spring-boot-test-autoconfigure/4.0.6/spring-boot-test-autoconfigure-4.0.6.pom
2026-07-25 12:17:44,408 [Worker-1: Building] INFO  o.e.m.c.i.e.AbstractTransferListenerAdapter - Downloading https://repo.maven.apache.org/maven2/org/mockito/mockito-core/5.20.0/mockito-core-5.20.0.pom
2026-07-25 12:17:44,415 [Worker-1: Building] INFO  o.e.m.c.i.e.AbstractTransferListenerAdapter - Downloaded https://repo.maven.apache.org/maven2/org/mockito/mockito-core/5.20.0/mockito-core-5.20.0.pom
2026-07-25 12:17:44,487 [Worker-1: Building] INFO  o.e.m.c.i.e.AbstractTransferListenerAdapter - Downloading https://repo.maven.apache.org/maven2/org/mockito/mockito-junit-jupiter/5.20.0/mockito-junit-jupiter-5.20.0.pom
2026-07-25 12:17:44,492 [Worker-1: Building] INFO  o.e.m.c.i.e.AbstractTransferListenerAdapter - Downloaded https://repo.maven.apache.org/maven2/org/mockito/mockito-junit-jupiter/5.20.0/mockito-junit-jupiter-5.20.0.pom
2026-07-25 12:17:44,753 [Worker-1: Building] INFO  o.e.m.c.i.e.AbstractTransferListenerAdapter - Downloading https://repo.maven.apache.org/maven2/org/springframework/boot/spring-boot-starter-web/4.0.6/spring-boot-starter-web-4.0.6.jar
2026-07-25 12:17:44,763 [Worker-1: Building] INFO  o.e.m.c.i.e.AbstractTransferListenerAdapter - Downloaded https://repo.maven.apache.org/maven2/org/springframework/boot/spring-boot-starter-web/4.0.6/spring-boot-starter-web-4.0.6.jar
2026-07-25 12:17:44,807 [BasicRepositoryConnector-repo.maven.apache.org-0-3] INFO  o.e.m.c.i.e.AbstractTransferListenerAdapter - Downloading https://repo.maven.apache.org/maven2/tools/jackson/core/jackson-core/3.1.2/jackson-core-3.1.2.jar
2026-07-25 12:17:44,974 [BasicRepositoryConnector-repo.maven.apache.org-0-0] INFO  o.e.m.c.i.e.AbstractTransferListenerAdapter - Downloading https://repo.maven.apache.org/maven2/org/springframework/boot/spring-boot-starter-jackson/4.0.6/spring-boot-starter-jackson-4.0.6.jar
2026-07-25 12:17:44,977 [BasicRepositoryConnector-repo.maven.apache.org-0-1] INFO  o.e.m.c.i.e.AbstractTransferListenerAdapter - Downloading https://repo.maven.apache.org/maven2/org/springframework/boot/spring-boot-jackson/4.0.6/spring-boot-jackson-4.0.6.jar
2026-07-25 12:17:44,980 [BasicRepositoryConnector-repo.maven.apache.org-0-0] INFO  o.e.m.c.i.e.AbstractTransferListenerAdapter - Downloaded https://repo.maven.apache.org/maven2/org/springframework/boot/spring-boot-starter-jackson/4.0.6/spring-boot-starter-jackson-4.0.6.jar
2026-07-25 12:17:44,990 [BasicRepositoryConnector-repo.maven.apache.org-0-2] INFO  o.e.m.c.i.e.AbstractTransferListenerAdapter - Downloading https://repo.maven.apache.org/maven2/tools/jackson/core/jackson-databind/3.1.2/jackson-databind-3.1.2.jar
2026-07-25 12:17:45,077 [BasicRepositoryConnector-repo.maven.apache.org-0-4] INFO  o.e.m.c.i.e.AbstractTransferListenerAdapter - Downloading https://repo.maven.apache.org/maven2/org/springframework/boot/spring-boot-starter-tomcat/4.0.6/spring-boot-starter-tomcat-4.0.6.jar
2026-07-25 12:17:45,083 [BasicRepositoryConnector-repo.maven.apache.org-0-4] INFO  o.e.m.c.i.e.AbstractTransferListenerAdapter - Downloaded https://repo.maven.apache.org/maven2/org/springframework/boot/spring-boot-starter-tomcat/4.0.6/spring-boot-starter-tomcat-4.0.6.jar
2026-07-25 12:17:45,119 [BasicRepositoryConnector-repo.maven.apache.org-0-0] INFO  o.e.m.c.i.e.AbstractTransferListenerAdapter - Downloading https://repo.maven.apache.org/maven2/org/springframework/boot/spring-boot-starter-tomcat-runtime/4.0.6/spring-boot-starter-tomcat-runtime-4.0.6.jar
2026-07-25 12:17:45,124 [BasicRepositoryConnector-repo.maven.apache.org-0-1] INFO  o.e.m.c.i.e.AbstractTransferListenerAdapter - Downloaded https://repo.maven.apache.org/maven2/org/springframework/boot/spring-boot-jackson/4.0.6/spring-boot-jackson-4.0.6.jar
2026-07-25 12:17:45,124 [BasicRepositoryConnector-repo.maven.apache.org-0-0] INFO  o.e.m.c.i.e.AbstractTransferListenerAdapter - Downloaded https://repo.maven.apache.org/maven2/org/springframework/boot/spring-boot-starter-tomcat-runtime/4.0.6/spring-boot-starter-tomcat-runtime-4.0.6.jar
2026-07-25 12:17:45,125 [BasicRepositoryConnector-repo.maven.apache.org-0-3] INFO  o.e.m.c.i.e.AbstractTransferListenerAdapter - Downloaded https://repo.maven.apache.org/maven2/tools/jackson/core/jackson-core/3.1.2/jackson-core-3.1.2.jar
2026-07-25 12:17:45,148 [BasicRepositoryConnector-repo.maven.apache.org-0-4] INFO  o.e.m.c.i.e.AbstractTransferListenerAdapter - Downloading https://repo.maven.apache.org/maven2/org/springframework/boot/spring-boot-web-server/4.0.6/spring-boot-web-server-4.0.6.jar
2026-07-25 12:17:45,183 [BasicRepositoryConnector-repo.maven.apache.org-0-3] INFO  o.e.m.c.i.e.AbstractTransferListenerAdapter - Downloading https://repo.maven.apache.org/maven2/org/springframework/boot/spring-boot-tomcat/4.0.6/spring-boot-tomcat-4.0.6.jar
2026-07-25 12:17:45,190 [BasicRepositoryConnector-repo.maven.apache.org-0-0] INFO  o.e.m.c.i.e.AbstractTransferListenerAdapter - Downloading https://repo.maven.apache.org/maven2/org/apache/tomcat/embed/tomcat-embed-core/11.0.21/tomcat-embed-core-11.0.21.jar
2026-07-25 12:17:45,191 [BasicRepositoryConnector-repo.maven.apache.org-0-1] INFO  o.e.m.c.i.e.AbstractTransferListenerAdapter - Downloading https://repo.maven.apache.org/maven2/org/apache/tomcat/embed/tomcat-embed-websocket/11.0.21/tomcat-embed-websocket-11.0.21.jar
2026-07-25 12:17:45,428 [BasicRepositoryConnector-repo.maven.apache.org-0-1] INFO  o.e.m.c.i.e.AbstractTransferListenerAdapter - Downloaded https://repo.maven.apache.org/maven2/org/apache/tomcat/embed/tomcat-embed-websocket/11.0.21/tomcat-embed-websocket-11.0.21.jar
2026-07-25 12:17:45,450 [BasicRepositoryConnector-repo.maven.apache.org-0-3] INFO  o.e.m.c.i.e.AbstractTransferListenerAdapter - Downloaded https://repo.maven.apache.org/maven2/org/springframework/boot/spring-boot-tomcat/4.0.6/spring-boot-tomcat-4.0.6.jar
2026-07-25 12:17:45,470 [BasicRepositoryConnector-repo.maven.apache.org-0-4] INFO  o.e.m.c.i.e.AbstractTransferListenerAdapter - Downloaded https://repo.maven.apache.org/maven2/org/springframework/boot/spring-boot-web-server/4.0.6/spring-boot-web-server-4.0.6.jar
2026-07-25 12:17:45,562 [BasicRepositoryConnector-repo.maven.apache.org-0-1] INFO  o.e.m.c.i.e.AbstractTransferListenerAdapter - Downloading https://repo.maven.apache.org/maven2/org/springframework/boot/spring-boot-http-converter/4.0.6/spring-boot-http-converter-4.0.6.jar
2026-07-25 12:17:45,572 [BasicRepositoryConnector-repo.maven.apache.org-0-3] INFO  o.e.m.c.i.e.AbstractTransferListenerAdapter - Downloading https://repo.maven.apache.org/maven2/org/springframework/boot/spring-boot/4.0.6/spring-boot-4.0.6.jar
2026-07-25 12:17:45,605 [BasicRepositoryConnector-repo.maven.apache.org-0-4] INFO  o.e.m.c.i.e.AbstractTransferListenerAdapter - Downloading https://repo.maven.apache.org/maven2/org/springframework/spring-context/7.0.7/spring-context-7.0.7.jar
2026-07-25 12:17:45,619 [BasicRepositoryConnector-repo.maven.apache.org-0-1] INFO  o.e.m.c.i.e.AbstractTransferListenerAdapter - Downloaded https://repo.maven.apache.org/maven2/org/springframework/boot/spring-boot-http-converter/4.0.6/spring-boot-http-converter-4.0.6.jar
2026-07-25 12:17:45,767 [BasicRepositoryConnector-repo.maven.apache.org-0-1] INFO  o.e.m.c.i.e.AbstractTransferListenerAdapter - Downloading https://repo.maven.apache.org/maven2/org/springframework/boot/spring-boot-webmvc/4.0.6/spring-boot-webmvc-4.0.6.jar
2026-07-25 12:17:45,844 [BasicRepositoryConnector-repo.maven.apache.org-0-1] INFO  o.e.m.c.i.e.AbstractTransferListenerAdapter - Downloaded https://repo.maven.apache.org/maven2/org/springframework/boot/spring-boot-webmvc/4.0.6/spring-boot-webmvc-4.0.6.jar
2026-07-25 12:17:46,096 [BasicRepositoryConnector-repo.maven.apache.org-0-1] INFO  o.e.m.c.i.e.AbstractTransferListenerAdapter - Downloading https://repo.maven.apache.org/maven2/org/springframework/boot/spring-boot-servlet/4.0.6/spring-boot-servlet-4.0.6.jar
2026-07-25 12:17:46,101 [BasicRepositoryConnector-repo.maven.apache.org-0-1] INFO  o.e.m.c.i.e.AbstractTransferListenerAdapter - Downloaded https://repo.maven.apache.org/maven2/org/springframework/boot/spring-boot-servlet/4.0.6/spring-boot-servlet-4.0.6.jar
2026-07-25 12:17:46,254 [BasicRepositoryConnector-repo.maven.apache.org-0-1] INFO  o.e.m.c.i.e.AbstractTransferListenerAdapter - Downloading https://repo.maven.apache.org/maven2/org/springframework/spring-webmvc/7.0.7/spring-webmvc-7.0.7.jar
2026-07-25 12:17:47,275 [BasicRepositoryConnector-repo.maven.apache.org-0-1] INFO  o.e.m.c.i.e.AbstractTransferListenerAdapter - Downloaded https://repo.maven.apache.org/maven2/org/springframework/spring-webmvc/7.0.7/spring-webmvc-7.0.7.jar
2026-07-25 12:17:47,415 [BasicRepositoryConnector-repo.maven.apache.org-0-1] INFO  o.e.m.c.i.e.AbstractTransferListenerAdapter - Downloading https://repo.maven.apache.org/maven2/org/springframework/spring-expression/7.0.7/spring-expression-7.0.7.jar
2026-07-25 12:17:47,626 [BasicRepositoryConnector-repo.maven.apache.org-0-4] INFO  o.e.m.c.i.e.AbstractTransferListenerAdapter - Downloaded https://repo.maven.apache.org/maven2/org/springframework/spring-context/7.0.7/spring-context-7.0.7.jar
2026-07-25 12:17:47,729 [BasicRepositoryConnector-repo.maven.apache.org-0-1] INFO  o.e.m.c.i.e.AbstractTransferListenerAdapter - Downloaded https://repo.maven.apache.org/maven2/org/springframework/spring-expression/7.0.7/spring-expression-7.0.7.jar
2026-07-25 12:17:47,828 [BasicRepositoryConnector-repo.maven.apache.org-0-4] INFO  o.e.m.c.i.e.AbstractTransferListenerAdapter - Downloading https://repo.maven.apache.org/maven2/org/springframework/boot/spring-boot-starter-security/4.0.6/spring-boot-starter-security-4.0.6.jar
2026-07-25 12:17:47,832 [BasicRepositoryConnector-repo.maven.apache.org-0-4] INFO  o.e.m.c.i.e.AbstractTransferListenerAdapter - Downloaded https://repo.maven.apache.org/maven2/org/springframework/boot/spring-boot-starter-security/4.0.6/spring-boot-starter-security-4.0.6.jar
2026-07-25 12:17:47,880 [BasicRepositoryConnector-repo.maven.apache.org-0-1] INFO  o.e.m.c.i.e.AbstractTransferListenerAdapter - Downloading https://repo.maven.apache.org/maven2/org/springframework/boot/spring-boot-starter/4.0.6/spring-boot-starter-4.0.6.jar
2026-07-25 12:17:47,884 [BasicRepositoryConnector-repo.maven.apache.org-0-1] INFO  o.e.m.c.i.e.AbstractTransferListenerAdapter - Downloaded https://repo.maven.apache.org/maven2/org/springframework/boot/spring-boot-starter/4.0.6/spring-boot-starter-4.0.6.jar
2026-07-25 12:17:47,933 [BasicRepositoryConnector-repo.maven.apache.org-0-4] INFO  o.e.m.c.i.e.AbstractTransferListenerAdapter - Downloading https://repo.maven.apache.org/maven2/org/springframework/boot/spring-boot-starter-logging/4.0.6/spring-boot-starter-logging-4.0.6.jar
2026-07-25 12:17:47,937 [BasicRepositoryConnector-repo.maven.apache.org-0-4] INFO  o.e.m.c.i.e.AbstractTransferListenerAdapter - Downloaded https://repo.maven.apache.org/maven2/org/springframework/boot/spring-boot-starter-logging/4.0.6/spring-boot-starter-logging-4.0.6.jar
2026-07-25 12:17:47,966 [BasicRepositoryConnector-repo.maven.apache.org-0-1] INFO  o.e.m.c.i.e.AbstractTransferListenerAdapter - Downloading https://repo.maven.apache.org/maven2/org/springframework/boot/spring-boot-autoconfigure/4.0.6/spring-boot-autoconfigure-4.0.6.jar
2026-07-25 12:17:48,050 [BasicRepositoryConnector-repo.maven.apache.org-0-4] INFO  o.e.m.c.i.e.AbstractTransferListenerAdapter - Downloading https://repo.maven.apache.org/maven2/org/yaml/snakeyaml/2.5/snakeyaml-2.5.jar
2026-07-25 12:17:48,256 [BasicRepositoryConnector-repo.maven.apache.org-0-1] INFO  o.e.m.c.i.e.AbstractTransferListenerAdapter - Downloaded https://repo.maven.apache.org/maven2/org/springframework/boot/spring-boot-autoconfigure/4.0.6/spring-boot-autoconfigure-4.0.6.jar
2026-07-25 12:17:48,418 [BasicRepositoryConnector-repo.maven.apache.org-0-1] INFO  o.e.m.c.i.e.AbstractTransferListenerAdapter - Downloading https://repo.maven.apache.org/maven2/org/springframework/boot/spring-boot-security/4.0.6/spring-boot-security-4.0.6.jar
2026-07-25 12:17:48,453 [BasicRepositoryConnector-repo.maven.apache.org-0-1] INFO  o.e.m.c.i.e.AbstractTransferListenerAdapter - Downloaded https://repo.maven.apache.org/maven2/org/springframework/boot/spring-boot-security/4.0.6/spring-boot-security-4.0.6.jar
2026-07-25 12:17:48,510 [BasicRepositoryConnector-repo.maven.apache.org-0-3] INFO  o.e.m.c.i.e.AbstractTransferListenerAdapter - Downloaded https://repo.maven.apache.org/maven2/org/springframework/boot/spring-boot/4.0.6/spring-boot-4.0.6.jar
2026-07-25 12:17:48,534 [BasicRepositoryConnector-repo.maven.apache.org-0-1] INFO  o.e.m.c.i.e.AbstractTransferListenerAdapter - Downloading https://repo.maven.apache.org/maven2/org/springframework/security/spring-security-config/7.0.5/spring-security-config-7.0.5.jar
2026-07-25 12:17:48,615 [BasicRepositoryConnector-repo.maven.apache.org-0-3] INFO  o.e.m.c.i.e.AbstractTransferListenerAdapter - Downloading https://repo.maven.apache.org/maven2/org/springframework/security/spring-security-core/7.0.5/spring-security-core-7.0.5.jar
2026-07-25 12:17:48,666 [BasicRepositoryConnector-repo.maven.apache.org-0-4] INFO  o.e.m.c.i.e.AbstractTransferListenerAdapter - Downloaded https://repo.maven.apache.org/maven2/org/yaml/snakeyaml/2.5/snakeyaml-2.5.jar
2026-07-25 12:17:48,849 [BasicRepositoryConnector-repo.maven.apache.org-0-4] INFO  o.e.m.c.i.e.AbstractTransferListenerAdapter - Downloading https://repo.maven.apache.org/maven2/org/springframework/security/spring-security-web/7.0.5/spring-security-web-7.0.5.jar
2026-07-25 12:17:49,293 [BasicRepositoryConnector-repo.maven.apache.org-0-2] INFO  o.e.m.c.i.e.AbstractTransferListenerAdapter - Downloaded https://repo.maven.apache.org/maven2/tools/jackson/core/jackson-databind/3.1.2/jackson-databind-3.1.2.jar
2026-07-25 12:17:49,493 [BasicRepositoryConnector-repo.maven.apache.org-0-2] INFO  o.e.m.c.i.e.AbstractTransferListenerAdapter - Downloading https://repo.maven.apache.org/maven2/org/springframework/spring-aop/7.0.7/spring-aop-7.0.7.jar
2026-07-25 12:17:49,980 [BasicRepositoryConnector-repo.maven.apache.org-0-3] INFO  o.e.m.c.i.e.AbstractTransferListenerAdapter - Downloaded https://repo.maven.apache.org/maven2/org/springframework/security/spring-security-core/7.0.5/spring-security-core-7.0.5.jar
2026-07-25 12:17:50,280 [BasicRepositoryConnector-repo.maven.apache.org-0-3] INFO  o.e.m.c.i.e.AbstractTransferListenerAdapter - Downloading https://repo.maven.apache.org/maven2/org/springframework/spring-beans/7.0.7/spring-beans-7.0.7.jar
2026-07-25 12:17:50,613 [BasicRepositoryConnector-repo.maven.apache.org-0-2] INFO  o.e.m.c.i.e.AbstractTransferListenerAdapter - Downloaded https://repo.maven.apache.org/maven2/org/springframework/spring-aop/7.0.7/spring-aop-7.0.7.jar
2026-07-25 12:17:50,766 [BasicRepositoryConnector-repo.maven.apache.org-0-4] INFO  o.e.m.c.i.e.AbstractTransferListenerAdapter - Downloaded https://repo.maven.apache.org/maven2/org/springframework/security/spring-security-web/7.0.5/spring-security-web-7.0.5.jar
2026-07-25 12:17:50,896 [BasicRepositoryConnector-repo.maven.apache.org-0-2] INFO  o.e.m.c.i.e.AbstractTransferListenerAdapter - Downloading https://repo.maven.apache.org/maven2/org/springframework/boot/spring-boot-starter-validation/4.0.6/spring-boot-starter-validation-4.0.6.jar
2026-07-25 12:17:50,900 [BasicRepositoryConnector-repo.maven.apache.org-0-2] INFO  o.e.m.c.i.e.AbstractTransferListenerAdapter - Downloaded https://repo.maven.apache.org/maven2/org/springframework/boot/spring-boot-starter-validation/4.0.6/spring-boot-starter-validation-4.0.6.jar
2026-07-25 12:17:50,927 [BasicRepositoryConnector-repo.maven.apache.org-0-1] INFO  o.e.m.c.i.e.AbstractTransferListenerAdapter - Downloaded https://repo.maven.apache.org/maven2/org/springframework/security/spring-security-config/7.0.5/spring-security-config-7.0.5.jar
2026-07-25 12:17:50,932 [BasicRepositoryConnector-repo.maven.apache.org-0-4] INFO  o.e.m.c.i.e.AbstractTransferListenerAdapter - Downloading https://repo.maven.apache.org/maven2/org/springframework/boot/spring-boot-validation/4.0.6/spring-boot-validation-4.0.6.jar
2026-07-25 12:17:50,943 [BasicRepositoryConnector-repo.maven.apache.org-0-4] INFO  o.e.m.c.i.e.AbstractTransferListenerAdapter - Downloaded https://repo.maven.apache.org/maven2/org/springframework/boot/spring-boot-validation/4.0.6/spring-boot-validation-4.0.6.jar
2026-07-25 12:17:51,019 [BasicRepositoryConnector-repo.maven.apache.org-0-1] INFO  o.e.m.c.i.e.AbstractTransferListenerAdapter - Downloading https://repo.maven.apache.org/maven2/org/hibernate/validator/hibernate-validator/9.0.1.Final/hibernate-validator-9.0.1.Final.jar
2026-07-25 12:17:51,028 [BasicRepositoryConnector-repo.maven.apache.org-0-2] INFO  o.e.m.c.i.e.AbstractTransferListenerAdapter - Downloading https://repo.maven.apache.org/maven2/org/apache/tomcat/embed/tomcat-embed-el/11.0.21/tomcat-embed-el-11.0.21.jar
2026-07-25 12:17:51,029 [BasicRepositoryConnector-repo.maven.apache.org-0-4] INFO  o.e.m.c.i.e.AbstractTransferListenerAdapter - Downloading https://repo.maven.apache.org/maven2/jakarta/validation/jakarta.validation-api/3.1.1/jakarta.validation-api-3.1.1.jar
2026-07-25 12:17:51,309 [BasicRepositoryConnector-repo.maven.apache.org-0-4] INFO  o.e.m.c.i.e.AbstractTransferListenerAdapter - Downloaded https://repo.maven.apache.org/maven2/jakarta/validation/jakarta.validation-api/3.1.1/jakarta.validation-api-3.1.1.jar
2026-07-25 12:17:51,547 [BasicRepositoryConnector-repo.maven.apache.org-0-4] INFO  o.e.m.c.i.e.AbstractTransferListenerAdapter - Downloading https://repo.maven.apache.org/maven2/org/springframework/boot/spring-boot-starter-data-jpa/4.0.6/spring-boot-starter-data-jpa-4.0.6.jar
2026-07-25 12:17:51,551 [BasicRepositoryConnector-repo.maven.apache.org-0-4] INFO  o.e.m.c.i.e.AbstractTransferListenerAdapter - Downloaded https://repo.maven.apache.org/maven2/org/springframework/boot/spring-boot-starter-data-jpa/4.0.6/spring-boot-starter-data-jpa-4.0.6.jar
2026-07-25 12:17:51,664 [BasicRepositoryConnector-repo.maven.apache.org-0-2] INFO  o.e.m.c.i.e.AbstractTransferListenerAdapter - Downloaded https://repo.maven.apache.org/maven2/org/apache/tomcat/embed/tomcat-embed-el/11.0.21/tomcat-embed-el-11.0.21.jar
2026-07-25 12:17:51,715 [BasicRepositoryConnector-repo.maven.apache.org-0-4] INFO  o.e.m.c.i.e.AbstractTransferListenerAdapter - Downloading https://repo.maven.apache.org/maven2/org/springframework/boot/spring-boot-starter-jdbc/4.0.6/spring-boot-starter-jdbc-4.0.6.jar
2026-07-25 12:17:51,719 [BasicRepositoryConnector-repo.maven.apache.org-0-4] INFO  o.e.m.c.i.e.AbstractTransferListenerAdapter - Downloaded https://repo.maven.apache.org/maven2/org/springframework/boot/spring-boot-starter-jdbc/4.0.6/spring-boot-starter-jdbc-4.0.6.jar
2026-07-25 12:17:51,893 [BasicRepositoryConnector-repo.maven.apache.org-0-2] INFO  o.e.m.c.i.e.AbstractTransferListenerAdapter - Downloading https://repo.maven.apache.org/maven2/com/zaxxer/HikariCP/7.0.2/HikariCP-7.0.2.jar
2026-07-25 12:17:51,921 [BasicRepositoryConnector-repo.maven.apache.org-0-4] INFO  o.e.m.c.i.e.AbstractTransferListenerAdapter - Downloading https://repo.maven.apache.org/maven2/org/springframework/boot/spring-boot-data-jpa/4.0.6/spring-boot-data-jpa-4.0.6.jar
2026-07-25 12:17:51,939 [BasicRepositoryConnector-repo.maven.apache.org-0-4] INFO  o.e.m.c.i.e.AbstractTransferListenerAdapter - Downloaded https://repo.maven.apache.org/maven2/org/springframework/boot/spring-boot-data-jpa/4.0.6/spring-boot-data-jpa-4.0.6.jar
2026-07-25 12:17:52,197 [BasicRepositoryConnector-repo.maven.apache.org-0-4] INFO  o.e.m.c.i.e.AbstractTransferListenerAdapter - Downloading https://repo.maven.apache.org/maven2/org/springframework/boot/spring-boot-data-commons/4.0.6/spring-boot-data-commons-4.0.6.jar
2026-07-25 12:17:52,228 [BasicRepositoryConnector-repo.maven.apache.org-0-4] INFO  o.e.m.c.i.e.AbstractTransferListenerAdapter - Downloaded https://repo.maven.apache.org/maven2/org/springframework/boot/spring-boot-data-commons/4.0.6/spring-boot-data-commons-4.0.6.jar
2026-07-25 12:17:52,252 [BasicRepositoryConnector-repo.maven.apache.org-0-2] INFO  o.e.m.c.i.e.AbstractTransferListenerAdapter - Downloaded https://repo.maven.apache.org/maven2/com/zaxxer/HikariCP/7.0.2/HikariCP-7.0.2.jar
2026-07-25 12:17:52,254 [BasicRepositoryConnector-repo.maven.apache.org-0-3] INFO  o.e.m.c.i.e.AbstractTransferListenerAdapter - Downloaded https://repo.maven.apache.org/maven2/org/springframework/spring-beans/7.0.7/spring-beans-7.0.7.jar
2026-07-25 12:17:52,391 [BasicRepositoryConnector-repo.maven.apache.org-0-2] INFO  o.e.m.c.i.e.AbstractTransferListenerAdapter - Downloading https://repo.maven.apache.org/maven2/org/springframework/data/spring-data-commons/4.0.5/spring-data-commons-4.0.5.jar
2026-07-25 12:17:52,396 [BasicRepositoryConnector-repo.maven.apache.org-0-3] INFO  o.e.m.c.i.e.AbstractTransferListenerAdapter - Downloading https://repo.maven.apache.org/maven2/org/springframework/boot/spring-boot-hibernate/4.0.6/spring-boot-hibernate-4.0.6.jar
2026-07-25 12:17:52,415 [BasicRepositoryConnector-repo.maven.apache.org-0-3] INFO  o.e.m.c.i.e.AbstractTransferListenerAdapter - Downloaded https://repo.maven.apache.org/maven2/org/springframework/boot/spring-boot-hibernate/4.0.6/spring-boot-hibernate-4.0.6.jar
2026-07-25 12:17:52,447 [BasicRepositoryConnector-repo.maven.apache.org-0-4] INFO  o.e.m.c.i.e.AbstractTransferListenerAdapter - Downloading https://repo.maven.apache.org/maven2/org/springframework/boot/spring-boot-persistence/4.0.6/spring-boot-persistence-4.0.6.jar
2026-07-25 12:17:52,476 [BasicRepositoryConnector-repo.maven.apache.org-0-4] INFO  o.e.m.c.i.e.AbstractTransferListenerAdapter - Downloaded https://repo.maven.apache.org/maven2/org/springframework/boot/spring-boot-persistence/4.0.6/spring-boot-persistence-4.0.6.jar
2026-07-25 12:17:52,609 [BasicRepositoryConnector-repo.maven.apache.org-0-3] INFO  o.e.m.c.i.e.AbstractTransferListenerAdapter - Downloading https://repo.maven.apache.org/maven2/org/springframework/boot/spring-boot-jpa/4.0.6/spring-boot-jpa-4.0.6.jar
2026-07-25 12:17:52,618 [BasicRepositoryConnector-repo.maven.apache.org-0-3] INFO  o.e.m.c.i.e.AbstractTransferListenerAdapter - Downloaded https://repo.maven.apache.org/maven2/org/springframework/boot/spring-boot-jpa/4.0.6/spring-boot-jpa-4.0.6.jar
2026-07-25 12:17:52,664 [BasicRepositoryConnector-repo.maven.apache.org-0-4] INFO  o.e.m.c.i.e.AbstractTransferListenerAdapter - Downloading https://repo.maven.apache.org/maven2/jakarta/persistence/jakarta.persistence-api/3.2.0/jakarta.persistence-api-3.2.0.jar
2026-07-25 12:17:52,680 [BasicRepositoryConnector-repo.maven.apache.org-0-1] INFO  o.e.m.c.i.e.AbstractTransferListenerAdapter - Downloaded https://repo.maven.apache.org/maven2/org/hibernate/validator/hibernate-validator/9.0.1.Final/hibernate-validator-9.0.1.Final.jar
2026-07-25 12:17:52,766 [BasicRepositoryConnector-repo.maven.apache.org-0-3] INFO  o.e.m.c.i.e.AbstractTransferListenerAdapter - Downloading https://repo.maven.apache.org/maven2/org/hibernate/orm/hibernate-core/7.2.12.Final/hibernate-core-7.2.12.Final.jar
2026-07-25 12:17:52,819 [BasicRepositoryConnector-repo.maven.apache.org-0-1] INFO  o.e.m.c.i.e.AbstractTransferListenerAdapter - Downloading https://repo.maven.apache.org/maven2/org/hibernate/models/hibernate-models/1.0.1/hibernate-models-1.0.1.jar
2026-07-25 12:17:53,055 [BasicRepositoryConnector-repo.maven.apache.org-0-4] INFO  o.e.m.c.i.e.AbstractTransferListenerAdapter - Downloaded https://repo.maven.apache.org/maven2/jakarta/persistence/jakarta.persistence-api/3.2.0/jakarta.persistence-api-3.2.0.jar
2026-07-25 12:17:53,159 [BasicRepositoryConnector-repo.maven.apache.org-0-1] INFO  o.e.m.c.i.e.AbstractTransferListenerAdapter - Downloaded https://repo.maven.apache.org/maven2/org/hibernate/models/hibernate-models/1.0.1/hibernate-models-1.0.1.jar
2026-07-25 12:17:53,178 [BasicRepositoryConnector-repo.maven.apache.org-0-0] INFO  o.e.m.c.i.e.AbstractTransferListenerAdapter - Downloaded https://repo.maven.apache.org/maven2/org/apache/tomcat/embed/tomcat-embed-core/11.0.21/tomcat-embed-core-11.0.21.jar
2026-07-25 12:17:53,195 [BasicRepositoryConnector-repo.maven.apache.org-0-4] INFO  o.e.m.c.i.e.AbstractTransferListenerAdapter - Downloading https://repo.maven.apache.org/maven2/org/springframework/spring-orm/7.0.7/spring-orm-7.0.7.jar
2026-07-25 12:17:53,274 [BasicRepositoryConnector-repo.maven.apache.org-0-0] INFO  o.e.m.c.i.e.AbstractTransferListenerAdapter - Downloading https://repo.maven.apache.org/maven2/org/springframework/spring-tx/7.0.7/spring-tx-7.0.7.jar
2026-07-25 12:17:53,302 [BasicRepositoryConnector-repo.maven.apache.org-0-1] INFO  o.e.m.c.i.e.AbstractTransferListenerAdapter - Downloading https://repo.maven.apache.org/maven2/org/springframework/data/spring-data-jpa/4.0.5/spring-data-jpa-4.0.5.jar
2026-07-25 12:17:53,665 [BasicRepositoryConnector-repo.maven.apache.org-0-4] INFO  o.e.m.c.i.e.AbstractTransferListenerAdapter - Downloaded https://repo.maven.apache.org/maven2/org/springframework/spring-orm/7.0.7/spring-orm-7.0.7.jar
2026-07-25 12:17:53,852 [BasicRepositoryConnector-repo.maven.apache.org-0-0] INFO  o.e.m.c.i.e.AbstractTransferListenerAdapter - Downloaded https://repo.maven.apache.org/maven2/org/springframework/spring-tx/7.0.7/spring-tx-7.0.7.jar
2026-07-25 12:17:53,882 [BasicRepositoryConnector-repo.maven.apache.org-0-4] INFO  o.e.m.c.i.e.AbstractTransferListenerAdapter - Downloading https://repo.maven.apache.org/maven2/org/springframework/spring-aspects/7.0.7/spring-aspects-7.0.7.jar
2026-07-25 12:17:53,946 [BasicRepositoryConnector-repo.maven.apache.org-0-4] INFO  o.e.m.c.i.e.AbstractTransferListenerAdapter - Downloaded https://repo.maven.apache.org/maven2/org/springframework/spring-aspects/7.0.7/spring-aspects-7.0.7.jar
2026-07-25 12:17:54,042 [BasicRepositoryConnector-repo.maven.apache.org-0-0] INFO  o.e.m.c.i.e.AbstractTransferListenerAdapter - Downloading https://repo.maven.apache.org/maven2/org/springframework/boot/spring-boot-jdbc/4.0.6/spring-boot-jdbc-4.0.6.jar
2026-07-25 12:17:54,106 [BasicRepositoryConnector-repo.maven.apache.org-0-4] INFO  o.e.m.c.i.e.AbstractTransferListenerAdapter - Downloading https://repo.maven.apache.org/maven2/org/springframework/boot/spring-boot-sql/4.0.6/spring-boot-sql-4.0.6.jar
2026-07-25 12:17:54,178 [BasicRepositoryConnector-repo.maven.apache.org-0-4] INFO  o.e.m.c.i.e.AbstractTransferListenerAdapter - Downloaded https://repo.maven.apache.org/maven2/org/springframework/boot/spring-boot-sql/4.0.6/spring-boot-sql-4.0.6.jar
2026-07-25 12:17:54,253 [BasicRepositoryConnector-repo.maven.apache.org-0-0] INFO  o.e.m.c.i.e.AbstractTransferListenerAdapter - Downloaded https://repo.maven.apache.org/maven2/org/springframework/boot/spring-boot-jdbc/4.0.6/spring-boot-jdbc-4.0.6.jar
2026-07-25 12:17:54,349 [BasicRepositoryConnector-repo.maven.apache.org-0-4] INFO  o.e.m.c.i.e.AbstractTransferListenerAdapter - Downloading https://repo.maven.apache.org/maven2/org/springframework/boot/spring-boot-transaction/4.0.6/spring-boot-transaction-4.0.6.jar
2026-07-25 12:17:54,377 [BasicRepositoryConnector-repo.maven.apache.org-0-4] INFO  o.e.m.c.i.e.AbstractTransferListenerAdapter - Downloaded https://repo.maven.apache.org/maven2/org/springframework/boot/spring-boot-transaction/4.0.6/spring-boot-transaction-4.0.6.jar
2026-07-25 12:17:54,445 [BasicRepositoryConnector-repo.maven.apache.org-0-0] INFO  o.e.m.c.i.e.AbstractTransferListenerAdapter - Downloading https://repo.maven.apache.org/maven2/org/springframework/spring-jdbc/7.0.7/spring-jdbc-7.0.7.jar
2026-07-25 12:17:54,605 [BasicRepositoryConnector-repo.maven.apache.org-0-4] INFO  o.e.m.c.i.e.AbstractTransferListenerAdapter - Downloading https://repo.maven.apache.org/maven2/org/springframework/boot/spring-boot-starter-mail/4.0.6/spring-boot-starter-mail-4.0.6.jar
2026-07-25 12:17:54,613 [BasicRepositoryConnector-repo.maven.apache.org-0-4] INFO  o.e.m.c.i.e.AbstractTransferListenerAdapter - Downloaded https://repo.maven.apache.org/maven2/org/springframework/boot/spring-boot-starter-mail/4.0.6/spring-boot-starter-mail-4.0.6.jar
2026-07-25 12:17:54,853 [BasicRepositoryConnector-repo.maven.apache.org-0-4] INFO  o.e.m.c.i.e.AbstractTransferListenerAdapter - Downloading https://repo.maven.apache.org/maven2/org/springframework/boot/spring-boot-mail/4.0.6/spring-boot-mail-4.0.6.jar
2026-07-25 12:17:54,912 [BasicRepositoryConnector-repo.maven.apache.org-0-4] INFO  o.e.m.c.i.e.AbstractTransferListenerAdapter - Downloaded https://repo.maven.apache.org/maven2/org/springframework/boot/spring-boot-mail/4.0.6/spring-boot-mail-4.0.6.jar
2026-07-25 12:17:54,977 [BasicRepositoryConnector-repo.maven.apache.org-0-0] INFO  o.e.m.c.i.e.AbstractTransferListenerAdapter - Downloaded https://repo.maven.apache.org/maven2/org/springframework/spring-jdbc/7.0.7/spring-jdbc-7.0.7.jar
2026-07-25 12:17:55,029 [BasicRepositoryConnector-repo.maven.apache.org-0-4] INFO  o.e.m.c.i.e.AbstractTransferListenerAdapter - Downloading https://repo.maven.apache.org/maven2/org/springframework/spring-context-support/7.0.7/spring-context-support-7.0.7.jar
2026-07-25 12:17:55,120 [BasicRepositoryConnector-repo.maven.apache.org-0-0] INFO  o.e.m.c.i.e.AbstractTransferListenerAdapter - Downloading https://repo.maven.apache.org/maven2/jakarta/mail/jakarta.mail-api/2.1.5/jakarta.mail-api-2.1.5.jar
2026-07-25 12:17:55,466 [BasicRepositoryConnector-repo.maven.apache.org-0-0] INFO  o.e.m.c.i.e.AbstractTransferListenerAdapter - Downloaded https://repo.maven.apache.org/maven2/jakarta/mail/jakarta.mail-api/2.1.5/jakarta.mail-api-2.1.5.jar
2026-07-25 12:17:55,524 [BasicRepositoryConnector-repo.maven.apache.org-0-4] INFO  o.e.m.c.i.e.AbstractTransferListenerAdapter - Downloaded https://repo.maven.apache.org/maven2/org/springframework/spring-context-support/7.0.7/spring-context-support-7.0.7.jar
2026-07-25 12:17:55,633 [BasicRepositoryConnector-repo.maven.apache.org-0-0] INFO  o.e.m.c.i.e.AbstractTransferListenerAdapter - Downloading https://repo.maven.apache.org/maven2/org/eclipse/angus/angus-mail/2.0.5/angus-mail-2.0.5.jar
2026-07-25 12:17:55,726 [BasicRepositoryConnector-repo.maven.apache.org-0-4] INFO  o.e.m.c.i.e.AbstractTransferListenerAdapter - Downloading https://repo.maven.apache.org/maven2/org/springframework/boot/spring-boot-starter-actuator/4.0.6/spring-boot-starter-actuator-4.0.6.jar
2026-07-25 12:17:55,734 [BasicRepositoryConnector-repo.maven.apache.org-0-4] INFO  o.e.m.c.i.e.AbstractTransferListenerAdapter - Downloaded https://repo.maven.apache.org/maven2/org/springframework/boot/spring-boot-starter-actuator/4.0.6/spring-boot-starter-actuator-4.0.6.jar
2026-07-25 12:17:56,078 [BasicRepositoryConnector-repo.maven.apache.org-0-4] INFO  o.e.m.c.i.e.AbstractTransferListenerAdapter - Downloading https://repo.maven.apache.org/maven2/org/springframework/boot/spring-boot-starter-micrometer-metrics/4.0.6/spring-boot-starter-micrometer-metrics-4.0.6.jar
2026-07-25 12:17:56,084 [BasicRepositoryConnector-repo.maven.apache.org-0-4] INFO  o.e.m.c.i.e.AbstractTransferListenerAdapter - Downloaded https://repo.maven.apache.org/maven2/org/springframework/boot/spring-boot-starter-micrometer-metrics/4.0.6/spring-boot-starter-micrometer-metrics-4.0.6.jar
2026-07-25 12:17:56,118 [BasicRepositoryConnector-repo.maven.apache.org-0-2] INFO  o.e.m.c.i.e.AbstractTransferListenerAdapter - Downloaded https://repo.maven.apache.org/maven2/org/springframework/data/spring-data-commons/4.0.5/spring-data-commons-4.0.5.jar
2026-07-25 12:17:56,324 [BasicRepositoryConnector-repo.maven.apache.org-0-4] INFO  o.e.m.c.i.e.AbstractTransferListenerAdapter - Downloading https://repo.maven.apache.org/maven2/org/springframework/boot/spring-boot-micrometer-metrics/4.0.6/spring-boot-micrometer-metrics-4.0.6.jar
2026-07-25 12:17:56,370 [BasicRepositoryConnector-repo.maven.apache.org-0-2] INFO  o.e.m.c.i.e.AbstractTransferListenerAdapter - Downloading https://repo.maven.apache.org/maven2/org/springframework/boot/spring-boot-micrometer-observation/4.0.6/spring-boot-micrometer-observation-4.0.6.jar
2026-07-25 12:17:56,415 [BasicRepositoryConnector-repo.maven.apache.org-0-2] INFO  o.e.m.c.i.e.AbstractTransferListenerAdapter - Downloaded https://repo.maven.apache.org/maven2/org/springframework/boot/spring-boot-micrometer-observation/4.0.6/spring-boot-micrometer-observation-4.0.6.jar
2026-07-25 12:17:56,489 [BasicRepositoryConnector-repo.maven.apache.org-0-0] INFO  o.e.m.c.i.e.AbstractTransferListenerAdapter - Downloaded https://repo.maven.apache.org/maven2/org/eclipse/angus/angus-mail/2.0.5/angus-mail-2.0.5.jar
2026-07-25 12:17:56,580 [BasicRepositoryConnector-repo.maven.apache.org-0-2] INFO  o.e.m.c.i.e.AbstractTransferListenerAdapter - Downloading https://repo.maven.apache.org/maven2/org/springframework/boot/spring-boot-actuator-autoconfigure/4.0.6/spring-boot-actuator-autoconfigure-4.0.6.jar
2026-07-25 12:17:56,628 [BasicRepositoryConnector-repo.maven.apache.org-0-0] INFO  o.e.m.c.i.e.AbstractTransferListenerAdapter - Downloading https://repo.maven.apache.org/maven2/org/springframework/boot/spring-boot-actuator/4.0.6/spring-boot-actuator-4.0.6.jar
2026-07-25 12:17:56,879 [BasicRepositoryConnector-repo.maven.apache.org-0-2] INFO  o.e.m.c.i.e.AbstractTransferListenerAdapter - Downloaded https://repo.maven.apache.org/maven2/org/springframework/boot/spring-boot-actuator-autoconfigure/4.0.6/spring-boot-actuator-autoconfigure-4.0.6.jar
2026-07-25 12:17:56,932 [BasicRepositoryConnector-repo.maven.apache.org-0-4] INFO  o.e.m.c.i.e.AbstractTransferListenerAdapter - Downloaded https://repo.maven.apache.org/maven2/org/springframework/boot/spring-boot-micrometer-metrics/4.0.6/spring-boot-micrometer-metrics-4.0.6.jar
2026-07-25 12:17:57,009 [BasicRepositoryConnector-repo.maven.apache.org-0-2] INFO  o.e.m.c.i.e.AbstractTransferListenerAdapter - Downloading https://repo.maven.apache.org/maven2/org/springframework/boot/spring-boot-health/4.0.6/spring-boot-health-4.0.6.jar
2026-07-25 12:17:57,044 [BasicRepositoryConnector-repo.maven.apache.org-0-4] INFO  o.e.m.c.i.e.AbstractTransferListenerAdapter - Downloading https://repo.maven.apache.org/maven2/io/micrometer/micrometer-observation/1.16.5/micrometer-observation-1.16.5.jar
2026-07-25 12:17:57,103 [BasicRepositoryConnector-repo.maven.apache.org-0-0] INFO  o.e.m.c.i.e.AbstractTransferListenerAdapter - Downloaded https://repo.maven.apache.org/maven2/org/springframework/boot/spring-boot-actuator/4.0.6/spring-boot-actuator-4.0.6.jar
2026-07-25 12:17:57,209 [BasicRepositoryConnector-repo.maven.apache.org-0-0] INFO  o.e.m.c.i.e.AbstractTransferListenerAdapter - Downloading https://repo.maven.apache.org/maven2/io/micrometer/micrometer-commons/1.16.5/micrometer-commons-1.16.5.jar
2026-07-25 12:17:57,227 [BasicRepositoryConnector-repo.maven.apache.org-0-4] INFO  o.e.m.c.i.e.AbstractTransferListenerAdapter - Downloaded https://repo.maven.apache.org/maven2/io/micrometer/micrometer-observation/1.16.5/micrometer-observation-1.16.5.jar
2026-07-25 12:17:57,258 [BasicRepositoryConnector-repo.maven.apache.org-0-0] INFO  o.e.m.c.i.e.AbstractTransferListenerAdapter - Downloaded https://repo.maven.apache.org/maven2/io/micrometer/micrometer-commons/1.16.5/micrometer-commons-1.16.5.jar
2026-07-25 12:17:57,258 [BasicRepositoryConnector-repo.maven.apache.org-0-2] INFO  o.e.m.c.i.e.AbstractTransferListenerAdapter - Downloaded https://repo.maven.apache.org/maven2/org/springframework/boot/spring-boot-health/4.0.6/spring-boot-health-4.0.6.jar
2026-07-25 12:17:57,345 [BasicRepositoryConnector-repo.maven.apache.org-0-4] INFO  o.e.m.c.i.e.AbstractTransferListenerAdapter - Downloading https://repo.maven.apache.org/maven2/io/micrometer/micrometer-jakarta9/1.16.5/micrometer-jakarta9-1.16.5.jar
2026-07-25 12:17:57,346 [BasicRepositoryConnector-repo.maven.apache.org-0-0] INFO  o.e.m.c.i.e.AbstractTransferListenerAdapter - Downloading https://repo.maven.apache.org/maven2/io/micrometer/micrometer-core/1.16.5/micrometer-core-1.16.5.jar
2026-07-25 12:17:57,346 [BasicRepositoryConnector-repo.maven.apache.org-0-2] INFO  o.e.m.c.i.e.AbstractTransferListenerAdapter - Downloading https://repo.maven.apache.org/maven2/org/springframework/cloud/spring-cloud-starter-openfeign/5.0.1/spring-cloud-starter-openfeign-5.0.1.jar
2026-07-25 12:17:57,356 [BasicRepositoryConnector-repo.maven.apache.org-0-2] INFO  o.e.m.c.i.e.AbstractTransferListenerAdapter - Downloaded https://repo.maven.apache.org/maven2/org/springframework/cloud/spring-cloud-starter-openfeign/5.0.1/spring-cloud-starter-openfeign-5.0.1.jar
2026-07-25 12:17:57,373 [BasicRepositoryConnector-repo.maven.apache.org-0-1] INFO  o.e.m.c.i.e.AbstractTransferListenerAdapter - Downloaded https://repo.maven.apache.org/maven2/org/springframework/data/spring-data-jpa/4.0.5/spring-data-jpa-4.0.5.jar
2026-07-25 12:17:57,397 [BasicRepositoryConnector-repo.maven.apache.org-0-4] INFO  o.e.m.c.i.e.AbstractTransferListenerAdapter - Downloaded https://repo.maven.apache.org/maven2/io/micrometer/micrometer-jakarta9/1.16.5/micrometer-jakarta9-1.16.5.jar
2026-07-25 12:17:57,425 [BasicRepositoryConnector-repo.maven.apache.org-0-2] INFO  o.e.m.c.i.e.AbstractTransferListenerAdapter - Downloading https://repo.maven.apache.org/maven2/org/springframework/cloud/spring-cloud-starter/5.0.1/spring-cloud-starter-5.0.1.jar
2026-07-25 12:17:57,428 [BasicRepositoryConnector-repo.maven.apache.org-0-2] INFO  o.e.m.c.i.e.AbstractTransferListenerAdapter - Downloaded https://repo.maven.apache.org/maven2/org/springframework/cloud/spring-cloud-starter/5.0.1/spring-cloud-starter-5.0.1.jar
2026-07-25 12:17:57,435 [BasicRepositoryConnector-repo.maven.apache.org-0-1] INFO  o.e.m.c.i.e.AbstractTransferListenerAdapter - Downloading https://repo.maven.apache.org/maven2/org/springframework/cloud/spring-cloud-context/5.0.1/spring-cloud-context-5.0.1.jar
2026-07-25 12:17:57,514 [BasicRepositoryConnector-repo.maven.apache.org-0-4] INFO  o.e.m.c.i.e.AbstractTransferListenerAdapter - Downloading https://repo.maven.apache.org/maven2/org/springframework/boot/spring-boot-restclient/4.0.6/spring-boot-restclient-4.0.6.jar
2026-07-25 12:17:57,525 [BasicRepositoryConnector-repo.maven.apache.org-0-2] INFO  o.e.m.c.i.e.AbstractTransferListenerAdapter - Downloading https://repo.maven.apache.org/maven2/org/springframework/boot/spring-boot-http-client/4.0.6/spring-boot-http-client-4.0.6.jar
2026-07-25 12:17:57,585 [BasicRepositoryConnector-repo.maven.apache.org-0-4] INFO  o.e.m.c.i.e.AbstractTransferListenerAdapter - Downloaded https://repo.maven.apache.org/maven2/org/springframework/boot/spring-boot-restclient/4.0.6/spring-boot-restclient-4.0.6.jar
2026-07-25 12:17:57,753 [BasicRepositoryConnector-repo.maven.apache.org-0-4] INFO  o.e.m.c.i.e.AbstractTransferListenerAdapter - Downloading https://repo.maven.apache.org/maven2/org/bouncycastle/bcprov-jdk18on/1.81/bcprov-jdk18on-1.81.jar
2026-07-25 12:17:57,801 [BasicRepositoryConnector-repo.maven.apache.org-0-2] INFO  o.e.m.c.i.e.AbstractTransferListenerAdapter - Downloaded https://repo.maven.apache.org/maven2/org/springframework/boot/spring-boot-http-client/4.0.6/spring-boot-http-client-4.0.6.jar
2026-07-25 12:17:57,808 [BasicRepositoryConnector-repo.maven.apache.org-0-1] INFO  o.e.m.c.i.e.AbstractTransferListenerAdapter - Downloaded https://repo.maven.apache.org/maven2/org/springframework/cloud/spring-cloud-context/5.0.1/spring-cloud-context-5.0.1.jar
2026-07-25 12:17:58,028 [BasicRepositoryConnector-repo.maven.apache.org-0-2] INFO  o.e.m.c.i.e.AbstractTransferListenerAdapter - Downloading https://repo.maven.apache.org/maven2/org/springframework/cloud/spring-cloud-openfeign-core/5.0.1/spring-cloud-openfeign-core-5.0.1.jar
2026-07-25 12:17:58,028 [BasicRepositoryConnector-repo.maven.apache.org-0-1] INFO  o.e.m.c.i.e.AbstractTransferListenerAdapter - Downloading https://repo.maven.apache.org/maven2/org/apache/commons/commons-lang3/3.19.0/commons-lang3-3.19.0.jar
2026-07-25 12:17:58,479 [BasicRepositoryConnector-repo.maven.apache.org-0-2] INFO  o.e.m.c.i.e.AbstractTransferListenerAdapter - Downloaded https://repo.maven.apache.org/maven2/org/springframework/cloud/spring-cloud-openfeign-core/5.0.1/spring-cloud-openfeign-core-5.0.1.jar
2026-07-25 12:17:58,602 [BasicRepositoryConnector-repo.maven.apache.org-0-2] INFO  o.e.m.c.i.e.AbstractTransferListenerAdapter - Downloading https://repo.maven.apache.org/maven2/org/springframework/spring-web/7.0.7/spring-web-7.0.7.jar
2026-07-25 12:17:58,988 [BasicRepositoryConnector-repo.maven.apache.org-0-0] INFO  o.e.m.c.i.e.AbstractTransferListenerAdapter - Downloaded https://repo.maven.apache.org/maven2/io/micrometer/micrometer-core/1.16.5/micrometer-core-1.16.5.jar
2026-07-25 12:17:59,124 [BasicRepositoryConnector-repo.maven.apache.org-0-0] INFO  o.e.m.c.i.e.AbstractTransferListenerAdapter - Downloading https://repo.maven.apache.org/maven2/org/springframework/cloud/spring-cloud-commons/5.0.1/spring-cloud-commons-5.0.1.jar
2026-07-25 12:17:59,197 [BasicRepositoryConnector-repo.maven.apache.org-0-1] INFO  o.e.m.c.i.e.AbstractTransferListenerAdapter - Downloaded https://repo.maven.apache.org/maven2/org/apache/commons/commons-lang3/3.19.0/commons-lang3-3.19.0.jar
2026-07-25 12:17:59,320 [BasicRepositoryConnector-repo.maven.apache.org-0-1] INFO  o.e.m.c.i.e.AbstractTransferListenerAdapter - Downloading https://repo.maven.apache.org/maven2/org/springframework/security/spring-security-crypto/7.0.5/spring-security-crypto-7.0.5.jar
2026-07-25 12:17:59,508 [BasicRepositoryConnector-repo.maven.apache.org-0-1] INFO  o.e.m.c.i.e.AbstractTransferListenerAdapter - Downloaded https://repo.maven.apache.org/maven2/org/springframework/security/spring-security-crypto/7.0.5/spring-security-crypto-7.0.5.jar
2026-07-25 12:17:59,580 [BasicRepositoryConnector-repo.maven.apache.org-0-0] INFO  o.e.m.c.i.e.AbstractTransferListenerAdapter - Downloaded https://repo.maven.apache.org/maven2/org/springframework/cloud/spring-cloud-commons/5.0.1/spring-cloud-commons-5.0.1.jar
2026-07-25 12:17:59,638 [BasicRepositoryConnector-repo.maven.apache.org-0-1] INFO  o.e.m.c.i.e.AbstractTransferListenerAdapter - Downloading https://repo.maven.apache.org/maven2/org/springframework/cloud/spring-cloud-starter-netflix-eureka-client/5.0.1/spring-cloud-starter-netflix-eureka-client-5.0.1.jar
2026-07-25 12:17:59,642 [BasicRepositoryConnector-repo.maven.apache.org-0-1] INFO  o.e.m.c.i.e.AbstractTransferListenerAdapter - Downloaded https://repo.maven.apache.org/maven2/org/springframework/cloud/spring-cloud-starter-netflix-eureka-client/5.0.1/spring-cloud-starter-netflix-eureka-client-5.0.1.jar
2026-07-25 12:17:59,684 [BasicRepositoryConnector-repo.maven.apache.org-0-0] INFO  o.e.m.c.i.e.AbstractTransferListenerAdapter - Downloading https://repo.maven.apache.org/maven2/org/springframework/cloud/spring-cloud-netflix-eureka-client/5.0.1/spring-cloud-netflix-eureka-client-5.0.1.jar
2026-07-25 12:17:59,739 [BasicRepositoryConnector-repo.maven.apache.org-0-1] INFO  o.e.m.c.i.e.AbstractTransferListenerAdapter - Downloading https://repo.maven.apache.org/maven2/org/springframework/boot/spring-boot-jackson2/4.0.6/spring-boot-jackson2-4.0.6.jar
2026-07-25 12:17:59,807 [BasicRepositoryConnector-repo.maven.apache.org-0-1] INFO  o.e.m.c.i.e.AbstractTransferListenerAdapter - Downloaded https://repo.maven.apache.org/maven2/org/springframework/boot/spring-boot-jackson2/4.0.6/spring-boot-jackson2-4.0.6.jar
2026-07-25 12:17:59,907 [BasicRepositoryConnector-repo.maven.apache.org-0-0] INFO  o.e.m.c.i.e.AbstractTransferListenerAdapter - Downloaded https://repo.maven.apache.org/maven2/org/springframework/cloud/spring-cloud-netflix-eureka-client/5.0.1/spring-cloud-netflix-eureka-client-5.0.1.jar
2026-07-25 12:17:59,945 [BasicRepositoryConnector-repo.maven.apache.org-0-1] INFO  o.e.m.c.i.e.AbstractTransferListenerAdapter - Downloading https://repo.maven.apache.org/maven2/com/netflix/eureka/eureka-client/2.0.5/eureka-client-2.0.5.jar
2026-07-25 12:18:00,086 [BasicRepositoryConnector-repo.maven.apache.org-0-0] INFO  o.e.m.c.i.e.AbstractTransferListenerAdapter - Downloading https://repo.maven.apache.org/maven2/com/thoughtworks/xstream/xstream/1.4.21/xstream-1.4.21.jar
2026-07-25 12:18:00,740 [BasicRepositoryConnector-repo.maven.apache.org-0-1] INFO  o.e.m.c.i.e.AbstractTransferListenerAdapter - Downloaded https://repo.maven.apache.org/maven2/com/netflix/eureka/eureka-client/2.0.5/eureka-client-2.0.5.jar
2026-07-25 12:18:00,901 [BasicRepositoryConnector-repo.maven.apache.org-0-1] INFO  o.e.m.c.i.e.AbstractTransferListenerAdapter - Downloading https://repo.maven.apache.org/maven2/jakarta/ws/rs/jakarta.ws.rs-api/4.0.0/jakarta.ws.rs-api-4.0.0.jar
2026-07-25 12:18:01,128 [BasicRepositoryConnector-repo.maven.apache.org-0-1] INFO  o.e.m.c.i.e.AbstractTransferListenerAdapter - Downloaded https://repo.maven.apache.org/maven2/jakarta/ws/rs/jakarta.ws.rs-api/4.0.0/jakarta.ws.rs-api-4.0.0.jar
2026-07-25 12:18:01,328 [BasicRepositoryConnector-repo.maven.apache.org-0-1] INFO  o.e.m.c.i.e.AbstractTransferListenerAdapter - Downloading https://repo.maven.apache.org/maven2/org/springframework/cloud/spring-cloud-starter-loadbalancer/5.0.1/spring-cloud-starter-loadbalancer-5.0.1.jar
2026-07-25 12:18:01,332 [BasicRepositoryConnector-repo.maven.apache.org-0-1] INFO  o.e.m.c.i.e.AbstractTransferListenerAdapter - Downloaded https://repo.maven.apache.org/maven2/org/springframework/cloud/spring-cloud-starter-loadbalancer/5.0.1/spring-cloud-starter-loadbalancer-5.0.1.jar
2026-07-25 12:18:01,353 [BasicRepositoryConnector-repo.maven.apache.org-0-0] INFO  o.e.m.c.i.e.AbstractTransferListenerAdapter - Downloaded https://repo.maven.apache.org/maven2/com/thoughtworks/xstream/xstream/1.4.21/xstream-1.4.21.jar
2026-07-25 12:18:01,398 [BasicRepositoryConnector-repo.maven.apache.org-0-1] INFO  o.e.m.c.i.e.AbstractTransferListenerAdapter - Downloading https://repo.maven.apache.org/maven2/org/springframework/cloud/spring-cloud-loadbalancer/5.0.1/spring-cloud-loadbalancer-5.0.1.jar
2026-07-25 12:18:01,440 [BasicRepositoryConnector-repo.maven.apache.org-0-0] INFO  o.e.m.c.i.e.AbstractTransferListenerAdapter - Downloading https://repo.maven.apache.org/maven2/io/projectreactor/reactor-core/3.8.5/reactor-core-3.8.5.jar
2026-07-25 12:18:01,666 [BasicRepositoryConnector-repo.maven.apache.org-0-1] INFO  o.e.m.c.i.e.AbstractTransferListenerAdapter - Downloaded https://repo.maven.apache.org/maven2/org/springframework/cloud/spring-cloud-loadbalancer/5.0.1/spring-cloud-loadbalancer-5.0.1.jar
2026-07-25 12:18:01,795 [BasicRepositoryConnector-repo.maven.apache.org-0-1] INFO  o.e.m.c.i.e.AbstractTransferListenerAdapter - Downloading https://repo.maven.apache.org/maven2/io/projectreactor/addons/reactor-extra/3.6.0/reactor-extra-3.6.0.jar
2026-07-25 12:18:01,931 [BasicRepositoryConnector-repo.maven.apache.org-0-1] INFO  o.e.m.c.i.e.AbstractTransferListenerAdapter - Downloaded https://repo.maven.apache.org/maven2/io/projectreactor/addons/reactor-extra/3.6.0/reactor-extra-3.6.0.jar
2026-07-25 12:18:02,084 [BasicRepositoryConnector-repo.maven.apache.org-0-1] INFO  o.e.m.c.i.e.AbstractTransferListenerAdapter - Downloading https://repo.maven.apache.org/maven2/org/springframework/boot/spring-boot-starter-cache/4.0.6/spring-boot-starter-cache-4.0.6.jar
2026-07-25 12:18:02,087 [BasicRepositoryConnector-repo.maven.apache.org-0-1] INFO  o.e.m.c.i.e.AbstractTransferListenerAdapter - Downloaded https://repo.maven.apache.org/maven2/org/springframework/boot/spring-boot-starter-cache/4.0.6/spring-boot-starter-cache-4.0.6.jar
2026-07-25 12:18:02,244 [BasicRepositoryConnector-repo.maven.apache.org-0-1] INFO  o.e.m.c.i.e.AbstractTransferListenerAdapter - Downloading https://repo.maven.apache.org/maven2/org/springframework/boot/spring-boot-cache/4.0.6/spring-boot-cache-4.0.6.jar
2026-07-25 12:18:02,344 [BasicRepositoryConnector-repo.maven.apache.org-0-1] INFO  o.e.m.c.i.e.AbstractTransferListenerAdapter - Downloaded https://repo.maven.apache.org/maven2/org/springframework/boot/spring-boot-cache/4.0.6/spring-boot-cache-4.0.6.jar
2026-07-25 12:18:02,551 [BasicRepositoryConnector-repo.maven.apache.org-0-1] INFO  o.e.m.c.i.e.AbstractTransferListenerAdapter - Downloading https://repo.maven.apache.org/maven2/com/h2database/h2/2.4.240/h2-2.4.240.jar
2026-07-25 12:18:02,736 [BasicRepositoryConnector-repo.maven.apache.org-0-2] INFO  o.e.m.c.i.e.AbstractTransferListenerAdapter - Downloaded https://repo.maven.apache.org/maven2/org/springframework/spring-web/7.0.7/spring-web-7.0.7.jar
2026-07-25 12:18:02,859 [BasicRepositoryConnector-repo.maven.apache.org-0-2] INFO  o.e.m.c.i.e.AbstractTransferListenerAdapter - Downloading https://repo.maven.apache.org/maven2/io/jsonwebtoken/jjwt-api/0.12.6/jjwt-api-0.12.6.jar
2026-07-25 12:18:03,137 [BasicRepositoryConnector-repo.maven.apache.org-0-2] INFO  o.e.m.c.i.e.AbstractTransferListenerAdapter - Downloaded https://repo.maven.apache.org/maven2/io/jsonwebtoken/jjwt-api/0.12.6/jjwt-api-0.12.6.jar
2026-07-25 12:18:03,273 [BasicRepositoryConnector-repo.maven.apache.org-0-2] INFO  o.e.m.c.i.e.AbstractTransferListenerAdapter - Downloading https://repo.maven.apache.org/maven2/io/jsonwebtoken/jjwt-impl/0.12.6/jjwt-impl-0.12.6.jar
2026-07-25 12:18:04,219 [BasicRepositoryConnector-repo.maven.apache.org-0-2] INFO  o.e.m.c.i.e.AbstractTransferListenerAdapter - Downloaded https://repo.maven.apache.org/maven2/io/jsonwebtoken/jjwt-impl/0.12.6/jjwt-impl-0.12.6.jar
2026-07-25 12:18:04,476 [BasicRepositoryConnector-repo.maven.apache.org-0-2] INFO  o.e.m.c.i.e.AbstractTransferListenerAdapter - Downloading https://repo.maven.apache.org/maven2/io/jsonwebtoken/jjwt-jackson/0.12.6/jjwt-jackson-0.12.6.jar
2026-07-25 12:18:04,479 [BasicRepositoryConnector-repo.maven.apache.org-0-2] INFO  o.e.m.c.i.e.AbstractTransferListenerAdapter - Downloaded https://repo.maven.apache.org/maven2/io/jsonwebtoken/jjwt-jackson/0.12.6/jjwt-jackson-0.12.6.jar
2026-07-25 12:18:04,708 [BasicRepositoryConnector-repo.maven.apache.org-0-2] INFO  o.e.m.c.i.e.AbstractTransferListenerAdapter - Downloading https://repo.maven.apache.org/maven2/com/github/ben-manes/caffeine/caffeine/3.2.3/caffeine-3.2.3.jar
2026-07-25 12:18:04,891 [BasicRepositoryConnector-repo.maven.apache.org-0-0] INFO  o.e.m.c.i.e.AbstractTransferListenerAdapter - Downloaded https://repo.maven.apache.org/maven2/io/projectreactor/reactor-core/3.8.5/reactor-core-3.8.5.jar
2026-07-25 12:18:05,136 [BasicRepositoryConnector-repo.maven.apache.org-0-0] INFO  o.e.m.c.i.e.AbstractTransferListenerAdapter - Downloading https://repo.maven.apache.org/maven2/com/google/errorprone/error_prone_annotations/2.43.0/error_prone_annotations-2.43.0.jar
2026-07-25 12:18:05,152 [BasicRepositoryConnector-repo.maven.apache.org-0-0] INFO  o.e.m.c.i.e.AbstractTransferListenerAdapter - Downloaded https://repo.maven.apache.org/maven2/com/google/errorprone/error_prone_annotations/2.43.0/error_prone_annotations-2.43.0.jar
2026-07-25 12:18:05,278 [BasicRepositoryConnector-repo.maven.apache.org-0-0] INFO  o.e.m.c.i.e.AbstractTransferListenerAdapter - Downloading https://repo.maven.apache.org/maven2/dev/samstevens/totp/totp/1.7.1/totp-1.7.1.jar
2026-07-25 12:18:05,314 [BasicRepositoryConnector-repo.maven.apache.org-0-0] INFO  o.e.m.c.i.e.AbstractTransferListenerAdapter - Downloaded https://repo.maven.apache.org/maven2/dev/samstevens/totp/totp/1.7.1/totp-1.7.1.jar
2026-07-25 12:18:05,410 [BasicRepositoryConnector-repo.maven.apache.org-0-0] INFO  o.e.m.c.i.e.AbstractTransferListenerAdapter - Downloading https://repo.maven.apache.org/maven2/com/google/zxing/core/3.4.0/core-3.4.0.jar
2026-07-25 12:18:06,451 [BasicRepositoryConnector-repo.maven.apache.org-0-0] INFO  o.e.m.c.i.e.AbstractTransferListenerAdapter - Downloaded https://repo.maven.apache.org/maven2/com/google/zxing/core/3.4.0/core-3.4.0.jar
2026-07-25 12:18:06,604 [BasicRepositoryConnector-repo.maven.apache.org-0-2] INFO  o.e.m.c.i.e.AbstractTransferListenerAdapter - Downloaded https://repo.maven.apache.org/maven2/com/github/ben-manes/caffeine/caffeine/3.2.3/caffeine-3.2.3.jar
2026-07-25 12:18:06,651 [BasicRepositoryConnector-repo.maven.apache.org-0-0] INFO  o.e.m.c.i.e.AbstractTransferListenerAdapter - Downloading https://repo.maven.apache.org/maven2/com/google/zxing/javase/3.4.0/javase-3.4.0.jar
2026-07-25 12:18:06,682 [BasicRepositoryConnector-repo.maven.apache.org-0-0] INFO  o.e.m.c.i.e.AbstractTransferListenerAdapter - Downloaded https://repo.maven.apache.org/maven2/com/google/zxing/javase/3.4.0/javase-3.4.0.jar
2026-07-25 12:18:06,784 [BasicRepositoryConnector-repo.maven.apache.org-0-0] INFO  o.e.m.c.i.e.AbstractTransferListenerAdapter - Downloading https://repo.maven.apache.org/maven2/com/github/jai-imageio/jai-imageio-core/1.4.0/jai-imageio-core-1.4.0.jar
2026-07-25 12:18:06,784 [BasicRepositoryConnector-repo.maven.apache.org-0-2] INFO  o.e.m.c.i.e.AbstractTransferListenerAdapter - Downloading https://repo.maven.apache.org/maven2/com/beust/jcommander/1.72/jcommander-1.72.jar
2026-07-25 12:18:06,941 [BasicRepositoryConnector-repo.maven.apache.org-0-2] INFO  o.e.m.c.i.e.AbstractTransferListenerAdapter - Downloaded https://repo.maven.apache.org/maven2/com/beust/jcommander/1.72/jcommander-1.72.jar
2026-07-25 12:18:07,158 [BasicRepositoryConnector-repo.maven.apache.org-0-2] INFO  o.e.m.c.i.e.AbstractTransferListenerAdapter - Downloading https://repo.maven.apache.org/maven2/org/projectlombok/lombok/1.18.42/lombok-1.18.42.jar
2026-07-25 12:18:07,983 [BasicRepositoryConnector-repo.maven.apache.org-0-1] INFO  o.e.m.c.i.e.AbstractTransferListenerAdapter - Downloaded https://repo.maven.apache.org/maven2/com/h2database/h2/2.4.240/h2-2.4.240.jar
2026-07-25 12:18:08,055 [BasicRepositoryConnector-repo.maven.apache.org-0-1] INFO  o.e.m.c.i.e.AbstractTransferListenerAdapter - Downloading https://repo.maven.apache.org/maven2/org/springframework/boot/spring-boot-starter-test/4.0.6/spring-boot-starter-test-4.0.6.jar
2026-07-25 12:18:08,059 [BasicRepositoryConnector-repo.maven.apache.org-0-1] INFO  o.e.m.c.i.e.AbstractTransferListenerAdapter - Downloaded https://repo.maven.apache.org/maven2/org/springframework/boot/spring-boot-starter-test/4.0.6/spring-boot-starter-test-4.0.6.jar
2026-07-25 12:18:08,152 [BasicRepositoryConnector-repo.maven.apache.org-0-1] INFO  o.e.m.c.i.e.AbstractTransferListenerAdapter - Downloading https://repo.maven.apache.org/maven2/org/springframework/boot/spring-boot-test/4.0.6/spring-boot-test-4.0.6.jar
2026-07-25 12:18:08,213 [BasicRepositoryConnector-repo.maven.apache.org-0-0] INFO  o.e.m.c.i.e.AbstractTransferListenerAdapter - Downloaded https://repo.maven.apache.org/maven2/com/github/jai-imageio/jai-imageio-core/1.4.0/jai-imageio-core-1.4.0.jar
2026-07-25 12:18:08,308 [BasicRepositoryConnector-repo.maven.apache.org-0-0] INFO  o.e.m.c.i.e.AbstractTransferListenerAdapter - Downloading https://repo.maven.apache.org/maven2/org/springframework/boot/spring-boot-test-autoconfigure/4.0.6/spring-boot-test-autoconfigure-4.0.6.jar
2026-07-25 12:18:08,369 [BasicRepositoryConnector-repo.maven.apache.org-0-0] INFO  o.e.m.c.i.e.AbstractTransferListenerAdapter - Downloaded https://repo.maven.apache.org/maven2/org/springframework/boot/spring-boot-test-autoconfigure/4.0.6/spring-boot-test-autoconfigure-4.0.6.jar
2026-07-25 12:18:09,169 [BasicRepositoryConnector-repo.maven.apache.org-0-0] INFO  o.e.m.c.i.e.AbstractTransferListenerAdapter - Downloading https://repo.maven.apache.org/maven2/org/mockito/mockito-core/5.20.0/mockito-core-5.20.0.jar
2026-07-25 12:18:09,175 [BasicRepositoryConnector-repo.maven.apache.org-0-1] INFO  o.e.m.c.i.e.AbstractTransferListenerAdapter - Downloaded https://repo.maven.apache.org/maven2/org/springframework/boot/spring-boot-test/4.0.6/spring-boot-test-4.0.6.jar
2026-07-25 12:18:09,292 [BasicRepositoryConnector-repo.maven.apache.org-0-1] INFO  o.e.m.c.i.e.AbstractTransferListenerAdapter - Downloading https://repo.maven.apache.org/maven2/org/mockito/mockito-junit-jupiter/5.20.0/mockito-junit-jupiter-5.20.0.jar
2026-07-25 12:18:09,311 [BasicRepositoryConnector-repo.maven.apache.org-0-1] INFO  o.e.m.c.i.e.AbstractTransferListenerAdapter - Downloaded https://repo.maven.apache.org/maven2/org/mockito/mockito-junit-jupiter/5.20.0/mockito-junit-jupiter-5.20.0.jar
2026-07-25 12:18:09,453 [BasicRepositoryConnector-repo.maven.apache.org-0-1] INFO  o.e.m.c.i.e.AbstractTransferListenerAdapter - Downloading https://repo.maven.apache.org/maven2/org/springframework/spring-core/7.0.7/spring-core-7.0.7.jar
2026-07-25 12:18:09,628 [BasicRepositoryConnector-repo.maven.apache.org-0-0] INFO  o.e.m.c.i.e.AbstractTransferListenerAdapter - Downloaded https://repo.maven.apache.org/maven2/org/mockito/mockito-core/5.20.0/mockito-core-5.20.0.jar
2026-07-25 12:18:09,824 [BasicRepositoryConnector-repo.maven.apache.org-0-0] INFO  o.e.m.c.i.e.AbstractTransferListenerAdapter - Downloading https://repo.maven.apache.org/maven2/org/springframework/spring-test/7.0.7/spring-test-7.0.7.jar
2026-07-25 12:18:10,945 [BasicRepositoryConnector-repo.maven.apache.org-0-2] INFO  o.e.m.c.i.e.AbstractTransferListenerAdapter - Downloaded https://repo.maven.apache.org/maven2/org/projectlombok/lombok/1.18.42/lombok-1.18.42.jar
2026-07-25 12:18:11,633 [BasicRepositoryConnector-repo.maven.apache.org-0-0] INFO  o.e.m.c.i.e.AbstractTransferListenerAdapter - Downloaded https://repo.maven.apache.org/maven2/org/springframework/spring-test/7.0.7/spring-test-7.0.7.jar
2026-07-25 12:18:13,366 [BasicRepositoryConnector-repo.maven.apache.org-0-1] INFO  o.e.m.c.i.e.AbstractTransferListenerAdapter - Downloaded https://repo.maven.apache.org/maven2/org/springframework/spring-core/7.0.7/spring-core-7.0.7.jar
2026-07-25 12:18:13,992 [BasicRepositoryConnector-repo.maven.apache.org-0-4] INFO  o.e.m.c.i.e.AbstractTransferListenerAdapter - Downloaded https://repo.maven.apache.org/maven2/org/bouncycastle/bcprov-jdk18on/1.81/bcprov-jdk18on-1.81.jar
2026-07-25 12:18:14,017 [BasicRepositoryConnector-repo.maven.apache.org-0-3] INFO  o.e.m.c.i.e.AbstractTransferListenerAdapter - Downloaded https://repo.maven.apache.org/maven2/org/hibernate/orm/hibernate-core/7.2.12.Final/hibernate-core-7.2.12.Final.jar
2026-07-25 12:18:14,597 [Worker-1: Building] INFO  o.e.m.c.i.l.LifecycleMappingFactory - Using org.eclipse.m2e.jdt.JarLifecycleMapping lifecycle mapping for MavenProject: com.whoami:gateway:0.0.1-SNAPSHOT @ C:\Users\user\Desktop\locato\Gateway\pom.xml.
2026-07-25 12:18:15,230 [Worker-1: Building] INFO  o.e.m.c.i.l.LifecycleMappingFactory - Using org.eclipse.m2e.jdt.JarLifecycleMapping lifecycle mapping for MavenProject: com.whoami:notification-service:1.0.0 @ C:\Users\user\Desktop\locato\Notification-Service\pom.xml.
2026-07-25 12:18:16,820 [Worker-1: Building] INFO  o.e.m.c.i.l.LifecycleMappingFactory - Using org.eclipse.m2e.jdt.JarLifecycleMapping lifecycle mapping for MavenProject: com.whoami:OrderService:0.0.1-SNAPSHOT @ C:\Users\user\Desktop\locato\OrderService\pom.xml.
2026-07-25 12:18:17,415 [Worker-1: Building] INFO  o.e.m.c.i.l.LifecycleMappingFactory - Using org.eclipse.m2e.jdt.JarLifecycleMapping lifecycle mapping for MavenProject: com.whoami:Servicechat:0.0.1-SNAPSHOT @ C:\Users\user\Desktop\locato\Servicechat\pom.xml.
2026-07-25 12:18:17,593 [Worker-1: Building] INFO  o.e.m.c.i.l.LifecycleMappingFactory - Using org.eclipse.m2e.jdt.JarLifecycleMapping lifecycle mapping for MavenProject: com.whoami:service-registry:0.0.1-SNAPSHOT @ C:\Users\user\Desktop\locato\service-registery\pom.xml.
2026-07-25 12:18:17,870 [Worker-1: Building] INFO  o.e.m.c.i.l.LifecycleMappingFactory - Using org.eclipse.m2e.jdt.JarLifecycleMapping lifecycle mapping for MavenProject: com.whoami:SuperUser:0.0.1-SNAPSHOT @ C:\Users\user\Desktop\locato\SuperUSer\pom.xml.
2026-07-25 12:18:21,744 [Worker-7: Download sources and javadoc] INFO  o.e.m.c.i.e.AbstractTransferListenerAdapter - Downloading https://repo.maven.apache.org/maven2/org/springframework/boot/spring-boot-starter-web/4.0.6/spring-boot-starter-web-4.0.6-sources.jar
2026-07-25 12:18:21,755 [Worker-7: Download sources and javadoc] INFO  o.e.m.c.i.e.AbstractTransferListenerAdapter - Downloaded https://repo.maven.apache.org/maven2/org/springframework/boot/spring-boot-starter-web/4.0.6/spring-boot-starter-web-4.0.6-sources.jar
2026-07-25 12:18:21,761 [Worker-7: Download sources and javadoc] INFO  o.e.m.j.internal.DownloadSourcesJob - Downloaded sources for org.springframework.boot:spring-boot-starter-web:4.0.6
2026-07-25 12:18:21,985 [Worker-7: Download sources and javadoc] INFO  o.e.m.c.i.e.AbstractTransferListenerAdapter - Downloading https://repo.maven.apache.org/maven2/org/springframework/boot/spring-boot-starter-jackson/4.0.6/spring-boot-starter-jackson-4.0.6-sources.jar
2026-07-25 12:18:21,989 [Worker-7: Download sources and javadoc] INFO  o.e.m.c.i.e.AbstractTransferListenerAdapter - Downloaded https://repo.maven.apache.org/maven2/org/springframework/boot/spring-boot-starter-jackson/4.0.6/spring-boot-starter-jackson-4.0.6-sources.jar
2026-07-25 12:18:21,994 [Worker-7: Download sources and javadoc] INFO  o.e.m.j.internal.DownloadSourcesJob - Downloaded sources for org.springframework.boot:spring-boot-starter-jackson:4.0.6
2026-07-25 12:18:22,082 [Worker-1: Building] INFO  o.a.m.s.f.DefaultMavenResourcesFiltering - Copying 1 resource from src\main\resources to target\classes
2026-07-25 12:18:22,103 [Worker-1: Building] INFO  o.a.m.s.f.DefaultMavenResourcesFiltering - Copying 1 resource from src\main\resources to target\classes
2026-07-25 12:18:22,112 [Worker-1: Building] INFO  o.a.m.s.f.DefaultMavenResourcesFiltering - skip non existing resourceDirectory C:\Users\user\Desktop\locato\SuperUSer\src\test\resources
2026-07-25 12:18:22,146 [Worker-7: Download sources and javadoc] INFO  o.e.m.c.i.e.AbstractTransferListenerAdapter - Downloading https://repo.maven.apache.org/maven2/org/springframework/boot/spring-boot-jackson/4.0.6/spring-boot-jackson-4.0.6-sources.jar
2026-07-25 12:18:22,172 [Worker-7: Download sources and javadoc] INFO  o.e.m.c.i.e.AbstractTransferListenerAdapter - Downloaded https://repo.maven.apache.org/maven2/org/springframework/boot/spring-boot-jackson/4.0.6/spring-boot-jackson-4.0.6-sources.jar
2026-07-25 12:18:22,177 [Worker-7: Download sources and javadoc] INFO  o.e.m.j.internal.DownloadSourcesJob - Downloaded sources for org.springframework.boot:spring-boot-jackson:4.0.6
2026-07-25 12:18:22,372 [Worker-7: Download sources and javadoc] INFO  o.e.m.c.i.e.AbstractTransferListenerAdapter - Downloading https://repo.maven.apache.org/maven2/tools/jackson/core/jackson-databind/3.1.2/jackson-databind-3.1.2-sources.jar
2026-07-25 12:18:22,574 [Worker-1: Building] WARN  o.apache.maven.project.MavenProject - Plugin is modifying compileSourceRoots through clear(), which will not work in Maven 4.0.0. Use MavenProject.addCompileSourceRoot()/removeCompileSourceRoot() methods instead. If using a plugin, please upgrade to the latest version or report the issue to the plugin maintainer. To disable these warnings, set -Dmaven.project.sourceRoots.warningsDisabled=true on the command line, in the .mvn/maven.config file, or in project POM properties.
2026-07-25 12:18:22,575 [Worker-1: Building] WARN  o.apache.maven.project.MavenProject - Plugin is modifying compileSourceRoots through add(), which will not work in Maven 4.0.0. Use MavenProject.addCompileSourceRoot()/removeCompileSourceRoot() methods instead. If using a plugin, please upgrade to the latest version or report the issue to the plugin maintainer. To disable these warnings, set -Dmaven.project.sourceRoots.warningsDisabled=true on the command line, in the .mvn/maven.config file, or in project POM properties.
2026-07-25 12:18:22,575 [Worker-1: Building] WARN  o.apache.maven.project.MavenProject - Plugin is modifying testCompileSourceRoots through clear(), which will not work in Maven 4.0.0. Use MavenProject.addTestCompileSourceRoot()/removeTestCompileSourceRoot() methods instead. If using a plugin, please upgrade to the latest version or report the issue to the plugin maintainer. To disable these warnings, set -Dmaven.project.sourceRoots.warningsDisabled=true on the command line, in the .mvn/maven.config file, or in project POM properties.
2026-07-25 12:18:22,576 [Worker-1: Building] WARN  o.apache.maven.project.MavenProject - Plugin is modifying testCompileSourceRoots through add(), which will not work in Maven 4.0.0. Use MavenProject.addTestCompileSourceRoot()/removeTestCompileSourceRoot() methods instead. If using a plugin, please upgrade to the latest version or report the issue to the plugin maintainer. To disable these warnings, set -Dmaven.project.sourceRoots.warningsDisabled=true on the command line, in the .mvn/maven.config file, or in project POM properties.
2026-07-25 12:18:23,221 [Worker-7: Download sources and javadoc] INFO  o.e.m.c.i.e.AbstractTransferListenerAdapter - Downloaded https://repo.maven.apache.org/maven2/tools/jackson/core/jackson-databind/3.1.2/jackson-databind-3.1.2-sources.jar
2026-07-25 12:18:23,226 [Worker-7: Download sources and javadoc] INFO  o.e.m.j.internal.DownloadSourcesJob - Downloaded sources for tools.jackson.core:jackson-databind:3.1.2
2026-07-25 12:18:23,302 [Worker-8: Updating Maven Dependencies] INFO  o.e.m.c.i.l.LifecycleMappingFactory - Using org.eclipse.m2e.jdt.JarLifecycleMapping lifecycle mapping for MavenProject: com.whoami:SuperUser:0.0.1-SNAPSHOT @ C:\Users\user\Desktop\locato\SuperUSer\pom.xml.
2026-07-25 12:18:23,467 [Worker-7: Download sources and javadoc] INFO  o.e.m.c.i.e.AbstractTransferListenerAdapter - Downloading https://repo.maven.apache.org/maven2/tools/jackson/core/jackson-core/3.1.2/jackson-core-3.1.2-sources.jar
2026-07-25 12:18:23,739 [Worker-7: Download sources and javadoc] INFO  o.e.m.c.i.e.AbstractTransferListenerAdapter - Downloaded https://repo.maven.apache.org/maven2/tools/jackson/core/jackson-core/3.1.2/jackson-core-3.1.2-sources.jar
2026-07-25 12:18:23,745 [Worker-7: Download sources and javadoc] INFO  o.e.m.j.internal.DownloadSourcesJob - Downloaded sources for tools.jackson.core:jackson-core:3.1.2
2026-07-25 12:18:23,915 [Worker-7: Download sources and javadoc] INFO  o.e.m.c.i.e.AbstractTransferListenerAdapter - Downloading https://repo.maven.apache.org/maven2/org/springframework/boot/spring-boot-starter-tomcat/4.0.6/spring-boot-starter-tomcat-4.0.6-sources.jar
2026-07-25 12:18:23,920 [Worker-7: Download sources and javadoc] INFO  o.e.m.c.i.e.AbstractTransferListenerAdapter - Downloaded https://repo.maven.apache.org/maven2/org/springframework/boot/spring-boot-starter-tomcat/4.0.6/spring-boot-starter-tomcat-4.0.6-sources.jar
2026-07-25 12:18:23,926 [Worker-7: Download sources and javadoc] INFO  o.e.m.j.internal.DownloadSourcesJob - Downloaded sources for org.springframework.boot:spring-boot-starter-tomcat:4.0.6
2026-07-25 12:18:24,083 [Worker-7: Download sources and javadoc] INFO  o.e.m.c.i.e.AbstractTransferListenerAdapter - Downloading https://repo.maven.apache.org/maven2/org/springframework/boot/spring-boot-starter-tomcat-runtime/4.0.6/spring-boot-starter-tomcat-runtime-4.0.6-sources.jar
2026-07-25 12:18:24,091 [Worker-7: Download sources and javadoc] INFO  o.e.m.c.i.e.AbstractTransferListenerAdapter - Downloaded https://repo.maven.apache.org/maven2/org/springframework/boot/spring-boot-starter-tomcat-runtime/4.0.6/spring-boot-starter-tomcat-runtime-4.0.6-sources.jar
2026-07-25 12:18:24,096 [Worker-7: Download sources and javadoc] INFO  o.e.m.j.internal.DownloadSourcesJob - Downloaded sources for org.springframework.boot:spring-boot-starter-tomcat-runtime:4.0.6
2026-07-25 12:18:24,294 [Worker-7: Download sources and javadoc] INFO  o.e.m.c.i.e.AbstractTransferListenerAdapter - Downloading https://repo.maven.apache.org/maven2/org/springframework/boot/spring-boot-web-server/4.0.6/spring-boot-web-server-4.0.6-sources.jar
2026-07-25 12:18:24,388 [Worker-7: Download sources and javadoc] INFO  o.e.m.c.i.e.AbstractTransferListenerAdapter - Downloaded https://repo.maven.apache.org/maven2/org/springframework/boot/spring-boot-web-server/4.0.6/spring-boot-web-server-4.0.6-sources.jar
2026-07-25 12:18:24,394 [Worker-7: Download sources and javadoc] INFO  o.e.m.j.internal.DownloadSourcesJob - Downloaded sources for org.springframework.boot:spring-boot-web-server:4.0.6
2026-07-25 12:18:24,577 [Worker-7: Download sources and javadoc] INFO  o.e.m.c.i.e.AbstractTransferListenerAdapter - Downloading https://repo.maven.apache.org/maven2/org/apache/tomcat/embed/tomcat-embed-core/11.0.21/tomcat-embed-core-11.0.21-sources.jar
2026-07-25 12:18:27,104 [Worker-7: Download sources and javadoc] INFO  o.e.m.c.i.e.AbstractTransferListenerAdapter - Downloaded https://repo.maven.apache.org/maven2/org/apache/tomcat/embed/tomcat-embed-core/11.0.21/tomcat-embed-core-11.0.21-sources.jar
2026-07-25 12:18:27,109 [Worker-7: Download sources and javadoc] INFO  o.e.m.j.internal.DownloadSourcesJob - Downloaded sources for org.apache.tomcat.embed:tomcat-embed-core:11.0.21
2026-07-25 12:18:27,294 [Worker-7: Download sources and javadoc] INFO  o.e.m.c.i.e.AbstractTransferListenerAdapter - Downloading https://repo.maven.apache.org/maven2/org/apache/tomcat/embed/tomcat-embed-websocket/11.0.21/tomcat-embed-websocket-11.0.21-sources.jar
2026-07-25 12:18:27,471 [Worker-7: Download sources and javadoc] INFO  o.e.m.c.i.e.AbstractTransferListenerAdapter - Downloaded https://repo.maven.apache.org/maven2/org/apache/tomcat/embed/tomcat-embed-websocket/11.0.21/tomcat-embed-websocket-11.0.21-sources.jar
2026-07-25 12:18:27,492 [Worker-7: Download sources and javadoc] INFO  o.e.m.j.internal.DownloadSourcesJob - Downloaded sources for org.apache.tomcat.embed:tomcat-embed-websocket:11.0.21
2026-07-25 12:18:27,690 [Worker-7: Download sources and javadoc] INFO  o.e.m.c.i.e.AbstractTransferListenerAdapter - Downloading https://repo.maven.apache.org/maven2/org/springframework/boot/spring-boot-tomcat/4.0.6/spring-boot-tomcat-4.0.6-sources.jar
2026-07-25 12:18:27,758 [Worker-7: Download sources and javadoc] INFO  o.e.m.c.i.e.AbstractTransferListenerAdapter - Downloaded https://repo.maven.apache.org/maven2/org/springframework/boot/spring-boot-tomcat/4.0.6/spring-boot-tomcat-4.0.6-sources.jar
2026-07-25 12:18:27,763 [Worker-7: Download sources and javadoc] INFO  o.e.m.j.internal.DownloadSourcesJob - Downloaded sources for org.springframework.boot:spring-boot-tomcat:4.0.6
2026-07-25 12:18:27,940 [Worker-7: Download sources and javadoc] INFO  o.e.m.c.i.e.AbstractTransferListenerAdapter - Downloading https://repo.maven.apache.org/maven2/org/springframework/boot/spring-boot-http-converter/4.0.6/spring-boot-http-converter-4.0.6-sources.jar
2026-07-25 12:18:27,958 [Worker-7: Download sources and javadoc] INFO  o.e.m.c.i.e.AbstractTransferListenerAdapter - Downloaded https://repo.maven.apache.org/maven2/org/springframework/boot/spring-boot-http-converter/4.0.6/spring-boot-http-converter-4.0.6-sources.jar
2026-07-25 12:18:27,963 [Worker-7: Download sources and javadoc] INFO  o.e.m.j.internal.DownloadSourcesJob - Downloaded sources for org.springframework.boot:spring-boot-http-converter:4.0.6
2026-07-25 12:18:28,084 [Worker-11: Building] INFO  o.a.m.s.f.DefaultMavenResourcesFiltering - Copying 1 resource from src\main\resources to target\classes
2026-07-25 12:18:28,102 [Worker-11: Building] INFO  o.a.m.s.f.DefaultMavenResourcesFiltering - Copying 1 resource from src\main\resources to target\classes
2026-07-25 12:18:28,113 [Worker-11: Building] INFO  o.a.m.s.f.DefaultMavenResourcesFiltering - skip non existing resourceDirectory C:\Users\user\Desktop\locato\SuperUSer\src\test\resources
2026-07-25 12:18:28,129 [Worker-7: Download sources and javadoc] INFO  o.e.m.c.i.e.AbstractTransferListenerAdapter - Downloading https://repo.maven.apache.org/maven2/org/springframework/boot/spring-boot/4.0.6/spring-boot-4.0.6-sources.jar
2026-07-25 12:18:28,157 [Worker-11: Building] WARN  o.apache.maven.project.MavenProject - Plugin is modifying compileSourceRoots through clear(), which will not work in Maven 4.0.0. Use MavenProject.addCompileSourceRoot()/removeCompileSourceRoot() methods instead. If using a plugin, please upgrade to the latest version or report the issue to the plugin maintainer. To disable these warnings, set -Dmaven.project.sourceRoots.warningsDisabled=true on the command line, in the .mvn/maven.config file, or in project POM properties.
2026-07-25 12:18:28,158 [Worker-11: Building] WARN  o.apache.maven.project.MavenProject - Plugin is modifying compileSourceRoots through add(), which will not work in Maven 4.0.0. Use MavenProject.addCompileSourceRoot()/removeCompileSourceRoot() methods instead. If using a plugin, please upgrade to the latest version or report the issue to the plugin maintainer. To disable these warnings, set -Dmaven.project.sourceRoots.warningsDisabled=true on the command line, in the .mvn/maven.config file, or in project POM properties.
2026-07-25 12:18:28,159 [Worker-11: Building] WARN  o.apache.maven.project.MavenProject - Plugin is modifying testCompileSourceRoots through clear(), which will not work in Maven 4.0.0. Use MavenProject.addTestCompileSourceRoot()/removeTestCompileSourceRoot() methods instead. If using a plugin, please upgrade to the latest version or report the issue to the plugin maintainer. To disable these warnings, set -Dmaven.project.sourceRoots.warningsDisabled=true on the command line, in the .mvn/maven.config file, or in project POM properties.
2026-07-25 12:18:28,159 [Worker-11: Building] WARN  o.apache.maven.project.MavenProject - Plugin is modifying testCompileSourceRoots through add(), which will not work in Maven 4.0.0. Use MavenProject.addTestCompileSourceRoot()/removeTestCompileSourceRoot() methods instead. If using a plugin, please upgrade to the latest version or report the issue to the plugin maintainer. To disable these warnings, set -Dmaven.project.sourceRoots.warningsDisabled=true on the command line, in the .mvn/maven.config file, or in project POM properties.
2026-07-25 12:18:28,700 [Worker-7: Download sources and javadoc] INFO  o.e.m.c.i.e.AbstractTransferListenerAdapter - Downloaded https://repo.maven.apache.org/maven2/org/springframework/boot/spring-boot/4.0.6/spring-boot-4.0.6-sources.jar
2026-07-25 12:18:28,706 [Worker-7: Download sources and javadoc] INFO  o.e.m.j.internal.DownloadSourcesJob - Downloaded sources for org.springframework.boot:spring-boot:4.0.6
2026-07-25 12:18:28,884 [Worker-7: Download sources and javadoc] INFO  o.e.m.c.i.e.AbstractTransferListenerAdapter - Downloading https://repo.maven.apache.org/maven2/org/springframework/spring-context/7.0.7/spring-context-7.0.7-sources.jar
2026-07-25 12:18:29,635 [Worker-11: Building] INFO  o.e.m.c.i.l.LifecycleMappingFactory - Using org.eclipse.m2e.jdt.JarLifecycleMapping lifecycle mapping for MavenProject: com.whoami:userRegistry:0.0.1-SNAPSHOT @ C:\Users\user\Desktop\locato\userRegistry\pom.xml.
2026-07-25 12:18:29,763 [Worker-7: Download sources and javadoc] INFO  o.e.m.c.i.e.AbstractTransferListenerAdapter - Downloaded https://repo.maven.apache.org/maven2/org/springframework/spring-context/7.0.7/spring-context-7.0.7-sources.jar
2026-07-25 12:18:29,776 [Worker-7: Download sources and javadoc] INFO  o.e.m.j.internal.DownloadSourcesJob - Downloaded sources for org.springframework:spring-context:7.0.7
2026-07-25 12:18:30,034 [Worker-7: Download sources and javadoc] INFO  o.e.m.c.i.e.AbstractTransferListenerAdapter - Downloading https://repo.maven.apache.org/maven2/org/springframework/boot/spring-boot-webmvc/4.0.6/spring-boot-webmvc-4.0.6-sources.jar
2026-07-25 12:18:30,096 [Worker-7: Download sources and javadoc] INFO  o.e.m.c.i.e.AbstractTransferListenerAdapter - Downloaded https://repo.maven.apache.org/maven2/org/springframework/boot/spring-boot-webmvc/4.0.6/spring-boot-webmvc-4.0.6-sources.jar
2026-07-25 12:18:30,102 [Worker-7: Download sources and javadoc] INFO  o.e.m.j.internal.DownloadSourcesJob - Downloaded sources for org.springframework.boot:spring-boot-webmvc:4.0.6
2026-07-25 12:18:30,274 [Worker-7: Download sources and javadoc] INFO  o.e.m.c.i.e.AbstractTransferListenerAdapter - Downloading https://repo.maven.apache.org/maven2/org/springframework/boot/spring-boot-servlet/4.0.6/spring-boot-servlet-4.0.6-sources.jar
2026-07-25 12:18:30,290 [Worker-7: Download sources and javadoc] INFO  o.e.m.c.i.e.AbstractTransferListenerAdapter - Downloaded https://repo.maven.apache.org/maven2/org/springframework/boot/spring-boot-servlet/4.0.6/spring-boot-servlet-4.0.6-sources.jar
2026-07-25 12:18:30,295 [Worker-7: Download sources and javadoc] INFO  o.e.m.j.internal.DownloadSourcesJob - Downloaded sources for org.springframework.boot:spring-boot-servlet:4.0.6
2026-07-25 12:18:30,449 [Worker-7: Download sources and javadoc] INFO  o.e.m.c.i.e.AbstractTransferListenerAdapter - Downloading https://repo.maven.apache.org/maven2/org/springframework/spring-webmvc/7.0.7/spring-webmvc-7.0.7-sources.jar
2026-07-25 12:18:31,047 [Worker-7: Download sources and javadoc] INFO  o.e.m.c.i.e.AbstractTransferListenerAdapter - Downloaded https://repo.maven.apache.org/maven2/org/springframework/spring-webmvc/7.0.7/spring-webmvc-7.0.7-sources.jar
2026-07-25 12:18:31,053 [Worker-7: Download sources and javadoc] INFO  o.e.m.j.internal.DownloadSourcesJob - Downloaded sources for org.springframework:spring-webmvc:7.0.7
2026-07-25 12:18:31,196 [Worker-7: Download sources and javadoc] INFO  o.e.m.c.i.e.AbstractTransferListenerAdapter - Downloading https://repo.maven.apache.org/maven2/org/springframework/spring-expression/7.0.7/spring-expression-7.0.7-sources.jar
2026-07-25 12:18:31,388 [Worker-7: Download sources and javadoc] INFO  o.e.m.c.i.e.AbstractTransferListenerAdapter - Downloaded https://repo.maven.apache.org/maven2/org/springframework/spring-expression/7.0.7/spring-expression-7.0.7-sources.jar
2026-07-25 12:18:31,394 [Worker-7: Download sources and javadoc] INFO  o.e.m.j.internal.DownloadSourcesJob - Downloaded sources for org.springframework:spring-expression:7.0.7
2026-07-25 12:18:31,576 [Worker-7: Download sources and javadoc] INFO  o.e.m.c.i.e.AbstractTransferListenerAdapter - Downloading https://repo.maven.apache.org/maven2/org/springframework/boot/spring-boot-starter-security/4.0.6/spring-boot-starter-security-4.0.6-sources.jar
2026-07-25 12:18:31,580 [Worker-7: Download sources and javadoc] INFO  o.e.m.c.i.e.AbstractTransferListenerAdapter - Downloaded https://repo.maven.apache.org/maven2/org/springframework/boot/spring-boot-starter-security/4.0.6/spring-boot-starter-security-4.0.6-sources.jar
2026-07-25 12:18:31,586 [Worker-7: Download sources and javadoc] INFO  o.e.m.j.internal.DownloadSourcesJob - Downloaded sources for org.springframework.boot:spring-boot-starter-security:4.0.6
2026-07-25 12:18:32,105 [Worker-7: Download sources and javadoc] INFO  o.e.m.c.i.e.AbstractTransferListenerAdapter - Downloading https://repo.maven.apache.org/maven2/org/springframework/boot/spring-boot-starter/4.0.6/spring-boot-starter-4.0.6-sources.jar
2026-07-25 12:18:32,109 [Worker-7: Download sources and javadoc] INFO  o.e.m.c.i.e.AbstractTransferListenerAdapter - Downloaded https://repo.maven.apache.org/maven2/org/springframework/boot/spring-boot-starter/4.0.6/spring-boot-starter-4.0.6-sources.jar
2026-07-25 12:18:32,114 [Worker-7: Download sources and javadoc] INFO  o.e.m.j.internal.DownloadSourcesJob - Downloaded sources for org.springframework.boot:spring-boot-starter:4.0.6
2026-07-25 12:18:32,334 [Worker-7: Download sources and javadoc] INFO  o.e.m.c.i.e.AbstractTransferListenerAdapter - Downloading https://repo.maven.apache.org/maven2/org/springframework/boot/spring-boot-starter-logging/4.0.6/spring-boot-starter-logging-4.0.6-sources.jar
2026-07-25 12:18:32,348 [Worker-7: Download sources and javadoc] INFO  o.e.m.c.i.e.AbstractTransferListenerAdapter - Downloaded https://repo.maven.apache.org/maven2/org/springframework/boot/spring-boot-starter-logging/4.0.6/spring-boot-starter-logging-4.0.6-sources.jar
2026-07-25 12:18:32,355 [Worker-7: Download sources and javadoc] INFO  o.e.m.j.internal.DownloadSourcesJob - Downloaded sources for org.springframework.boot:spring-boot-starter-logging:4.0.6
2026-07-25 12:18:32,580 [Worker-7: Download sources and javadoc] INFO  o.e.m.c.i.e.AbstractTransferListenerAdapter - Downloading https://repo.maven.apache.org/maven2/org/springframework/boot/spring-boot-autoconfigure/4.0.6/spring-boot-autoconfigure-4.0.6-sources.jar
2026-07-25 12:18:32,586 [Worker-11: Building] INFO  o.a.m.s.f.DefaultMavenResourcesFiltering - Copying 1 resource from src\main\resources to target\classes
2026-07-25 12:18:32,631 [Worker-11: Building] INFO  o.a.m.s.f.DefaultMavenResourcesFiltering - Copying 8 resources from src\main\resources to target\classes
2026-07-25 12:18:32,667 [Worker-11: Building] INFO  o.a.m.s.f.DefaultMavenResourcesFiltering - skip non existing resourceDirectory C:\Users\user\Desktop\locato\userRegistry\src\test\resources
2026-07-25 12:18:32,818 [Worker-7: Download sources and javadoc] INFO  o.e.m.c.i.e.AbstractTransferListenerAdapter - Downloaded https://repo.maven.apache.org/maven2/org/springframework/boot/spring-boot-autoconfigure/4.0.6/spring-boot-autoconfigure-4.0.6-sources.jar
2026-07-25 12:18:32,825 [Worker-11: Building] WARN  o.apache.maven.project.MavenProject - Plugin is modifying compileSourceRoots through clear(), which will not work in Maven 4.0.0. Use MavenProject.addCompileSourceRoot()/removeCompileSourceRoot() methods instead. If using a plugin, please upgrade to the latest version or report the issue to the plugin maintainer. To disable these warnings, set -Dmaven.project.sourceRoots.warningsDisabled=true on the command line, in the .mvn/maven.config file, or in project POM properties.
2026-07-25 12:18:32,826 [Worker-11: Building] WARN  o.apache.maven.project.MavenProject - Plugin is modifying compileSourceRoots through add(), which will not work in Maven 4.0.0. Use MavenProject.addCompileSourceRoot()/removeCompileSourceRoot() methods instead. If using a plugin, please upgrade to the latest version or report the issue to the plugin maintainer. To disable these warnings, set -Dmaven.project.sourceRoots.warningsDisabled=true on the command line, in the .mvn/maven.config file, or in project POM properties.
2026-07-25 12:18:32,826 [Worker-11: Building] WARN  o.apache.maven.project.MavenProject - Plugin is modifying testCompileSourceRoots through clear(), which will not work in Maven 4.0.0. Use MavenProject.addTestCompileSourceRoot()/removeTestCompileSourceRoot() methods instead. If using a plugin, please upgrade to the latest version or report the issue to the plugin maintainer. To disable these warnings, set -Dmaven.project.sourceRoots.warningsDisabled=true on the command line, in the .mvn/maven.config file, or in project POM properties.
2026-07-25 12:18:32,832 [Worker-7: Download sources and javadoc] INFO  o.e.m.j.internal.DownloadSourcesJob - Downloaded sources for org.springframework.boot:spring-boot-autoconfigure:4.0.6
2026-07-25 12:18:32,832 [Worker-11: Building] WARN  o.apache.maven.project.MavenProject - Plugin is modifying testCompileSourceRoots through add(), which will not work in Maven 4.0.0. Use MavenProject.addTestCompileSourceRoot()/removeTestCompileSourceRoot() methods instead. If using a plugin, please upgrade to the latest version or report the issue to the plugin maintainer. To disable these warnings, set -Dmaven.project.sourceRoots.warningsDisabled=true on the command line, in the .mvn/maven.config file, or in project POM properties.
2026-07-25 12:18:33,011 [Worker-7: Download sources and javadoc] INFO  o.e.m.c.i.e.AbstractTransferListenerAdapter - Downloading https://repo.maven.apache.org/maven2/org/yaml/snakeyaml/2.5/snakeyaml-2.5-sources.jar
2026-07-25 12:18:33,142 [Worker-7: Download sources and javadoc] INFO  o.e.m.c.i.e.AbstractTransferListenerAdapter - Downloaded https://repo.maven.apache.org/maven2/org/yaml/snakeyaml/2.5/snakeyaml-2.5-sources.jar
2026-07-25 12:18:33,147 [Worker-7: Download sources and javadoc] INFO  o.e.m.j.internal.DownloadSourcesJob - Downloaded sources for org.yaml:snakeyaml:2.5
2026-07-25 12:18:33,289 [Worker-7: Download sources and javadoc] INFO  o.e.m.c.i.e.AbstractTransferListenerAdapter - Downloading https://repo.maven.apache.org/maven2/org/springframework/boot/spring-boot-security/4.0.6/spring-boot-security-4.0.6-sources.jar
2026-07-25 12:18:33,318 [Worker-7: Download sources and javadoc] INFO  o.e.m.c.i.e.AbstractTransferListenerAdapter - Downloaded https://repo.maven.apache.org/maven2/org/springframework/boot/spring-boot-security/4.0.6/spring-boot-security-4.0.6-sources.jar
2026-07-25 12:18:33,324 [Worker-7: Download sources and javadoc] INFO  o.e.m.j.internal.DownloadSourcesJob - Downloaded sources for org.springframework.boot:spring-boot-security:4.0.6
2026-07-25 12:18:33,489 [Worker-7: Download sources and javadoc] INFO  o.e.m.c.i.e.AbstractTransferListenerAdapter - Downloading https://repo.maven.apache.org/maven2/org/springframework/security/spring-security-config/7.0.5/spring-security-config-7.0.5-sources.jar
2026-07-25 12:18:33,834 [Worker-8: Updating Maven Dependencies] INFO  o.e.m.c.i.l.LifecycleMappingFactory - Using org.eclipse.m2e.jdt.JarLifecycleMapping lifecycle mapping for MavenProject: com.whoami:userRegistry:0.0.1-SNAPSHOT @ C:\Users\user\Desktop\locato\userRegistry\pom.xml.
2026-07-25 12:18:34,301 [Worker-7: Download sources and javadoc] INFO  o.e.m.c.i.e.AbstractTransferListenerAdapter - Downloaded https://repo.maven.apache.org/maven2/org/springframework/security/spring-security-config/7.0.5/spring-security-config-7.0.5-sources.jar
2026-07-25 12:18:34,307 [Worker-7: Download sources and javadoc] INFO  o.e.m.j.internal.DownloadSourcesJob - Downloaded sources for org.springframework.security:spring-security-config:7.0.5
2026-07-25 12:18:34,483 [Worker-7: Download sources and javadoc] INFO  o.e.m.c.i.e.AbstractTransferListenerAdapter - Downloading https://repo.maven.apache.org/maven2/org/springframework/security/spring-security-core/7.0.5/spring-security-core-7.0.5-sources.jar
2026-07-25 12:18:34,734 [Worker-7: Download sources and javadoc] INFO  o.e.m.c.i.e.AbstractTransferListenerAdapter - Downloaded https://repo.maven.apache.org/maven2/org/springframework/security/spring-security-core/7.0.5/spring-security-core-7.0.5-sources.jar
2026-07-25 12:18:34,739 [Worker-7: Download sources and javadoc] INFO  o.e.m.j.internal.DownloadSourcesJob - Downloaded sources for org.springframework.security:spring-security-core:7.0.5
2026-07-25 12:18:34,876 [Worker-7: Download sources and javadoc] INFO  o.e.m.c.i.e.AbstractTransferListenerAdapter - Downloading https://repo.maven.apache.org/maven2/org/springframework/security/spring-security-web/7.0.5/spring-security-web-7.0.5-sources.jar
2026-07-25 12:18:35,279 [Worker-7: Download sources and javadoc] INFO  o.e.m.c.i.e.AbstractTransferListenerAdapter - Downloaded https://repo.maven.apache.org/maven2/org/springframework/security/spring-security-web/7.0.5/spring-security-web-7.0.5-sources.jar
2026-07-25 12:18:35,285 [Worker-7: Download sources and javadoc] INFO  o.e.m.j.internal.DownloadSourcesJob - Downloaded sources for org.springframework.security:spring-security-web:7.0.5
2026-07-25 12:18:35,440 [Worker-7: Download sources and javadoc] INFO  o.e.m.c.i.e.AbstractTransferListenerAdapter - Downloading https://repo.maven.apache.org/maven2/org/springframework/spring-aop/7.0.7/spring-aop-7.0.7-sources.jar
2026-07-25 12:18:35,663 [Worker-7: Download sources and javadoc] INFO  o.e.m.c.i.e.AbstractTransferListenerAdapter - Downloaded https://repo.maven.apache.org/maven2/org/springframework/spring-aop/7.0.7/spring-aop-7.0.7-sources.jar
2026-07-25 12:18:35,669 [Worker-7: Download sources and javadoc] INFO  o.e.m.j.internal.DownloadSourcesJob - Downloaded sources for org.springframework:spring-aop:7.0.7
2026-07-25 12:18:35,674 [Worker-12: Building] INFO  o.a.m.s.f.DefaultMavenResourcesFiltering - Copying 1 resource from src\main\resources to target\classes
2026-07-25 12:18:35,697 [Worker-12: Building] INFO  o.a.m.s.f.DefaultMavenResourcesFiltering - Copying 8 resources from src\main\resources to target\classes
2026-07-25 12:18:35,718 [Worker-12: Building] INFO  o.a.m.s.f.DefaultMavenResourcesFiltering - skip non existing resourceDirectory C:\Users\user\Desktop\locato\userRegistry\src\test\resources
2026-07-25 12:18:35,739 [Worker-12: Building] WARN  o.apache.maven.project.MavenProject - Plugin is modifying compileSourceRoots through clear(), which will not work in Maven 4.0.0. Use MavenProject.addCompileSourceRoot()/removeCompileSourceRoot() methods instead. If using a plugin, please upgrade to the latest version or report the issue to the plugin maintainer. To disable these warnings, set -Dmaven.project.sourceRoots.warningsDisabled=true on the command line, in the .mvn/maven.config file, or in project POM properties.
2026-07-25 12:18:35,740 [Worker-12: Building] WARN  o.apache.maven.project.MavenProject - Plugin is modifying compileSourceRoots through add(), which will not work in Maven 4.0.0. Use MavenProject.addCompileSourceRoot()/removeCompileSourceRoot() methods instead. If using a plugin, please upgrade to the latest version or report the issue to the plugin maintainer. To disable these warnings, set -Dmaven.project.sourceRoots.warningsDisabled=true on the command line, in the .mvn/maven.config file, or in project POM properties.
2026-07-25 12:18:35,741 [Worker-12: Building] WARN  o.apache.maven.project.MavenProject - Plugin is modifying testCompileSourceRoots through clear(), which will not work in Maven 4.0.0. Use MavenProject.addTestCompileSourceRoot()/removeTestCompileSourceRoot() methods instead. If using a plugin, please upgrade to the latest version or report the issue to the plugin maintainer. To disable these warnings, set -Dmaven.project.sourceRoots.warningsDisabled=true on the command line, in the .mvn/maven.config file, or in project POM properties.
2026-07-25 12:18:35,741 [Worker-12: Building] WARN  o.apache.maven.project.MavenProject - Plugin is modifying testCompileSourceRoots through add(), which will not work in Maven 4.0.0. Use MavenProject.addTestCompileSourceRoot()/removeTestCompileSourceRoot() methods instead. If using a plugin, please upgrade to the latest version or report the issue to the plugin maintainer. To disable these warnings, set -Dmaven.project.sourceRoots.warningsDisabled=true on the command line, in the .mvn/maven.config file, or in project POM properties.
2026-07-25 12:18:35,815 [Worker-7: Download sources and javadoc] INFO  o.e.m.c.i.e.AbstractTransferListenerAdapter - Downloading https://repo.maven.apache.org/maven2/org/springframework/spring-beans/7.0.7/spring-beans-7.0.7-sources.jar
2026-07-25 12:18:36,142 [Worker-7: Download sources and javadoc] INFO  o.e.m.c.i.e.AbstractTransferListenerAdapter - Downloaded https://repo.maven.apache.org/maven2/org/springframework/spring-beans/7.0.7/spring-beans-7.0.7-sources.jar
2026-07-25 12:18:36,147 [Worker-7: Download sources and javadoc] INFO  o.e.m.j.internal.DownloadSourcesJob - Downloaded sources for org.springframework:spring-beans:7.0.7
2026-07-25 12:18:36,314 [Worker-7: Download sources and javadoc] INFO  o.e.m.c.i.e.AbstractTransferListenerAdapter - Downloading https://repo.maven.apache.org/maven2/org/springframework/boot/spring-boot-starter-validation/4.0.6/spring-boot-starter-validation-4.0.6-sources.jar
2026-07-25 12:18:36,318 [Worker-7: Download sources and javadoc] INFO  o.e.m.c.i.e.AbstractTransferListenerAdapter - Downloaded https://repo.maven.apache.org/maven2/org/springframework/boot/spring-boot-starter-validation/4.0.6/spring-boot-starter-validation-4.0.6-sources.jar
2026-07-25 12:18:36,323 [Worker-7: Download sources and javadoc] INFO  o.e.m.j.internal.DownloadSourcesJob - Downloaded sources for org.springframework.boot:spring-boot-starter-validation:4.0.6
2026-07-25 12:18:36,482 [Worker-7: Download sources and javadoc] INFO  o.e.m.c.i.e.AbstractTransferListenerAdapter - Downloading https://repo.maven.apache.org/maven2/org/springframework/boot/spring-boot-validation/4.0.6/spring-boot-validation-4.0.6-sources.jar
2026-07-25 12:18:36,487 [Worker-7: Download sources and javadoc] INFO  o.e.m.c.i.e.AbstractTransferListenerAdapter - Downloaded https://repo.maven.apache.org/maven2/org/springframework/boot/spring-boot-validation/4.0.6/spring-boot-validation-4.0.6-sources.jar
2026-07-25 12:18:36,492 [Worker-7: Download sources and javadoc] INFO  o.e.m.j.internal.DownloadSourcesJob - Downloaded sources for org.springframework.boot:spring-boot-validation:4.0.6
2026-07-25 12:18:36,639 [Worker-7: Download sources and javadoc] INFO  o.e.m.c.i.e.AbstractTransferListenerAdapter - Downloading https://repo.maven.apache.org/maven2/org/apache/tomcat/embed/tomcat-embed-el/11.0.21/tomcat-embed-el-11.0.21-sources.jar
2026-07-25 12:18:36,832 [Worker-7: Download sources and javadoc] INFO  o.e.m.c.i.e.AbstractTransferListenerAdapter - Downloaded https://repo.maven.apache.org/maven2/org/apache/tomcat/embed/tomcat-embed-el/11.0.21/tomcat-embed-el-11.0.21-sources.jar
2026-07-25 12:18:36,839 [Worker-7: Download sources and javadoc] INFO  o.e.m.j.internal.DownloadSourcesJob - Downloaded sources for org.apache.tomcat.embed:tomcat-embed-el:11.0.21
2026-07-25 12:18:37,083 [Worker-7: Download sources and javadoc] INFO  o.e.m.c.i.e.AbstractTransferListenerAdapter - Downloading https://repo.maven.apache.org/maven2/org/hibernate/validator/hibernate-validator/9.0.1.Final/hibernate-validator-9.0.1.Final-sources.jar
2026-07-25 12:18:37,949 [Worker-7: Download sources and javadoc] INFO  o.e.m.c.i.e.AbstractTransferListenerAdapter - Downloaded https://repo.maven.apache.org/maven2/org/hibernate/validator/hibernate-validator/9.0.1.Final/hibernate-validator-9.0.1.Final-sources.jar
2026-07-25 12:18:37,956 [Worker-7: Download sources and javadoc] INFO  o.e.m.j.internal.DownloadSourcesJob - Downloaded sources for org.hibernate.validator:hibernate-validator:9.0.1.Final
2026-07-25 12:18:38,168 [Worker-7: Download sources and javadoc] INFO  o.e.m.c.i.e.AbstractTransferListenerAdapter - Downloading https://repo.maven.apache.org/maven2/jakarta/validation/jakarta.validation-api/3.1.1/jakarta.validation-api-3.1.1-sources.jar
2026-07-25 12:18:38,239 [Worker-7: Download sources and javadoc] INFO  o.e.m.c.i.e.AbstractTransferListenerAdapter - Downloaded https://repo.maven.apache.org/maven2/jakarta/validation/jakarta.validation-api/3.1.1/jakarta.validation-api-3.1.1-sources.jar
2026-07-25 12:18:38,247 [Worker-7: Download sources and javadoc] INFO  o.e.m.j.internal.DownloadSourcesJob - Downloaded sources for jakarta.validation:jakarta.validation-api:3.1.1
2026-07-25 12:18:38,422 [Worker-7: Download sources and javadoc] INFO  o.e.m.c.i.e.AbstractTransferListenerAdapter - Downloading https://repo.maven.apache.org/maven2/org/springframework/boot/spring-boot-starter-data-jpa/4.0.6/spring-boot-starter-data-jpa-4.0.6-sources.jar
2026-07-25 12:18:38,427 [Worker-7: Download sources and javadoc] INFO  o.e.m.c.i.e.AbstractTransferListenerAdapter - Downloaded https://repo.maven.apache.org/maven2/org/springframework/boot/spring-boot-starter-data-jpa/4.0.6/spring-boot-starter-data-jpa-4.0.6-sources.jar
2026-07-25 12:18:38,433 [Worker-7: Download sources and javadoc] INFO  o.e.m.j.internal.DownloadSourcesJob - Downloaded sources for org.springframework.boot:spring-boot-starter-data-jpa:4.0.6
2026-07-25 12:18:38,595 [Worker-7: Download sources and javadoc] INFO  o.e.m.c.i.e.AbstractTransferListenerAdapter - Downloading https://repo.maven.apache.org/maven2/org/springframework/boot/spring-boot-starter-jdbc/4.0.6/spring-boot-starter-jdbc-4.0.6-sources.jar
2026-07-25 12:18:38,599 [Worker-7: Download sources and javadoc] INFO  o.e.m.c.i.e.AbstractTransferListenerAdapter - Downloaded https://repo.maven.apache.org/maven2/org/springframework/boot/spring-boot-starter-jdbc/4.0.6/spring-boot-starter-jdbc-4.0.6-sources.jar
2026-07-25 12:18:38,605 [Worker-7: Download sources and javadoc] INFO  o.e.m.j.internal.DownloadSourcesJob - Downloaded sources for org.springframework.boot:spring-boot-starter-jdbc:4.0.6
2026-07-25 12:18:38,758 [Worker-7: Download sources and javadoc] INFO  o.e.m.c.i.e.AbstractTransferListenerAdapter - Downloading https://repo.maven.apache.org/maven2/com/zaxxer/HikariCP/7.0.2/HikariCP-7.0.2-sources.jar
2026-07-25 12:18:38,820 [Worker-7: Download sources and javadoc] INFO  o.e.m.c.i.e.AbstractTransferListenerAdapter - Downloaded https://repo.maven.apache.org/maven2/com/zaxxer/HikariCP/7.0.2/HikariCP-7.0.2-sources.jar
2026-07-25 12:18:38,831 [Worker-7: Download sources and javadoc] INFO  o.e.m.j.internal.DownloadSourcesJob - Downloaded sources for com.zaxxer:HikariCP:7.0.2
2026-07-25 12:18:38,997 [Worker-7: Download sources and javadoc] INFO  o.e.m.c.i.e.AbstractTransferListenerAdapter - Downloading https://repo.maven.apache.org/maven2/org/springframework/boot/spring-boot-data-jpa/4.0.6/spring-boot-data-jpa-4.0.6-sources.jar
2026-07-25 12:18:39,003 [Worker-7: Download sources and javadoc] INFO  o.e.m.c.i.e.AbstractTransferListenerAdapter - Downloaded https://repo.maven.apache.org/maven2/org/springframework/boot/spring-boot-data-jpa/4.0.6/spring-boot-data-jpa-4.0.6-sources.jar
2026-07-25 12:18:39,016 [Worker-7: Download sources and javadoc] INFO  o.e.m.j.internal.DownloadSourcesJob - Downloaded sources for org.springframework.boot:spring-boot-data-jpa:4.0.6
2026-07-25 12:18:39,217 [Worker-7: Download sources and javadoc] INFO  o.e.m.c.i.e.AbstractTransferListenerAdapter - Downloading https://repo.maven.apache.org/maven2/org/springframework/boot/spring-boot-data-commons/4.0.6/spring-boot-data-commons-4.0.6-sources.jar
2026-07-25 12:18:39,222 [Worker-7: Download sources and javadoc] INFO  o.e.m.c.i.e.AbstractTransferListenerAdapter - Downloaded https://repo.maven.apache.org/maven2/org/springframework/boot/spring-boot-data-commons/4.0.6/spring-boot-data-commons-4.0.6-sources.jar
2026-07-25 12:18:39,228 [Worker-7: Download sources and javadoc] INFO  o.e.m.j.internal.DownloadSourcesJob - Downloaded sources for org.springframework.boot:spring-boot-data-commons:4.0.6
2026-07-25 12:18:39,405 [Worker-7: Download sources and javadoc] INFO  o.e.m.c.i.e.AbstractTransferListenerAdapter - Downloading https://repo.maven.apache.org/maven2/org/springframework/boot/spring-boot-persistence/4.0.6/spring-boot-persistence-4.0.6-sources.jar
2026-07-25 12:18:39,410 [Worker-7: Download sources and javadoc] INFO  o.e.m.c.i.e.AbstractTransferListenerAdapter - Downloaded https://repo.maven.apache.org/maven2/org/springframework/boot/spring-boot-persistence/4.0.6/spring-boot-persistence-4.0.6-sources.jar
2026-07-25 12:18:39,417 [Worker-7: Download sources and javadoc] INFO  o.e.m.j.internal.DownloadSourcesJob - Downloaded sources for org.springframework.boot:spring-boot-persistence:4.0.6
2026-07-25 12:18:39,603 [Worker-7: Download sources and javadoc] INFO  o.e.m.c.i.e.AbstractTransferListenerAdapter - Downloading https://repo.maven.apache.org/maven2/org/springframework/data/spring-data-commons/4.0.5/spring-data-commons-4.0.5-sources.jar
2026-07-25 12:18:40,159 [Worker-7: Download sources and javadoc] INFO  o.e.m.c.i.e.AbstractTransferListenerAdapter - Downloaded https://repo.maven.apache.org/maven2/org/springframework/data/spring-data-commons/4.0.5/spring-data-commons-4.0.5-sources.jar
2026-07-25 12:18:40,164 [Worker-7: Download sources and javadoc] INFO  o.e.m.j.internal.DownloadSourcesJob - Downloaded sources for org.springframework.data:spring-data-commons:4.0.5
2026-07-25 12:18:40,353 [Worker-7: Download sources and javadoc] INFO  o.e.m.c.i.e.AbstractTransferListenerAdapter - Downloading https://repo.maven.apache.org/maven2/org/springframework/boot/spring-boot-hibernate/4.0.6/spring-boot-hibernate-4.0.6-sources.jar
2026-07-25 12:18:40,408 [Worker-7: Download sources and javadoc] INFO  o.e.m.c.i.e.AbstractTransferListenerAdapter - Downloaded https://repo.maven.apache.org/maven2/org/springframework/boot/spring-boot-hibernate/4.0.6/spring-boot-hibernate-4.0.6-sources.jar
2026-07-25 12:18:40,413 [Worker-7: Download sources and javadoc] INFO  o.e.m.j.internal.DownloadSourcesJob - Downloaded sources for org.springframework.boot:spring-boot-hibernate:4.0.6
2026-07-25 12:18:40,674 [Worker-7: Download sources and javadoc] INFO  o.e.m.c.i.e.AbstractTransferListenerAdapter - Downloading https://repo.maven.apache.org/maven2/org/springframework/boot/spring-boot-jpa/4.0.6/spring-boot-jpa-4.0.6-sources.jar
2026-07-25 12:18:40,828 [Worker-7: Download sources and javadoc] INFO  o.e.m.c.i.e.AbstractTransferListenerAdapter - Downloaded https://repo.maven.apache.org/maven2/org/springframework/boot/spring-boot-jpa/4.0.6/spring-boot-jpa-4.0.6-sources.jar
2026-07-25 12:18:40,835 [Worker-7: Download sources and javadoc] INFO  o.e.m.j.internal.DownloadSourcesJob - Downloaded sources for org.springframework.boot:spring-boot-jpa:4.0.6
2026-07-25 12:18:41,021 [Worker-7: Download sources and javadoc] INFO  o.e.m.c.i.e.AbstractTransferListenerAdapter - Downloading https://repo.maven.apache.org/maven2/jakarta/persistence/jakarta.persistence-api/3.2.0/jakarta.persistence-api-3.2.0-sources.jar
2026-07-25 12:18:41,246 [Worker-7: Download sources and javadoc] INFO  o.e.m.c.i.e.AbstractTransferListenerAdapter - Downloaded https://repo.maven.apache.org/maven2/jakarta/persistence/jakarta.persistence-api/3.2.0/jakarta.persistence-api-3.2.0-sources.jar
2026-07-25 12:18:41,251 [Worker-7: Download sources and javadoc] INFO  o.e.m.j.internal.DownloadSourcesJob - Downloaded sources for jakarta.persistence:jakarta.persistence-api:3.2.0
2026-07-25 12:18:41,450 [Worker-7: Download sources and javadoc] INFO  o.e.m.c.i.e.AbstractTransferListenerAdapter - Downloading https://repo.maven.apache.org/maven2/org/hibernate/orm/hibernate-core/7.2.12.Final/hibernate-core-7.2.12.Final-sources.jar
2026-07-25 12:18:44,500 [Worker-7: Download sources and javadoc] INFO  o.e.m.c.i.e.AbstractTransferListenerAdapter - Downloaded https://repo.maven.apache.org/maven2/org/hibernate/orm/hibernate-core/7.2.12.Final/hibernate-core-7.2.12.Final-sources.jar
2026-07-25 12:18:44,505 [Worker-7: Download sources and javadoc] INFO  o.e.m.j.internal.DownloadSourcesJob - Downloaded sources for org.hibernate.orm:hibernate-core:7.2.12.Final
2026-07-25 12:18:44,686 [Worker-7: Download sources and javadoc] INFO  o.e.m.c.i.e.AbstractTransferListenerAdapter - Downloading https://repo.maven.apache.org/maven2/org/hibernate/models/hibernate-models/1.0.1/hibernate-models-1.0.1-sources.jar
2026-07-25 12:18:44,807 [Worker-7: Download sources and javadoc] INFO  o.e.m.c.i.e.AbstractTransferListenerAdapter - Downloaded https://repo.maven.apache.org/maven2/org/hibernate/models/hibernate-models/1.0.1/hibernate-models-1.0.1-sources.jar
2026-07-25 12:18:44,812 [Worker-7: Download sources and javadoc] INFO  o.e.m.j.internal.DownloadSourcesJob - Downloaded sources for org.hibernate.models:hibernate-models:1.0.1
2026-07-25 12:18:45,103 [Worker-7: Download sources and javadoc] INFO  o.e.m.c.i.e.AbstractTransferListenerAdapter - Downloading https://repo.maven.apache.org/maven2/org/springframework/spring-orm/7.0.7/spring-orm-7.0.7-sources.jar
2026-07-25 12:18:45,218 [Worker-7: Download sources and javadoc] INFO  o.e.m.c.i.e.AbstractTransferListenerAdapter - Downloaded https://repo.maven.apache.org/maven2/org/springframework/spring-orm/7.0.7/spring-orm-7.0.7-sources.jar
2026-07-25 12:18:45,223 [Worker-7: Download sources and javadoc] INFO  o.e.m.j.internal.DownloadSourcesJob - Downloaded sources for org.springframework:spring-orm:7.0.7
2026-07-25 12:18:45,378 [Worker-7: Download sources and javadoc] INFO  o.e.m.c.i.e.AbstractTransferListenerAdapter - Downloading https://repo.maven.apache.org/maven2/org/springframework/data/spring-data-jpa/4.0.5/spring-data-jpa-4.0.5-sources.jar
2026-07-25 12:18:45,784 [Worker-7: Download sources and javadoc] INFO  o.e.m.c.i.e.AbstractTransferListenerAdapter - Downloaded https://repo.maven.apache.org/maven2/org/springframework/data/spring-data-jpa/4.0.5/spring-data-jpa-4.0.5-sources.jar
2026-07-25 12:18:45,789 [Worker-7: Download sources and javadoc] INFO  o.e.m.j.internal.DownloadSourcesJob - Downloaded sources for org.springframework.data:spring-data-jpa:4.0.5
2026-07-25 12:18:45,997 [Worker-7: Download sources and javadoc] INFO  o.e.m.c.i.e.AbstractTransferListenerAdapter - Downloading https://repo.maven.apache.org/maven2/org/springframework/spring-tx/7.0.7/spring-tx-7.0.7-sources.jar
2026-07-25 12:18:46,172 [Worker-7: Download sources and javadoc] INFO  o.e.m.c.i.e.AbstractTransferListenerAdapter - Downloaded https://repo.maven.apache.org/maven2/org/springframework/spring-tx/7.0.7/spring-tx-7.0.7-sources.jar
2026-07-25 12:18:46,176 [Worker-7: Download sources and javadoc] INFO  o.e.m.j.internal.DownloadSourcesJob - Downloaded sources for org.springframework:spring-tx:7.0.7
2026-07-25 12:18:46,356 [Worker-7: Download sources and javadoc] INFO  o.e.m.c.i.e.AbstractTransferListenerAdapter - Downloading https://repo.maven.apache.org/maven2/org/springframework/spring-aspects/7.0.7/spring-aspects-7.0.7-sources.jar
2026-07-25 12:18:46,376 [Worker-7: Download sources and javadoc] INFO  o.e.m.c.i.e.AbstractTransferListenerAdapter - Downloaded https://repo.maven.apache.org/maven2/org/springframework/spring-aspects/7.0.7/spring-aspects-7.0.7-sources.jar
2026-07-25 12:18:46,381 [Worker-7: Download sources and javadoc] INFO  o.e.m.j.internal.DownloadSourcesJob - Downloaded sources for org.springframework:spring-aspects:7.0.7
2026-07-25 12:18:46,545 [Worker-7: Download sources and javadoc] INFO  o.e.m.c.i.e.AbstractTransferListenerAdapter - Downloading https://repo.maven.apache.org/maven2/org/springframework/boot/spring-boot-jdbc/4.0.6/spring-boot-jdbc-4.0.6-sources.jar
2026-07-25 12:18:46,611 [Worker-7: Download sources and javadoc] INFO  o.e.m.c.i.e.AbstractTransferListenerAdapter - Downloaded https://repo.maven.apache.org/maven2/org/springframework/boot/spring-boot-jdbc/4.0.6/spring-boot-jdbc-4.0.6-sources.jar
2026-07-25 12:18:46,616 [Worker-7: Download sources and javadoc] INFO  o.e.m.j.internal.DownloadSourcesJob - Downloaded sources for org.springframework.boot:spring-boot-jdbc:4.0.6
2026-07-25 12:18:46,795 [Worker-7: Download sources and javadoc] INFO  o.e.m.c.i.e.AbstractTransferListenerAdapter - Downloading https://repo.maven.apache.org/maven2/org/springframework/boot/spring-boot-sql/4.0.6/spring-boot-sql-4.0.6-sources.jar
2026-07-25 12:18:46,816 [Worker-7: Download sources and javadoc] INFO  o.e.m.c.i.e.AbstractTransferListenerAdapter - Downloaded https://repo.maven.apache.org/maven2/org/springframework/boot/spring-boot-sql/4.0.6/spring-boot-sql-4.0.6-sources.jar
2026-07-25 12:18:46,820 [Worker-7: Download sources and javadoc] INFO  o.e.m.j.internal.DownloadSourcesJob - Downloaded sources for org.springframework.boot:spring-boot-sql:4.0.6
2026-07-25 12:18:47,026 [Worker-7: Download sources and javadoc] INFO  o.e.m.c.i.e.AbstractTransferListenerAdapter - Downloading https://repo.maven.apache.org/maven2/org/springframework/boot/spring-boot-transaction/4.0.6/spring-boot-transaction-4.0.6-sources.jar
2026-07-25 12:18:47,037 [Worker-7: Download sources and javadoc] INFO  o.e.m.c.i.e.AbstractTransferListenerAdapter - Downloaded https://repo.maven.apache.org/maven2/org/springframework/boot/spring-boot-transaction/4.0.6/spring-boot-transaction-4.0.6-sources.jar
2026-07-25 12:18:47,044 [Worker-7: Download sources and javadoc] INFO  o.e.m.j.internal.DownloadSourcesJob - Downloaded sources for org.springframework.boot:spring-boot-transaction:4.0.6
2026-07-25 12:18:47,774 [Worker-7: Download sources and javadoc] INFO  o.e.m.c.i.e.AbstractTransferListenerAdapter - Downloading https://repo.maven.apache.org/maven2/org/springframework/spring-jdbc/7.0.7/spring-jdbc-7.0.7-sources.jar
2026-07-25 12:18:48,024 [Worker-7: Download sources and javadoc] INFO  o.e.m.c.i.e.AbstractTransferListenerAdapter - Downloaded https://repo.maven.apache.org/maven2/org/springframework/spring-jdbc/7.0.7/spring-jdbc-7.0.7-sources.jar
2026-07-25 12:18:48,029 [Worker-7: Download sources and javadoc] INFO  o.e.m.j.internal.DownloadSourcesJob - Downloaded sources for org.springframework:spring-jdbc:7.0.7
2026-07-25 12:18:48,222 [Worker-7: Download sources and javadoc] INFO  o.e.m.c.i.e.AbstractTransferListenerAdapter - Downloading https://repo.maven.apache.org/maven2/org/springframework/boot/spring-boot-starter-mail/4.0.6/spring-boot-starter-mail-4.0.6-sources.jar
2026-07-25 12:18:48,230 [Worker-7: Download sources and javadoc] INFO  o.e.m.c.i.e.AbstractTransferListenerAdapter - Downloaded https://repo.maven.apache.org/maven2/org/springframework/boot/spring-boot-starter-mail/4.0.6/spring-boot-starter-mail-4.0.6-sources.jar
2026-07-25 12:18:48,235 [Worker-7: Download sources and javadoc] INFO  o.e.m.j.internal.DownloadSourcesJob - Downloaded sources for org.springframework.boot:spring-boot-starter-mail:4.0.6
2026-07-25 12:18:48,410 [Worker-7: Download sources and javadoc] INFO  o.e.m.c.i.e.AbstractTransferListenerAdapter - Downloading https://repo.maven.apache.org/maven2/org/springframework/boot/spring-boot-mail/4.0.6/spring-boot-mail-4.0.6-sources.jar
2026-07-25 12:18:48,420 [Worker-7: Download sources and javadoc] INFO  o.e.m.c.i.e.AbstractTransferListenerAdapter - Downloaded https://repo.maven.apache.org/maven2/org/springframework/boot/spring-boot-mail/4.0.6/spring-boot-mail-4.0.6-sources.jar
2026-07-25 12:18:48,429 [Worker-7: Download sources and javadoc] INFO  o.e.m.j.internal.DownloadSourcesJob - Downloaded sources for org.springframework.boot:spring-boot-mail:4.0.6
2026-07-25 12:18:48,589 [Worker-7: Download sources and javadoc] INFO  o.e.m.c.i.e.AbstractTransferListenerAdapter - Downloading https://repo.maven.apache.org/maven2/org/springframework/spring-context-support/7.0.7/spring-context-support-7.0.7-sources.jar
2026-07-25 12:18:48,707 [Worker-7: Download sources and javadoc] INFO  o.e.m.c.i.e.AbstractTransferListenerAdapter - Downloaded https://repo.maven.apache.org/maven2/org/springframework/spring-context-support/7.0.7/spring-context-support-7.0.7-sources.jar
2026-07-25 12:18:48,716 [Worker-7: Download sources and javadoc] INFO  o.e.m.j.internal.DownloadSourcesJob - Downloaded sources for org.springframework:spring-context-support:7.0.7
2026-07-25 12:18:48,874 [Worker-7: Download sources and javadoc] INFO  o.e.m.c.i.e.AbstractTransferListenerAdapter - Downloading https://repo.maven.apache.org/maven2/jakarta/mail/jakarta.mail-api/2.1.5/jakarta.mail-api-2.1.5-sources.jar
2026-07-25 12:18:49,010 [Worker-7: Download sources and javadoc] INFO  o.e.m.c.i.e.AbstractTransferListenerAdapter - Downloaded https://repo.maven.apache.org/maven2/jakarta/mail/jakarta.mail-api/2.1.5/jakarta.mail-api-2.1.5-sources.jar
2026-07-25 12:18:49,015 [Worker-7: Download sources and javadoc] INFO  o.e.m.j.internal.DownloadSourcesJob - Downloaded sources for jakarta.mail:jakarta.mail-api:2.1.5
2026-07-25 12:18:49,165 [Worker-7: Download sources and javadoc] INFO  o.e.m.c.i.e.AbstractTransferListenerAdapter - Downloading https://repo.maven.apache.org/maven2/org/eclipse/angus/angus-mail/2.0.5/angus-mail-2.0.5-sources.jar
2026-07-25 12:18:49,386 [Worker-7: Download sources and javadoc] INFO  o.e.m.c.i.e.AbstractTransferListenerAdapter - Downloaded https://repo.maven.apache.org/maven2/org/eclipse/angus/angus-mail/2.0.5/angus-mail-2.0.5-sources.jar
2026-07-25 12:18:49,395 [Worker-7: Download sources and javadoc] INFO  o.e.m.j.internal.DownloadSourcesJob - Downloaded sources for org.eclipse.angus:angus-mail:2.0.5
2026-07-25 12:18:49,560 [Worker-7: Download sources and javadoc] INFO  o.e.m.c.i.e.AbstractTransferListenerAdapter - Downloading https://repo.maven.apache.org/maven2/org/springframework/boot/spring-boot-starter-actuator/4.0.6/spring-boot-starter-actuator-4.0.6-sources.jar
2026-07-25 12:18:49,564 [Worker-7: Download sources and javadoc] INFO  o.e.m.c.i.e.AbstractTransferListenerAdapter - Downloaded https://repo.maven.apache.org/maven2/org/springframework/boot/spring-boot-starter-actuator/4.0.6/spring-boot-starter-actuator-4.0.6-sources.jar
2026-07-25 12:18:49,569 [Worker-7: Download sources and javadoc] INFO  o.e.m.j.internal.DownloadSourcesJob - Downloaded sources for org.springframework.boot:spring-boot-starter-actuator:4.0.6
2026-07-25 12:18:49,748 [Worker-7: Download sources and javadoc] INFO  o.e.m.c.i.e.AbstractTransferListenerAdapter - Downloading https://repo.maven.apache.org/maven2/org/springframework/boot/spring-boot-starter-micrometer-metrics/4.0.6/spring-boot-starter-micrometer-metrics-4.0.6-sources.jar
2026-07-25 12:18:49,752 [Worker-7: Download sources and javadoc] INFO  o.e.m.c.i.e.AbstractTransferListenerAdapter - Downloaded https://repo.maven.apache.org/maven2/org/springframework/boot/spring-boot-starter-micrometer-metrics/4.0.6/spring-boot-starter-micrometer-metrics-4.0.6-sources.jar
2026-07-25 12:18:49,756 [Worker-7: Download sources and javadoc] INFO  o.e.m.j.internal.DownloadSourcesJob - Downloaded sources for org.springframework.boot:spring-boot-starter-micrometer-metrics:4.0.6
2026-07-25 12:18:49,948 [Worker-7: Download sources and javadoc] INFO  o.e.m.c.i.e.AbstractTransferListenerAdapter - Downloading https://repo.maven.apache.org/maven2/org/springframework/boot/spring-boot-micrometer-metrics/4.0.6/spring-boot-micrometer-metrics-4.0.6-sources.jar
2026-07-25 12:18:50,073 [Worker-7: Download sources and javadoc] INFO  o.e.m.c.i.e.AbstractTransferListenerAdapter - Downloaded https://repo.maven.apache.org/maven2/org/springframework/boot/spring-boot-micrometer-metrics/4.0.6/spring-boot-micrometer-metrics-4.0.6-sources.jar
2026-07-25 12:18:50,081 [Worker-7: Download sources and javadoc] INFO  o.e.m.j.internal.DownloadSourcesJob - Downloaded sources for org.springframework.boot:spring-boot-micrometer-metrics:4.0.6
2026-07-25 12:18:50,232 [Worker-7: Download sources and javadoc] INFO  o.e.m.c.i.e.AbstractTransferListenerAdapter - Downloading https://repo.maven.apache.org/maven2/org/springframework/boot/spring-boot-micrometer-observation/4.0.6/spring-boot-micrometer-observation-4.0.6-sources.jar
2026-07-25 12:18:50,242 [Worker-7: Download sources and javadoc] INFO  o.e.m.c.i.e.AbstractTransferListenerAdapter - Downloaded https://repo.maven.apache.org/maven2/org/springframework/boot/spring-boot-micrometer-observation/4.0.6/spring-boot-micrometer-observation-4.0.6-sources.jar
2026-07-25 12:18:50,247 [Worker-7: Download sources and javadoc] INFO  o.e.m.j.internal.DownloadSourcesJob - Downloaded sources for org.springframework.boot:spring-boot-micrometer-observation:4.0.6
2026-07-25 12:18:50,392 [Worker-7: Download sources and javadoc] INFO  o.e.m.c.i.e.AbstractTransferListenerAdapter - Downloading https://repo.maven.apache.org/maven2/org/springframework/boot/spring-boot-actuator-autoconfigure/4.0.6/spring-boot-actuator-autoconfigure-4.0.6-sources.jar
2026-07-25 12:18:50,464 [Worker-7: Download sources and javadoc] INFO  o.e.m.c.i.e.AbstractTransferListenerAdapter - Downloaded https://repo.maven.apache.org/maven2/org/springframework/boot/spring-boot-actuator-autoconfigure/4.0.6/spring-boot-actuator-autoconfigure-4.0.6-sources.jar
2026-07-25 12:18:50,470 [Worker-7: Download sources and javadoc] INFO  o.e.m.j.internal.DownloadSourcesJob - Downloaded sources for org.springframework.boot:spring-boot-actuator-autoconfigure:4.0.6
2026-07-25 12:18:50,627 [Worker-7: Download sources and javadoc] INFO  o.e.m.c.i.e.AbstractTransferListenerAdapter - Downloading https://repo.maven.apache.org/maven2/org/springframework/boot/spring-boot-actuator/4.0.6/spring-boot-actuator-4.0.6-sources.jar
2026-07-25 12:18:50,757 [Worker-7: Download sources and javadoc] INFO  o.e.m.c.i.e.AbstractTransferListenerAdapter - Downloaded https://repo.maven.apache.org/maven2/org/springframework/boot/spring-boot-actuator/4.0.6/spring-boot-actuator-4.0.6-sources.jar
2026-07-25 12:18:50,762 [Worker-7: Download sources and javadoc] INFO  o.e.m.j.internal.DownloadSourcesJob - Downloaded sources for org.springframework.boot:spring-boot-actuator:4.0.6
2026-07-25 12:18:50,905 [Worker-7: Download sources and javadoc] INFO  o.e.m.c.i.e.AbstractTransferListenerAdapter - Downloading https://repo.maven.apache.org/maven2/org/springframework/boot/spring-boot-health/4.0.6/spring-boot-health-4.0.6-sources.jar
2026-07-25 12:18:51,001 [Worker-7: Download sources and javadoc] INFO  o.e.m.c.i.e.AbstractTransferListenerAdapter - Downloaded https://repo.maven.apache.org/maven2/org/springframework/boot/spring-boot-health/4.0.6/spring-boot-health-4.0.6-sources.jar
2026-07-25 12:18:51,006 [Worker-7: Download sources and javadoc] INFO  o.e.m.j.internal.DownloadSourcesJob - Downloaded sources for org.springframework.boot:spring-boot-health:4.0.6
2026-07-25 12:18:51,174 [Worker-7: Download sources and javadoc] INFO  o.e.m.c.i.e.AbstractTransferListenerAdapter - Downloading https://repo.maven.apache.org/maven2/io/micrometer/micrometer-observation/1.16.5/micrometer-observation-1.16.5-sources.jar
2026-07-25 12:18:51,200 [Worker-7: Download sources and javadoc] INFO  o.e.m.c.i.e.AbstractTransferListenerAdapter - Downloaded https://repo.maven.apache.org/maven2/io/micrometer/micrometer-observation/1.16.5/micrometer-observation-1.16.5-sources.jar
2026-07-25 12:18:51,205 [Worker-7: Download sources and javadoc] INFO  o.e.m.j.internal.DownloadSourcesJob - Downloaded sources for io.micrometer:micrometer-observation:1.16.5
2026-07-25 12:18:51,378 [Worker-7: Download sources and javadoc] INFO  o.e.m.c.i.e.AbstractTransferListenerAdapter - Downloading https://repo.maven.apache.org/maven2/io/micrometer/micrometer-commons/1.16.5/micrometer-commons-1.16.5-sources.jar
2026-07-25 12:18:51,390 [Worker-7: Download sources and javadoc] INFO  o.e.m.c.i.e.AbstractTransferListenerAdapter - Downloaded https://repo.maven.apache.org/maven2/io/micrometer/micrometer-commons/1.16.5/micrometer-commons-1.16.5-sources.jar
2026-07-25 12:18:51,395 [Worker-7: Download sources and javadoc] INFO  o.e.m.j.internal.DownloadSourcesJob - Downloaded sources for io.micrometer:micrometer-commons:1.16.5
2026-07-25 12:18:51,575 [Worker-7: Download sources and javadoc] INFO  o.e.m.c.i.e.AbstractTransferListenerAdapter - Downloading https://repo.maven.apache.org/maven2/io/micrometer/micrometer-jakarta9/1.16.5/micrometer-jakarta9-1.16.5-sources.jar
2026-07-25 12:18:51,582 [Worker-7: Download sources and javadoc] INFO  o.e.m.c.i.e.AbstractTransferListenerAdapter - Downloaded https://repo.maven.apache.org/maven2/io/micrometer/micrometer-jakarta9/1.16.5/micrometer-jakarta9-1.16.5-sources.jar
2026-07-25 12:18:51,587 [Worker-7: Download sources and javadoc] INFO  o.e.m.j.internal.DownloadSourcesJob - Downloaded sources for io.micrometer:micrometer-jakarta9:1.16.5
2026-07-25 12:18:51,762 [Worker-7: Download sources and javadoc] INFO  o.e.m.c.i.e.AbstractTransferListenerAdapter - Downloading https://repo.maven.apache.org/maven2/io/micrometer/micrometer-core/1.16.5/micrometer-core-1.16.5-sources.jar
2026-07-25 12:18:52,110 [Worker-7: Download sources and javadoc] INFO  o.e.m.c.i.e.AbstractTransferListenerAdapter - Downloaded https://repo.maven.apache.org/maven2/io/micrometer/micrometer-core/1.16.5/micrometer-core-1.16.5-sources.jar
2026-07-25 12:18:52,115 [Worker-7: Download sources and javadoc] INFO  o.e.m.j.internal.DownloadSourcesJob - Downloaded sources for io.micrometer:micrometer-core:1.16.5
2026-07-25 12:18:52,276 [Worker-7: Download sources and javadoc] INFO  o.e.m.c.i.e.AbstractTransferListenerAdapter - Downloaded https://repo.maven.apache.org/maven2/org/springframework/cloud/spring-cloud-starter-openfeign/5.0.1/spring-cloud-starter-openfeign-5.0.1-sources.jar
2026-07-25 12:18:52,279 [Worker-7: Download sources and javadoc] ERROR o.e.m.j.internal.DownloadSourcesJob - Could not download sources for org.springframework.cloud:spring-cloud-starter-openfeign:5.0.1
org.eclipse.core.runtime.CoreException: Could not resolve artifact org.springframework.cloud:spring-cloud-starter-openfeign:jar:sources:5.0.1
	at org.eclipse.m2e.core.internal.embedder.MavenImpl.lambda$7(MavenImpl.java:581)
	at org.eclipse.m2e.core.internal.embedder.MavenExecutionContext.executeBare(MavenExecutionContext.java:462)
	at org.eclipse.m2e.core.internal.embedder.MavenExecutionContext.execute(MavenExecutionContext.java:295)
	at org.eclipse.m2e.core.internal.embedder.MavenExecutionContext.execute(MavenExecutionContext.java:281)
	at org.eclipse.m2e.core.internal.embedder.MavenImpl.resolve(MavenImpl.java:550)
	at org.eclipse.m2e.core.internal.embedder.MavenImpl.resolve(MavenImpl.java:535)
	at org.eclipse.m2e.jdt.internal.DownloadSourcesJob.download(DownloadSourcesJob.java:308)
	at org.eclipse.m2e.jdt.internal.DownloadSourcesJob.downloadAttachments(DownloadSourcesJob.java:282)
	at org.eclipse.m2e.jdt.internal.DownloadSourcesJob.downloadMaven(DownloadSourcesJob.java:252)
	at org.eclipse.m2e.jdt.internal.DownloadSourcesJob.downloadFilesAndPopulateToUpdate(DownloadSourcesJob.java:220)
	at org.eclipse.m2e.jdt.internal.DownloadSourcesJob.lambda$0(DownloadSourcesJob.java:149)
	at org.eclipse.m2e.core.internal.embedder.MavenExecutionContext.executeBare(MavenExecutionContext.java:462)
	at org.eclipse.m2e.core.internal.embedder.MavenExecutionContext.execute(MavenExecutionContext.java:342)
	at org.eclipse.m2e.core.internal.embedder.MavenExecutionContext.execute(MavenExecutionContext.java:281)
	at org.eclipse.m2e.core.embedder.IMaven.execute(IMaven.java:300)
	at org.eclipse.m2e.jdt.internal.DownloadSourcesJob.run(DownloadSourcesJob.java:149)
	at org.eclipse.core.internal.jobs.Worker.run(Worker.java:63)
2026-07-25 12:18:52,696 [Worker-7: Download sources and javadoc] INFO  o.e.m.c.i.e.AbstractTransferListenerAdapter - Downloaded https://repo.maven.apache.org/maven2/org/springframework/cloud/spring-cloud-starter/5.0.1/spring-cloud-starter-5.0.1-sources.jar
2026-07-25 12:18:52,699 [Worker-7: Download sources and javadoc] ERROR o.e.m.j.internal.DownloadSourcesJob - Could not download sources for org.springframework.cloud:spring-cloud-starter:5.0.1
org.eclipse.core.runtime.CoreException: Could not resolve artifact org.springframework.cloud:spring-cloud-starter:jar:sources:5.0.1
	at org.eclipse.m2e.core.internal.embedder.MavenImpl.lambda$7(MavenImpl.java:581)
	at org.eclipse.m2e.core.internal.embedder.MavenExecutionContext.executeBare(MavenExecutionContext.java:462)
	at org.eclipse.m2e.core.internal.embedder.MavenExecutionContext.execute(MavenExecutionContext.java:295)
	at org.eclipse.m2e.core.internal.embedder.MavenExecutionContext.execute(MavenExecutionContext.java:281)
	at org.eclipse.m2e.core.internal.embedder.MavenImpl.resolve(MavenImpl.java:550)
	at org.eclipse.m2e.core.internal.embedder.MavenImpl.resolve(MavenImpl.java:535)
	at org.eclipse.m2e.jdt.internal.DownloadSourcesJob.download(DownloadSourcesJob.java:308)
	at org.eclipse.m2e.jdt.internal.DownloadSourcesJob.downloadAttachments(DownloadSourcesJob.java:282)
	at org.eclipse.m2e.jdt.internal.DownloadSourcesJob.downloadMaven(DownloadSourcesJob.java:252)
	at org.eclipse.m2e.jdt.internal.DownloadSourcesJob.downloadFilesAndPopulateToUpdate(DownloadSourcesJob.java:220)
	at org.eclipse.m2e.jdt.internal.DownloadSourcesJob.lambda$0(DownloadSourcesJob.java:149)
	at org.eclipse.m2e.core.internal.embedder.MavenExecutionContext.executeBare(MavenExecutionContext.java:462)
	at org.eclipse.m2e.core.internal.embedder.MavenExecutionContext.execute(MavenExecutionContext.java:342)
	at org.eclipse.m2e.core.internal.embedder.MavenExecutionContext.execute(MavenExecutionContext.java:281)
	at org.eclipse.m2e.core.embedder.IMaven.execute(IMaven.java:300)
	at org.eclipse.m2e.jdt.internal.DownloadSourcesJob.run(DownloadSourcesJob.java:149)
	at org.eclipse.core.internal.jobs.Worker.run(Worker.java:63)
2026-07-25 12:18:52,864 [Worker-7: Download sources and javadoc] INFO  o.e.m.c.i.e.AbstractTransferListenerAdapter - Downloading https://repo.maven.apache.org/maven2/org/springframework/cloud/spring-cloud-context/5.0.1/spring-cloud-context-5.0.1-sources.jar
2026-07-25 12:18:52,932 [Worker-7: Download sources and javadoc] INFO  o.e.m.c.i.e.AbstractTransferListenerAdapter - Downloaded https://repo.maven.apache.org/maven2/org/springframework/cloud/spring-cloud-context/5.0.1/spring-cloud-context-5.0.1-sources.jar
2026-07-25 12:18:52,937 [Worker-7: Download sources and javadoc] INFO  o.e.m.j.internal.DownloadSourcesJob - Downloaded sources for org.springframework.cloud:spring-cloud-context:5.0.1
2026-07-25 12:18:53,106 [Worker-7: Download sources and javadoc] INFO  o.e.m.c.i.e.AbstractTransferListenerAdapter - Downloading https://repo.maven.apache.org/maven2/org/springframework/boot/spring-boot-restclient/4.0.6/spring-boot-restclient-4.0.6-sources.jar
2026-07-25 12:18:53,126 [Worker-7: Download sources and javadoc] INFO  o.e.m.c.i.e.AbstractTransferListenerAdapter - Downloaded https://repo.maven.apache.org/maven2/org/springframework/boot/spring-boot-restclient/4.0.6/spring-boot-restclient-4.0.6-sources.jar
2026-07-25 12:18:53,132 [Worker-7: Download sources and javadoc] INFO  o.e.m.j.internal.DownloadSourcesJob - Downloaded sources for org.springframework.boot:spring-boot-restclient:4.0.6
2026-07-25 12:18:53,312 [Worker-7: Download sources and javadoc] INFO  o.e.m.c.i.e.AbstractTransferListenerAdapter - Downloading https://repo.maven.apache.org/maven2/org/springframework/boot/spring-boot-http-client/4.0.6/spring-boot-http-client-4.0.6-sources.jar
2026-07-25 12:18:53,373 [Worker-7: Download sources and javadoc] INFO  o.e.m.c.i.e.AbstractTransferListenerAdapter - Downloaded https://repo.maven.apache.org/maven2/org/springframework/boot/spring-boot-http-client/4.0.6/spring-boot-http-client-4.0.6-sources.jar
2026-07-25 12:18:53,383 [Worker-7: Download sources and javadoc] INFO  o.e.m.j.internal.DownloadSourcesJob - Downloaded sources for org.springframework.boot:spring-boot-http-client:4.0.6
2026-07-25 12:18:53,570 [Worker-7: Download sources and javadoc] INFO  o.e.m.c.i.e.AbstractTransferListenerAdapter - Downloading https://repo.maven.apache.org/maven2/org/bouncycastle/bcprov-jdk18on/1.81/bcprov-jdk18on-1.81-sources.jar
2026-07-25 12:18:55,826 [Worker-7: Download sources and javadoc] INFO  o.e.m.c.i.e.AbstractTransferListenerAdapter - Downloaded https://repo.maven.apache.org/maven2/org/bouncycastle/bcprov-jdk18on/1.81/bcprov-jdk18on-1.81-sources.jar
2026-07-25 12:18:55,831 [Worker-7: Download sources and javadoc] INFO  o.e.m.j.internal.DownloadSourcesJob - Downloaded sources for org.bouncycastle:bcprov-jdk18on:1.81
2026-07-25 12:18:56,011 [Worker-7: Download sources and javadoc] INFO  o.e.m.c.i.e.AbstractTransferListenerAdapter - Downloading https://repo.maven.apache.org/maven2/org/springframework/cloud/spring-cloud-openfeign-core/5.0.1/spring-cloud-openfeign-core-5.0.1-sources.jar
2026-07-25 12:18:56,109 [Worker-7: Download sources and javadoc] INFO  o.e.m.c.i.e.AbstractTransferListenerAdapter - Downloaded https://repo.maven.apache.org/maven2/org/springframework/cloud/spring-cloud-openfeign-core/5.0.1/spring-cloud-openfeign-core-5.0.1-sources.jar
2026-07-25 12:18:56,118 [Worker-7: Download sources and javadoc] INFO  o.e.m.j.internal.DownloadSourcesJob - Downloaded sources for org.springframework.cloud:spring-cloud-openfeign-core:5.0.1
2026-07-25 12:18:56,267 [Worker-7: Download sources and javadoc] INFO  o.e.m.c.i.e.AbstractTransferListenerAdapter - Downloading https://repo.maven.apache.org/maven2/org/apache/commons/commons-lang3/3.19.0/commons-lang3-3.19.0-sources.jar
2026-07-25 12:18:56,613 [Worker-7: Download sources and javadoc] INFO  o.e.m.c.i.e.AbstractTransferListenerAdapter - Downloaded https://repo.maven.apache.org/maven2/org/apache/commons/commons-lang3/3.19.0/commons-lang3-3.19.0-sources.jar
2026-07-25 12:18:56,618 [Worker-7: Download sources and javadoc] INFO  o.e.m.j.internal.DownloadSourcesJob - Downloaded sources for org.apache.commons:commons-lang3:3.19.0
2026-07-25 12:18:56,864 [Worker-7: Download sources and javadoc] INFO  o.e.m.c.i.e.AbstractTransferListenerAdapter - Downloading https://repo.maven.apache.org/maven2/org/springframework/spring-web/7.0.7/spring-web-7.0.7-sources.jar
2026-07-25 12:18:57,529 [Worker-7: Download sources and javadoc] INFO  o.e.m.c.i.e.AbstractTransferListenerAdapter - Downloaded https://repo.maven.apache.org/maven2/org/springframework/spring-web/7.0.7/spring-web-7.0.7-sources.jar
2026-07-25 12:18:57,535 [Worker-7: Download sources and javadoc] INFO  o.e.m.j.internal.DownloadSourcesJob - Downloaded sources for org.springframework:spring-web:7.0.7
2026-07-25 12:18:57,717 [Worker-7: Download sources and javadoc] INFO  o.e.m.c.i.e.AbstractTransferListenerAdapter - Downloading https://repo.maven.apache.org/maven2/org/springframework/cloud/spring-cloud-commons/5.0.1/spring-cloud-commons-5.0.1-sources.jar
2026-07-25 12:18:57,848 [Worker-7: Download sources and javadoc] INFO  o.e.m.c.i.e.AbstractTransferListenerAdapter - Downloaded https://repo.maven.apache.org/maven2/org/springframework/cloud/spring-cloud-commons/5.0.1/spring-cloud-commons-5.0.1-sources.jar
2026-07-25 12:18:57,857 [Worker-7: Download sources and javadoc] INFO  o.e.m.j.internal.DownloadSourcesJob - Downloaded sources for org.springframework.cloud:spring-cloud-commons:5.0.1
2026-07-25 12:18:58,006 [Worker-7: Download sources and javadoc] INFO  o.e.m.c.i.e.AbstractTransferListenerAdapter - Downloading https://repo.maven.apache.org/maven2/org/springframework/security/spring-security-crypto/7.0.5/spring-security-crypto-7.0.5-sources.jar
2026-07-25 12:18:58,084 [Worker-7: Download sources and javadoc] INFO  o.e.m.c.i.e.AbstractTransferListenerAdapter - Downloaded https://repo.maven.apache.org/maven2/org/springframework/security/spring-security-crypto/7.0.5/spring-security-crypto-7.0.5-sources.jar
2026-07-25 12:18:58,088 [Worker-7: Download sources and javadoc] INFO  o.e.m.j.internal.DownloadSourcesJob - Downloaded sources for org.springframework.security:spring-security-crypto:7.0.5
2026-07-25 12:18:58,251 [Worker-7: Download sources and javadoc] INFO  o.e.m.c.i.e.AbstractTransferListenerAdapter - Downloaded https://repo.maven.apache.org/maven2/org/springframework/cloud/spring-cloud-starter-netflix-eureka-client/5.0.1/spring-cloud-starter-netflix-eureka-client-5.0.1-sources.jar
2026-07-25 12:18:58,278 [Worker-7: Download sources and javadoc] ERROR o.e.m.j.internal.DownloadSourcesJob - Could not download sources for org.springframework.cloud:spring-cloud-starter-netflix-eureka-client:5.0.1
org.eclipse.core.runtime.CoreException: Could not resolve artifact org.springframework.cloud:spring-cloud-starter-netflix-eureka-client:jar:sources:5.0.1
	at org.eclipse.m2e.core.internal.embedder.MavenImpl.lambda$7(MavenImpl.java:581)
	at org.eclipse.m2e.core.internal.embedder.MavenExecutionContext.executeBare(MavenExecutionContext.java:462)
	at org.eclipse.m2e.core.internal.embedder.MavenExecutionContext.execute(MavenExecutionContext.java:295)
	at org.eclipse.m2e.core.internal.embedder.MavenExecutionContext.execute(MavenExecutionContext.java:281)
	at org.eclipse.m2e.core.internal.embedder.MavenImpl.resolve(MavenImpl.java:550)
	at org.eclipse.m2e.core.internal.embedder.MavenImpl.resolve(MavenImpl.java:535)
	at org.eclipse.m2e.jdt.internal.DownloadSourcesJob.download(DownloadSourcesJob.java:308)
	at org.eclipse.m2e.jdt.internal.DownloadSourcesJob.downloadAttachments(DownloadSourcesJob.java:282)
	at org.eclipse.m2e.jdt.internal.DownloadSourcesJob.downloadMaven(DownloadSourcesJob.java:252)
	at org.eclipse.m2e.jdt.internal.DownloadSourcesJob.downloadFilesAndPopulateToUpdate(DownloadSourcesJob.java:220)
	at org.eclipse.m2e.jdt.internal.DownloadSourcesJob.lambda$0(DownloadSourcesJob.java:149)
	at org.eclipse.m2e.core.internal.embedder.MavenExecutionContext.executeBare(MavenExecutionContext.java:462)
	at org.eclipse.m2e.core.internal.embedder.MavenExecutionContext.execute(MavenExecutionContext.java:342)
	at org.eclipse.m2e.core.internal.embedder.MavenExecutionContext.execute(MavenExecutionContext.java:281)
	at org.eclipse.m2e.core.embedder.IMaven.execute(IMaven.java:300)
	at org.eclipse.m2e.jdt.internal.DownloadSourcesJob.run(DownloadSourcesJob.java:149)
	at org.eclipse.core.internal.jobs.Worker.run(Worker.java:63)
2026-07-25 12:18:58,472 [Worker-7: Download sources and javadoc] INFO  o.e.m.c.i.e.AbstractTransferListenerAdapter - Downloading https://repo.maven.apache.org/maven2/org/springframework/cloud/spring-cloud-netflix-eureka-client/5.0.1/spring-cloud-netflix-eureka-client-5.0.1-sources.jar
2026-07-25 12:18:58,531 [Worker-7: Download sources and javadoc] INFO  o.e.m.c.i.e.AbstractTransferListenerAdapter - Downloaded https://repo.maven.apache.org/maven2/org/springframework/cloud/spring-cloud-netflix-eureka-client/5.0.1/spring-cloud-netflix-eureka-client-5.0.1-sources.jar
2026-07-25 12:18:58,537 [Worker-7: Download sources and javadoc] INFO  o.e.m.j.internal.DownloadSourcesJob - Downloaded sources for org.springframework.cloud:spring-cloud-netflix-eureka-client:5.0.1
2026-07-25 12:18:58,696 [Worker-7: Download sources and javadoc] INFO  o.e.m.c.i.e.AbstractTransferListenerAdapter - Downloading https://repo.maven.apache.org/maven2/org/springframework/boot/spring-boot-jackson2/4.0.6/spring-boot-jackson2-4.0.6-sources.jar
2026-07-25 12:18:58,712 [Worker-7: Download sources and javadoc] INFO  o.e.m.c.i.e.AbstractTransferListenerAdapter - Downloaded https://repo.maven.apache.org/maven2/org/springframework/boot/spring-boot-jackson2/4.0.6/spring-boot-jackson2-4.0.6-sources.jar
2026-07-25 12:18:58,721 [Worker-7: Download sources and javadoc] INFO  o.e.m.j.internal.DownloadSourcesJob - Downloaded sources for org.springframework.boot:spring-boot-jackson2:4.0.6
2026-07-25 12:18:58,878 [Worker-7: Download sources and javadoc] INFO  o.e.m.c.i.e.AbstractTransferListenerAdapter - Downloading https://repo.maven.apache.org/maven2/com/netflix/eureka/eureka-client/2.0.5/eureka-client-2.0.5-sources.jar
2026-07-25 12:18:59,024 [Worker-7: Download sources and javadoc] INFO  o.e.m.c.i.e.AbstractTransferListenerAdapter - Downloaded https://repo.maven.apache.org/maven2/com/netflix/eureka/eureka-client/2.0.5/eureka-client-2.0.5-sources.jar
2026-07-25 12:18:59,034 [Worker-7: Download sources and javadoc] INFO  o.e.m.j.internal.DownloadSourcesJob - Downloaded sources for com.netflix.eureka:eureka-client:2.0.5
2026-07-25 12:18:59,209 [Worker-7: Download sources and javadoc] INFO  o.e.m.c.i.e.AbstractTransferListenerAdapter - Downloading https://repo.maven.apache.org/maven2/com/thoughtworks/xstream/xstream/1.4.21/xstream-1.4.21-sources.jar
2026-07-25 12:18:59,423 [Worker-7: Download sources and javadoc] INFO  o.e.m.c.i.e.AbstractTransferListenerAdapter - Downloaded https://repo.maven.apache.org/maven2/com/thoughtworks/xstream/xstream/1.4.21/xstream-1.4.21-sources.jar
2026-07-25 12:18:59,428 [Worker-7: Download sources and javadoc] INFO  o.e.m.j.internal.DownloadSourcesJob - Downloaded sources for com.thoughtworks.xstream:xstream:1.4.21
2026-07-25 12:18:59,588 [Worker-7: Download sources and javadoc] INFO  o.e.m.c.i.e.AbstractTransferListenerAdapter - Downloading https://repo.maven.apache.org/maven2/jakarta/ws/rs/jakarta.ws.rs-api/4.0.0/jakarta.ws.rs-api-4.0.0-sources.jar
2026-07-25 12:18:59,784 [Worker-7: Download sources and javadoc] INFO  o.e.m.c.i.e.AbstractTransferListenerAdapter - Downloaded https://repo.maven.apache.org/maven2/jakarta/ws/rs/jakarta.ws.rs-api/4.0.0/jakarta.ws.rs-api-4.0.0-sources.jar
2026-07-25 12:18:59,788 [Worker-7: Download sources and javadoc] INFO  o.e.m.j.internal.DownloadSourcesJob - Downloaded sources for jakarta.ws.rs:jakarta.ws.rs-api:4.0.0
2026-07-25 12:19:00,561 [Worker-7: Download sources and javadoc] INFO  o.e.m.c.i.e.AbstractTransferListenerAdapter - Downloaded https://repo.maven.apache.org/maven2/org/springframework/cloud/spring-cloud-starter-loadbalancer/5.0.1/spring-cloud-starter-loadbalancer-5.0.1-sources.jar
2026-07-25 12:19:00,565 [Worker-7: Download sources and javadoc] ERROR o.e.m.j.internal.DownloadSourcesJob - Could not download sources for org.springframework.cloud:spring-cloud-starter-loadbalancer:5.0.1
org.eclipse.core.runtime.CoreException: Could not resolve artifact org.springframework.cloud:spring-cloud-starter-loadbalancer:jar:sources:5.0.1
	at org.eclipse.m2e.core.internal.embedder.MavenImpl.lambda$7(MavenImpl.java:581)
	at org.eclipse.m2e.core.internal.embedder.MavenExecutionContext.executeBare(MavenExecutionContext.java:462)
	at org.eclipse.m2e.core.internal.embedder.MavenExecutionContext.execute(MavenExecutionContext.java:295)
	at org.eclipse.m2e.core.internal.embedder.MavenExecutionContext.execute(MavenExecutionContext.java:281)
	at org.eclipse.m2e.core.internal.embedder.MavenImpl.resolve(MavenImpl.java:550)
	at org.eclipse.m2e.core.internal.embedder.MavenImpl.resolve(MavenImpl.java:535)
	at org.eclipse.m2e.jdt.internal.DownloadSourcesJob.download(DownloadSourcesJob.java:308)
	at org.eclipse.m2e.jdt.internal.DownloadSourcesJob.downloadAttachments(DownloadSourcesJob.java:282)
	at org.eclipse.m2e.jdt.internal.DownloadSourcesJob.downloadMaven(DownloadSourcesJob.java:252)
	at org.eclipse.m2e.jdt.internal.DownloadSourcesJob.downloadFilesAndPopulateToUpdate(DownloadSourcesJob.java:220)
	at org.eclipse.m2e.jdt.internal.DownloadSourcesJob.lambda$0(DownloadSourcesJob.java:149)
	at org.eclipse.m2e.core.internal.embedder.MavenExecutionContext.executeBare(MavenExecutionContext.java:462)
	at org.eclipse.m2e.core.internal.embedder.MavenExecutionContext.execute(MavenExecutionContext.java:342)
	at org.eclipse.m2e.core.internal.embedder.MavenExecutionContext.execute(MavenExecutionContext.java:281)
	at org.eclipse.m2e.core.embedder.IMaven.execute(IMaven.java:300)
	at org.eclipse.m2e.jdt.internal.DownloadSourcesJob.run(DownloadSourcesJob.java:149)
	at org.eclipse.core.internal.jobs.Worker.run(Worker.java:63)
2026-07-25 12:19:00,932 [Worker-7: Download sources and javadoc] INFO  o.e.m.c.i.e.AbstractTransferListenerAdapter - Downloading https://repo.maven.apache.org/maven2/org/springframework/cloud/spring-cloud-loadbalancer/5.0.1/spring-cloud-loadbalancer-5.0.1-sources.jar
2026-07-25 12:19:01,030 [Worker-7: Download sources and javadoc] INFO  o.e.m.c.i.e.AbstractTransferListenerAdapter - Downloaded https://repo.maven.apache.org/maven2/org/springframework/cloud/spring-cloud-loadbalancer/5.0.1/spring-cloud-loadbalancer-5.0.1-sources.jar
2026-07-25 12:19:01,035 [Worker-7: Download sources and javadoc] INFO  o.e.m.j.internal.DownloadSourcesJob - Downloaded sources for org.springframework.cloud:spring-cloud-loadbalancer:5.0.1
2026-07-25 12:19:01,193 [Worker-7: Download sources and javadoc] INFO  o.e.m.c.i.e.AbstractTransferListenerAdapter - Downloading https://repo.maven.apache.org/maven2/io/projectreactor/reactor-core/3.8.5/reactor-core-3.8.5-sources.jar
2026-07-25 12:19:02,108 [Worker-7: Download sources and javadoc] INFO  o.e.m.c.i.e.AbstractTransferListenerAdapter - Downloaded https://repo.maven.apache.org/maven2/io/projectreactor/reactor-core/3.8.5/reactor-core-3.8.5-sources.jar
2026-07-25 12:19:02,113 [Worker-7: Download sources and javadoc] INFO  o.e.m.j.internal.DownloadSourcesJob - Downloaded sources for io.projectreactor:reactor-core:3.8.5
2026-07-25 12:19:02,262 [Worker-7: Download sources and javadoc] INFO  o.e.m.c.i.e.AbstractTransferListenerAdapter - Downloading https://repo.maven.apache.org/maven2/io/projectreactor/addons/reactor-extra/3.6.0/reactor-extra-3.6.0-sources.jar
2026-07-25 12:19:02,342 [Worker-7: Download sources and javadoc] INFO  o.e.m.c.i.e.AbstractTransferListenerAdapter - Downloaded https://repo.maven.apache.org/maven2/io/projectreactor/addons/reactor-extra/3.6.0/reactor-extra-3.6.0-sources.jar
2026-07-25 12:19:02,348 [Worker-7: Download sources and javadoc] INFO  o.e.m.j.internal.DownloadSourcesJob - Downloaded sources for io.projectreactor.addons:reactor-extra:3.6.0
2026-07-25 12:19:02,527 [Worker-7: Download sources and javadoc] INFO  o.e.m.c.i.e.AbstractTransferListenerAdapter - Downloading https://repo.maven.apache.org/maven2/org/springframework/boot/spring-boot-starter-cache/4.0.6/spring-boot-starter-cache-4.0.6-sources.jar
2026-07-25 12:19:02,533 [Worker-7: Download sources and javadoc] INFO  o.e.m.c.i.e.AbstractTransferListenerAdapter - Downloaded https://repo.maven.apache.org/maven2/org/springframework/boot/spring-boot-starter-cache/4.0.6/spring-boot-starter-cache-4.0.6-sources.jar
2026-07-25 12:19:02,543 [Worker-7: Download sources and javadoc] INFO  o.e.m.j.internal.DownloadSourcesJob - Downloaded sources for org.springframework.boot:spring-boot-starter-cache:4.0.6
2026-07-25 12:19:02,706 [Worker-7: Download sources and javadoc] INFO  o.e.m.c.i.e.AbstractTransferListenerAdapter - Downloading https://repo.maven.apache.org/maven2/org/springframework/boot/spring-boot-cache/4.0.6/spring-boot-cache-4.0.6-sources.jar
2026-07-25 12:19:02,731 [Worker-7: Download sources and javadoc] INFO  o.e.m.c.i.e.AbstractTransferListenerAdapter - Downloaded https://repo.maven.apache.org/maven2/org/springframework/boot/spring-boot-cache/4.0.6/spring-boot-cache-4.0.6-sources.jar
2026-07-25 12:19:02,738 [Worker-7: Download sources and javadoc] INFO  o.e.m.j.internal.DownloadSourcesJob - Downloaded sources for org.springframework.boot:spring-boot-cache:4.0.6
2026-07-25 12:19:02,910 [Worker-7: Download sources and javadoc] INFO  o.e.m.c.i.e.AbstractTransferListenerAdapter - Downloading https://repo.maven.apache.org/maven2/com/h2database/h2/2.4.240/h2-2.4.240-sources.jar
2026-07-25 12:19:03,656 [Worker-7: Download sources and javadoc] INFO  o.e.m.c.i.e.AbstractTransferListenerAdapter - Downloaded https://repo.maven.apache.org/maven2/com/h2database/h2/2.4.240/h2-2.4.240-sources.jar
2026-07-25 12:19:03,660 [Worker-7: Download sources and javadoc] INFO  o.e.m.j.internal.DownloadSourcesJob - Downloaded sources for com.h2database:h2:2.4.240
2026-07-25 12:19:03,807 [Worker-7: Download sources and javadoc] INFO  o.e.m.c.i.e.AbstractTransferListenerAdapter - Downloading https://repo.maven.apache.org/maven2/io/jsonwebtoken/jjwt-api/0.12.6/jjwt-api-0.12.6-sources.jar
2026-07-25 12:19:03,928 [Worker-7: Download sources and javadoc] INFO  o.e.m.c.i.e.AbstractTransferListenerAdapter - Downloaded https://repo.maven.apache.org/maven2/io/jsonwebtoken/jjwt-api/0.12.6/jjwt-api-0.12.6-sources.jar
2026-07-25 12:19:03,935 [Worker-7: Download sources and javadoc] INFO  o.e.m.j.internal.DownloadSourcesJob - Downloaded sources for io.jsonwebtoken:jjwt-api:0.12.6
2026-07-25 12:19:04,086 [Worker-7: Download sources and javadoc] INFO  o.e.m.c.i.e.AbstractTransferListenerAdapter - Downloading https://repo.maven.apache.org/maven2/io/jsonwebtoken/jjwt-impl/0.12.6/jjwt-impl-0.12.6-sources.jar
2026-07-25 12:19:04,260 [Worker-7: Download sources and javadoc] INFO  o.e.m.c.i.e.AbstractTransferListenerAdapter - Downloaded https://repo.maven.apache.org/maven2/io/jsonwebtoken/jjwt-impl/0.12.6/jjwt-impl-0.12.6-sources.jar
2026-07-25 12:19:04,268 [Worker-7: Download sources and javadoc] INFO  o.e.m.j.internal.DownloadSourcesJob - Downloaded sources for io.jsonwebtoken:jjwt-impl:0.12.6
2026-07-25 12:19:04,456 [Worker-7: Download sources and javadoc] INFO  o.e.m.c.i.e.AbstractTransferListenerAdapter - Downloading https://repo.maven.apache.org/maven2/io/jsonwebtoken/jjwt-jackson/0.12.6/jjwt-jackson-0.12.6-sources.jar
2026-07-25 12:19:04,461 [Worker-7: Download sources and javadoc] INFO  o.e.m.c.i.e.AbstractTransferListenerAdapter - Downloaded https://repo.maven.apache.org/maven2/io/jsonwebtoken/jjwt-jackson/0.12.6/jjwt-jackson-0.12.6-sources.jar
2026-07-25 12:19:04,467 [Worker-7: Download sources and javadoc] INFO  o.e.m.j.internal.DownloadSourcesJob - Downloaded sources for io.jsonwebtoken:jjwt-jackson:0.12.6
2026-07-25 12:19:04,630 [Worker-7: Download sources and javadoc] INFO  o.e.m.c.i.e.AbstractTransferListenerAdapter - Downloading https://repo.maven.apache.org/maven2/com/github/ben-manes/caffeine/caffeine/3.2.3/caffeine-3.2.3-sources.jar
2026-07-25 12:19:04,970 [Worker-7: Download sources and javadoc] INFO  o.e.m.c.i.e.AbstractTransferListenerAdapter - Downloaded https://repo.maven.apache.org/maven2/com/github/ben-manes/caffeine/caffeine/3.2.3/caffeine-3.2.3-sources.jar
2026-07-25 12:19:04,977 [Worker-7: Download sources and javadoc] INFO  o.e.m.j.internal.DownloadSourcesJob - Downloaded sources for com.github.ben-manes.caffeine:caffeine:3.2.3
2026-07-25 12:19:05,134 [Worker-7: Download sources and javadoc] INFO  o.e.m.c.i.e.AbstractTransferListenerAdapter - Downloading https://repo.maven.apache.org/maven2/com/google/errorprone/error_prone_annotations/2.43.0/error_prone_annotations-2.43.0-sources.jar
2026-07-25 12:19:05,150 [Worker-7: Download sources and javadoc] INFO  o.e.m.c.i.e.AbstractTransferListenerAdapter - Downloaded https://repo.maven.apache.org/maven2/com/google/errorprone/error_prone_annotations/2.43.0/error_prone_annotations-2.43.0-sources.jar
2026-07-25 12:19:05,157 [Worker-7: Download sources and javadoc] INFO  o.e.m.j.internal.DownloadSourcesJob - Downloaded sources for com.google.errorprone:error_prone_annotations:2.43.0
2026-07-25 12:19:05,332 [Worker-7: Download sources and javadoc] INFO  o.e.m.c.i.e.AbstractTransferListenerAdapter - Downloading https://repo.maven.apache.org/maven2/dev/samstevens/totp/totp/1.7.1/totp-1.7.1-sources.jar
2026-07-25 12:19:05,342 [Worker-7: Download sources and javadoc] INFO  o.e.m.c.i.e.AbstractTransferListenerAdapter - Downloaded https://repo.maven.apache.org/maven2/dev/samstevens/totp/totp/1.7.1/totp-1.7.1-sources.jar
2026-07-25 12:19:05,347 [Worker-7: Download sources and javadoc] INFO  o.e.m.j.internal.DownloadSourcesJob - Downloaded sources for dev.samstevens.totp:totp:1.7.1
2026-07-25 12:19:05,477 [Worker-7: Download sources and javadoc] INFO  o.e.m.c.i.e.AbstractTransferListenerAdapter - Downloading https://repo.maven.apache.org/maven2/commons-codec/commons-codec/1.19.0/commons-codec-1.19.0-sources.jar
2026-07-25 12:19:05,679 [Worker-7: Download sources and javadoc] INFO  o.e.m.c.i.e.AbstractTransferListenerAdapter - Downloaded https://repo.maven.apache.org/maven2/commons-codec/commons-codec/1.19.0/commons-codec-1.19.0-sources.jar
2026-07-25 12:19:05,687 [Worker-7: Download sources and javadoc] INFO  o.e.m.j.internal.DownloadSourcesJob - Downloaded sources for commons-codec:commons-codec:1.19.0
2026-07-25 12:19:05,846 [Worker-7: Download sources and javadoc] INFO  o.e.m.c.i.e.AbstractTransferListenerAdapter - Downloading https://repo.maven.apache.org/maven2/com/google/zxing/core/3.4.0/core-3.4.0-sources.jar
2026-07-25 12:19:06,075 [Worker-7: Download sources and javadoc] INFO  o.e.m.c.i.e.AbstractTransferListenerAdapter - Downloaded https://repo.maven.apache.org/maven2/com/google/zxing/core/3.4.0/core-3.4.0-sources.jar
2026-07-25 12:19:06,082 [Worker-7: Download sources and javadoc] INFO  o.e.m.j.internal.DownloadSourcesJob - Downloaded sources for com.google.zxing:core:3.4.0
2026-07-25 12:19:07,465 [Worker-7: Download sources and javadoc] INFO  o.e.m.c.i.e.AbstractTransferListenerAdapter - Downloading https://repo.maven.apache.org/maven2/com/google/zxing/javase/3.4.0/javase-3.4.0-sources.jar
2026-07-25 12:19:07,474 [Worker-7: Download sources and javadoc] INFO  o.e.m.c.i.e.AbstractTransferListenerAdapter - Downloaded https://repo.maven.apache.org/maven2/com/google/zxing/javase/3.4.0/javase-3.4.0-sources.jar
2026-07-25 12:19:07,485 [Worker-7: Download sources and javadoc] INFO  o.e.m.j.internal.DownloadSourcesJob - Downloaded sources for com.google.zxing:javase:3.4.0
2026-07-25 12:19:07,638 [Worker-7: Download sources and javadoc] INFO  o.e.m.c.i.e.AbstractTransferListenerAdapter - Downloading https://repo.maven.apache.org/maven2/com/beust/jcommander/1.72/jcommander-1.72-sources.jar
2026-07-25 12:19:07,690 [Worker-7: Download sources and javadoc] INFO  o.e.m.c.i.e.AbstractTransferListenerAdapter - Downloaded https://repo.maven.apache.org/maven2/com/beust/jcommander/1.72/jcommander-1.72-sources.jar
2026-07-25 12:19:07,700 [Worker-7: Download sources and javadoc] INFO  o.e.m.j.internal.DownloadSourcesJob - Downloaded sources for com.beust:jcommander:1.72
2026-07-25 12:19:07,855 [Worker-7: Download sources and javadoc] INFO  o.e.m.c.i.e.AbstractTransferListenerAdapter - Downloading https://repo.maven.apache.org/maven2/com/github/jai-imageio/jai-imageio-core/1.4.0/jai-imageio-core-1.4.0-sources.jar
2026-07-25 12:19:08,100 [Worker-7: Download sources and javadoc] INFO  o.e.m.c.i.e.AbstractTransferListenerAdapter - Downloaded https://repo.maven.apache.org/maven2/com/github/jai-imageio/jai-imageio-core/1.4.0/jai-imageio-core-1.4.0-sources.jar
2026-07-25 12:19:08,108 [Worker-7: Download sources and javadoc] INFO  o.e.m.j.internal.DownloadSourcesJob - Downloaded sources for com.github.jai-imageio:jai-imageio-core:1.4.0
2026-07-25 12:19:08,280 [Worker-7: Download sources and javadoc] INFO  o.e.m.c.i.e.AbstractTransferListenerAdapter - Downloading https://repo.maven.apache.org/maven2/org/projectlombok/lombok/1.18.42/lombok-1.18.42-sources.jar
2026-07-25 12:19:08,714 [Worker-7: Download sources and javadoc] INFO  o.e.m.c.i.e.AbstractTransferListenerAdapter - Downloaded https://repo.maven.apache.org/maven2/org/projectlombok/lombok/1.18.42/lombok-1.18.42-sources.jar
2026-07-25 12:19:08,721 [Worker-7: Download sources and javadoc] INFO  o.e.m.j.internal.DownloadSourcesJob - Downloaded sources for org.projectlombok:lombok:1.18.42
2026-07-25 12:19:08,873 [Worker-7: Download sources and javadoc] INFO  o.e.m.c.i.e.AbstractTransferListenerAdapter - Downloading https://repo.maven.apache.org/maven2/org/springframework/boot/spring-boot-starter-test/4.0.6/spring-boot-starter-test-4.0.6-sources.jar
2026-07-25 12:19:08,877 [Worker-7: Download sources and javadoc] INFO  o.e.m.c.i.e.AbstractTransferListenerAdapter - Downloaded https://repo.maven.apache.org/maven2/org/springframework/boot/spring-boot-starter-test/4.0.6/spring-boot-starter-test-4.0.6-sources.jar
2026-07-25 12:19:08,882 [Worker-7: Download sources and javadoc] INFO  o.e.m.j.internal.DownloadSourcesJob - Downloaded sources for org.springframework.boot:spring-boot-starter-test:4.0.6
2026-07-25 12:19:09,049 [Worker-7: Download sources and javadoc] INFO  o.e.m.c.i.e.AbstractTransferListenerAdapter - Downloading https://repo.maven.apache.org/maven2/org/springframework/boot/spring-boot-test/4.0.6/spring-boot-test-4.0.6-sources.jar
2026-07-25 12:19:09,206 [Worker-7: Download sources and javadoc] INFO  o.e.m.c.i.e.AbstractTransferListenerAdapter - Downloaded https://repo.maven.apache.org/maven2/org/springframework/boot/spring-boot-test/4.0.6/spring-boot-test-4.0.6-sources.jar
2026-07-25 12:19:09,211 [Worker-7: Download sources and javadoc] INFO  o.e.m.j.internal.DownloadSourcesJob - Downloaded sources for org.springframework.boot:spring-boot-test:4.0.6
2026-07-25 12:19:09,375 [Worker-7: Download sources and javadoc] INFO  o.e.m.c.i.e.AbstractTransferListenerAdapter - Downloading https://repo.maven.apache.org/maven2/org/springframework/boot/spring-boot-test-autoconfigure/4.0.6/spring-boot-test-autoconfigure-4.0.6-sources.jar
2026-07-25 12:19:09,391 [Worker-7: Download sources and javadoc] INFO  o.e.m.c.i.e.AbstractTransferListenerAdapter - Downloaded https://repo.maven.apache.org/maven2/org/springframework/boot/spring-boot-test-autoconfigure/4.0.6/spring-boot-test-autoconfigure-4.0.6-sources.jar
2026-07-25 12:19:09,401 [Worker-7: Download sources and javadoc] INFO  o.e.m.j.internal.DownloadSourcesJob - Downloaded sources for org.springframework.boot:spring-boot-test-autoconfigure:4.0.6
2026-07-25 12:19:09,589 [Worker-7: Download sources and javadoc] INFO  o.e.m.c.i.e.AbstractTransferListenerAdapter - Downloading https://repo.maven.apache.org/maven2/org/mockito/mockito-core/5.20.0/mockito-core-5.20.0-sources.jar
2026-07-25 12:19:09,883 [Worker-7: Download sources and javadoc] INFO  o.e.m.c.i.e.AbstractTransferListenerAdapter - Downloaded https://repo.maven.apache.org/maven2/org/mockito/mockito-core/5.20.0/mockito-core-5.20.0-sources.jar
2026-07-25 12:19:09,888 [Worker-7: Download sources and javadoc] INFO  o.e.m.j.internal.DownloadSourcesJob - Downloaded sources for org.mockito:mockito-core:5.20.0
2026-07-25 12:19:10,054 [Worker-7: Download sources and javadoc] INFO  o.e.m.c.i.e.AbstractTransferListenerAdapter - Downloading https://repo.maven.apache.org/maven2/org/mockito/mockito-junit-jupiter/5.20.0/mockito-junit-jupiter-5.20.0-sources.jar
2026-07-25 12:19:10,063 [Worker-7: Download sources and javadoc] INFO  o.e.m.c.i.e.AbstractTransferListenerAdapter - Downloaded https://repo.maven.apache.org/maven2/org/mockito/mockito-junit-jupiter/5.20.0/mockito-junit-jupiter-5.20.0-sources.jar
2026-07-25 12:19:10,072 [Worker-7: Download sources and javadoc] INFO  o.e.m.j.internal.DownloadSourcesJob - Downloaded sources for org.mockito:mockito-junit-jupiter:5.20.0
2026-07-25 12:19:10,365 [Worker-7: Download sources and javadoc] INFO  o.e.m.c.i.e.AbstractTransferListenerAdapter - Downloading https://repo.maven.apache.org/maven2/org/springframework/spring-core/7.0.7/spring-core-7.0.7-sources.jar
2026-07-25 12:19:11,413 [Worker-7: Download sources and javadoc] INFO  o.e.m.c.i.e.AbstractTransferListenerAdapter - Downloaded https://repo.maven.apache.org/maven2/org/springframework/spring-core/7.0.7/spring-core-7.0.7-sources.jar
2026-07-25 12:19:11,419 [Worker-7: Download sources and javadoc] INFO  o.e.m.j.internal.DownloadSourcesJob - Downloaded sources for org.springframework:spring-core:7.0.7
2026-07-25 12:19:11,614 [Worker-7: Download sources and javadoc] INFO  o.e.m.c.i.e.AbstractTransferListenerAdapter - Downloading https://repo.maven.apache.org/maven2/org/springframework/spring-test/7.0.7/spring-test-7.0.7-sources.jar
2026-07-25 12:19:12,069 [Worker-7: Download sources and javadoc] INFO  o.e.m.c.i.e.AbstractTransferListenerAdapter - Downloaded https://repo.maven.apache.org/maven2/org/springframework/spring-test/7.0.7/spring-test-7.0.7-sources.jar
2026-07-25 12:19:12,075 [Worker-7: Download sources and javadoc] INFO  o.e.m.j.internal.DownloadSourcesJob - Downloaded sources for org.springframework:spring-test:7.0.7
2026-07-25 12:22:31,617 [Worker-1: Loading available Gradle versions] INFO  o.e.b.c.i.u.g.PublishedGradleVersions - Gradle version information cache is up-to-date. Trying to read.
2026-07-25 12:23:26,948 [Worker-4: Updating Maven Dependencies] INFO  o.e.m.c.i.l.LifecycleMappingFactory - Using org.eclipse.m2e.jdt.JarLifecycleMapping lifecycle mapping for MavenProject: com.locato:locato-constants:1.0.0 @ C:\Users\user\Documents\workspace-spring-tools-for-eclipse-5.2.0.RELEASE\Locato-constants\pom.xml.
2026-07-25 12:23:29,834 [Worker-0: Building] INFO  o.e.m.c.i.l.LifecycleMappingFactory - Using org.eclipse.m2e.jdt.JarLifecycleMapping lifecycle mapping for MavenProject: com.locato:locato-constants:1.0.0 @ C:\Users\user\Documents\workspace-spring-tools-for-eclipse-5.2.0.RELEASE\Locato-constants\pom.xml.
2026-07-25 12:23:33,409 [Worker-4: Updating Maven Dependencies] INFO  o.e.m.c.i.l.LifecycleMappingFactory - Using org.eclipse.m2e.jdt.JarLifecycleMapping lifecycle mapping for MavenProject: com.whoami:notification-service:1.0.0 @ C:\Users\user\Desktop\locato\Notification-Service\pom.xml.
2026-07-25 12:23:33,506 [Worker-4: Updating Maven Dependencies] INFO  o.e.m.c.i.p.WorkspaceClassifierResolverManager - Resolving P/Locato-constants: com.locato:locato-constants:1.0.0 with classifier  to /Locato-constants/target/classes
2026-07-25 12:23:36,697 [Worker-0: Building] INFO  o.e.m.c.i.l.LifecycleMappingFactory - Using org.eclipse.m2e.jdt.JarLifecycleMapping lifecycle mapping for MavenProject: com.whoami:notification-service:1.0.0 @ C:\Users\user\Desktop\locato\Notification-Service\pom.xml.
2026-07-25 12:23:36,808 [Worker-0: Building] INFO  o.e.m.c.i.p.WorkspaceClassifierResolverManager - Resolving P/Locato-constants: com.locato:locato-constants:1.0.0 with classifier  to /Locato-constants/target/classes
2026-07-25 12:23:38,986 [Worker-0: Building] INFO  o.e.m.c.i.l.LifecycleMappingFactory - Using org.eclipse.m2e.jdt.JarLifecycleMapping lifecycle mapping for MavenProject: com.whoami:OrderService:0.0.1-SNAPSHOT @ C:\Users\user\Desktop\locato\OrderService\pom.xml.
2026-07-25 12:23:39,089 [Worker-0: Building] INFO  o.e.m.c.i.p.WorkspaceClassifierResolverManager - Resolving P/Locato-constants: com.locato:locato-constants:1.0.0 with classifier  to /Locato-constants/target/classes
2026-07-25 12:23:40,254 [Worker-0: Building] INFO  o.e.m.c.i.l.LifecycleMappingFactory - Using org.eclipse.m2e.jdt.JarLifecycleMapping lifecycle mapping for MavenProject: com.whoami:Servicechat:0.0.1-SNAPSHOT @ C:\Users\user\Desktop\locato\Servicechat\pom.xml.
2026-07-25 12:23:40,286 [Worker-0: Building] INFO  o.e.m.c.i.p.WorkspaceClassifierResolverManager - Resolving P/Locato-constants: com.locato:locato-constants:1.0.0 with classifier  to /Locato-constants/target/classes
2026-07-25 12:23:43,720 [Worker-0: Building] INFO  o.a.m.s.f.DefaultMavenResourcesFiltering - Copying 1 resource from src\main\resources to target\classes
2026-07-25 12:23:43,732 [Worker-0: Building] INFO  o.a.m.s.f.DefaultMavenResourcesFiltering - skip non existing resourceDirectory C:\Users\user\Documents\workspace-spring-tools-for-eclipse-5.2.0.RELEASE\Locato-constants\src\test\resources
2026-07-25 12:23:43,752 [Worker-0: Building] WARN  o.apache.maven.project.MavenProject - Plugin is modifying compileSourceRoots through clear(), which will not work in Maven 4.0.0. Use MavenProject.addCompileSourceRoot()/removeCompileSourceRoot() methods instead. If using a plugin, please upgrade to the latest version or report the issue to the plugin maintainer. To disable these warnings, set -Dmaven.project.sourceRoots.warningsDisabled=true on the command line, in the .mvn/maven.config file, or in project POM properties.
2026-07-25 12:23:43,753 [Worker-0: Building] WARN  o.apache.maven.project.MavenProject - Plugin is modifying compileSourceRoots through add(), which will not work in Maven 4.0.0. Use MavenProject.addCompileSourceRoot()/removeCompileSourceRoot() methods instead. If using a plugin, please upgrade to the latest version or report the issue to the plugin maintainer. To disable these warnings, set -Dmaven.project.sourceRoots.warningsDisabled=true on the command line, in the .mvn/maven.config file, or in project POM properties.
2026-07-25 12:23:43,754 [Worker-0: Building] WARN  o.apache.maven.project.MavenProject - Plugin is modifying testCompileSourceRoots through clear(), which will not work in Maven 4.0.0. Use MavenProject.addTestCompileSourceRoot()/removeTestCompileSourceRoot() methods instead. If using a plugin, please upgrade to the latest version or report the issue to the plugin maintainer. To disable these warnings, set -Dmaven.project.sourceRoots.warningsDisabled=true on the command line, in the .mvn/maven.config file, or in project POM properties.
2026-07-25 12:23:43,755 [Worker-0: Building] WARN  o.apache.maven.project.MavenProject - Plugin is modifying testCompileSourceRoots through add(), which will not work in Maven 4.0.0. Use MavenProject.addTestCompileSourceRoot()/removeTestCompileSourceRoot() methods instead. If using a plugin, please upgrade to the latest version or report the issue to the plugin maintainer. To disable these warnings, set -Dmaven.project.sourceRoots.warningsDisabled=true on the command line, in the .mvn/maven.config file, or in project POM properties.
2026-07-25 12:23:44,105 [Worker-0: Updating Maven Dependencies] INFO  o.e.m.c.i.l.LifecycleMappingFactory - Using org.eclipse.m2e.jdt.JarLifecycleMapping lifecycle mapping for MavenProject: com.locato:locato-constants:1.0.0 @ C:\Users\user\Documents\workspace-spring-tools-for-eclipse-5.2.0.RELEASE\Locato-constants\pom.xml.
2026-07-25 12:23:45,160 [Worker-7: Building] INFO  o.a.m.s.f.DefaultMavenResourcesFiltering - Copying 1 resource from src\main\resources to target\classes
2026-07-25 12:23:45,169 [Worker-7: Building] INFO  o.a.m.s.f.DefaultMavenResourcesFiltering - skip non existing resourceDirectory C:\Users\user\Documents\workspace-spring-tools-for-eclipse-5.2.0.RELEASE\Locato-constants\src\test\resources
2026-07-25 12:23:45,195 [Worker-7: Building] WARN  o.apache.maven.project.MavenProject - Plugin is modifying compileSourceRoots through clear(), which will not work in Maven 4.0.0. Use MavenProject.addCompileSourceRoot()/removeCompileSourceRoot() methods instead. If using a plugin, please upgrade to the latest version or report the issue to the plugin maintainer. To disable these warnings, set -Dmaven.project.sourceRoots.warningsDisabled=true on the command line, in the .mvn/maven.config file, or in project POM properties.
2026-07-25 12:23:45,196 [Worker-7: Building] WARN  o.apache.maven.project.MavenProject - Plugin is modifying compileSourceRoots through add(), which will not work in Maven 4.0.0. Use MavenProject.addCompileSourceRoot()/removeCompileSourceRoot() methods instead. If using a plugin, please upgrade to the latest version or report the issue to the plugin maintainer. To disable these warnings, set -Dmaven.project.sourceRoots.warningsDisabled=true on the command line, in the .mvn/maven.config file, or in project POM properties.
2026-07-25 12:23:45,197 [Worker-7: Building] WARN  o.apache.maven.project.MavenProject - Plugin is modifying testCompileSourceRoots through clear(), which will not work in Maven 4.0.0. Use MavenProject.addTestCompileSourceRoot()/removeTestCompileSourceRoot() methods instead. If using a plugin, please upgrade to the latest version or report the issue to the plugin maintainer. To disable these warnings, set -Dmaven.project.sourceRoots.warningsDisabled=true on the command line, in the .mvn/maven.config file, or in project POM properties.
2026-07-25 12:23:45,198 [Worker-7: Building] WARN  o.apache.maven.project.MavenProject - Plugin is modifying testCompileSourceRoots through add(), which will not work in Maven 4.0.0. Use MavenProject.addTestCompileSourceRoot()/removeTestCompileSourceRoot() methods instead. If using a plugin, please upgrade to the latest version or report the issue to the plugin maintainer. To disable these warnings, set -Dmaven.project.sourceRoots.warningsDisabled=true on the command line, in the .mvn/maven.config file, or in project POM properties.
2026-07-25 12:23:48,348 [Worker-7: Building] INFO  o.a.m.s.f.DefaultMavenResourcesFiltering - Copying 1 resource from src\main\resources to target\classes
2026-07-25 12:23:48,370 [Worker-7: Building] INFO  o.a.m.s.f.DefaultMavenResourcesFiltering - Copying 2 resources from src\main\resources to target\classes
2026-07-25 12:23:48,378 [Worker-7: Building] INFO  o.a.m.s.f.DefaultMavenResourcesFiltering - skip non existing resourceDirectory C:\Users\user\Desktop\locato\Notification-Service\src\test\resources
2026-07-25 12:23:48,790 [Worker-7: Building] WARN  o.apache.maven.project.MavenProject - Plugin is modifying compileSourceRoots through clear(), which will not work in Maven 4.0.0. Use MavenProject.addCompileSourceRoot()/removeCompileSourceRoot() methods instead. If using a plugin, please upgrade to the latest version or report the issue to the plugin maintainer. To disable these warnings, set -Dmaven.project.sourceRoots.warningsDisabled=true on the command line, in the .mvn/maven.config file, or in project POM properties.
2026-07-25 12:23:48,791 [Worker-7: Building] WARN  o.apache.maven.project.MavenProject - Plugin is modifying compileSourceRoots through add(), which will not work in Maven 4.0.0. Use MavenProject.addCompileSourceRoot()/removeCompileSourceRoot() methods instead. If using a plugin, please upgrade to the latest version or report the issue to the plugin maintainer. To disable these warnings, set -Dmaven.project.sourceRoots.warningsDisabled=true on the command line, in the .mvn/maven.config file, or in project POM properties.
2026-07-25 12:23:48,791 [Worker-7: Building] WARN  o.apache.maven.project.MavenProject - Plugin is modifying testCompileSourceRoots through clear(), which will not work in Maven 4.0.0. Use MavenProject.addTestCompileSourceRoot()/removeTestCompileSourceRoot() methods instead. If using a plugin, please upgrade to the latest version or report the issue to the plugin maintainer. To disable these warnings, set -Dmaven.project.sourceRoots.warningsDisabled=true on the command line, in the .mvn/maven.config file, or in project POM properties.
2026-07-25 12:23:48,792 [Worker-7: Building] WARN  o.apache.maven.project.MavenProject - Plugin is modifying testCompileSourceRoots through add(), which will not work in Maven 4.0.0. Use MavenProject.addTestCompileSourceRoot()/removeTestCompileSourceRoot() methods instead. If using a plugin, please upgrade to the latest version or report the issue to the plugin maintainer. To disable these warnings, set -Dmaven.project.sourceRoots.warningsDisabled=true on the command line, in the .mvn/maven.config file, or in project POM properties.
2026-07-25 12:23:50,806 [Worker-7: Building] INFO  o.a.m.s.f.DefaultMavenResourcesFiltering - Copying 1 resource from src\main\resources to target\classes
2026-07-25 12:23:50,822 [Worker-7: Building] INFO  o.a.m.s.f.DefaultMavenResourcesFiltering - Copying 0 resource from src\main\resources to target\classes
2026-07-25 12:23:50,832 [Worker-7: Building] INFO  o.a.m.s.f.DefaultMavenResourcesFiltering - skip non existing resourceDirectory C:\Users\user\Desktop\locato\OrderService\src\test\resources
2026-07-25 12:23:51,262 [Worker-7: Building] WARN  o.apache.maven.project.MavenProject - Plugin is modifying compileSourceRoots through clear(), which will not work in Maven 4.0.0. Use MavenProject.addCompileSourceRoot()/removeCompileSourceRoot() methods instead. If using a plugin, please upgrade to the latest version or report the issue to the plugin maintainer. To disable these warnings, set -Dmaven.project.sourceRoots.warningsDisabled=true on the command line, in the .mvn/maven.config file, or in project POM properties.
2026-07-25 12:23:51,263 [Worker-7: Building] WARN  o.apache.maven.project.MavenProject - Plugin is modifying compileSourceRoots through add(), which will not work in Maven 4.0.0. Use MavenProject.addCompileSourceRoot()/removeCompileSourceRoot() methods instead. If using a plugin, please upgrade to the latest version or report the issue to the plugin maintainer. To disable these warnings, set -Dmaven.project.sourceRoots.warningsDisabled=true on the command line, in the .mvn/maven.config file, or in project POM properties.
2026-07-25 12:23:51,264 [Worker-7: Building] WARN  o.apache.maven.project.MavenProject - Plugin is modifying testCompileSourceRoots through clear(), which will not work in Maven 4.0.0. Use MavenProject.addTestCompileSourceRoot()/removeTestCompileSourceRoot() methods instead. If using a plugin, please upgrade to the latest version or report the issue to the plugin maintainer. To disable these warnings, set -Dmaven.project.sourceRoots.warningsDisabled=true on the command line, in the .mvn/maven.config file, or in project POM properties.
2026-07-25 12:23:51,267 [Worker-7: Building] WARN  o.apache.maven.project.MavenProject - Plugin is modifying testCompileSourceRoots through add(), which will not work in Maven 4.0.0. Use MavenProject.addTestCompileSourceRoot()/removeTestCompileSourceRoot() methods instead. If using a plugin, please upgrade to the latest version or report the issue to the plugin maintainer. To disable these warnings, set -Dmaven.project.sourceRoots.warningsDisabled=true on the command line, in the .mvn/maven.config file, or in project POM properties.
2026-07-25 12:23:52,324 [Worker-7: Building] INFO  o.a.m.s.f.DefaultMavenResourcesFiltering - Copying 1 resource from src\main\resources to target\classes
2026-07-25 12:23:52,376 [Worker-7: Building] INFO  o.a.m.s.f.DefaultMavenResourcesFiltering - Copying 0 resource from src\main\resources to target\classes
2026-07-25 12:23:52,385 [Worker-7: Building] INFO  o.a.m.s.f.DefaultMavenResourcesFiltering - skip non existing resourceDirectory C:\Users\user\Desktop\locato\Servicechat\src\test\resources
2026-07-25 12:23:52,465 [Worker-7: Building] WARN  o.apache.maven.project.MavenProject - Plugin is modifying compileSourceRoots through clear(), which will not work in Maven 4.0.0. Use MavenProject.addCompileSourceRoot()/removeCompileSourceRoot() methods instead. If using a plugin, please upgrade to the latest version or report the issue to the plugin maintainer. To disable these warnings, set -Dmaven.project.sourceRoots.warningsDisabled=true on the command line, in the .mvn/maven.config file, or in project POM properties.
2026-07-25 12:23:52,466 [Worker-7: Building] WARN  o.apache.maven.project.MavenProject - Plugin is modifying compileSourceRoots through add(), which will not work in Maven 4.0.0. Use MavenProject.addCompileSourceRoot()/removeCompileSourceRoot() methods instead. If using a plugin, please upgrade to the latest version or report the issue to the plugin maintainer. To disable these warnings, set -Dmaven.project.sourceRoots.warningsDisabled=true on the command line, in the .mvn/maven.config file, or in project POM properties.
2026-07-25 12:23:52,467 [Worker-7: Building] WARN  o.apache.maven.project.MavenProject - Plugin is modifying testCompileSourceRoots through clear(), which will not work in Maven 4.0.0. Use MavenProject.addTestCompileSourceRoot()/removeTestCompileSourceRoot() methods instead. If using a plugin, please upgrade to the latest version or report the issue to the plugin maintainer. To disable these warnings, set -Dmaven.project.sourceRoots.warningsDisabled=true on the command line, in the .mvn/maven.config file, or in project POM properties.
2026-07-25 12:23:52,468 [Worker-7: Building] WARN  o.apache.maven.project.MavenProject - Plugin is modifying testCompileSourceRoots through add(), which will not work in Maven 4.0.0. Use MavenProject.addTestCompileSourceRoot()/removeTestCompileSourceRoot() methods instead. If using a plugin, please upgrade to the latest version or report the issue to the plugin maintainer. To disable these warnings, set -Dmaven.project.sourceRoots.warningsDisabled=true on the command line, in the .mvn/maven.config file, or in project POM properties.
2026-07-25 20:55:36,478 [Worker-1: Loading available Gradle versions] INFO  o.e.b.c.i.u.g.PublishedGradleVersions - Gradle version information cache is up-to-date. Trying to read.
2026-07-25 22:10:28,890 [Worker-24: Building] INFO  o.e.m.c.i.l.LifecycleMappingFactory - Using org.eclipse.m2e.jdt.JarLifecycleMapping lifecycle mapping for MavenProject: com.whoami:gateway:0.0.1-SNAPSHOT @ C:\Users\user\Desktop\locato\Gateway\pom.xml.
2026-07-25 22:10:30,772 [Worker-24: Building] INFO  o.a.m.s.f.DefaultMavenResourcesFiltering - Copying 1 resource from src\main\resources to target\classes
2026-07-25 22:10:30,791 [Worker-24: Building] INFO  o.a.m.s.f.DefaultMavenResourcesFiltering - Copying 0 resource from src\main\resources to target\classes
2026-07-25 22:10:30,797 [Worker-24: Building] INFO  o.a.m.s.f.DefaultMavenResourcesFiltering - skip non existing resourceDirectory C:\Users\user\Desktop\locato\Gateway\src\test\resources
2026-07-25 22:10:31,196 [Worker-24: Building] WARN  o.apache.maven.project.MavenProject - Plugin is modifying compileSourceRoots through clear(), which will not work in Maven 4.0.0. Use MavenProject.addCompileSourceRoot()/removeCompileSourceRoot() methods instead. If using a plugin, please upgrade to the latest version or report the issue to the plugin maintainer. To disable these warnings, set -Dmaven.project.sourceRoots.warningsDisabled=true on the command line, in the .mvn/maven.config file, or in project POM properties.
2026-07-25 22:10:31,197 [Worker-24: Building] WARN  o.apache.maven.project.MavenProject - Plugin is modifying compileSourceRoots through add(), which will not work in Maven 4.0.0. Use MavenProject.addCompileSourceRoot()/removeCompileSourceRoot() methods instead. If using a plugin, please upgrade to the latest version or report the issue to the plugin maintainer. To disable these warnings, set -Dmaven.project.sourceRoots.warningsDisabled=true on the command line, in the .mvn/maven.config file, or in project POM properties.
2026-07-25 22:10:31,198 [Worker-24: Building] WARN  o.apache.maven.project.MavenProject - Plugin is modifying testCompileSourceRoots through clear(), which will not work in Maven 4.0.0. Use MavenProject.addTestCompileSourceRoot()/removeTestCompileSourceRoot() methods instead. If using a plugin, please upgrade to the latest version or report the issue to the plugin maintainer. To disable these warnings, set -Dmaven.project.sourceRoots.warningsDisabled=true on the command line, in the .mvn/maven.config file, or in project POM properties.
2026-07-25 22:10:31,199 [Worker-24: Building] WARN  o.apache.maven.project.MavenProject - Plugin is modifying testCompileSourceRoots through add(), which will not work in Maven 4.0.0. Use MavenProject.addTestCompileSourceRoot()/removeTestCompileSourceRoot() methods instead. If using a plugin, please upgrade to the latest version or report the issue to the plugin maintainer. To disable these warnings, set -Dmaven.project.sourceRoots.warningsDisabled=true on the command line, in the .mvn/maven.config file, or in project POM properties.
2026-07-25 22:10:54,135 [Worker-27: Building] INFO  o.e.m.c.i.l.LifecycleMappingFactory - Using org.eclipse.m2e.jdt.JarLifecycleMapping lifecycle mapping for MavenProject: com.whoami:service-registry:0.0.1-SNAPSHOT @ C:\Users\user\Desktop\locato\service-registery\pom.xml.
2026-07-25 22:10:55,411 [Worker-27: Building] INFO  o.a.m.s.f.DefaultMavenResourcesFiltering - Copying 1 resource from src\main\resources to target\classes
2026-07-25 22:10:55,424 [Worker-27: Building] INFO  o.a.m.s.f.DefaultMavenResourcesFiltering - Copying 0 resource from src\main\resources to target\classes
2026-07-25 22:10:55,430 [Worker-27: Building] INFO  o.a.m.s.f.DefaultMavenResourcesFiltering - skip non existing resourceDirectory C:\Users\user\Desktop\locato\service-registery\src\test\resources
2026-07-25 22:10:55,456 [Worker-27: Building] WARN  o.apache.maven.project.MavenProject - Plugin is modifying compileSourceRoots through clear(), which will not work in Maven 4.0.0. Use MavenProject.addCompileSourceRoot()/removeCompileSourceRoot() methods instead. If using a plugin, please upgrade to the latest version or report the issue to the plugin maintainer. To disable these warnings, set -Dmaven.project.sourceRoots.warningsDisabled=true on the command line, in the .mvn/maven.config file, or in project POM properties.
2026-07-25 22:10:55,457 [Worker-27: Building] WARN  o.apache.maven.project.MavenProject - Plugin is modifying compileSourceRoots through add(), which will not work in Maven 4.0.0. Use MavenProject.addCompileSourceRoot()/removeCompileSourceRoot() methods instead. If using a plugin, please upgrade to the latest version or report the issue to the plugin maintainer. To disable these warnings, set -Dmaven.project.sourceRoots.warningsDisabled=true on the command line, in the .mvn/maven.config file, or in project POM properties.
2026-07-25 22:10:55,458 [Worker-27: Building] WARN  o.apache.maven.project.MavenProject - Plugin is modifying testCompileSourceRoots through clear(), which will not work in Maven 4.0.0. Use MavenProject.addTestCompileSourceRoot()/removeTestCompileSourceRoot() methods instead. If using a plugin, please upgrade to the latest version or report the issue to the plugin maintainer. To disable these warnings, set -Dmaven.project.sourceRoots.warningsDisabled=true on the command line, in the .mvn/maven.config file, or in project POM properties.
2026-07-25 22:10:55,459 [Worker-27: Building] WARN  o.apache.maven.project.MavenProject - Plugin is modifying testCompileSourceRoots through add(), which will not work in Maven 4.0.0. Use MavenProject.addTestCompileSourceRoot()/removeTestCompileSourceRoot() methods instead. If using a plugin, please upgrade to the latest version or report the issue to the plugin maintainer. To disable these warnings, set -Dmaven.project.sourceRoots.warningsDisabled=true on the command line, in the .mvn/maven.config file, or in project POM properties.
2026-07-25 22:11:18,817 [Worker-28: Updating Maven Project] INFO  o.e.m.c.i.p.ProjectConfigurationManager - Update started
2026-07-25 22:11:19,661 [Worker-28: Updating Maven Project] INFO  o.e.m.c.i.l.LifecycleMappingFactory - Using org.eclipse.m2e.jdt.JarLifecycleMapping lifecycle mapping for MavenProject: com.whoami:gateway:0.0.1-SNAPSHOT @ C:\Users\user\Desktop\locato\Gateway\pom.xml.
2026-07-25 22:11:20,464 [Worker-28: Updating Maven Project] INFO  o.e.m.c.i.l.LifecycleMappingFactory - Using org.eclipse.m2e.jdt.JarLifecycleMapping lifecycle mapping for MavenProject: com.whoami:service-registry:0.0.1-SNAPSHOT @ C:\Users\user\Desktop\locato\service-registery\pom.xml.
2026-07-25 22:11:21,569 [Worker-28: Updating Maven Project] INFO  o.e.m.j.i.AbstractJavaProjectConfigurator - Adding source folder /Gateway/src/main/java
2026-07-25 22:11:21,571 [Worker-28: Updating Maven Project] INFO  o.e.m.j.i.AbstractJavaProjectConfigurator - Adding resource folder /Gateway/src/main/resources
2026-07-25 22:11:21,572 [Worker-28: Updating Maven Project] INFO  o.e.m.j.i.AbstractJavaProjectConfigurator - Adding resource folder /Gateway/src/main/resources
2026-07-25 22:11:21,573 [Worker-28: Updating Maven Project] INFO  o.e.m.j.i.AbstractJavaProjectConfigurator - Adding source folder /Gateway/src/test/java
2026-07-25 22:11:21,574 [Worker-28: Updating Maven Project] INFO  o.e.m.j.i.AbstractJavaProjectConfigurator - Adding resource folder /Gateway/src/test/resources
2026-07-25 22:11:22,195 [Worker-28: Updating Maven Project] WARN  o.apache.maven.project.MavenProject - Plugin is modifying compileSourceRoots through clear(), which will not work in Maven 4.0.0. Use MavenProject.addCompileSourceRoot()/removeCompileSourceRoot() methods instead. If using a plugin, please upgrade to the latest version or report the issue to the plugin maintainer. To disable these warnings, set -Dmaven.project.sourceRoots.warningsDisabled=true on the command line, in the .mvn/maven.config file, or in project POM properties.
2026-07-25 22:11:22,196 [Worker-28: Updating Maven Project] WARN  o.apache.maven.project.MavenProject - Plugin is modifying compileSourceRoots through add(), which will not work in Maven 4.0.0. Use MavenProject.addCompileSourceRoot()/removeCompileSourceRoot() methods instead. If using a plugin, please upgrade to the latest version or report the issue to the plugin maintainer. To disable these warnings, set -Dmaven.project.sourceRoots.warningsDisabled=true on the command line, in the .mvn/maven.config file, or in project POM properties.
2026-07-25 22:11:22,197 [Worker-28: Updating Maven Project] WARN  o.apache.maven.project.MavenProject - Plugin is modifying testCompileSourceRoots through clear(), which will not work in Maven 4.0.0. Use MavenProject.addTestCompileSourceRoot()/removeTestCompileSourceRoot() methods instead. If using a plugin, please upgrade to the latest version or report the issue to the plugin maintainer. To disable these warnings, set -Dmaven.project.sourceRoots.warningsDisabled=true on the command line, in the .mvn/maven.config file, or in project POM properties.
2026-07-25 22:11:22,198 [Worker-28: Updating Maven Project] WARN  o.apache.maven.project.MavenProject - Plugin is modifying testCompileSourceRoots through add(), which will not work in Maven 4.0.0. Use MavenProject.addTestCompileSourceRoot()/removeTestCompileSourceRoot() methods instead. If using a plugin, please upgrade to the latest version or report the issue to the plugin maintainer. To disable these warnings, set -Dmaven.project.sourceRoots.warningsDisabled=true on the command line, in the .mvn/maven.config file, or in project POM properties.
2026-07-25 22:11:22,277 [Worker-28: Updating Maven Project] INFO  o.e.m.j.i.AbstractJavaProjectConfigurator - Adding source folder /service-registery/src/main/java
2026-07-25 22:11:22,278 [Worker-28: Updating Maven Project] INFO  o.e.m.j.i.AbstractJavaProjectConfigurator - Adding resource folder /service-registery/src/main/resources
2026-07-25 22:11:22,278 [Worker-28: Updating Maven Project] INFO  o.e.m.j.i.AbstractJavaProjectConfigurator - Adding resource folder /service-registery/src/main/resources
2026-07-25 22:11:22,279 [Worker-28: Updating Maven Project] INFO  o.e.m.j.i.AbstractJavaProjectConfigurator - Adding source folder /service-registery/src/test/java
2026-07-25 22:11:22,280 [Worker-28: Updating Maven Project] INFO  o.e.m.j.i.AbstractJavaProjectConfigurator - Adding resource folder /service-registery/src/test/resources
2026-07-25 22:11:22,743 [Worker-28: Updating Maven Project] WARN  o.apache.maven.project.MavenProject - Plugin is modifying compileSourceRoots through clear(), which will not work in Maven 4.0.0. Use MavenProject.addCompileSourceRoot()/removeCompileSourceRoot() methods instead. If using a plugin, please upgrade to the latest version or report the issue to the plugin maintainer. To disable these warnings, set -Dmaven.project.sourceRoots.warningsDisabled=true on the command line, in the .mvn/maven.config file, or in project POM properties.
2026-07-25 22:11:22,744 [Worker-28: Updating Maven Project] WARN  o.apache.maven.project.MavenProject - Plugin is modifying compileSourceRoots through add(), which will not work in Maven 4.0.0. Use MavenProject.addCompileSourceRoot()/removeCompileSourceRoot() methods instead. If using a plugin, please upgrade to the latest version or report the issue to the plugin maintainer. To disable these warnings, set -Dmaven.project.sourceRoots.warningsDisabled=true on the command line, in the .mvn/maven.config file, or in project POM properties.
2026-07-25 22:11:22,745 [Worker-28: Updating Maven Project] WARN  o.apache.maven.project.MavenProject - Plugin is modifying testCompileSourceRoots through clear(), which will not work in Maven 4.0.0. Use MavenProject.addTestCompileSourceRoot()/removeTestCompileSourceRoot() methods instead. If using a plugin, please upgrade to the latest version or report the issue to the plugin maintainer. To disable these warnings, set -Dmaven.project.sourceRoots.warningsDisabled=true on the command line, in the .mvn/maven.config file, or in project POM properties.
2026-07-25 22:11:22,745 [Worker-28: Updating Maven Project] WARN  o.apache.maven.project.MavenProject - Plugin is modifying testCompileSourceRoots through add(), which will not work in Maven 4.0.0. Use MavenProject.addTestCompileSourceRoot()/removeTestCompileSourceRoot() methods instead. If using a plugin, please upgrade to the latest version or report the issue to the plugin maintainer. To disable these warnings, set -Dmaven.project.sourceRoots.warningsDisabled=true on the command line, in the .mvn/maven.config file, or in project POM properties.
2026-07-25 22:11:23,008 [Worker-28: Updating Maven Project] INFO  o.e.m.c.i.p.ProjectConfigurationManager - Update completed for 2 poms: local refresh takes 0.00 sec, refresh facades takes 2.00 sec, update config takes 1.00 sec 
2026-07-25 22:11:24,303 [Worker-28: Building] INFO  o.a.m.s.f.DefaultMavenResourcesFiltering - Copying 1 resource from src\main\resources to target\classes
2026-07-25 22:11:24,322 [Worker-28: Building] INFO  o.a.m.s.f.DefaultMavenResourcesFiltering - Copying 0 resource from src\main\resources to target\classes
2026-07-25 22:11:24,328 [Worker-28: Building] INFO  o.a.m.s.f.DefaultMavenResourcesFiltering - skip non existing resourceDirectory C:\Users\user\Desktop\locato\Gateway\src\test\resources
2026-07-25 22:11:24,349 [Worker-28: Building] WARN  o.apache.maven.project.MavenProject - Plugin is modifying compileSourceRoots through clear(), which will not work in Maven 4.0.0. Use MavenProject.addCompileSourceRoot()/removeCompileSourceRoot() methods instead. If using a plugin, please upgrade to the latest version or report the issue to the plugin maintainer. To disable these warnings, set -Dmaven.project.sourceRoots.warningsDisabled=true on the command line, in the .mvn/maven.config file, or in project POM properties.
2026-07-25 22:11:24,350 [Worker-28: Building] WARN  o.apache.maven.project.MavenProject - Plugin is modifying compileSourceRoots through add(), which will not work in Maven 4.0.0. Use MavenProject.addCompileSourceRoot()/removeCompileSourceRoot() methods instead. If using a plugin, please upgrade to the latest version or report the issue to the plugin maintainer. To disable these warnings, set -Dmaven.project.sourceRoots.warningsDisabled=true on the command line, in the .mvn/maven.config file, or in project POM properties.
2026-07-25 22:11:24,351 [Worker-28: Building] WARN  o.apache.maven.project.MavenProject - Plugin is modifying testCompileSourceRoots through clear(), which will not work in Maven 4.0.0. Use MavenProject.addTestCompileSourceRoot()/removeTestCompileSourceRoot() methods instead. If using a plugin, please upgrade to the latest version or report the issue to the plugin maintainer. To disable these warnings, set -Dmaven.project.sourceRoots.warningsDisabled=true on the command line, in the .mvn/maven.config file, or in project POM properties.
2026-07-25 22:11:24,351 [Worker-28: Building] WARN  o.apache.maven.project.MavenProject - Plugin is modifying testCompileSourceRoots through add(), which will not work in Maven 4.0.0. Use MavenProject.addTestCompileSourceRoot()/removeTestCompileSourceRoot() methods instead. If using a plugin, please upgrade to the latest version or report the issue to the plugin maintainer. To disable these warnings, set -Dmaven.project.sourceRoots.warningsDisabled=true on the command line, in the .mvn/maven.config file, or in project POM properties.
2026-07-25 22:11:24,660 [Worker-28: Building] INFO  o.a.m.s.f.DefaultMavenResourcesFiltering - Copying 1 resource from src\main\resources to target\classes
2026-07-25 22:11:24,700 [Worker-28: Building] INFO  o.a.m.s.f.DefaultMavenResourcesFiltering - Copying 0 resource from src\main\resources to target\classes
2026-07-25 22:11:24,705 [Worker-28: Building] INFO  o.a.m.s.f.DefaultMavenResourcesFiltering - skip non existing resourceDirectory C:\Users\user\Desktop\locato\service-registery\src\test\resources
2026-07-25 22:11:24,727 [Worker-28: Building] WARN  o.apache.maven.project.MavenProject - Plugin is modifying compileSourceRoots through clear(), which will not work in Maven 4.0.0. Use MavenProject.addCompileSourceRoot()/removeCompileSourceRoot() methods instead. If using a plugin, please upgrade to the latest version or report the issue to the plugin maintainer. To disable these warnings, set -Dmaven.project.sourceRoots.warningsDisabled=true on the command line, in the .mvn/maven.config file, or in project POM properties.
2026-07-25 22:11:24,728 [Worker-28: Building] WARN  o.apache.maven.project.MavenProject - Plugin is modifying compileSourceRoots through add(), which will not work in Maven 4.0.0. Use MavenProject.addCompileSourceRoot()/removeCompileSourceRoot() methods instead. If using a plugin, please upgrade to the latest version or report the issue to the plugin maintainer. To disable these warnings, set -Dmaven.project.sourceRoots.warningsDisabled=true on the command line, in the .mvn/maven.config file, or in project POM properties.
2026-07-25 22:11:24,729 [Worker-28: Building] WARN  o.apache.maven.project.MavenProject - Plugin is modifying testCompileSourceRoots through clear(), which will not work in Maven 4.0.0. Use MavenProject.addTestCompileSourceRoot()/removeTestCompileSourceRoot() methods instead. If using a plugin, please upgrade to the latest version or report the issue to the plugin maintainer. To disable these warnings, set -Dmaven.project.sourceRoots.warningsDisabled=true on the command line, in the .mvn/maven.config file, or in project POM properties.
2026-07-25 22:11:24,729 [Worker-28: Building] WARN  o.apache.maven.project.MavenProject - Plugin is modifying testCompileSourceRoots through add(), which will not work in Maven 4.0.0. Use MavenProject.addTestCompileSourceRoot()/removeTestCompileSourceRoot() methods instead. If using a plugin, please upgrade to the latest version or report the issue to the plugin maintainer. To disable these warnings, set -Dmaven.project.sourceRoots.warningsDisabled=true on the command line, in the .mvn/maven.config file, or in project POM properties.
2026-07-25 22:11:46,981 [Worker-29: Launching Executing clean in C__Users_user_Desktop_locato_Gateway] INFO  o.eclipse.m2e.core.internal.Bundles - getClasspathEntries(Bundle=org.eclipse.m2e.maven.runtime_3.9.1600.20260522-0510 [365])
2026-07-25 22:11:46,983 [Worker-29: Launching Executing clean in C__Users_user_Desktop_locato_Gateway] INFO  o.eclipse.m2e.core.internal.Bundles - 	Entry: C:\Users\user\Downloads\spring-tools-for-eclipse-5.2.0.RELEASE-e4.40.0-win32.win32.x86_64\sts-5.2.0.RELEASE\plugins\org.eclipse.m2e.maven.runtime_3.9.1600.20260522-0510
2026-07-25 22:11:46,983 [Worker-29: Launching Executing clean in C__Users_user_Desktop_locato_Gateway] INFO  o.eclipse.m2e.core.internal.Bundles - 	Entry: C:\Users\user\Downloads\spring-tools-for-eclipse-5.2.0.RELEASE-e4.40.0-win32.win32.x86_64\sts-5.2.0.RELEASE\plugins\org.eclipse.m2e.maven.runtime_3.9.1600.20260522-0510\jars\aopalliance-1.0.jar
2026-07-25 22:11:46,983 [Worker-29: Launching Executing clean in C__Users_user_Desktop_locato_Gateway] INFO  o.eclipse.m2e.core.internal.Bundles - 	Entry: C:\Users\user\Downloads\spring-tools-for-eclipse-5.2.0.RELEASE-e4.40.0-win32.win32.x86_64\sts-5.2.0.RELEASE\plugins\org.eclipse.m2e.maven.runtime_3.9.1600.20260522-0510\jars\asm-9.9.1.jar
2026-07-25 22:11:46,984 [Worker-29: Launching Executing clean in C__Users_user_Desktop_locato_Gateway] INFO  o.eclipse.m2e.core.internal.Bundles - 	Entry: C:\Users\user\Downloads\spring-tools-for-eclipse-5.2.0.RELEASE-e4.40.0-win32.win32.x86_64\sts-5.2.0.RELEASE\plugins\org.eclipse.m2e.maven.runtime_3.9.1600.20260522-0510\jars\error_prone_annotations-2.41.0.jar
2026-07-25 22:11:46,984 [Worker-29: Launching Executing clean in C__Users_user_Desktop_locato_Gateway] INFO  o.eclipse.m2e.core.internal.Bundles - 	Entry: C:\Users\user\Downloads\spring-tools-for-eclipse-5.2.0.RELEASE-e4.40.0-win32.win32.x86_64\sts-5.2.0.RELEASE\plugins\org.eclipse.m2e.maven.runtime_3.9.1600.20260522-0510\jars\gson-2.13.2.jar
2026-07-25 22:11:46,984 [Worker-29: Launching Executing clean in C__Users_user_Desktop_locato_Gateway] INFO  o.eclipse.m2e.core.internal.Bundles - 	Entry: C:\Users\user\Downloads\spring-tools-for-eclipse-5.2.0.RELEASE-e4.40.0-win32.win32.x86_64\sts-5.2.0.RELEASE\plugins\org.eclipse.m2e.maven.runtime_3.9.1600.20260522-0510\jars\guice-5.1.0-classes.jar
2026-07-25 22:11:46,985 [Worker-29: Launching Executing clean in C__Users_user_Desktop_locato_Gateway] INFO  o.eclipse.m2e.core.internal.Bundles - 	Entry: C:\Users\user\Downloads\spring-tools-for-eclipse-5.2.0.RELEASE-e4.40.0-win32.win32.x86_64\sts-5.2.0.RELEASE\plugins\org.eclipse.m2e.maven.runtime_3.9.1600.20260522-0510\jars\httpclient-4.5.14.jar
2026-07-25 22:11:46,985 [Worker-29: Launching Executing clean in C__Users_user_Desktop_locato_Gateway] INFO  o.eclipse.m2e.core.internal.Bundles - 	Entry: C:\Users\user\Downloads\spring-tools-for-eclipse-5.2.0.RELEASE-e4.40.0-win32.win32.x86_64\sts-5.2.0.RELEASE\plugins\org.eclipse.m2e.maven.runtime_3.9.1600.20260522-0510\jars\httpcore-4.4.16.jar
2026-07-25 22:11:46,985 [Worker-29: Launching Executing clean in C__Users_user_Desktop_locato_Gateway] INFO  o.eclipse.m2e.core.internal.Bundles - 	Entry: C:\Users\user\Downloads\spring-tools-for-eclipse-5.2.0.RELEASE-e4.40.0-win32.win32.x86_64\sts-5.2.0.RELEASE\plugins\org.eclipse.m2e.maven.runtime_3.9.1600.20260522-0510\jars\jansi-2.4.3.jar
2026-07-25 22:11:46,985 [Worker-29: Launching Executing clean in C__Users_user_Desktop_locato_Gateway] INFO  o.eclipse.m2e.core.internal.Bundles - 	Entry: C:\Users\user\Downloads\spring-tools-for-eclipse-5.2.0.RELEASE-e4.40.0-win32.win32.x86_64\sts-5.2.0.RELEASE\plugins\org.eclipse.m2e.maven.runtime_3.9.1600.20260522-0510\jars\jcl-over-slf4j-1.7.36.jar
2026-07-25 22:11:46,986 [Worker-29: Launching Executing clean in C__Users_user_Desktop_locato_Gateway] INFO  o.eclipse.m2e.core.internal.Bundles - 	Entry: C:\Users\user\Downloads\spring-tools-for-eclipse-5.2.0.RELEASE-e4.40.0-win32.win32.x86_64\sts-5.2.0.RELEASE\plugins\org.eclipse.m2e.maven.runtime_3.9.1600.20260522-0510\jars\maven-artifact-3.9.16.jar
2026-07-25 22:11:46,986 [Worker-29: Launching Executing clean in C__Users_user_Desktop_locato_Gateway] INFO  o.eclipse.m2e.core.internal.Bundles - 	Entry: C:\Users\user\Downloads\spring-tools-for-eclipse-5.2.0.RELEASE-e4.40.0-win32.win32.x86_64\sts-5.2.0.RELEASE\plugins\org.eclipse.m2e.maven.runtime_3.9.1600.20260522-0510\jars\maven-builder-support-3.9.16.jar
2026-07-25 22:11:46,986 [Worker-29: Launching Executing clean in C__Users_user_Desktop_locato_Gateway] INFO  o.eclipse.m2e.core.internal.Bundles - 	Entry: C:\Users\user\Downloads\spring-tools-for-eclipse-5.2.0.RELEASE-e4.40.0-win32.win32.x86_64\sts-5.2.0.RELEASE\plugins\org.eclipse.m2e.maven.runtime_3.9.1600.20260522-0510\jars\maven-compat-3.9.16.jar
2026-07-25 22:11:46,986 [Worker-29: Launching Executing clean in C__Users_user_Desktop_locato_Gateway] INFO  o.eclipse.m2e.core.internal.Bundles - 	Entry: C:\Users\user\Downloads\spring-tools-for-eclipse-5.2.0.RELEASE-e4.40.0-win32.win32.x86_64\sts-5.2.0.RELEASE\plugins\org.eclipse.m2e.maven.runtime_3.9.1600.20260522-0510\jars\maven-core-3.9.16.jar
2026-07-25 22:11:46,987 [Worker-29: Launching Executing clean in C__Users_user_Desktop_locato_Gateway] INFO  o.eclipse.m2e.core.internal.Bundles - 	Entry: C:\Users\user\Downloads\spring-tools-for-eclipse-5.2.0.RELEASE-e4.40.0-win32.win32.x86_64\sts-5.2.0.RELEASE\plugins\org.eclipse.m2e.maven.runtime_3.9.1600.20260522-0510\jars\maven-embedder-3.9.16.jar
2026-07-25 22:11:46,987 [Worker-29: Launching Executing clean in C__Users_user_Desktop_locato_Gateway] INFO  o.eclipse.m2e.core.internal.Bundles - 	Entry: C:\Users\user\Downloads\spring-tools-for-eclipse-5.2.0.RELEASE-e4.40.0-win32.win32.x86_64\sts-5.2.0.RELEASE\plugins\org.eclipse.m2e.maven.runtime_3.9.1600.20260522-0510\jars\maven-model-3.9.16.jar
2026-07-25 22:11:46,987 [Worker-29: Launching Executing clean in C__Users_user_Desktop_locato_Gateway] INFO  o.eclipse.m2e.core.internal.Bundles - 	Entry: C:\Users\user\Downloads\spring-tools-for-eclipse-5.2.0.RELEASE-e4.40.0-win32.win32.x86_64\sts-5.2.0.RELEASE\plugins\org.eclipse.m2e.maven.runtime_3.9.1600.20260522-0510\jars\maven-model-builder-3.9.16.jar
2026-07-25 22:11:46,988 [Worker-29: Launching Executing clean in C__Users_user_Desktop_locato_Gateway] INFO  o.eclipse.m2e.core.internal.Bundles - 	Entry: C:\Users\user\Downloads\spring-tools-for-eclipse-5.2.0.RELEASE-e4.40.0-win32.win32.x86_64\sts-5.2.0.RELEASE\plugins\org.eclipse.m2e.maven.runtime_3.9.1600.20260522-0510\jars\maven-plugin-api-3.9.16.jar
2026-07-25 22:11:46,988 [Worker-29: Launching Executing clean in C__Users_user_Desktop_locato_Gateway] INFO  o.eclipse.m2e.core.internal.Bundles - 	Entry: C:\Users\user\Downloads\spring-tools-for-eclipse-5.2.0.RELEASE-e4.40.0-win32.win32.x86_64\sts-5.2.0.RELEASE\plugins\org.eclipse.m2e.maven.runtime_3.9.1600.20260522-0510\jars\maven-repository-metadata-3.9.16.jar
2026-07-25 22:11:46,988 [Worker-29: Launching Executing clean in C__Users_user_Desktop_locato_Gateway] INFO  o.eclipse.m2e.core.internal.Bundles - 	Entry: C:\Users\user\Downloads\spring-tools-for-eclipse-5.2.0.RELEASE-e4.40.0-win32.win32.x86_64\sts-5.2.0.RELEASE\plugins\org.eclipse.m2e.maven.runtime_3.9.1600.20260522-0510\jars\maven-resolver-api-1.9.27.jar
2026-07-25 22:11:46,988 [Worker-29: Launching Executing clean in C__Users_user_Desktop_locato_Gateway] INFO  o.eclipse.m2e.core.internal.Bundles - 	Entry: C:\Users\user\Downloads\spring-tools-for-eclipse-5.2.0.RELEASE-e4.40.0-win32.win32.x86_64\sts-5.2.0.RELEASE\plugins\org.eclipse.m2e.maven.runtime_3.9.1600.20260522-0510\jars\maven-resolver-connector-basic-1.9.27.jar
2026-07-25 22:11:46,988 [Worker-29: Launching Executing clean in C__Users_user_Desktop_locato_Gateway] INFO  o.eclipse.m2e.core.internal.Bundles - 	Entry: C:\Users\user\Downloads\spring-tools-for-eclipse-5.2.0.RELEASE-e4.40.0-win32.win32.x86_64\sts-5.2.0.RELEASE\plugins\org.eclipse.m2e.maven.runtime_3.9.1600.20260522-0510\jars\maven-resolver-impl-1.9.27.jar
2026-07-25 22:11:46,989 [Worker-29: Launching Executing clean in C__Users_user_Desktop_locato_Gateway] INFO  o.eclipse.m2e.core.internal.Bundles - 	Entry: C:\Users\user\Downloads\spring-tools-for-eclipse-5.2.0.RELEASE-e4.40.0-win32.win32.x86_64\sts-5.2.0.RELEASE\plugins\org.eclipse.m2e.maven.runtime_3.9.1600.20260522-0510\jars\maven-resolver-named-locks-1.9.27.jar
2026-07-25 22:11:46,989 [Worker-29: Launching Executing clean in C__Users_user_Desktop_locato_Gateway] INFO  o.eclipse.m2e.core.internal.Bundles - 	Entry: C:\Users\user\Downloads\spring-tools-for-eclipse-5.2.0.RELEASE-e4.40.0-win32.win32.x86_64\sts-5.2.0.RELEASE\plugins\org.eclipse.m2e.maven.runtime_3.9.1600.20260522-0510\jars\maven-resolver-provider-3.9.16.jar
2026-07-25 22:11:46,989 [Worker-29: Launching Executing clean in C__Users_user_Desktop_locato_Gateway] INFO  o.eclipse.m2e.core.internal.Bundles - 	Entry: C:\Users\user\Downloads\spring-tools-for-eclipse-5.2.0.RELEASE-e4.40.0-win32.win32.x86_64\sts-5.2.0.RELEASE\plugins\org.eclipse.m2e.maven.runtime_3.9.1600.20260522-0510\jars\maven-resolver-spi-1.9.27.jar
2026-07-25 22:11:46,989 [Worker-29: Launching Executing clean in C__Users_user_Desktop_locato_Gateway] INFO  o.eclipse.m2e.core.internal.Bundles - 	Entry: C:\Users\user\Downloads\spring-tools-for-eclipse-5.2.0.RELEASE-e4.40.0-win32.win32.x86_64\sts-5.2.0.RELEASE\plugins\org.eclipse.m2e.maven.runtime_3.9.1600.20260522-0510\jars\maven-resolver-transport-file-1.9.27.jar
2026-07-25 22:11:46,989 [Worker-29: Launching Executing clean in C__Users_user_Desktop_locato_Gateway] INFO  o.eclipse.m2e.core.internal.Bundles - 	Entry: C:\Users\user\Downloads\spring-tools-for-eclipse-5.2.0.RELEASE-e4.40.0-win32.win32.x86_64\sts-5.2.0.RELEASE\plugins\org.eclipse.m2e.maven.runtime_3.9.1600.20260522-0510\jars\maven-resolver-transport-http-1.9.27.jar
2026-07-25 22:11:46,990 [Worker-29: Launching Executing clean in C__Users_user_Desktop_locato_Gateway] INFO  o.eclipse.m2e.core.internal.Bundles - 	Entry: C:\Users\user\Downloads\spring-tools-for-eclipse-5.2.0.RELEASE-e4.40.0-win32.win32.x86_64\sts-5.2.0.RELEASE\plugins\org.eclipse.m2e.maven.runtime_3.9.1600.20260522-0510\jars\maven-resolver-transport-wagon-1.9.27.jar
2026-07-25 22:11:46,990 [Worker-29: Launching Executing clean in C__Users_user_Desktop_locato_Gateway] INFO  o.eclipse.m2e.core.internal.Bundles - 	Entry: C:\Users\user\Downloads\spring-tools-for-eclipse-5.2.0.RELEASE-e4.40.0-win32.win32.x86_64\sts-5.2.0.RELEASE\plugins\org.eclipse.m2e.maven.runtime_3.9.1600.20260522-0510\jars\maven-resolver-util-1.9.27.jar
2026-07-25 22:11:46,990 [Worker-29: Launching Executing clean in C__Users_user_Desktop_locato_Gateway] INFO  o.eclipse.m2e.core.internal.Bundles - 	Entry: C:\Users\user\Downloads\spring-tools-for-eclipse-5.2.0.RELEASE-e4.40.0-win32.win32.x86_64\sts-5.2.0.RELEASE\plugins\org.eclipse.m2e.maven.runtime_3.9.1600.20260522-0510\jars\maven-settings-3.9.16.jar
2026-07-25 22:11:46,990 [Worker-29: Launching Executing clean in C__Users_user_Desktop_locato_Gateway] INFO  o.eclipse.m2e.core.internal.Bundles - 	Entry: C:\Users\user\Downloads\spring-tools-for-eclipse-5.2.0.RELEASE-e4.40.0-win32.win32.x86_64\sts-5.2.0.RELEASE\plugins\org.eclipse.m2e.maven.runtime_3.9.1600.20260522-0510\jars\maven-settings-builder-3.9.16.jar
2026-07-25 22:11:46,990 [Worker-29: Launching Executing clean in C__Users_user_Desktop_locato_Gateway] INFO  o.eclipse.m2e.core.internal.Bundles - 	Entry: C:\Users\user\Downloads\spring-tools-for-eclipse-5.2.0.RELEASE-e4.40.0-win32.win32.x86_64\sts-5.2.0.RELEASE\plugins\org.eclipse.m2e.maven.runtime_3.9.1600.20260522-0510\jars\maven-shared-utils-3.4.2.jar
2026-07-25 22:11:46,991 [Worker-29: Launching Executing clean in C__Users_user_Desktop_locato_Gateway] INFO  o.eclipse.m2e.core.internal.Bundles - 	Entry: C:\Users\user\Downloads\spring-tools-for-eclipse-5.2.0.RELEASE-e4.40.0-win32.win32.x86_64\sts-5.2.0.RELEASE\plugins\org.eclipse.m2e.maven.runtime_3.9.1600.20260522-0510\jars\org.eclipse.sisu.inject-1.0.0.jar
2026-07-25 22:11:46,991 [Worker-29: Launching Executing clean in C__Users_user_Desktop_locato_Gateway] INFO  o.eclipse.m2e.core.internal.Bundles - 	Entry: C:\Users\user\Downloads\spring-tools-for-eclipse-5.2.0.RELEASE-e4.40.0-win32.win32.x86_64\sts-5.2.0.RELEASE\plugins\org.eclipse.m2e.maven.runtime_3.9.1600.20260522-0510\jars\org.eclipse.sisu.plexus-1.0.0.jar
2026-07-25 22:11:46,991 [Worker-29: Launching Executing clean in C__Users_user_Desktop_locato_Gateway] INFO  o.eclipse.m2e.core.internal.Bundles - 	Entry: C:\Users\user\Downloads\spring-tools-for-eclipse-5.2.0.RELEASE-e4.40.0-win32.win32.x86_64\sts-5.2.0.RELEASE\plugins\org.eclipse.m2e.maven.runtime_3.9.1600.20260522-0510\jars\plexus-build-api-0.0.7.jar
2026-07-25 22:11:46,991 [Worker-29: Launching Executing clean in C__Users_user_Desktop_locato_Gateway] INFO  o.eclipse.m2e.core.internal.Bundles - 	Entry: C:\Users\user\Downloads\spring-tools-for-eclipse-5.2.0.RELEASE-e4.40.0-win32.win32.x86_64\sts-5.2.0.RELEASE\plugins\org.eclipse.m2e.maven.runtime_3.9.1600.20260522-0510\jars\plexus-build-api-1.2.0.jar
2026-07-25 22:11:46,991 [Worker-29: Launching Executing clean in C__Users_user_Desktop_locato_Gateway] INFO  o.eclipse.m2e.core.internal.Bundles - 	Entry: C:\Users\user\Downloads\spring-tools-for-eclipse-5.2.0.RELEASE-e4.40.0-win32.win32.x86_64\sts-5.2.0.RELEASE\plugins\org.eclipse.m2e.maven.runtime_3.9.1600.20260522-0510\jars\plexus-cipher-2.0.jar
2026-07-25 22:11:46,992 [Worker-29: Launching Executing clean in C__Users_user_Desktop_locato_Gateway] INFO  o.eclipse.m2e.core.internal.Bundles - 	Entry: C:\Users\user\Downloads\spring-tools-for-eclipse-5.2.0.RELEASE-e4.40.0-win32.win32.x86_64\sts-5.2.0.RELEASE\plugins\org.eclipse.m2e.maven.runtime_3.9.1600.20260522-0510\jars\plexus-classworlds-2.11.0.jar
2026-07-25 22:11:46,992 [Worker-29: Launching Executing clean in C__Users_user_Desktop_locato_Gateway] INFO  o.eclipse.m2e.core.internal.Bundles - 	Entry: C:\Users\user\Downloads\spring-tools-for-eclipse-5.2.0.RELEASE-e4.40.0-win32.win32.x86_64\sts-5.2.0.RELEASE\plugins\org.eclipse.m2e.maven.runtime_3.9.1600.20260522-0510\jars\plexus-component-annotations-2.2.0.jar
2026-07-25 22:11:46,992 [Worker-29: Launching Executing clean in C__Users_user_Desktop_locato_Gateway] INFO  o.eclipse.m2e.core.internal.Bundles - 	Entry: C:\Users\user\Downloads\spring-tools-for-eclipse-5.2.0.RELEASE-e4.40.0-win32.win32.x86_64\sts-5.2.0.RELEASE\plugins\org.eclipse.m2e.maven.runtime_3.9.1600.20260522-0510\jars\plexus-interpolation-1.29.jar
2026-07-25 22:11:46,992 [Worker-29: Launching Executing clean in C__Users_user_Desktop_locato_Gateway] INFO  o.eclipse.m2e.core.internal.Bundles - 	Entry: C:\Users\user\Downloads\spring-tools-for-eclipse-5.2.0.RELEASE-e4.40.0-win32.win32.x86_64\sts-5.2.0.RELEASE\plugins\org.eclipse.m2e.maven.runtime_3.9.1600.20260522-0510\jars\plexus-sec-dispatcher-2.0.jar
2026-07-25 22:11:46,992 [Worker-29: Launching Executing clean in C__Users_user_Desktop_locato_Gateway] INFO  o.eclipse.m2e.core.internal.Bundles - 	Entry: C:\Users\user\Downloads\spring-tools-for-eclipse-5.2.0.RELEASE-e4.40.0-win32.win32.x86_64\sts-5.2.0.RELEASE\plugins\org.eclipse.m2e.maven.runtime_3.9.1600.20260522-0510\jars\plexus-utils-3.6.1.jar
2026-07-25 22:11:46,992 [Worker-29: Launching Executing clean in C__Users_user_Desktop_locato_Gateway] INFO  o.eclipse.m2e.core.internal.Bundles - 	Entry: C:\Users\user\Downloads\spring-tools-for-eclipse-5.2.0.RELEASE-e4.40.0-win32.win32.x86_64\sts-5.2.0.RELEASE\plugins\org.eclipse.m2e.maven.runtime_3.9.1600.20260522-0510\jars\wagon-file-3.5.3.jar
2026-07-25 22:11:46,993 [Worker-29: Launching Executing clean in C__Users_user_Desktop_locato_Gateway] INFO  o.eclipse.m2e.core.internal.Bundles - 	Entry: C:\Users\user\Downloads\spring-tools-for-eclipse-5.2.0.RELEASE-e4.40.0-win32.win32.x86_64\sts-5.2.0.RELEASE\plugins\org.eclipse.m2e.maven.runtime_3.9.1600.20260522-0510\jars\wagon-http-3.5.3.jar
2026-07-25 22:11:46,993 [Worker-29: Launching Executing clean in C__Users_user_Desktop_locato_Gateway] INFO  o.eclipse.m2e.core.internal.Bundles - 	Entry: C:\Users\user\Downloads\spring-tools-for-eclipse-5.2.0.RELEASE-e4.40.0-win32.win32.x86_64\sts-5.2.0.RELEASE\plugins\org.eclipse.m2e.maven.runtime_3.9.1600.20260522-0510\jars\wagon-http-shared-3.5.3.jar
2026-07-25 22:11:46,993 [Worker-29: Launching Executing clean in C__Users_user_Desktop_locato_Gateway] INFO  o.eclipse.m2e.core.internal.Bundles - 	Entry: C:\Users\user\Downloads\spring-tools-for-eclipse-5.2.0.RELEASE-e4.40.0-win32.win32.x86_64\sts-5.2.0.RELEASE\plugins\org.eclipse.m2e.maven.runtime_3.9.1600.20260522-0510\jars\wagon-provider-api-3.5.3.jar
2026-07-25 22:11:46,994 [Worker-29: Launching Executing clean in C__Users_user_Desktop_locato_Gateway] INFO  o.eclipse.m2e.core.internal.Bundles - getClasspathEntries(Bundle=com.google.guava_33.6.0.jre [24])
2026-07-25 22:11:46,995 [Worker-29: Launching Executing clean in C__Users_user_Desktop_locato_Gateway] INFO  o.eclipse.m2e.core.internal.Bundles - 	Entry: C:\Users\user\Downloads\spring-tools-for-eclipse-5.2.0.RELEASE-e4.40.0-win32.win32.x86_64\sts-5.2.0.RELEASE\plugins\com.google.guava_33.6.0.jre.jar
2026-07-25 22:11:46,995 [Worker-29: Launching Executing clean in C__Users_user_Desktop_locato_Gateway] INFO  o.eclipse.m2e.core.internal.Bundles - getClasspathEntries(Bundle=slf4j.api_2.0.18 [613])
2026-07-25 22:11:46,996 [Worker-29: Launching Executing clean in C__Users_user_Desktop_locato_Gateway] INFO  o.eclipse.m2e.core.internal.Bundles - 	Entry: C:\Users\user\Downloads\spring-tools-for-eclipse-5.2.0.RELEASE-e4.40.0-win32.win32.x86_64\sts-5.2.0.RELEASE\plugins\slf4j.api_2.0.18.jar
2026-07-25 22:11:46,996 [Worker-29: Launching Executing clean in C__Users_user_Desktop_locato_Gateway] INFO  o.eclipse.m2e.core.internal.Bundles - getClasspathEntries(Bundle=jakarta.inject.jakarta.inject-api_1.0.5 [39])
2026-07-25 22:11:46,997 [Worker-29: Launching Executing clean in C__Users_user_Desktop_locato_Gateway] INFO  o.eclipse.m2e.core.internal.Bundles - 	Entry: C:\Users\user\Downloads\spring-tools-for-eclipse-5.2.0.RELEASE-e4.40.0-win32.win32.x86_64\sts-5.2.0.RELEASE\plugins\jakarta.inject.jakarta.inject-api_1.0.5.jar
2026-07-25 22:11:46,997 [Worker-29: Launching Executing clean in C__Users_user_Desktop_locato_Gateway] INFO  o.eclipse.m2e.core.internal.Bundles - getClasspathEntries(Bundle=jakarta.annotation-api_1.3.5 [36])
2026-07-25 22:11:46,997 [Worker-29: Launching Executing clean in C__Users_user_Desktop_locato_Gateway] INFO  o.eclipse.m2e.core.internal.Bundles - 	Entry: C:\Users\user\Downloads\spring-tools-for-eclipse-5.2.0.RELEASE-e4.40.0-win32.win32.x86_64\sts-5.2.0.RELEASE\plugins\jakarta.annotation-api_1.3.5.jar
2026-07-25 22:11:46,997 [Worker-29: Launching Executing clean in C__Users_user_Desktop_locato_Gateway] INFO  o.eclipse.m2e.core.internal.Bundles - getClasspathEntries(Bundle=org.apache.commons.cli_1.11.0 [78])
2026-07-25 22:11:46,998 [Worker-29: Launching Executing clean in C__Users_user_Desktop_locato_Gateway] INFO  o.eclipse.m2e.core.internal.Bundles - 	Entry: C:\Users\user\Downloads\spring-tools-for-eclipse-5.2.0.RELEASE-e4.40.0-win32.win32.x86_64\sts-5.2.0.RELEASE\plugins\org.apache.commons.cli_1.11.0.jar
2026-07-25 22:11:46,998 [Worker-29: Launching Executing clean in C__Users_user_Desktop_locato_Gateway] INFO  o.eclipse.m2e.core.internal.Bundles - getClasspathEntries(Bundle=org.apache.commons.commons-codec_1.22.0 [80])
2026-07-25 22:11:46,998 [Worker-29: Launching Executing clean in C__Users_user_Desktop_locato_Gateway] INFO  o.eclipse.m2e.core.internal.Bundles - 	Entry: C:\Users\user\Downloads\spring-tools-for-eclipse-5.2.0.RELEASE-e4.40.0-win32.win32.x86_64\sts-5.2.0.RELEASE\plugins\org.apache.commons.commons-codec_1.22.0.jar
2026-07-25 22:11:46,998 [Worker-29: Launching Executing clean in C__Users_user_Desktop_locato_Gateway] INFO  o.eclipse.m2e.core.internal.Bundles - getClasspathEntries(Bundle=com.google.guava.failureaccess_1.0.3 [25])
2026-07-25 22:11:46,999 [Worker-29: Launching Executing clean in C__Users_user_Desktop_locato_Gateway] INFO  o.eclipse.m2e.core.internal.Bundles - 	Entry: C:\Users\user\Downloads\spring-tools-for-eclipse-5.2.0.RELEASE-e4.40.0-win32.win32.x86_64\sts-5.2.0.RELEASE\plugins\com.google.guava.failureaccess_1.0.3.jar
2026-07-25 22:11:47,007 [Worker-29: Launching Executing clean in C__Users_user_Desktop_locato_Gateway] INFO  o.e.m.i.launch.MavenLaunchDelegate - Run build in "C:\Users\user\Desktop\locato\Gateway":
2026-07-25 22:11:47,012 [Worker-29: Launching Executing clean in C__Users_user_Desktop_locato_Gateway] INFO  o.e.m.i.launch.MavenLaunchDelegate -  mvn  -B -Dstyle.color=always clean
2026-07-25 22:11:51,164 [Worker-22: Building] INFO  o.a.m.s.f.DefaultMavenResourcesFiltering - Copying 1 resource from src\main\resources to target\classes
2026-07-25 22:11:51,168 [Worker-22: Building] INFO  o.a.m.s.f.DefaultMavenResourcesFiltering - Copying 0 resource from src\main\resources to target\classes
2026-07-25 22:11:51,172 [Worker-22: Building] INFO  o.a.m.s.f.DefaultMavenResourcesFiltering - skip non existing resourceDirectory C:\Users\user\Desktop\locato\Gateway\src\test\resources
2026-07-25 22:11:51,193 [Worker-22: Building] WARN  o.apache.maven.project.MavenProject - Plugin is modifying compileSourceRoots through clear(), which will not work in Maven 4.0.0. Use MavenProject.addCompileSourceRoot()/removeCompileSourceRoot() methods instead. If using a plugin, please upgrade to the latest version or report the issue to the plugin maintainer. To disable these warnings, set -Dmaven.project.sourceRoots.warningsDisabled=true on the command line, in the .mvn/maven.config file, or in project POM properties.
2026-07-25 22:11:51,193 [Worker-22: Building] WARN  o.apache.maven.project.MavenProject - Plugin is modifying compileSourceRoots through add(), which will not work in Maven 4.0.0. Use MavenProject.addCompileSourceRoot()/removeCompileSourceRoot() methods instead. If using a plugin, please upgrade to the latest version or report the issue to the plugin maintainer. To disable these warnings, set -Dmaven.project.sourceRoots.warningsDisabled=true on the command line, in the .mvn/maven.config file, or in project POM properties.
2026-07-25 22:11:51,194 [Worker-22: Building] WARN  o.apache.maven.project.MavenProject - Plugin is modifying testCompileSourceRoots through clear(), which will not work in Maven 4.0.0. Use MavenProject.addTestCompileSourceRoot()/removeTestCompileSourceRoot() methods instead. If using a plugin, please upgrade to the latest version or report the issue to the plugin maintainer. To disable these warnings, set -Dmaven.project.sourceRoots.warningsDisabled=true on the command line, in the .mvn/maven.config file, or in project POM properties.
2026-07-25 22:11:51,195 [Worker-22: Building] WARN  o.apache.maven.project.MavenProject - Plugin is modifying testCompileSourceRoots through add(), which will not work in Maven 4.0.0. Use MavenProject.addTestCompileSourceRoot()/removeTestCompileSourceRoot() methods instead. If using a plugin, please upgrade to the latest version or report the issue to the plugin maintainer. To disable these warnings, set -Dmaven.project.sourceRoots.warningsDisabled=true on the command line, in the .mvn/maven.config file, or in project POM properties.
2026-07-25 22:12:02,590 [Worker-28: Launching Executing install in C__Users_user_Desktop_locato_Gateway] INFO  o.eclipse.m2e.core.internal.Bundles - getClasspathEntries(Bundle=org.eclipse.m2e.maven.runtime_3.9.1600.20260522-0510 [365])
2026-07-25 22:12:02,592 [Worker-28: Launching Executing install in C__Users_user_Desktop_locato_Gateway] INFO  o.eclipse.m2e.core.internal.Bundles - 	Entry: C:\Users\user\Downloads\spring-tools-for-eclipse-5.2.0.RELEASE-e4.40.0-win32.win32.x86_64\sts-5.2.0.RELEASE\plugins\org.eclipse.m2e.maven.runtime_3.9.1600.20260522-0510
2026-07-25 22:12:02,592 [Worker-28: Launching Executing install in C__Users_user_Desktop_locato_Gateway] INFO  o.eclipse.m2e.core.internal.Bundles - 	Entry: C:\Users\user\Downloads\spring-tools-for-eclipse-5.2.0.RELEASE-e4.40.0-win32.win32.x86_64\sts-5.2.0.RELEASE\plugins\org.eclipse.m2e.maven.runtime_3.9.1600.20260522-0510\jars\aopalliance-1.0.jar
2026-07-25 22:12:02,593 [Worker-28: Launching Executing install in C__Users_user_Desktop_locato_Gateway] INFO  o.eclipse.m2e.core.internal.Bundles - 	Entry: C:\Users\user\Downloads\spring-tools-for-eclipse-5.2.0.RELEASE-e4.40.0-win32.win32.x86_64\sts-5.2.0.RELEASE\plugins\org.eclipse.m2e.maven.runtime_3.9.1600.20260522-0510\jars\asm-9.9.1.jar
2026-07-25 22:12:02,593 [Worker-28: Launching Executing install in C__Users_user_Desktop_locato_Gateway] INFO  o.eclipse.m2e.core.internal.Bundles - 	Entry: C:\Users\user\Downloads\spring-tools-for-eclipse-5.2.0.RELEASE-e4.40.0-win32.win32.x86_64\sts-5.2.0.RELEASE\plugins\org.eclipse.m2e.maven.runtime_3.9.1600.20260522-0510\jars\error_prone_annotations-2.41.0.jar
2026-07-25 22:12:02,594 [Worker-28: Launching Executing install in C__Users_user_Desktop_locato_Gateway] INFO  o.eclipse.m2e.core.internal.Bundles - 	Entry: C:\Users\user\Downloads\spring-tools-for-eclipse-5.2.0.RELEASE-e4.40.0-win32.win32.x86_64\sts-5.2.0.RELEASE\plugins\org.eclipse.m2e.maven.runtime_3.9.1600.20260522-0510\jars\gson-2.13.2.jar
2026-07-25 22:12:02,594 [Worker-28: Launching Executing install in C__Users_user_Desktop_locato_Gateway] INFO  o.eclipse.m2e.core.internal.Bundles - 	Entry: C:\Users\user\Downloads\spring-tools-for-eclipse-5.2.0.RELEASE-e4.40.0-win32.win32.x86_64\sts-5.2.0.RELEASE\plugins\org.eclipse.m2e.maven.runtime_3.9.1600.20260522-0510\jars\guice-5.1.0-classes.jar
2026-07-25 22:12:02,594 [Worker-28: Launching Executing install in C__Users_user_Desktop_locato_Gateway] INFO  o.eclipse.m2e.core.internal.Bundles - 	Entry: C:\Users\user\Downloads\spring-tools-for-eclipse-5.2.0.RELEASE-e4.40.0-win32.win32.x86_64\sts-5.2.0.RELEASE\plugins\org.eclipse.m2e.maven.runtime_3.9.1600.20260522-0510\jars\httpclient-4.5.14.jar
2026-07-25 22:12:02,594 [Worker-28: Launching Executing install in C__Users_user_Desktop_locato_Gateway] INFO  o.eclipse.m2e.core.internal.Bundles - 	Entry: C:\Users\user\Downloads\spring-tools-for-eclipse-5.2.0.RELEASE-e4.40.0-win32.win32.x86_64\sts-5.2.0.RELEASE\plugins\org.eclipse.m2e.maven.runtime_3.9.1600.20260522-0510\jars\httpcore-4.4.16.jar
2026-07-25 22:12:02,594 [Worker-28: Launching Executing install in C__Users_user_Desktop_locato_Gateway] INFO  o.eclipse.m2e.core.internal.Bundles - 	Entry: C:\Users\user\Downloads\spring-tools-for-eclipse-5.2.0.RELEASE-e4.40.0-win32.win32.x86_64\sts-5.2.0.RELEASE\plugins\org.eclipse.m2e.maven.runtime_3.9.1600.20260522-0510\jars\jansi-2.4.3.jar
2026-07-25 22:12:02,595 [Worker-28: Launching Executing install in C__Users_user_Desktop_locato_Gateway] INFO  o.eclipse.m2e.core.internal.Bundles - 	Entry: C:\Users\user\Downloads\spring-tools-for-eclipse-5.2.0.RELEASE-e4.40.0-win32.win32.x86_64\sts-5.2.0.RELEASE\plugins\org.eclipse.m2e.maven.runtime_3.9.1600.20260522-0510\jars\jcl-over-slf4j-1.7.36.jar
2026-07-25 22:12:02,595 [Worker-28: Launching Executing install in C__Users_user_Desktop_locato_Gateway] INFO  o.eclipse.m2e.core.internal.Bundles - 	Entry: C:\Users\user\Downloads\spring-tools-for-eclipse-5.2.0.RELEASE-e4.40.0-win32.win32.x86_64\sts-5.2.0.RELEASE\plugins\org.eclipse.m2e.maven.runtime_3.9.1600.20260522-0510\jars\maven-artifact-3.9.16.jar
2026-07-25 22:12:02,595 [Worker-28: Launching Executing install in C__Users_user_Desktop_locato_Gateway] INFO  o.eclipse.m2e.core.internal.Bundles - 	Entry: C:\Users\user\Downloads\spring-tools-for-eclipse-5.2.0.RELEASE-e4.40.0-win32.win32.x86_64\sts-5.2.0.RELEASE\plugins\org.eclipse.m2e.maven.runtime_3.9.1600.20260522-0510\jars\maven-builder-support-3.9.16.jar
2026-07-25 22:12:02,595 [Worker-28: Launching Executing install in C__Users_user_Desktop_locato_Gateway] INFO  o.eclipse.m2e.core.internal.Bundles - 	Entry: C:\Users\user\Downloads\spring-tools-for-eclipse-5.2.0.RELEASE-e4.40.0-win32.win32.x86_64\sts-5.2.0.RELEASE\plugins\org.eclipse.m2e.maven.runtime_3.9.1600.20260522-0510\jars\maven-compat-3.9.16.jar
2026-07-25 22:12:02,596 [Worker-28: Launching Executing install in C__Users_user_Desktop_locato_Gateway] INFO  o.eclipse.m2e.core.internal.Bundles - 	Entry: C:\Users\user\Downloads\spring-tools-for-eclipse-5.2.0.RELEASE-e4.40.0-win32.win32.x86_64\sts-5.2.0.RELEASE\plugins\org.eclipse.m2e.maven.runtime_3.9.1600.20260522-0510\jars\maven-core-3.9.16.jar
2026-07-25 22:12:02,596 [Worker-28: Launching Executing install in C__Users_user_Desktop_locato_Gateway] INFO  o.eclipse.m2e.core.internal.Bundles - 	Entry: C:\Users\user\Downloads\spring-tools-for-eclipse-5.2.0.RELEASE-e4.40.0-win32.win32.x86_64\sts-5.2.0.RELEASE\plugins\org.eclipse.m2e.maven.runtime_3.9.1600.20260522-0510\jars\maven-embedder-3.9.16.jar
2026-07-25 22:12:02,596 [Worker-28: Launching Executing install in C__Users_user_Desktop_locato_Gateway] INFO  o.eclipse.m2e.core.internal.Bundles - 	Entry: C:\Users\user\Downloads\spring-tools-for-eclipse-5.2.0.RELEASE-e4.40.0-win32.win32.x86_64\sts-5.2.0.RELEASE\plugins\org.eclipse.m2e.maven.runtime_3.9.1600.20260522-0510\jars\maven-model-3.9.16.jar
2026-07-25 22:12:02,596 [Worker-28: Launching Executing install in C__Users_user_Desktop_locato_Gateway] INFO  o.eclipse.m2e.core.internal.Bundles - 	Entry: C:\Users\user\Downloads\spring-tools-for-eclipse-5.2.0.RELEASE-e4.40.0-win32.win32.x86_64\sts-5.2.0.RELEASE\plugins\org.eclipse.m2e.maven.runtime_3.9.1600.20260522-0510\jars\maven-model-builder-3.9.16.jar
2026-07-25 22:12:02,596 [Worker-28: Launching Executing install in C__Users_user_Desktop_locato_Gateway] INFO  o.eclipse.m2e.core.internal.Bundles - 	Entry: C:\Users\user\Downloads\spring-tools-for-eclipse-5.2.0.RELEASE-e4.40.0-win32.win32.x86_64\sts-5.2.0.RELEASE\plugins\org.eclipse.m2e.maven.runtime_3.9.1600.20260522-0510\jars\maven-plugin-api-3.9.16.jar
2026-07-25 22:12:02,596 [Worker-28: Launching Executing install in C__Users_user_Desktop_locato_Gateway] INFO  o.eclipse.m2e.core.internal.Bundles - 	Entry: C:\Users\user\Downloads\spring-tools-for-eclipse-5.2.0.RELEASE-e4.40.0-win32.win32.x86_64\sts-5.2.0.RELEASE\plugins\org.eclipse.m2e.maven.runtime_3.9.1600.20260522-0510\jars\maven-repository-metadata-3.9.16.jar
2026-07-25 22:12:02,597 [Worker-28: Launching Executing install in C__Users_user_Desktop_locato_Gateway] INFO  o.eclipse.m2e.core.internal.Bundles - 	Entry: C:\Users\user\Downloads\spring-tools-for-eclipse-5.2.0.RELEASE-e4.40.0-win32.win32.x86_64\sts-5.2.0.RELEASE\plugins\org.eclipse.m2e.maven.runtime_3.9.1600.20260522-0510\jars\maven-resolver-api-1.9.27.jar
2026-07-25 22:12:02,597 [Worker-28: Launching Executing install in C__Users_user_Desktop_locato_Gateway] INFO  o.eclipse.m2e.core.internal.Bundles - 	Entry: C:\Users\user\Downloads\spring-tools-for-eclipse-5.2.0.RELEASE-e4.40.0-win32.win32.x86_64\sts-5.2.0.RELEASE\plugins\org.eclipse.m2e.maven.runtime_3.9.1600.20260522-0510\jars\maven-resolver-connector-basic-1.9.27.jar
2026-07-25 22:12:02,597 [Worker-28: Launching Executing install in C__Users_user_Desktop_locato_Gateway] INFO  o.eclipse.m2e.core.internal.Bundles - 	Entry: C:\Users\user\Downloads\spring-tools-for-eclipse-5.2.0.RELEASE-e4.40.0-win32.win32.x86_64\sts-5.2.0.RELEASE\plugins\org.eclipse.m2e.maven.runtime_3.9.1600.20260522-0510\jars\maven-resolver-impl-1.9.27.jar
2026-07-25 22:12:02,597 [Worker-28: Launching Executing install in C__Users_user_Desktop_locato_Gateway] INFO  o.eclipse.m2e.core.internal.Bundles - 	Entry: C:\Users\user\Downloads\spring-tools-for-eclipse-5.2.0.RELEASE-e4.40.0-win32.win32.x86_64\sts-5.2.0.RELEASE\plugins\org.eclipse.m2e.maven.runtime_3.9.1600.20260522-0510\jars\maven-resolver-named-locks-1.9.27.jar
2026-07-25 22:12:02,598 [Worker-28: Launching Executing install in C__Users_user_Desktop_locato_Gateway] INFO  o.eclipse.m2e.core.internal.Bundles - 	Entry: C:\Users\user\Downloads\spring-tools-for-eclipse-5.2.0.RELEASE-e4.40.0-win32.win32.x86_64\sts-5.2.0.RELEASE\plugins\org.eclipse.m2e.maven.runtime_3.9.1600.20260522-0510\jars\maven-resolver-provider-3.9.16.jar
2026-07-25 22:12:02,598 [Worker-28: Launching Executing install in C__Users_user_Desktop_locato_Gateway] INFO  o.eclipse.m2e.core.internal.Bundles - 	Entry: C:\Users\user\Downloads\spring-tools-for-eclipse-5.2.0.RELEASE-e4.40.0-win32.win32.x86_64\sts-5.2.0.RELEASE\plugins\org.eclipse.m2e.maven.runtime_3.9.1600.20260522-0510\jars\maven-resolver-spi-1.9.27.jar
2026-07-25 22:12:02,598 [Worker-28: Launching Executing install in C__Users_user_Desktop_locato_Gateway] INFO  o.eclipse.m2e.core.internal.Bundles - 	Entry: C:\Users\user\Downloads\spring-tools-for-eclipse-5.2.0.RELEASE-e4.40.0-win32.win32.x86_64\sts-5.2.0.RELEASE\plugins\org.eclipse.m2e.maven.runtime_3.9.1600.20260522-0510\jars\maven-resolver-transport-file-1.9.27.jar
2026-07-25 22:12:02,598 [Worker-28: Launching Executing install in C__Users_user_Desktop_locato_Gateway] INFO  o.eclipse.m2e.core.internal.Bundles - 	Entry: C:\Users\user\Downloads\spring-tools-for-eclipse-5.2.0.RELEASE-e4.40.0-win32.win32.x86_64\sts-5.2.0.RELEASE\plugins\org.eclipse.m2e.maven.runtime_3.9.1600.20260522-0510\jars\maven-resolver-transport-http-1.9.27.jar
2026-07-25 22:12:02,599 [Worker-28: Launching Executing install in C__Users_user_Desktop_locato_Gateway] INFO  o.eclipse.m2e.core.internal.Bundles - 	Entry: C:\Users\user\Downloads\spring-tools-for-eclipse-5.2.0.RELEASE-e4.40.0-win32.win32.x86_64\sts-5.2.0.RELEASE\plugins\org.eclipse.m2e.maven.runtime_3.9.1600.20260522-0510\jars\maven-resolver-transport-wagon-1.9.27.jar
2026-07-25 22:12:02,599 [Worker-28: Launching Executing install in C__Users_user_Desktop_locato_Gateway] INFO  o.eclipse.m2e.core.internal.Bundles - 	Entry: C:\Users\user\Downloads\spring-tools-for-eclipse-5.2.0.RELEASE-e4.40.0-win32.win32.x86_64\sts-5.2.0.RELEASE\plugins\org.eclipse.m2e.maven.runtime_3.9.1600.20260522-0510\jars\maven-resolver-util-1.9.27.jar
2026-07-25 22:12:02,599 [Worker-28: Launching Executing install in C__Users_user_Desktop_locato_Gateway] INFO  o.eclipse.m2e.core.internal.Bundles - 	Entry: C:\Users\user\Downloads\spring-tools-for-eclipse-5.2.0.RELEASE-e4.40.0-win32.win32.x86_64\sts-5.2.0.RELEASE\plugins\org.eclipse.m2e.maven.runtime_3.9.1600.20260522-0510\jars\maven-settings-3.9.16.jar
2026-07-25 22:12:02,599 [Worker-28: Launching Executing install in C__Users_user_Desktop_locato_Gateway] INFO  o.eclipse.m2e.core.internal.Bundles - 	Entry: C:\Users\user\Downloads\spring-tools-for-eclipse-5.2.0.RELEASE-e4.40.0-win32.win32.x86_64\sts-5.2.0.RELEASE\plugins\org.eclipse.m2e.maven.runtime_3.9.1600.20260522-0510\jars\maven-settings-builder-3.9.16.jar
2026-07-25 22:12:02,599 [Worker-28: Launching Executing install in C__Users_user_Desktop_locato_Gateway] INFO  o.eclipse.m2e.core.internal.Bundles - 	Entry: C:\Users\user\Downloads\spring-tools-for-eclipse-5.2.0.RELEASE-e4.40.0-win32.win32.x86_64\sts-5.2.0.RELEASE\plugins\org.eclipse.m2e.maven.runtime_3.9.1600.20260522-0510\jars\maven-shared-utils-3.4.2.jar
2026-07-25 22:12:02,599 [Worker-28: Launching Executing install in C__Users_user_Desktop_locato_Gateway] INFO  o.eclipse.m2e.core.internal.Bundles - 	Entry: C:\Users\user\Downloads\spring-tools-for-eclipse-5.2.0.RELEASE-e4.40.0-win32.win32.x86_64\sts-5.2.0.RELEASE\plugins\org.eclipse.m2e.maven.runtime_3.9.1600.20260522-0510\jars\org.eclipse.sisu.inject-1.0.0.jar
2026-07-25 22:12:02,600 [Worker-28: Launching Executing install in C__Users_user_Desktop_locato_Gateway] INFO  o.eclipse.m2e.core.internal.Bundles - 	Entry: C:\Users\user\Downloads\spring-tools-for-eclipse-5.2.0.RELEASE-e4.40.0-win32.win32.x86_64\sts-5.2.0.RELEASE\plugins\org.eclipse.m2e.maven.runtime_3.9.1600.20260522-0510\jars\org.eclipse.sisu.plexus-1.0.0.jar
2026-07-25 22:12:02,600 [Worker-28: Launching Executing install in C__Users_user_Desktop_locato_Gateway] INFO  o.eclipse.m2e.core.internal.Bundles - 	Entry: C:\Users\user\Downloads\spring-tools-for-eclipse-5.2.0.RELEASE-e4.40.0-win32.win32.x86_64\sts-5.2.0.RELEASE\plugins\org.eclipse.m2e.maven.runtime_3.9.1600.20260522-0510\jars\plexus-build-api-0.0.7.jar
2026-07-25 22:12:02,600 [Worker-28: Launching Executing install in C__Users_user_Desktop_locato_Gateway] INFO  o.eclipse.m2e.core.internal.Bundles - 	Entry: C:\Users\user\Downloads\spring-tools-for-eclipse-5.2.0.RELEASE-e4.40.0-win32.win32.x86_64\sts-5.2.0.RELEASE\plugins\org.eclipse.m2e.maven.runtime_3.9.1600.20260522-0510\jars\plexus-build-api-1.2.0.jar
2026-07-25 22:12:02,600 [Worker-28: Launching Executing install in C__Users_user_Desktop_locato_Gateway] INFO  o.eclipse.m2e.core.internal.Bundles - 	Entry: C:\Users\user\Downloads\spring-tools-for-eclipse-5.2.0.RELEASE-e4.40.0-win32.win32.x86_64\sts-5.2.0.RELEASE\plugins\org.eclipse.m2e.maven.runtime_3.9.1600.20260522-0510\jars\plexus-cipher-2.0.jar
2026-07-25 22:12:02,600 [Worker-28: Launching Executing install in C__Users_user_Desktop_locato_Gateway] INFO  o.eclipse.m2e.core.internal.Bundles - 	Entry: C:\Users\user\Downloads\spring-tools-for-eclipse-5.2.0.RELEASE-e4.40.0-win32.win32.x86_64\sts-5.2.0.RELEASE\plugins\org.eclipse.m2e.maven.runtime_3.9.1600.20260522-0510\jars\plexus-classworlds-2.11.0.jar
2026-07-25 22:12:02,601 [Worker-28: Launching Executing install in C__Users_user_Desktop_locato_Gateway] INFO  o.eclipse.m2e.core.internal.Bundles - 	Entry: C:\Users\user\Downloads\spring-tools-for-eclipse-5.2.0.RELEASE-e4.40.0-win32.win32.x86_64\sts-5.2.0.RELEASE\plugins\org.eclipse.m2e.maven.runtime_3.9.1600.20260522-0510\jars\plexus-component-annotations-2.2.0.jar
2026-07-25 22:12:02,601 [Worker-28: Launching Executing install in C__Users_user_Desktop_locato_Gateway] INFO  o.eclipse.m2e.core.internal.Bundles - 	Entry: C:\Users\user\Downloads\spring-tools-for-eclipse-5.2.0.RELEASE-e4.40.0-win32.win32.x86_64\sts-5.2.0.RELEASE\plugins\org.eclipse.m2e.maven.runtime_3.9.1600.20260522-0510\jars\plexus-interpolation-1.29.jar
2026-07-25 22:12:02,601 [Worker-28: Launching Executing install in C__Users_user_Desktop_locato_Gateway] INFO  o.eclipse.m2e.core.internal.Bundles - 	Entry: C:\Users\user\Downloads\spring-tools-for-eclipse-5.2.0.RELEASE-e4.40.0-win32.win32.x86_64\sts-5.2.0.RELEASE\plugins\org.eclipse.m2e.maven.runtime_3.9.1600.20260522-0510\jars\plexus-sec-dispatcher-2.0.jar
2026-07-25 22:12:02,601 [Worker-28: Launching Executing install in C__Users_user_Desktop_locato_Gateway] INFO  o.eclipse.m2e.core.internal.Bundles - 	Entry: C:\Users\user\Downloads\spring-tools-for-eclipse-5.2.0.RELEASE-e4.40.0-win32.win32.x86_64\sts-5.2.0.RELEASE\plugins\org.eclipse.m2e.maven.runtime_3.9.1600.20260522-0510\jars\plexus-utils-3.6.1.jar
2026-07-25 22:12:02,601 [Worker-28: Launching Executing install in C__Users_user_Desktop_locato_Gateway] INFO  o.eclipse.m2e.core.internal.Bundles - 	Entry: C:\Users\user\Downloads\spring-tools-for-eclipse-5.2.0.RELEASE-e4.40.0-win32.win32.x86_64\sts-5.2.0.RELEASE\plugins\org.eclipse.m2e.maven.runtime_3.9.1600.20260522-0510\jars\wagon-file-3.5.3.jar
2026-07-25 22:12:02,602 [Worker-28: Launching Executing install in C__Users_user_Desktop_locato_Gateway] INFO  o.eclipse.m2e.core.internal.Bundles - 	Entry: C:\Users\user\Downloads\spring-tools-for-eclipse-5.2.0.RELEASE-e4.40.0-win32.win32.x86_64\sts-5.2.0.RELEASE\plugins\org.eclipse.m2e.maven.runtime_3.9.1600.20260522-0510\jars\wagon-http-3.5.3.jar
2026-07-25 22:12:02,602 [Worker-28: Launching Executing install in C__Users_user_Desktop_locato_Gateway] INFO  o.eclipse.m2e.core.internal.Bundles - 	Entry: C:\Users\user\Downloads\spring-tools-for-eclipse-5.2.0.RELEASE-e4.40.0-win32.win32.x86_64\sts-5.2.0.RELEASE\plugins\org.eclipse.m2e.maven.runtime_3.9.1600.20260522-0510\jars\wagon-http-shared-3.5.3.jar
2026-07-25 22:12:02,602 [Worker-28: Launching Executing install in C__Users_user_Desktop_locato_Gateway] INFO  o.eclipse.m2e.core.internal.Bundles - 	Entry: C:\Users\user\Downloads\spring-tools-for-eclipse-5.2.0.RELEASE-e4.40.0-win32.win32.x86_64\sts-5.2.0.RELEASE\plugins\org.eclipse.m2e.maven.runtime_3.9.1600.20260522-0510\jars\wagon-provider-api-3.5.3.jar
2026-07-25 22:12:02,602 [Worker-28: Launching Executing install in C__Users_user_Desktop_locato_Gateway] INFO  o.eclipse.m2e.core.internal.Bundles - getClasspathEntries(Bundle=com.google.guava_33.6.0.jre [24])
2026-07-25 22:12:02,603 [Worker-28: Launching Executing install in C__Users_user_Desktop_locato_Gateway] INFO  o.eclipse.m2e.core.internal.Bundles - 	Entry: C:\Users\user\Downloads\spring-tools-for-eclipse-5.2.0.RELEASE-e4.40.0-win32.win32.x86_64\sts-5.2.0.RELEASE\plugins\com.google.guava_33.6.0.jre.jar
2026-07-25 22:12:02,603 [Worker-28: Launching Executing install in C__Users_user_Desktop_locato_Gateway] INFO  o.eclipse.m2e.core.internal.Bundles - getClasspathEntries(Bundle=slf4j.api_2.0.18 [613])
2026-07-25 22:12:02,604 [Worker-28: Launching Executing install in C__Users_user_Desktop_locato_Gateway] INFO  o.eclipse.m2e.core.internal.Bundles - 	Entry: C:\Users\user\Downloads\spring-tools-for-eclipse-5.2.0.RELEASE-e4.40.0-win32.win32.x86_64\sts-5.2.0.RELEASE\plugins\slf4j.api_2.0.18.jar
2026-07-25 22:12:02,604 [Worker-28: Launching Executing install in C__Users_user_Desktop_locato_Gateway] INFO  o.eclipse.m2e.core.internal.Bundles - getClasspathEntries(Bundle=jakarta.inject.jakarta.inject-api_1.0.5 [39])
2026-07-25 22:12:02,604 [Worker-28: Launching Executing install in C__Users_user_Desktop_locato_Gateway] INFO  o.eclipse.m2e.core.internal.Bundles - 	Entry: C:\Users\user\Downloads\spring-tools-for-eclipse-5.2.0.RELEASE-e4.40.0-win32.win32.x86_64\sts-5.2.0.RELEASE\plugins\jakarta.inject.jakarta.inject-api_1.0.5.jar
2026-07-25 22:12:02,604 [Worker-28: Launching Executing install in C__Users_user_Desktop_locato_Gateway] INFO  o.eclipse.m2e.core.internal.Bundles - getClasspathEntries(Bundle=jakarta.annotation-api_1.3.5 [36])
2026-07-25 22:12:02,606 [Worker-28: Launching Executing install in C__Users_user_Desktop_locato_Gateway] INFO  o.eclipse.m2e.core.internal.Bundles - 	Entry: C:\Users\user\Downloads\spring-tools-for-eclipse-5.2.0.RELEASE-e4.40.0-win32.win32.x86_64\sts-5.2.0.RELEASE\plugins\jakarta.annotation-api_1.3.5.jar
2026-07-25 22:12:02,607 [Worker-28: Launching Executing install in C__Users_user_Desktop_locato_Gateway] INFO  o.eclipse.m2e.core.internal.Bundles - getClasspathEntries(Bundle=org.apache.commons.cli_1.11.0 [78])
2026-07-25 22:12:02,608 [Worker-28: Launching Executing install in C__Users_user_Desktop_locato_Gateway] INFO  o.eclipse.m2e.core.internal.Bundles - 	Entry: C:\Users\user\Downloads\spring-tools-for-eclipse-5.2.0.RELEASE-e4.40.0-win32.win32.x86_64\sts-5.2.0.RELEASE\plugins\org.apache.commons.cli_1.11.0.jar
2026-07-25 22:12:02,608 [Worker-28: Launching Executing install in C__Users_user_Desktop_locato_Gateway] INFO  o.eclipse.m2e.core.internal.Bundles - getClasspathEntries(Bundle=org.apache.commons.commons-codec_1.22.0 [80])
2026-07-25 22:12:02,608 [Worker-28: Launching Executing install in C__Users_user_Desktop_locato_Gateway] INFO  o.eclipse.m2e.core.internal.Bundles - 	Entry: C:\Users\user\Downloads\spring-tools-for-eclipse-5.2.0.RELEASE-e4.40.0-win32.win32.x86_64\sts-5.2.0.RELEASE\plugins\org.apache.commons.commons-codec_1.22.0.jar
2026-07-25 22:12:02,608 [Worker-28: Launching Executing install in C__Users_user_Desktop_locato_Gateway] INFO  o.eclipse.m2e.core.internal.Bundles - getClasspathEntries(Bundle=com.google.guava.failureaccess_1.0.3 [25])
2026-07-25 22:12:02,609 [Worker-28: Launching Executing install in C__Users_user_Desktop_locato_Gateway] INFO  o.eclipse.m2e.core.internal.Bundles - 	Entry: C:\Users\user\Downloads\spring-tools-for-eclipse-5.2.0.RELEASE-e4.40.0-win32.win32.x86_64\sts-5.2.0.RELEASE\plugins\com.google.guava.failureaccess_1.0.3.jar
2026-07-25 22:12:02,611 [Worker-28: Launching Executing install in C__Users_user_Desktop_locato_Gateway] INFO  o.e.m.i.launch.MavenLaunchDelegate - Run build in "C:\Users\user\Desktop\locato\Gateway":
2026-07-25 22:12:02,611 [Worker-28: Launching Executing install in C__Users_user_Desktop_locato_Gateway] INFO  o.e.m.i.launch.MavenLaunchDelegate -  mvn  -B -Dstyle.color=always install
2026-07-25 22:15:50,376 [Worker-30: reload maven project] INFO  o.e.m.c.i.p.WorkspaceClassifierResolverManager - Resolving P/Locato-constants: com.locato:locato-constants:1.0.0 with classifier  to /Locato-constants/target/classes
2026-07-25 22:15:54,609 [Worker-25: reload maven project] INFO  o.e.m.c.i.p.WorkspaceClassifierResolverManager - Resolving P/Locato-constants: com.locato:locato-constants:1.0.0 with classifier  to /Locato-constants/target/classes
2026-07-25 22:16:02,843 [Worker-35: reload maven project] INFO  o.e.m.c.i.p.WorkspaceClassifierResolverManager - Resolving P/Locato-constants: com.locato:locato-constants:1.0.0 with classifier  to /Locato-constants/target/classes
2026-07-25 22:30:46,878 [Worker-39: Building] INFO  o.a.m.s.f.DefaultMavenResourcesFiltering - Copying 1 resource from src\main\resources to target\classes
2026-07-25 22:30:47,020 [Worker-39: Building] INFO  o.a.m.s.f.DefaultMavenResourcesFiltering - Copying 1 resource from src\main\resources to target\classes
2026-07-25 22:30:47,031 [Worker-39: Building] INFO  o.a.m.s.f.DefaultMavenResourcesFiltering - skip non existing resourceDirectory C:\Users\user\Desktop\locato\SuperUSer\src\test\resources
2026-07-25 22:30:47,441 [Worker-39: Building] WARN  o.apache.maven.project.MavenProject - Plugin is modifying compileSourceRoots through clear(), which will not work in Maven 4.0.0. Use MavenProject.addCompileSourceRoot()/removeCompileSourceRoot() methods instead. If using a plugin, please upgrade to the latest version or report the issue to the plugin maintainer. To disable these warnings, set -Dmaven.project.sourceRoots.warningsDisabled=true on the command line, in the .mvn/maven.config file, or in project POM properties.
2026-07-25 22:30:47,454 [Worker-39: Building] WARN  o.apache.maven.project.MavenProject - Plugin is modifying compileSourceRoots through add(), which will not work in Maven 4.0.0. Use MavenProject.addCompileSourceRoot()/removeCompileSourceRoot() methods instead. If using a plugin, please upgrade to the latest version or report the issue to the plugin maintainer. To disable these warnings, set -Dmaven.project.sourceRoots.warningsDisabled=true on the command line, in the .mvn/maven.config file, or in project POM properties.
2026-07-25 22:30:47,455 [Worker-39: Building] WARN  o.apache.maven.project.MavenProject - Plugin is modifying testCompileSourceRoots through clear(), which will not work in Maven 4.0.0. Use MavenProject.addTestCompileSourceRoot()/removeTestCompileSourceRoot() methods instead. If using a plugin, please upgrade to the latest version or report the issue to the plugin maintainer. To disable these warnings, set -Dmaven.project.sourceRoots.warningsDisabled=true on the command line, in the .mvn/maven.config file, or in project POM properties.
2026-07-25 22:30:47,456 [Worker-39: Building] WARN  o.apache.maven.project.MavenProject - Plugin is modifying testCompileSourceRoots through add(), which will not work in Maven 4.0.0. Use MavenProject.addTestCompileSourceRoot()/removeTestCompileSourceRoot() methods instead. If using a plugin, please upgrade to the latest version or report the issue to the plugin maintainer. To disable these warnings, set -Dmaven.project.sourceRoots.warningsDisabled=true on the command line, in the .mvn/maven.config file, or in project POM properties.
2026-07-25 22:36:32,746 [Worker-42: Building] INFO  o.a.m.s.f.DefaultMavenResourcesFiltering - Copying 1 resource from src\main\resources to target\classes
2026-07-25 22:36:32,770 [Worker-42: Building] INFO  o.a.m.s.f.DefaultMavenResourcesFiltering - Copying 2 resources from src\main\resources to target\classes
2026-07-25 22:36:32,778 [Worker-42: Building] INFO  o.a.m.s.f.DefaultMavenResourcesFiltering - skip non existing resourceDirectory C:\Users\user\Desktop\locato\Notification-Service\src\test\resources
2026-07-25 22:36:32,847 [Worker-42: Building] WARN  o.apache.maven.project.MavenProject - Plugin is modifying compileSourceRoots through clear(), which will not work in Maven 4.0.0. Use MavenProject.addCompileSourceRoot()/removeCompileSourceRoot() methods instead. If using a plugin, please upgrade to the latest version or report the issue to the plugin maintainer. To disable these warnings, set -Dmaven.project.sourceRoots.warningsDisabled=true on the command line, in the .mvn/maven.config file, or in project POM properties.
2026-07-25 22:36:32,848 [Worker-42: Building] WARN  o.apache.maven.project.MavenProject - Plugin is modifying compileSourceRoots through add(), which will not work in Maven 4.0.0. Use MavenProject.addCompileSourceRoot()/removeCompileSourceRoot() methods instead. If using a plugin, please upgrade to the latest version or report the issue to the plugin maintainer. To disable these warnings, set -Dmaven.project.sourceRoots.warningsDisabled=true on the command line, in the .mvn/maven.config file, or in project POM properties.
2026-07-25 22:36:32,849 [Worker-42: Building] WARN  o.apache.maven.project.MavenProject - Plugin is modifying testCompileSourceRoots through clear(), which will not work in Maven 4.0.0. Use MavenProject.addTestCompileSourceRoot()/removeTestCompileSourceRoot() methods instead. If using a plugin, please upgrade to the latest version or report the issue to the plugin maintainer. To disable these warnings, set -Dmaven.project.sourceRoots.warningsDisabled=true on the command line, in the .mvn/maven.config file, or in project POM properties.
2026-07-25 22:36:32,850 [Worker-42: Building] WARN  o.apache.maven.project.MavenProject - Plugin is modifying testCompileSourceRoots through add(), which will not work in Maven 4.0.0. Use MavenProject.addTestCompileSourceRoot()/removeTestCompileSourceRoot() methods instead. If using a plugin, please upgrade to the latest version or report the issue to the plugin maintainer. To disable these warnings, set -Dmaven.project.sourceRoots.warningsDisabled=true on the command line, in the .mvn/maven.config file, or in project POM properties.
2026-07-26 00:31:38,884 [Worker-55: Updating Maven Dependencies] INFO  o.e.m.c.i.l.LifecycleMappingFactory - Using org.eclipse.m2e.jdt.JarLifecycleMapping lifecycle mapping for MavenProject: com.whoami:shop-service:0.0.1-SNAPSHOT @ C:\Users\user\Desktop\locato\shop-service\pom.xml.
2026-07-26 00:31:40,710 [Worker-55: Updating Maven Dependencies] INFO  o.e.m.c.i.p.WorkspaceClassifierResolverManager - Resolving P/Locato-constants: com.locato:locato-constants:1.0.0 with classifier  to /Locato-constants/target/classes
2026-07-26 00:31:46,805 [Worker-51: Building] INFO  o.a.m.s.f.DefaultMavenResourcesFiltering - Copying 1 resource from src\main\resources to target\classes
2026-07-26 00:31:46,823 [Worker-51: Building] INFO  o.a.m.s.f.DefaultMavenResourcesFiltering - Copying 1 resource from src\main\resources to target\classes
2026-07-26 00:31:46,861 [Worker-51: Building] INFO  o.a.m.s.f.DefaultMavenResourcesFiltering - Copying 0 resource from src\test\resources to target\test-classes
2026-07-26 00:31:46,910 [Worker-51: Building] WARN  o.apache.maven.project.MavenProject - Plugin is modifying compileSourceRoots through clear(), which will not work in Maven 4.0.0. Use MavenProject.addCompileSourceRoot()/removeCompileSourceRoot() methods instead. If using a plugin, please upgrade to the latest version or report the issue to the plugin maintainer. To disable these warnings, set -Dmaven.project.sourceRoots.warningsDisabled=true on the command line, in the .mvn/maven.config file, or in project POM properties.
2026-07-26 00:31:46,911 [Worker-51: Building] WARN  o.apache.maven.project.MavenProject - Plugin is modifying compileSourceRoots through add(), which will not work in Maven 4.0.0. Use MavenProject.addCompileSourceRoot()/removeCompileSourceRoot() methods instead. If using a plugin, please upgrade to the latest version or report the issue to the plugin maintainer. To disable these warnings, set -Dmaven.project.sourceRoots.warningsDisabled=true on the command line, in the .mvn/maven.config file, or in project POM properties.
2026-07-26 00:31:46,912 [Worker-51: Building] WARN  o.apache.maven.project.MavenProject - Plugin is modifying testCompileSourceRoots through clear(), which will not work in Maven 4.0.0. Use MavenProject.addTestCompileSourceRoot()/removeTestCompileSourceRoot() methods instead. If using a plugin, please upgrade to the latest version or report the issue to the plugin maintainer. To disable these warnings, set -Dmaven.project.sourceRoots.warningsDisabled=true on the command line, in the .mvn/maven.config file, or in project POM properties.
2026-07-26 00:31:46,913 [Worker-51: Building] WARN  o.apache.maven.project.MavenProject - Plugin is modifying testCompileSourceRoots through add(), which will not work in Maven 4.0.0. Use MavenProject.addTestCompileSourceRoot()/removeTestCompileSourceRoot() methods instead. If using a plugin, please upgrade to the latest version or report the issue to the plugin maintainer. To disable these warnings, set -Dmaven.project.sourceRoots.warningsDisabled=true on the command line, in the .mvn/maven.config file, or in project POM properties.
2026-07-26 00:50:31,666 [Worker-73: Building] INFO  o.e.m.c.i.l.LifecycleMappingFactory - Using org.eclipse.m2e.jdt.JarLifecycleMapping lifecycle mapping for MavenProject: com.whoami:userRegistry:1.0.0 @ C:\Users\user\Desktop\locato\userRegistry\pom.xml.
2026-07-26 00:50:32,567 [Worker-73: Building] INFO  o.e.m.c.i.e.AbstractTransferListenerAdapter - Downloading https://repo.maven.apache.org/maven2/org/springframework/boot/spring-boot-starter-security/3.5.15/spring-boot-starter-security-3.5.15.pom
2026-07-26 00:50:32,578 [Worker-73: Building] INFO  o.e.m.c.i.e.AbstractTransferListenerAdapter - Downloaded https://repo.maven.apache.org/maven2/org/springframework/boot/spring-boot-starter-security/3.5.15/spring-boot-starter-security-3.5.15.pom
2026-07-26 00:50:33,369 [Worker-73: Building] INFO  o.e.m.c.i.e.AbstractTransferListenerAdapter - Downloading https://repo.maven.apache.org/maven2/org/springframework/security/spring-security-config/6.5.11/spring-security-config-6.5.11.pom
2026-07-26 00:50:33,373 [Worker-73: Building] INFO  o.e.m.c.i.e.AbstractTransferListenerAdapter - Downloaded https://repo.maven.apache.org/maven2/org/springframework/security/spring-security-config/6.5.11/spring-security-config-6.5.11.pom
2026-07-26 00:50:33,485 [Worker-73: Building] INFO  o.e.m.c.i.e.AbstractTransferListenerAdapter - Downloading https://repo.maven.apache.org/maven2/org/springframework/security/spring-security-core/6.5.11/spring-security-core-6.5.11.pom
2026-07-26 00:50:33,491 [Worker-73: Building] INFO  o.e.m.c.i.e.AbstractTransferListenerAdapter - Downloaded https://repo.maven.apache.org/maven2/org/springframework/security/spring-security-core/6.5.11/spring-security-core-6.5.11.pom
2026-07-26 00:50:33,605 [Worker-73: Building] INFO  o.e.m.c.i.e.AbstractTransferListenerAdapter - Downloading https://repo.maven.apache.org/maven2/org/springframework/security/spring-security-web/6.5.11/spring-security-web-6.5.11.pom
2026-07-26 00:50:33,613 [Worker-73: Building] INFO  o.e.m.c.i.e.AbstractTransferListenerAdapter - Downloaded https://repo.maven.apache.org/maven2/org/springframework/security/spring-security-web/6.5.11/spring-security-web-6.5.11.pom
2026-07-26 00:50:33,983 [Worker-73: Building] INFO  o.e.m.c.i.e.AbstractTransferListenerAdapter - Downloading https://repo.maven.apache.org/maven2/org/springframework/boot/spring-boot-starter-mail/3.5.15/spring-boot-starter-mail-3.5.15.pom
2026-07-26 00:50:33,989 [Worker-73: Building] INFO  o.e.m.c.i.e.AbstractTransferListenerAdapter - Downloaded https://repo.maven.apache.org/maven2/org/springframework/boot/spring-boot-starter-mail/3.5.15/spring-boot-starter-mail-3.5.15.pom
2026-07-26 00:50:34,078 [Worker-73: Building] INFO  o.e.m.c.i.e.AbstractTransferListenerAdapter - Downloading https://repo.maven.apache.org/maven2/org/springframework/boot/spring-boot-starter-thymeleaf/3.5.15/spring-boot-starter-thymeleaf-3.5.15.pom
2026-07-26 00:50:34,086 [Worker-73: Building] INFO  o.e.m.c.i.e.AbstractTransferListenerAdapter - Downloaded https://repo.maven.apache.org/maven2/org/springframework/boot/spring-boot-starter-thymeleaf/3.5.15/spring-boot-starter-thymeleaf-3.5.15.pom
2026-07-26 00:50:34,265 [Worker-73: Building] INFO  o.e.m.c.i.e.AbstractTransferListenerAdapter - Downloaded https://repo.maven.apache.org/maven2/com/whoami/locato-constants/1.0.0/locato-constants-1.0.0.pom
2026-07-26 00:50:34,269 [Worker-73: Building] WARN  o.e.m.c.i.embedder.EclipseLogger - The POM for com.whoami:locato-constants:jar:1.0.0 is missing, no dependency information available
2026-07-26 00:50:34,749 [Worker-73: Building] INFO  o.e.m.c.i.e.AbstractTransferListenerAdapter - Downloading https://repo.maven.apache.org/maven2/org/springframework/boot/spring-boot-starter-security/3.5.15/spring-boot-starter-security-3.5.15.jar
2026-07-26 00:50:34,760 [Worker-73: Building] INFO  o.e.m.c.i.e.AbstractTransferListenerAdapter - Downloaded https://repo.maven.apache.org/maven2/org/springframework/boot/spring-boot-starter-security/3.5.15/spring-boot-starter-security-3.5.15.jar
2026-07-26 00:50:34,856 [BasicRepositoryConnector-repo.maven.apache.org-0-3] INFO  o.e.m.c.i.e.AbstractTransferListenerAdapter - Downloading https://repo.maven.apache.org/maven2/org/springframework/boot/spring-boot-starter-mail/3.5.15/spring-boot-starter-mail-3.5.15.jar
2026-07-26 00:50:34,882 [BasicRepositoryConnector-repo.maven.apache.org-0-3] INFO  o.e.m.c.i.e.AbstractTransferListenerAdapter - Downloaded https://repo.maven.apache.org/maven2/org/springframework/boot/spring-boot-starter-mail/3.5.15/spring-boot-starter-mail-3.5.15.jar
2026-07-26 00:50:35,012 [BasicRepositoryConnector-repo.maven.apache.org-0-3] INFO  o.e.m.c.i.e.AbstractTransferListenerAdapter - Downloaded https://repo.maven.apache.org/maven2/com/whoami/locato-constants/1.0.0/locato-constants-1.0.0.jar
2026-07-26 00:50:35,017 [BasicRepositoryConnector-repo.maven.apache.org-0-1] INFO  o.e.m.c.i.e.AbstractTransferListenerAdapter - Downloading https://repo.maven.apache.org/maven2/org/springframework/security/spring-security-core/6.5.11/spring-security-core-6.5.11.jar
2026-07-26 00:50:35,026 [BasicRepositoryConnector-repo.maven.apache.org-0-4] INFO  o.e.m.c.i.e.AbstractTransferListenerAdapter - Downloading https://repo.maven.apache.org/maven2/org/springframework/boot/spring-boot-starter-thymeleaf/3.5.15/spring-boot-starter-thymeleaf-3.5.15.jar
2026-07-26 00:50:35,034 [BasicRepositoryConnector-repo.maven.apache.org-0-4] INFO  o.e.m.c.i.e.AbstractTransferListenerAdapter - Downloaded https://repo.maven.apache.org/maven2/org/springframework/boot/spring-boot-starter-thymeleaf/3.5.15/spring-boot-starter-thymeleaf-3.5.15.jar
2026-07-26 00:50:35,036 [BasicRepositoryConnector-repo.maven.apache.org-0-0] INFO  o.e.m.c.i.e.AbstractTransferListenerAdapter - Downloading https://repo.maven.apache.org/maven2/org/springframework/security/spring-security-config/6.5.11/spring-security-config-6.5.11.jar
2026-07-26 00:50:35,043 [BasicRepositoryConnector-repo.maven.apache.org-0-2] INFO  o.e.m.c.i.e.AbstractTransferListenerAdapter - Downloading https://repo.maven.apache.org/maven2/org/springframework/security/spring-security-web/6.5.11/spring-security-web-6.5.11.jar
2026-07-26 00:50:35,723 [BasicRepositoryConnector-repo.maven.apache.org-0-1] INFO  o.e.m.c.i.e.AbstractTransferListenerAdapter - Downloaded https://repo.maven.apache.org/maven2/org/springframework/security/spring-security-core/6.5.11/spring-security-core-6.5.11.jar
2026-07-26 00:50:36,365 [BasicRepositoryConnector-repo.maven.apache.org-0-2] INFO  o.e.m.c.i.e.AbstractTransferListenerAdapter - Downloaded https://repo.maven.apache.org/maven2/org/springframework/security/spring-security-web/6.5.11/spring-security-web-6.5.11.jar
2026-07-26 00:50:37,145 [BasicRepositoryConnector-repo.maven.apache.org-0-0] INFO  o.e.m.c.i.e.AbstractTransferListenerAdapter - Downloaded https://repo.maven.apache.org/maven2/org/springframework/security/spring-security-config/6.5.11/spring-security-config-6.5.11.jar
2026-07-26 00:50:38,446 [Worker-73: Building] WARN  o.apache.maven.project.MavenProject - Plugin is modifying compileSourceRoots through clear(), which will not work in Maven 4.0.0. Use MavenProject.addCompileSourceRoot()/removeCompileSourceRoot() methods instead. If using a plugin, please upgrade to the latest version or report the issue to the plugin maintainer. To disable these warnings, set -Dmaven.project.sourceRoots.warningsDisabled=true on the command line, in the .mvn/maven.config file, or in project POM properties.
2026-07-26 00:50:38,447 [Worker-73: Building] WARN  o.apache.maven.project.MavenProject - Plugin is modifying testCompileSourceRoots through clear(), which will not work in Maven 4.0.0. Use MavenProject.addTestCompileSourceRoot()/removeTestCompileSourceRoot() methods instead. If using a plugin, please upgrade to the latest version or report the issue to the plugin maintainer. To disable these warnings, set -Dmaven.project.sourceRoots.warningsDisabled=true on the command line, in the .mvn/maven.config file, or in project POM properties.
2026-07-26 00:50:39,000 [Worker-65: Download sources and javadoc] INFO  o.e.m.c.i.e.AbstractTransferListenerAdapter - Downloading https://repo.maven.apache.org/maven2/org/springframework/boot/spring-boot-starter-security/3.5.15/spring-boot-starter-security-3.5.15-sources.jar
2026-07-26 00:50:39,005 [Worker-65: Download sources and javadoc] INFO  o.e.m.c.i.e.AbstractTransferListenerAdapter - Downloaded https://repo.maven.apache.org/maven2/org/springframework/boot/spring-boot-starter-security/3.5.15/spring-boot-starter-security-3.5.15-sources.jar
2026-07-26 00:50:39,012 [Worker-65: Download sources and javadoc] INFO  o.e.m.j.internal.DownloadSourcesJob - Downloaded sources for org.springframework.boot:spring-boot-starter-security:3.5.15
2026-07-26 00:50:39,277 [Worker-65: Download sources and javadoc] INFO  o.e.m.c.i.e.AbstractTransferListenerAdapter - Downloading https://repo.maven.apache.org/maven2/org/springframework/security/spring-security-config/6.5.11/spring-security-config-6.5.11-sources.jar
2026-07-26 00:50:40,066 [Worker-65: Download sources and javadoc] INFO  o.e.m.c.i.e.AbstractTransferListenerAdapter - Downloaded https://repo.maven.apache.org/maven2/org/springframework/security/spring-security-config/6.5.11/spring-security-config-6.5.11-sources.jar
2026-07-26 00:50:40,073 [Worker-65: Download sources and javadoc] INFO  o.e.m.j.internal.DownloadSourcesJob - Downloaded sources for org.springframework.security:spring-security-config:6.5.11
2026-07-26 00:50:40,436 [Worker-65: Download sources and javadoc] INFO  o.e.m.c.i.e.AbstractTransferListenerAdapter - Downloading https://repo.maven.apache.org/maven2/org/springframework/security/spring-security-core/6.5.11/spring-security-core-6.5.11-sources.jar
2026-07-26 00:50:40,969 [Worker-65: Download sources and javadoc] INFO  o.e.m.c.i.e.AbstractTransferListenerAdapter - Downloaded https://repo.maven.apache.org/maven2/org/springframework/security/spring-security-core/6.5.11/spring-security-core-6.5.11-sources.jar
2026-07-26 00:50:40,975 [Worker-65: Download sources and javadoc] INFO  o.e.m.j.internal.DownloadSourcesJob - Downloaded sources for org.springframework.security:spring-security-core:6.5.11
2026-07-26 00:50:41,636 [Worker-65: Download sources and javadoc] INFO  o.e.m.c.i.e.AbstractTransferListenerAdapter - Downloading https://repo.maven.apache.org/maven2/org/springframework/security/spring-security-web/6.5.11/spring-security-web-6.5.11-sources.jar
2026-07-26 00:50:42,213 [Worker-65: Download sources and javadoc] INFO  o.e.m.c.i.e.AbstractTransferListenerAdapter - Downloaded https://repo.maven.apache.org/maven2/org/springframework/security/spring-security-web/6.5.11/spring-security-web-6.5.11-sources.jar
2026-07-26 00:50:42,219 [Worker-65: Download sources and javadoc] INFO  o.e.m.j.internal.DownloadSourcesJob - Downloaded sources for org.springframework.security:spring-security-web:6.5.11
2026-07-26 00:50:42,373 [Worker-65: Download sources and javadoc] INFO  o.e.m.c.i.e.AbstractTransferListenerAdapter - Downloading https://repo.maven.apache.org/maven2/org/springframework/boot/spring-boot-starter-mail/3.5.15/spring-boot-starter-mail-3.5.15-sources.jar
2026-07-26 00:50:42,377 [Worker-65: Download sources and javadoc] INFO  o.e.m.c.i.e.AbstractTransferListenerAdapter - Downloaded https://repo.maven.apache.org/maven2/org/springframework/boot/spring-boot-starter-mail/3.5.15/spring-boot-starter-mail-3.5.15-sources.jar
2026-07-26 00:50:42,384 [Worker-65: Download sources and javadoc] INFO  o.e.m.j.internal.DownloadSourcesJob - Downloaded sources for org.springframework.boot:spring-boot-starter-mail:3.5.15
2026-07-26 00:50:42,669 [Worker-65: Download sources and javadoc] INFO  o.e.m.c.i.e.AbstractTransferListenerAdapter - Downloading https://repo.maven.apache.org/maven2/org/springframework/boot/spring-boot-starter-thymeleaf/3.5.15/spring-boot-starter-thymeleaf-3.5.15-sources.jar
2026-07-26 00:50:42,674 [Worker-65: Download sources and javadoc] INFO  o.e.m.c.i.e.AbstractTransferListenerAdapter - Downloaded https://repo.maven.apache.org/maven2/org/springframework/boot/spring-boot-starter-thymeleaf/3.5.15/spring-boot-starter-thymeleaf-3.5.15-sources.jar
2026-07-26 00:50:42,679 [Worker-65: Download sources and javadoc] INFO  o.e.m.j.internal.DownloadSourcesJob - Downloaded sources for org.springframework.boot:spring-boot-starter-thymeleaf:3.5.15
2026-07-26 00:50:43,381 [Worker-65: Download sources and javadoc] INFO  o.e.m.c.i.e.AbstractTransferListenerAdapter - Downloaded https://repo.maven.apache.org/maven2/com/whoami/locato-constants/1.0.0/locato-constants-1.0.0-sources.jar
2026-07-26 00:50:43,422 [Worker-65: Download sources and javadoc] ERROR o.e.m.j.internal.DownloadSourcesJob - Could not download sources for com.whoami:locato-constants:1.0.0
org.eclipse.core.runtime.CoreException: Could not resolve artifact com.whoami:locato-constants:jar:sources:1.0.0
	at org.eclipse.m2e.core.internal.embedder.MavenImpl.lambda$7(MavenImpl.java:581)
	at org.eclipse.m2e.core.internal.embedder.MavenExecutionContext.executeBare(MavenExecutionContext.java:462)
	at org.eclipse.m2e.core.internal.embedder.MavenExecutionContext.execute(MavenExecutionContext.java:295)
	at org.eclipse.m2e.core.internal.embedder.MavenExecutionContext.execute(MavenExecutionContext.java:281)
	at org.eclipse.m2e.core.internal.embedder.MavenImpl.resolve(MavenImpl.java:550)
	at org.eclipse.m2e.core.internal.embedder.MavenImpl.resolve(MavenImpl.java:535)
	at org.eclipse.m2e.jdt.internal.DownloadSourcesJob.download(DownloadSourcesJob.java:308)
	at org.eclipse.m2e.jdt.internal.DownloadSourcesJob.downloadAttachments(DownloadSourcesJob.java:282)
	at org.eclipse.m2e.jdt.internal.DownloadSourcesJob.downloadMaven(DownloadSourcesJob.java:252)
	at org.eclipse.m2e.jdt.internal.DownloadSourcesJob.downloadFilesAndPopulateToUpdate(DownloadSourcesJob.java:220)
	at org.eclipse.m2e.jdt.internal.DownloadSourcesJob.lambda$0(DownloadSourcesJob.java:149)
	at org.eclipse.m2e.core.internal.embedder.MavenExecutionContext.executeBare(MavenExecutionContext.java:462)
	at org.eclipse.m2e.core.internal.embedder.MavenExecutionContext.execute(MavenExecutionContext.java:342)
	at org.eclipse.m2e.core.internal.embedder.MavenExecutionContext.execute(MavenExecutionContext.java:281)
	at org.eclipse.m2e.core.embedder.IMaven.execute(IMaven.java:300)
	at org.eclipse.m2e.jdt.internal.DownloadSourcesJob.run(DownloadSourcesJob.java:149)
	at org.eclipse.core.internal.jobs.Worker.run(Worker.java:63)
2026-07-26 00:53:45,534 [Worker-76: Building] INFO  o.e.m.c.i.l.LifecycleMappingFactory - Using org.eclipse.m2e.jdt.JarLifecycleMapping lifecycle mapping for MavenProject: com.whoami:SuperUser:1.0.0 @ C:\Users\user\Desktop\locato\SuperUSer\pom.xml.
2026-07-26 00:53:46,639 [Worker-76: Building] INFO  o.e.m.c.i.e.AbstractTransferListenerAdapter - Downloading https://repo.maven.apache.org/maven2/com/h2database/h2/2.3.232/h2-2.3.232.pom
2026-07-26 00:53:46,646 [Worker-76: Building] INFO  o.e.m.c.i.e.AbstractTransferListenerAdapter - Downloaded https://repo.maven.apache.org/maven2/com/h2database/h2/2.3.232/h2-2.3.232.pom
2026-07-26 00:53:46,656 [Worker-76: Building] WARN  o.e.m.c.i.embedder.EclipseLogger - The POM for com.whoami:locato-constants:jar:1.0.0 is missing, no dependency information available
2026-07-26 00:53:46,726 [Worker-76: Building] INFO  o.e.m.c.i.e.AbstractTransferListenerAdapter - Downloading https://repo.maven.apache.org/maven2/com/github/ben-manes/caffeine/caffeine/3.2.4/caffeine-3.2.4.pom
2026-07-26 00:53:46,734 [Worker-76: Building] INFO  o.e.m.c.i.e.AbstractTransferListenerAdapter - Downloaded https://repo.maven.apache.org/maven2/com/github/ben-manes/caffeine/caffeine/3.2.4/caffeine-3.2.4.pom
2026-07-26 00:53:46,824 [Worker-76: Building] INFO  o.e.m.c.i.e.AbstractTransferListenerAdapter - Downloading https://repo.maven.apache.org/maven2/com/google/errorprone/error_prone_annotations/2.49.0/error_prone_annotations-2.49.0.pom
2026-07-26 00:53:46,833 [Worker-76: Building] INFO  o.e.m.c.i.e.AbstractTransferListenerAdapter - Downloaded https://repo.maven.apache.org/maven2/com/google/errorprone/error_prone_annotations/2.49.0/error_prone_annotations-2.49.0.pom
2026-07-26 00:53:46,912 [Worker-76: Building] INFO  o.e.m.c.i.e.AbstractTransferListenerAdapter - Downloading https://repo.maven.apache.org/maven2/com/google/errorprone/error_prone_parent/2.49.0/error_prone_parent-2.49.0.pom
2026-07-26 00:53:46,920 [Worker-76: Building] INFO  o.e.m.c.i.e.AbstractTransferListenerAdapter - Downloaded https://repo.maven.apache.org/maven2/com/google/errorprone/error_prone_parent/2.49.0/error_prone_parent-2.49.0.pom
2026-07-26 00:53:47,275 [Worker-76: Building] INFO  o.e.m.c.i.e.AbstractTransferListenerAdapter - Downloading https://repo.maven.apache.org/maven2/com/h2database/h2/2.3.232/h2-2.3.232.jar
2026-07-26 00:53:48,917 [Worker-76: Building] INFO  o.e.m.c.i.e.AbstractTransferListenerAdapter - Downloaded https://repo.maven.apache.org/maven2/com/h2database/h2/2.3.232/h2-2.3.232.jar
2026-07-26 00:53:48,983 [BasicRepositoryConnector-repo.maven.apache.org-1-0] INFO  o.e.m.c.i.e.AbstractTransferListenerAdapter - Downloading https://repo.maven.apache.org/maven2/com/github/ben-manes/caffeine/caffeine/3.2.4/caffeine-3.2.4.jar
2026-07-26 00:53:49,150 [BasicRepositoryConnector-repo.maven.apache.org-1-1] INFO  o.e.m.c.i.e.AbstractTransferListenerAdapter - Downloading https://repo.maven.apache.org/maven2/com/google/errorprone/error_prone_annotations/2.49.0/error_prone_annotations-2.49.0.jar
2026-07-26 00:53:49,173 [BasicRepositoryConnector-repo.maven.apache.org-1-1] INFO  o.e.m.c.i.e.AbstractTransferListenerAdapter - Downloaded https://repo.maven.apache.org/maven2/com/google/errorprone/error_prone_annotations/2.49.0/error_prone_annotations-2.49.0.jar
2026-07-26 00:53:49,679 [BasicRepositoryConnector-repo.maven.apache.org-1-0] INFO  o.e.m.c.i.e.AbstractTransferListenerAdapter - Downloaded https://repo.maven.apache.org/maven2/com/github/ben-manes/caffeine/caffeine/3.2.4/caffeine-3.2.4.jar
2026-07-26 00:53:50,525 [Worker-76: Building] WARN  o.apache.maven.project.MavenProject - Plugin is modifying compileSourceRoots through clear(), which will not work in Maven 4.0.0. Use MavenProject.addCompileSourceRoot()/removeCompileSourceRoot() methods instead. If using a plugin, please upgrade to the latest version or report the issue to the plugin maintainer. To disable these warnings, set -Dmaven.project.sourceRoots.warningsDisabled=true on the command line, in the .mvn/maven.config file, or in project POM properties.
2026-07-26 00:53:50,525 [Worker-76: Building] WARN  o.apache.maven.project.MavenProject - Plugin is modifying testCompileSourceRoots through clear(), which will not work in Maven 4.0.0. Use MavenProject.addTestCompileSourceRoot()/removeTestCompileSourceRoot() methods instead. If using a plugin, please upgrade to the latest version or report the issue to the plugin maintainer. To disable these warnings, set -Dmaven.project.sourceRoots.warningsDisabled=true on the command line, in the .mvn/maven.config file, or in project POM properties.
2026-07-26 00:53:51,393 [Worker-83: Download sources and javadoc] INFO  o.e.m.c.i.e.AbstractTransferListenerAdapter - Downloading https://repo.maven.apache.org/maven2/com/h2database/h2/2.3.232/h2-2.3.232-sources.jar
2026-07-26 00:53:53,247 [Worker-83: Download sources and javadoc] INFO  o.e.m.c.i.e.AbstractTransferListenerAdapter - Downloaded https://repo.maven.apache.org/maven2/com/h2database/h2/2.3.232/h2-2.3.232-sources.jar
2026-07-26 00:53:53,254 [Worker-83: Download sources and javadoc] INFO  o.e.m.j.internal.DownloadSourcesJob - Downloaded sources for com.h2database:h2:2.3.232
2026-07-26 00:53:53,854 [Worker-83: Download sources and javadoc] INFO  o.e.m.c.i.e.AbstractTransferListenerAdapter - Downloaded https://repo.maven.apache.org/maven2/com/whoami/locato-constants/1.0.0/locato-constants-1.0.0-javadoc.jar
2026-07-26 00:53:53,858 [Worker-83: Download sources and javadoc] ERROR o.e.m.j.internal.DownloadSourcesJob - Could not download javadoc for com.whoami:locato-constants:1.0.0
org.eclipse.core.runtime.CoreException: Could not resolve artifact com.whoami:locato-constants:jar:javadoc:1.0.0
	at org.eclipse.m2e.core.internal.embedder.MavenImpl.lambda$7(MavenImpl.java:581)
	at org.eclipse.m2e.core.internal.embedder.MavenExecutionContext.executeBare(MavenExecutionContext.java:462)
	at org.eclipse.m2e.core.internal.embedder.MavenExecutionContext.execute(MavenExecutionContext.java:295)
	at org.eclipse.m2e.core.internal.embedder.MavenExecutionContext.execute(MavenExecutionContext.java:281)
	at org.eclipse.m2e.core.internal.embedder.MavenImpl.resolve(MavenImpl.java:550)
	at org.eclipse.m2e.core.internal.embedder.MavenImpl.resolve(MavenImpl.java:535)
	at org.eclipse.m2e.jdt.internal.DownloadSourcesJob.download(DownloadSourcesJob.java:308)
	at org.eclipse.m2e.jdt.internal.DownloadSourcesJob.downloadAttachments(DownloadSourcesJob.java:294)
	at org.eclipse.m2e.jdt.internal.DownloadSourcesJob.downloadMaven(DownloadSourcesJob.java:252)
	at org.eclipse.m2e.jdt.internal.DownloadSourcesJob.downloadFilesAndPopulateToUpdate(DownloadSourcesJob.java:220)
	at org.eclipse.m2e.jdt.internal.DownloadSourcesJob.lambda$0(DownloadSourcesJob.java:149)
	at org.eclipse.m2e.core.internal.embedder.MavenExecutionContext.executeBare(MavenExecutionContext.java:462)
	at org.eclipse.m2e.core.internal.embedder.MavenExecutionContext.execute(MavenExecutionContext.java:342)
	at org.eclipse.m2e.core.internal.embedder.MavenExecutionContext.execute(MavenExecutionContext.java:281)
	at org.eclipse.m2e.core.embedder.IMaven.execute(IMaven.java:300)
	at org.eclipse.m2e.jdt.internal.DownloadSourcesJob.run(DownloadSourcesJob.java:149)
	at org.eclipse.core.internal.jobs.Worker.run(Worker.java:63)
2026-07-26 00:53:54,218 [Worker-83: Download sources and javadoc] INFO  o.e.m.c.i.e.AbstractTransferListenerAdapter - Downloading https://repo.maven.apache.org/maven2/com/github/ben-manes/caffeine/caffeine/3.2.4/caffeine-3.2.4-sources.jar
2026-07-26 00:53:54,899 [Worker-83: Download sources and javadoc] INFO  o.e.m.c.i.e.AbstractTransferListenerAdapter - Downloaded https://repo.maven.apache.org/maven2/com/github/ben-manes/caffeine/caffeine/3.2.4/caffeine-3.2.4-sources.jar
2026-07-26 00:53:54,905 [Worker-83: Download sources and javadoc] INFO  o.e.m.j.internal.DownloadSourcesJob - Downloaded sources for com.github.ben-manes.caffeine:caffeine:3.2.4
2026-07-26 00:53:55,681 [Worker-83: Download sources and javadoc] INFO  o.e.m.c.i.e.AbstractTransferListenerAdapter - Downloading https://repo.maven.apache.org/maven2/com/google/errorprone/error_prone_annotations/2.49.0/error_prone_annotations-2.49.0-sources.jar
2026-07-26 00:53:55,686 [Worker-83: Download sources and javadoc] INFO  o.e.m.c.i.e.AbstractTransferListenerAdapter - Downloaded https://repo.maven.apache.org/maven2/com/google/errorprone/error_prone_annotations/2.49.0/error_prone_annotations-2.49.0-sources.jar
2026-07-26 00:53:55,692 [Worker-83: Download sources and javadoc] INFO  o.e.m.j.internal.DownloadSourcesJob - Downloaded sources for com.google.errorprone:error_prone_annotations:2.49.0
2026-07-26 00:54:32,093 [Worker-81: Building] INFO  o.e.m.c.i.e.AbstractTransferListenerAdapter - Downloading https://repo.maven.apache.org/maven2/org/springframework/cloud/spring-cloud-starter-netflix-eureka-server/4.3.0/spring-cloud-starter-netflix-eureka-server-4.3.0.pom
2026-07-26 00:54:32,099 [Worker-81: Building] INFO  o.e.m.c.i.e.AbstractTransferListenerAdapter - Downloaded https://repo.maven.apache.org/maven2/org/springframework/cloud/spring-cloud-starter-netflix-eureka-server/4.3.0/spring-cloud-starter-netflix-eureka-server-4.3.0.pom
2026-07-26 00:54:32,374 [Worker-81: Building] INFO  o.e.m.c.i.e.AbstractTransferListenerAdapter - Downloading https://repo.maven.apache.org/maven2/org/springframework/cloud/spring-cloud-netflix-eureka-server/4.3.0/spring-cloud-netflix-eureka-server-4.3.0.pom
2026-07-26 00:54:32,384 [Worker-81: Building] INFO  o.e.m.c.i.e.AbstractTransferListenerAdapter - Downloaded https://repo.maven.apache.org/maven2/org/springframework/cloud/spring-cloud-netflix-eureka-server/4.3.0/spring-cloud-netflix-eureka-server-4.3.0.pom
2026-07-26 00:54:32,506 [Worker-81: Building] INFO  o.e.m.c.i.e.AbstractTransferListenerAdapter - Downloading https://repo.maven.apache.org/maven2/org/springframework/boot/spring-boot-starter-freemarker/3.5.15/spring-boot-starter-freemarker-3.5.15.pom
2026-07-26 00:54:32,510 [Worker-81: Building] INFO  o.e.m.c.i.e.AbstractTransferListenerAdapter - Downloaded https://repo.maven.apache.org/maven2/org/springframework/boot/spring-boot-starter-freemarker/3.5.15/spring-boot-starter-freemarker-3.5.15.pom
2026-07-26 00:54:32,582 [Worker-81: Building] INFO  o.e.m.c.i.e.AbstractTransferListenerAdapter - Downloading https://repo.maven.apache.org/maven2/org/freemarker/freemarker/2.3.34/freemarker-2.3.34.pom
2026-07-26 00:54:32,586 [Worker-81: Building] INFO  o.e.m.c.i.e.AbstractTransferListenerAdapter - Downloaded https://repo.maven.apache.org/maven2/org/freemarker/freemarker/2.3.34/freemarker-2.3.34.pom
2026-07-26 00:54:32,810 [Worker-81: Building] INFO  o.e.m.c.i.e.AbstractTransferListenerAdapter - Downloading https://repo.maven.apache.org/maven2/com/netflix/eureka/eureka-client-jersey3/2.0.4/eureka-client-jersey3-2.0.4.pom
2026-07-26 00:54:32,816 [Worker-81: Building] INFO  o.e.m.c.i.e.AbstractTransferListenerAdapter - Downloaded https://repo.maven.apache.org/maven2/com/netflix/eureka/eureka-client-jersey3/2.0.4/eureka-client-jersey3-2.0.4.pom
2026-07-26 00:54:32,882 [Worker-81: Building] INFO  o.e.m.c.i.e.AbstractTransferListenerAdapter - Downloading https://repo.maven.apache.org/maven2/org/glassfish/jersey/core/jersey-client/3.1.11/jersey-client-3.1.11.pom
2026-07-26 00:54:32,888 [Worker-81: Building] INFO  o.e.m.c.i.e.AbstractTransferListenerAdapter - Downloaded https://repo.maven.apache.org/maven2/org/glassfish/jersey/core/jersey-client/3.1.11/jersey-client-3.1.11.pom
2026-07-26 00:54:32,968 [Worker-81: Building] INFO  o.e.m.c.i.e.AbstractTransferListenerAdapter - Downloading https://repo.maven.apache.org/maven2/org/glassfish/jersey/project/3.1.11/project-3.1.11.pom
2026-07-26 00:54:32,981 [Worker-81: Building] INFO  o.e.m.c.i.e.AbstractTransferListenerAdapter - Downloaded https://repo.maven.apache.org/maven2/org/glassfish/jersey/project/3.1.11/project-3.1.11.pom
2026-07-26 00:54:33,069 [Worker-81: Building] INFO  o.e.m.c.i.e.AbstractTransferListenerAdapter - Downloading https://repo.maven.apache.org/maven2/org/glassfish/jersey/core/jersey-common/3.1.11/jersey-common-3.1.11.pom
2026-07-26 00:54:33,074 [Worker-81: Building] INFO  o.e.m.c.i.e.AbstractTransferListenerAdapter - Downloaded https://repo.maven.apache.org/maven2/org/glassfish/jersey/core/jersey-common/3.1.11/jersey-common-3.1.11.pom
2026-07-26 00:54:33,159 [Worker-81: Building] INFO  o.e.m.c.i.e.AbstractTransferListenerAdapter - Downloading https://repo.maven.apache.org/maven2/org/glassfish/jersey/inject/jersey-hk2/3.1.11/jersey-hk2-3.1.11.pom
2026-07-26 00:54:33,164 [Worker-81: Building] INFO  o.e.m.c.i.e.AbstractTransferListenerAdapter - Downloaded https://repo.maven.apache.org/maven2/org/glassfish/jersey/inject/jersey-hk2/3.1.11/jersey-hk2-3.1.11.pom
2026-07-26 00:54:33,234 [Worker-81: Building] INFO  o.e.m.c.i.e.AbstractTransferListenerAdapter - Downloading https://repo.maven.apache.org/maven2/org/glassfish/jersey/inject/project/3.1.11/project-3.1.11.pom
2026-07-26 00:54:33,239 [Worker-81: Building] INFO  o.e.m.c.i.e.AbstractTransferListenerAdapter - Downloaded https://repo.maven.apache.org/maven2/org/glassfish/jersey/inject/project/3.1.11/project-3.1.11.pom
2026-07-26 00:54:33,314 [Worker-81: Building] INFO  o.e.m.c.i.e.AbstractTransferListenerAdapter - Downloading https://repo.maven.apache.org/maven2/org/glassfish/hk2/hk2-locator/3.0.6/hk2-locator-3.0.6.pom
2026-07-26 00:54:33,319 [Worker-81: Building] INFO  o.e.m.c.i.e.AbstractTransferListenerAdapter - Downloaded https://repo.maven.apache.org/maven2/org/glassfish/hk2/hk2-locator/3.0.6/hk2-locator-3.0.6.pom
2026-07-26 00:54:33,395 [Worker-81: Building] INFO  o.e.m.c.i.e.AbstractTransferListenerAdapter - Downloading https://repo.maven.apache.org/maven2/org/glassfish/hk2/hk2-parent/3.0.6/hk2-parent-3.0.6.pom
2026-07-26 00:54:33,399 [Worker-81: Building] INFO  o.e.m.c.i.e.AbstractTransferListenerAdapter - Downloaded https://repo.maven.apache.org/maven2/org/glassfish/hk2/hk2-parent/3.0.6/hk2-parent-3.0.6.pom
2026-07-26 00:54:33,505 [Worker-81: Building] INFO  o.e.m.c.i.e.AbstractTransferListenerAdapter - Downloading https://repo.maven.apache.org/maven2/org/glassfish/hk2/external/aopalliance-repackaged/3.0.6/aopalliance-repackaged-3.0.6.pom
2026-07-26 00:54:33,510 [Worker-81: Building] INFO  o.e.m.c.i.e.AbstractTransferListenerAdapter - Downloaded https://repo.maven.apache.org/maven2/org/glassfish/hk2/external/aopalliance-repackaged/3.0.6/aopalliance-repackaged-3.0.6.pom
2026-07-26 00:54:33,581 [Worker-81: Building] INFO  o.e.m.c.i.e.AbstractTransferListenerAdapter - Downloading https://repo.maven.apache.org/maven2/org/glassfish/hk2/external/3.0.6/external-3.0.6.pom
2026-07-26 00:54:33,590 [Worker-81: Building] INFO  o.e.m.c.i.e.AbstractTransferListenerAdapter - Downloaded https://repo.maven.apache.org/maven2/org/glassfish/hk2/external/3.0.6/external-3.0.6.pom
2026-07-26 00:54:34,003 [Worker-81: Building] INFO  o.e.m.c.i.e.AbstractTransferListenerAdapter - Downloading https://repo.maven.apache.org/maven2/org/glassfish/hk2/hk2-api/3.0.6/hk2-api-3.0.6.pom
2026-07-26 00:54:34,008 [Worker-81: Building] INFO  o.e.m.c.i.e.AbstractTransferListenerAdapter - Downloaded https://repo.maven.apache.org/maven2/org/glassfish/hk2/hk2-api/3.0.6/hk2-api-3.0.6.pom
2026-07-26 00:54:34,121 [Worker-81: Building] INFO  o.e.m.c.i.e.AbstractTransferListenerAdapter - Downloading https://repo.maven.apache.org/maven2/org/glassfish/hk2/hk2-utils/3.0.6/hk2-utils-3.0.6.pom
2026-07-26 00:54:34,128 [Worker-81: Building] INFO  o.e.m.c.i.e.AbstractTransferListenerAdapter - Downloaded https://repo.maven.apache.org/maven2/org/glassfish/hk2/hk2-utils/3.0.6/hk2-utils-3.0.6.pom
2026-07-26 00:54:34,215 [Worker-81: Building] INFO  o.e.m.c.i.e.AbstractTransferListenerAdapter - Downloading https://repo.maven.apache.org/maven2/org/javassist/javassist/3.30.2-GA/javassist-3.30.2-GA.pom
2026-07-26 00:54:34,219 [Worker-81: Building] INFO  o.e.m.c.i.e.AbstractTransferListenerAdapter - Downloaded https://repo.maven.apache.org/maven2/org/javassist/javassist/3.30.2-GA/javassist-3.30.2-GA.pom
2026-07-26 00:54:34,353 [Worker-81: Building] INFO  o.e.m.c.i.e.AbstractTransferListenerAdapter - Downloading https://repo.maven.apache.org/maven2/org/glassfish/jersey/connectors/jersey-apache-connector/3.1.11/jersey-apache-connector-3.1.11.pom
2026-07-26 00:54:34,364 [Worker-81: Building] INFO  o.e.m.c.i.e.AbstractTransferListenerAdapter - Downloaded https://repo.maven.apache.org/maven2/org/glassfish/jersey/connectors/jersey-apache-connector/3.1.11/jersey-apache-connector-3.1.11.pom
2026-07-26 00:54:34,454 [Worker-81: Building] INFO  o.e.m.c.i.e.AbstractTransferListenerAdapter - Downloading https://repo.maven.apache.org/maven2/org/glassfish/jersey/connectors/project/3.1.11/project-3.1.11.pom
2026-07-26 00:54:34,458 [Worker-81: Building] INFO  o.e.m.c.i.e.AbstractTransferListenerAdapter - Downloaded https://repo.maven.apache.org/maven2/org/glassfish/jersey/connectors/project/3.1.11/project-3.1.11.pom
2026-07-26 00:54:34,555 [Worker-81: Building] INFO  o.e.m.c.i.e.AbstractTransferListenerAdapter - Downloading https://repo.maven.apache.org/maven2/com/netflix/eureka/eureka-core-jersey3/2.0.4/eureka-core-jersey3-2.0.4.pom
2026-07-26 00:54:34,559 [Worker-81: Building] INFO  o.e.m.c.i.e.AbstractTransferListenerAdapter - Downloaded https://repo.maven.apache.org/maven2/com/netflix/eureka/eureka-core-jersey3/2.0.4/eureka-core-jersey3-2.0.4.pom
2026-07-26 00:54:34,625 [Worker-81: Building] INFO  o.e.m.c.i.e.AbstractTransferListenerAdapter - Downloading https://repo.maven.apache.org/maven2/com/netflix/eureka/eureka-core/2.0.4/eureka-core-2.0.4.pom
2026-07-26 00:54:34,631 [Worker-81: Building] INFO  o.e.m.c.i.e.AbstractTransferListenerAdapter - Downloaded https://repo.maven.apache.org/maven2/com/netflix/eureka/eureka-core/2.0.4/eureka-core-2.0.4.pom
2026-07-26 00:54:34,715 [Worker-81: Building] INFO  o.e.m.c.i.e.AbstractTransferListenerAdapter - Downloading https://repo.maven.apache.org/maven2/com/fasterxml/woodstox/woodstox-core/6.4.0/woodstox-core-6.4.0.pom
2026-07-26 00:54:34,720 [Worker-81: Building] INFO  o.e.m.c.i.e.AbstractTransferListenerAdapter - Downloaded https://repo.maven.apache.org/maven2/com/fasterxml/woodstox/woodstox-core/6.4.0/woodstox-core-6.4.0.pom
2026-07-26 00:54:34,796 [Worker-81: Building] INFO  o.e.m.c.i.e.AbstractTransferListenerAdapter - Downloading https://repo.maven.apache.org/maven2/com/fasterxml/oss-parent/45/oss-parent-45.pom
2026-07-26 00:54:34,804 [Worker-81: Building] INFO  o.e.m.c.i.e.AbstractTransferListenerAdapter - Downloaded https://repo.maven.apache.org/maven2/com/fasterxml/oss-parent/45/oss-parent-45.pom
2026-07-26 00:54:34,906 [Worker-81: Building] INFO  o.e.m.c.i.e.AbstractTransferListenerAdapter - Downloading https://repo.maven.apache.org/maven2/com/google/guava/guava/33.0.0-jre/guava-33.0.0-jre.pom
2026-07-26 00:54:34,911 [Worker-81: Building] INFO  o.e.m.c.i.e.AbstractTransferListenerAdapter - Downloaded https://repo.maven.apache.org/maven2/com/google/guava/guava/33.0.0-jre/guava-33.0.0-jre.pom
2026-07-26 00:54:35,033 [Worker-81: Building] INFO  o.e.m.c.i.e.AbstractTransferListenerAdapter - Downloading https://repo.maven.apache.org/maven2/com/google/guava/guava-parent/33.0.0-jre/guava-parent-33.0.0-jre.pom
2026-07-26 00:54:35,042 [Worker-81: Building] INFO  o.e.m.c.i.e.AbstractTransferListenerAdapter - Downloaded https://repo.maven.apache.org/maven2/com/google/guava/guava-parent/33.0.0-jre/guava-parent-33.0.0-jre.pom
2026-07-26 00:54:35,138 [Worker-81: Building] INFO  o.e.m.c.i.e.AbstractTransferListenerAdapter - Downloading https://repo.maven.apache.org/maven2/org/checkerframework/checker-qual/3.41.0/checker-qual-3.41.0.pom
2026-07-26 00:54:35,143 [Worker-81: Building] INFO  o.e.m.c.i.e.AbstractTransferListenerAdapter - Downloaded https://repo.maven.apache.org/maven2/org/checkerframework/checker-qual/3.41.0/checker-qual-3.41.0.pom
2026-07-26 00:54:35,221 [Worker-81: Building] INFO  o.e.m.c.i.e.AbstractTransferListenerAdapter - Downloading https://repo.maven.apache.org/maven2/com/google/errorprone/error_prone_annotations/2.23.0/error_prone_annotations-2.23.0.pom
2026-07-26 00:54:35,225 [Worker-81: Building] INFO  o.e.m.c.i.e.AbstractTransferListenerAdapter - Downloaded https://repo.maven.apache.org/maven2/com/google/errorprone/error_prone_annotations/2.23.0/error_prone_annotations-2.23.0.pom
2026-07-26 00:54:35,368 [Worker-81: Building] INFO  o.e.m.c.i.e.AbstractTransferListenerAdapter - Downloading https://repo.maven.apache.org/maven2/com/google/errorprone/error_prone_parent/2.23.0/error_prone_parent-2.23.0.pom
2026-07-26 00:54:35,372 [Worker-81: Building] INFO  o.e.m.c.i.e.AbstractTransferListenerAdapter - Downloaded https://repo.maven.apache.org/maven2/com/google/errorprone/error_prone_parent/2.23.0/error_prone_parent-2.23.0.pom
2026-07-26 00:54:35,444 [Worker-81: Building] INFO  o.e.m.c.i.e.AbstractTransferListenerAdapter - Downloading https://repo.maven.apache.org/maven2/commons-logging/commons-logging/1.3.5/commons-logging-1.3.5.pom
2026-07-26 00:54:35,453 [Worker-81: Building] INFO  o.e.m.c.i.e.AbstractTransferListenerAdapter - Downloaded https://repo.maven.apache.org/maven2/commons-logging/commons-logging/1.3.5/commons-logging-1.3.5.pom
2026-07-26 00:54:35,542 [Worker-81: Building] INFO  o.e.m.c.i.e.AbstractTransferListenerAdapter - Downloading https://repo.maven.apache.org/maven2/org/glassfish/jersey/containers/jersey-container-servlet/3.1.11/jersey-container-servlet-3.1.11.pom
2026-07-26 00:54:35,547 [Worker-81: Building] INFO  o.e.m.c.i.e.AbstractTransferListenerAdapter - Downloaded https://repo.maven.apache.org/maven2/org/glassfish/jersey/containers/jersey-container-servlet/3.1.11/jersey-container-servlet-3.1.11.pom
2026-07-26 00:54:35,635 [Worker-81: Building] INFO  o.e.m.c.i.e.AbstractTransferListenerAdapter - Downloading https://repo.maven.apache.org/maven2/org/glassfish/jersey/containers/project/3.1.11/project-3.1.11.pom
2026-07-26 00:54:35,640 [Worker-81: Building] INFO  o.e.m.c.i.e.AbstractTransferListenerAdapter - Downloaded https://repo.maven.apache.org/maven2/org/glassfish/jersey/containers/project/3.1.11/project-3.1.11.pom
2026-07-26 00:54:35,709 [Worker-81: Building] INFO  o.e.m.c.i.e.AbstractTransferListenerAdapter - Downloading https://repo.maven.apache.org/maven2/org/glassfish/jersey/containers/jersey-container-servlet-core/3.1.11/jersey-container-servlet-core-3.1.11.pom
2026-07-26 00:54:35,714 [Worker-81: Building] INFO  o.e.m.c.i.e.AbstractTransferListenerAdapter - Downloaded https://repo.maven.apache.org/maven2/org/glassfish/jersey/containers/jersey-container-servlet-core/3.1.11/jersey-container-servlet-core-3.1.11.pom
2026-07-26 00:54:35,853 [Worker-81: Building] INFO  o.e.m.c.i.e.AbstractTransferListenerAdapter - Downloading https://repo.maven.apache.org/maven2/org/glassfish/jersey/core/jersey-server/3.1.11/jersey-server-3.1.11.pom
2026-07-26 00:54:35,864 [Worker-81: Building] INFO  o.e.m.c.i.e.AbstractTransferListenerAdapter - Downloaded https://repo.maven.apache.org/maven2/org/glassfish/jersey/core/jersey-server/3.1.11/jersey-server-3.1.11.pom
2026-07-26 00:54:35,937 [Worker-81: Building] INFO  o.e.m.c.i.e.AbstractTransferListenerAdapter - Downloading https://repo.maven.apache.org/maven2/org/glassfish/hk2/spring-bridge/3.1.1/spring-bridge-3.1.1.pom
2026-07-26 00:54:35,942 [Worker-81: Building] INFO  o.e.m.c.i.e.AbstractTransferListenerAdapter - Downloaded https://repo.maven.apache.org/maven2/org/glassfish/hk2/spring-bridge/3.1.1/spring-bridge-3.1.1.pom
2026-07-26 00:54:36,030 [Worker-81: Building] INFO  o.e.m.c.i.e.AbstractTransferListenerAdapter - Downloading https://repo.maven.apache.org/maven2/org/glassfish/hk2/hk2-parent/3.1.1/hk2-parent-3.1.1.pom
2026-07-26 00:54:36,036 [Worker-81: Building] INFO  o.e.m.c.i.e.AbstractTransferListenerAdapter - Downloaded https://repo.maven.apache.org/maven2/org/glassfish/hk2/hk2-parent/3.1.1/hk2-parent-3.1.1.pom
2026-07-26 00:54:36,109 [Worker-81: Building] INFO  o.e.m.c.i.e.AbstractTransferListenerAdapter - Downloading https://repo.maven.apache.org/maven2/org/glassfish/hk2/hk2-api/3.1.1/hk2-api-3.1.1.pom
2026-07-26 00:54:36,114 [Worker-81: Building] INFO  o.e.m.c.i.e.AbstractTransferListenerAdapter - Downloaded https://repo.maven.apache.org/maven2/org/glassfish/hk2/hk2-api/3.1.1/hk2-api-3.1.1.pom
2026-07-26 00:54:36,193 [Worker-81: Building] INFO  o.e.m.c.i.e.AbstractTransferListenerAdapter - Downloading https://repo.maven.apache.org/maven2/com/fasterxml/jackson/dataformat/jackson-dataformat-xml/2.21.4/jackson-dataformat-xml-2.21.4.pom
2026-07-26 00:54:36,204 [Worker-81: Building] INFO  o.e.m.c.i.e.AbstractTransferListenerAdapter - Downloaded https://repo.maven.apache.org/maven2/com/fasterxml/jackson/dataformat/jackson-dataformat-xml/2.21.4/jackson-dataformat-xml-2.21.4.pom
2026-07-26 00:54:36,293 [Worker-81: Building] INFO  o.e.m.c.i.e.AbstractTransferListenerAdapter - Downloading https://repo.maven.apache.org/maven2/org/codehaus/woodstox/stax2-api/4.2.2/stax2-api-4.2.2.pom
2026-07-26 00:54:36,298 [Worker-81: Building] INFO  o.e.m.c.i.e.AbstractTransferListenerAdapter - Downloaded https://repo.maven.apache.org/maven2/org/codehaus/woodstox/stax2-api/4.2.2/stax2-api-4.2.2.pom
2026-07-26 00:54:36,356 [Worker-81: Building] INFO  o.e.m.c.i.e.AbstractTransferListenerAdapter - Downloading https://repo.maven.apache.org/maven2/com/fasterxml/woodstox/woodstox-core/7.1.1/woodstox-core-7.1.1.pom
2026-07-26 00:54:36,361 [Worker-81: Building] INFO  o.e.m.c.i.e.AbstractTransferListenerAdapter - Downloaded https://repo.maven.apache.org/maven2/com/fasterxml/woodstox/woodstox-core/7.1.1/woodstox-core-7.1.1.pom
2026-07-26 00:54:36,733 [Worker-81: Building] INFO  o.e.m.c.i.e.AbstractTransferListenerAdapter - Downloading https://repo.maven.apache.org/maven2/org/springframework/cloud/spring-cloud-starter-netflix-eureka-server/4.3.0/spring-cloud-starter-netflix-eureka-server-4.3.0.jar
2026-07-26 00:54:36,739 [Worker-81: Building] INFO  o.e.m.c.i.e.AbstractTransferListenerAdapter - Downloaded https://repo.maven.apache.org/maven2/org/springframework/cloud/spring-cloud-starter-netflix-eureka-server/4.3.0/spring-cloud-starter-netflix-eureka-server-4.3.0.jar
2026-07-26 00:54:36,806 [BasicRepositoryConnector-repo.maven.apache.org-2-1] INFO  o.e.m.c.i.e.AbstractTransferListenerAdapter - Downloading https://repo.maven.apache.org/maven2/org/springframework/boot/spring-boot-starter-freemarker/3.5.15/spring-boot-starter-freemarker-3.5.15.jar
2026-07-26 00:54:36,810 [BasicRepositoryConnector-repo.maven.apache.org-2-1] INFO  o.e.m.c.i.e.AbstractTransferListenerAdapter - Downloaded https://repo.maven.apache.org/maven2/org/springframework/boot/spring-boot-starter-freemarker/3.5.15/spring-boot-starter-freemarker-3.5.15.jar
2026-07-26 00:54:36,880 [BasicRepositoryConnector-repo.maven.apache.org-2-1] INFO  o.e.m.c.i.e.AbstractTransferListenerAdapter - Downloading https://repo.maven.apache.org/maven2/com/netflix/eureka/eureka-core-jersey3/2.0.4/eureka-core-jersey3-2.0.4.jar
2026-07-26 00:54:36,886 [BasicRepositoryConnector-repo.maven.apache.org-2-1] INFO  o.e.m.c.i.e.AbstractTransferListenerAdapter - Downloaded https://repo.maven.apache.org/maven2/com/netflix/eureka/eureka-core-jersey3/2.0.4/eureka-core-jersey3-2.0.4.jar
2026-07-26 00:54:36,952 [BasicRepositoryConnector-repo.maven.apache.org-2-2] INFO  o.e.m.c.i.e.AbstractTransferListenerAdapter - Downloading https://repo.maven.apache.org/maven2/org/freemarker/freemarker/2.3.34/freemarker-2.3.34.jar
2026-07-26 00:54:36,980 [BasicRepositoryConnector-repo.maven.apache.org-2-0] INFO  o.e.m.c.i.e.AbstractTransferListenerAdapter - Downloading https://repo.maven.apache.org/maven2/org/springframework/cloud/spring-cloud-netflix-eureka-server/4.3.0/spring-cloud-netflix-eureka-server-4.3.0.jar
2026-07-26 00:54:36,980 [BasicRepositoryConnector-repo.maven.apache.org-2-4] INFO  o.e.m.c.i.e.AbstractTransferListenerAdapter - Downloading https://repo.maven.apache.org/maven2/org/glassfish/jersey/connectors/jersey-apache-connector/3.1.11/jersey-apache-connector-3.1.11.jar
2026-07-26 00:54:36,981 [BasicRepositoryConnector-repo.maven.apache.org-2-3] INFO  o.e.m.c.i.e.AbstractTransferListenerAdapter - Downloading https://repo.maven.apache.org/maven2/com/netflix/eureka/eureka-client-jersey3/2.0.4/eureka-client-jersey3-2.0.4.jar
2026-07-26 00:54:37,026 [BasicRepositoryConnector-repo.maven.apache.org-2-3] INFO  o.e.m.c.i.e.AbstractTransferListenerAdapter - Downloaded https://repo.maven.apache.org/maven2/com/netflix/eureka/eureka-client-jersey3/2.0.4/eureka-client-jersey3-2.0.4.jar
2026-07-26 00:54:37,044 [BasicRepositoryConnector-repo.maven.apache.org-2-4] INFO  o.e.m.c.i.e.AbstractTransferListenerAdapter - Downloaded https://repo.maven.apache.org/maven2/org/glassfish/jersey/connectors/jersey-apache-connector/3.1.11/jersey-apache-connector-3.1.11.jar
2026-07-26 00:54:37,122 [BasicRepositoryConnector-repo.maven.apache.org-2-1] INFO  o.e.m.c.i.e.AbstractTransferListenerAdapter - Downloading https://repo.maven.apache.org/maven2/com/netflix/eureka/eureka-core/2.0.4/eureka-core-2.0.4.jar
2026-07-26 00:54:37,215 [BasicRepositoryConnector-repo.maven.apache.org-2-3] INFO  o.e.m.c.i.e.AbstractTransferListenerAdapter - Downloading https://repo.maven.apache.org/maven2/com/google/guava/guava/33.0.0-jre/guava-33.0.0-jre.jar
2026-07-26 00:54:37,273 [BasicRepositoryConnector-repo.maven.apache.org-2-4] INFO  o.e.m.c.i.e.AbstractTransferListenerAdapter - Downloading https://repo.maven.apache.org/maven2/org/checkerframework/checker-qual/3.41.0/checker-qual-3.41.0.jar
2026-07-26 00:54:38,009 [BasicRepositoryConnector-repo.maven.apache.org-2-1] INFO  o.e.m.c.i.e.AbstractTransferListenerAdapter - Downloaded https://repo.maven.apache.org/maven2/com/netflix/eureka/eureka-core/2.0.4/eureka-core-2.0.4.jar
2026-07-26 00:54:38,051 [BasicRepositoryConnector-repo.maven.apache.org-2-4] INFO  o.e.m.c.i.e.AbstractTransferListenerAdapter - Downloaded https://repo.maven.apache.org/maven2/org/checkerframework/checker-qual/3.41.0/checker-qual-3.41.0.jar
2026-07-26 00:54:38,162 [BasicRepositoryConnector-repo.maven.apache.org-2-1] INFO  o.e.m.c.i.e.AbstractTransferListenerAdapter - Downloading https://repo.maven.apache.org/maven2/com/google/errorprone/error_prone_annotations/2.23.0/error_prone_annotations-2.23.0.jar
2026-07-26 00:54:38,166 [BasicRepositoryConnector-repo.maven.apache.org-2-1] INFO  o.e.m.c.i.e.AbstractTransferListenerAdapter - Downloaded https://repo.maven.apache.org/maven2/com/google/errorprone/error_prone_annotations/2.23.0/error_prone_annotations-2.23.0.jar
2026-07-26 00:54:38,281 [BasicRepositoryConnector-repo.maven.apache.org-2-4] INFO  o.e.m.c.i.e.AbstractTransferListenerAdapter - Downloading https://repo.maven.apache.org/maven2/com/google/j2objc/j2objc-annotations/2.8/j2objc-annotations-2.8.jar
2026-07-26 00:54:38,525 [BasicRepositoryConnector-repo.maven.apache.org-2-1] INFO  o.e.m.c.i.e.AbstractTransferListenerAdapter - Downloading https://repo.maven.apache.org/maven2/org/glassfish/jersey/containers/jersey-container-servlet/3.1.11/jersey-container-servlet-3.1.11.jar
2026-07-26 00:54:38,535 [BasicRepositoryConnector-repo.maven.apache.org-2-1] INFO  o.e.m.c.i.e.AbstractTransferListenerAdapter - Downloaded https://repo.maven.apache.org/maven2/org/glassfish/jersey/containers/jersey-container-servlet/3.1.11/jersey-container-servlet-3.1.11.jar
2026-07-26 00:54:38,698 [BasicRepositoryConnector-repo.maven.apache.org-2-4] INFO  o.e.m.c.i.e.AbstractTransferListenerAdapter - Downloaded https://repo.maven.apache.org/maven2/com/google/j2objc/j2objc-annotations/2.8/j2objc-annotations-2.8.jar
2026-07-26 00:54:39,017 [BasicRepositoryConnector-repo.maven.apache.org-2-0] INFO  o.e.m.c.i.e.AbstractTransferListenerAdapter - Downloaded https://repo.maven.apache.org/maven2/org/springframework/cloud/spring-cloud-netflix-eureka-server/4.3.0/spring-cloud-netflix-eureka-server-4.3.0.jar
2026-07-26 00:54:39,027 [BasicRepositoryConnector-repo.maven.apache.org-2-1] INFO  o.e.m.c.i.e.AbstractTransferListenerAdapter - Downloading https://repo.maven.apache.org/maven2/org/glassfish/jersey/containers/jersey-container-servlet-core/3.1.11/jersey-container-servlet-core-3.1.11.jar
2026-07-26 00:54:39,383 [BasicRepositoryConnector-repo.maven.apache.org-2-1] INFO  o.e.m.c.i.e.AbstractTransferListenerAdapter - Downloaded https://repo.maven.apache.org/maven2/org/glassfish/jersey/containers/jersey-container-servlet-core/3.1.11/jersey-container-servlet-core-3.1.11.jar
2026-07-26 00:54:39,402 [BasicRepositoryConnector-repo.maven.apache.org-2-0] INFO  o.e.m.c.i.e.AbstractTransferListenerAdapter - Downloading https://repo.maven.apache.org/maven2/org/glassfish/jersey/core/jersey-server/3.1.11/jersey-server-3.1.11.jar
2026-07-26 00:54:39,499 [BasicRepositoryConnector-repo.maven.apache.org-2-4] INFO  o.e.m.c.i.e.AbstractTransferListenerAdapter - Downloading https://repo.maven.apache.org/maven2/org/glassfish/jersey/core/jersey-common/3.1.11/jersey-common-3.1.11.jar
2026-07-26 00:54:39,802 [BasicRepositoryConnector-repo.maven.apache.org-2-1] INFO  o.e.m.c.i.e.AbstractTransferListenerAdapter - Downloading https://repo.maven.apache.org/maven2/org/glassfish/jersey/core/jersey-client/3.1.11/jersey-client-3.1.11.jar
2026-07-26 00:54:42,745 [BasicRepositoryConnector-repo.maven.apache.org-2-1] INFO  o.e.m.c.i.e.AbstractTransferListenerAdapter - Downloaded https://repo.maven.apache.org/maven2/org/glassfish/jersey/core/jersey-client/3.1.11/jersey-client-3.1.11.jar
2026-07-26 00:54:43,138 [BasicRepositoryConnector-repo.maven.apache.org-2-1] INFO  o.e.m.c.i.e.AbstractTransferListenerAdapter - Downloading https://repo.maven.apache.org/maven2/org/glassfish/jersey/inject/jersey-hk2/3.1.11/jersey-hk2-3.1.11.jar
2026-07-26 00:54:43,654 [BasicRepositoryConnector-repo.maven.apache.org-2-1] INFO  o.e.m.c.i.e.AbstractTransferListenerAdapter - Downloaded https://repo.maven.apache.org/maven2/org/glassfish/jersey/inject/jersey-hk2/3.1.11/jersey-hk2-3.1.11.jar
2026-07-26 00:54:43,915 [BasicRepositoryConnector-repo.maven.apache.org-2-1] INFO  o.e.m.c.i.e.AbstractTransferListenerAdapter - Downloading https://repo.maven.apache.org/maven2/org/glassfish/hk2/hk2-locator/3.0.6/hk2-locator-3.0.6.jar
2026-07-26 00:54:45,352 [BasicRepositoryConnector-repo.maven.apache.org-2-0] INFO  o.e.m.c.i.e.AbstractTransferListenerAdapter - Downloaded https://repo.maven.apache.org/maven2/org/glassfish/jersey/core/jersey-server/3.1.11/jersey-server-3.1.11.jar
2026-07-26 00:54:45,665 [BasicRepositoryConnector-repo.maven.apache.org-2-0] INFO  o.e.m.c.i.e.AbstractTransferListenerAdapter - Downloading https://repo.maven.apache.org/maven2/org/glassfish/hk2/hk2-utils/3.0.6/hk2-utils-3.0.6.jar
2026-07-26 00:54:45,861 [BasicRepositoryConnector-repo.maven.apache.org-2-1] INFO  o.e.m.c.i.e.AbstractTransferListenerAdapter - Downloaded https://repo.maven.apache.org/maven2/org/glassfish/hk2/hk2-locator/3.0.6/hk2-locator-3.0.6.jar
2026-07-26 00:54:46,027 [BasicRepositoryConnector-repo.maven.apache.org-2-0] INFO  o.e.m.c.i.e.AbstractTransferListenerAdapter - Downloaded https://repo.maven.apache.org/maven2/org/glassfish/hk2/hk2-utils/3.0.6/hk2-utils-3.0.6.jar
2026-07-26 00:54:46,030 [BasicRepositoryConnector-repo.maven.apache.org-2-1] INFO  o.e.m.c.i.e.AbstractTransferListenerAdapter - Downloading https://repo.maven.apache.org/maven2/org/javassist/javassist/3.30.2-GA/javassist-3.30.2-GA.jar
2026-07-26 00:54:46,110 [BasicRepositoryConnector-repo.maven.apache.org-2-0] INFO  o.e.m.c.i.e.AbstractTransferListenerAdapter - Downloading https://repo.maven.apache.org/maven2/org/glassfish/hk2/spring-bridge/3.1.1/spring-bridge-3.1.1.jar
2026-07-26 00:54:46,195 [BasicRepositoryConnector-repo.maven.apache.org-2-0] INFO  o.e.m.c.i.e.AbstractTransferListenerAdapter - Downloaded https://repo.maven.apache.org/maven2/org/glassfish/hk2/spring-bridge/3.1.1/spring-bridge-3.1.1.jar
2026-07-26 00:54:46,281 [BasicRepositoryConnector-repo.maven.apache.org-2-0] INFO  o.e.m.c.i.e.AbstractTransferListenerAdapter - Downloading https://repo.maven.apache.org/maven2/org/glassfish/hk2/hk2-api/3.1.1/hk2-api-3.1.1.jar
2026-07-26 00:54:47,039 [BasicRepositoryConnector-repo.maven.apache.org-2-0] INFO  o.e.m.c.i.e.AbstractTransferListenerAdapter - Downloaded https://repo.maven.apache.org/maven2/org/glassfish/hk2/hk2-api/3.1.1/hk2-api-3.1.1.jar
2026-07-26 00:54:47,072 [BasicRepositoryConnector-repo.maven.apache.org-2-4] INFO  o.e.m.c.i.e.AbstractTransferListenerAdapter - Downloaded https://repo.maven.apache.org/maven2/org/glassfish/jersey/core/jersey-common/3.1.11/jersey-common-3.1.11.jar
2026-07-26 00:54:47,193 [BasicRepositoryConnector-repo.maven.apache.org-2-0] INFO  o.e.m.c.i.e.AbstractTransferListenerAdapter - Downloading https://repo.maven.apache.org/maven2/com/fasterxml/jackson/dataformat/jackson-dataformat-xml/2.21.4/jackson-dataformat-xml-2.21.4.jar
2026-07-26 00:54:47,193 [BasicRepositoryConnector-repo.maven.apache.org-2-4] INFO  o.e.m.c.i.e.AbstractTransferListenerAdapter - Downloading https://repo.maven.apache.org/maven2/org/codehaus/woodstox/stax2-api/4.2.2/stax2-api-4.2.2.jar
2026-07-26 00:54:47,194 [BasicRepositoryConnector-repo.maven.apache.org-2-2] INFO  o.e.m.c.i.e.AbstractTransferListenerAdapter - Downloaded https://repo.maven.apache.org/maven2/org/freemarker/freemarker/2.3.34/freemarker-2.3.34.jar
2026-07-26 00:54:47,293 [BasicRepositoryConnector-repo.maven.apache.org-2-2] INFO  o.e.m.c.i.e.AbstractTransferListenerAdapter - Downloading https://repo.maven.apache.org/maven2/com/fasterxml/woodstox/woodstox-core/7.1.1/woodstox-core-7.1.1.jar
2026-07-26 00:54:47,621 [BasicRepositoryConnector-repo.maven.apache.org-2-0] INFO  o.e.m.c.i.e.AbstractTransferListenerAdapter - Downloaded https://repo.maven.apache.org/maven2/com/fasterxml/jackson/dataformat/jackson-dataformat-xml/2.21.4/jackson-dataformat-xml-2.21.4.jar
2026-07-26 00:54:47,635 [BasicRepositoryConnector-repo.maven.apache.org-2-4] INFO  o.e.m.c.i.e.AbstractTransferListenerAdapter - Downloaded https://repo.maven.apache.org/maven2/org/codehaus/woodstox/stax2-api/4.2.2/stax2-api-4.2.2.jar
2026-07-26 00:54:49,210 [BasicRepositoryConnector-repo.maven.apache.org-2-3] INFO  o.e.m.c.i.e.AbstractTransferListenerAdapter - Downloaded https://repo.maven.apache.org/maven2/com/google/guava/guava/33.0.0-jre/guava-33.0.0-jre.jar
2026-07-26 00:54:49,506 [BasicRepositoryConnector-repo.maven.apache.org-2-1] INFO  o.e.m.c.i.e.AbstractTransferListenerAdapter - Downloaded https://repo.maven.apache.org/maven2/org/javassist/javassist/3.30.2-GA/javassist-3.30.2-GA.jar
2026-07-26 00:54:49,860 [BasicRepositoryConnector-repo.maven.apache.org-2-2] INFO  o.e.m.c.i.e.AbstractTransferListenerAdapter - Downloaded https://repo.maven.apache.org/maven2/com/fasterxml/woodstox/woodstox-core/7.1.1/woodstox-core-7.1.1.jar
2026-07-26 00:54:50,049 [Worker-81: Building] INFO  o.e.m.c.i.l.LifecycleMappingFactory - Using org.eclipse.m2e.jdt.JarLifecycleMapping lifecycle mapping for MavenProject: com.whoami:service-registry:1.0.0 @ C:\Users\user\Desktop\locato\service-registery\pom.xml.
2026-07-26 00:54:51,158 [Worker-81: Building] INFO  o.a.m.s.f.DefaultMavenResourcesFiltering - Copying 0 resource from src\main\resources to target\classes
2026-07-26 00:54:51,163 [Worker-81: Building] INFO  o.a.m.s.f.DefaultMavenResourcesFiltering - skip non existing resourceDirectory C:\Users\user\Desktop\locato\service-registery\src\test\resources
2026-07-26 00:54:51,276 [Worker-81: Building] WARN  o.apache.maven.project.MavenProject - Plugin is modifying compileSourceRoots through clear(), which will not work in Maven 4.0.0. Use MavenProject.addCompileSourceRoot()/removeCompileSourceRoot() methods instead. If using a plugin, please upgrade to the latest version or report the issue to the plugin maintainer. To disable these warnings, set -Dmaven.project.sourceRoots.warningsDisabled=true on the command line, in the .mvn/maven.config file, or in project POM properties.
2026-07-26 00:54:51,277 [Worker-81: Building] WARN  o.apache.maven.project.MavenProject - Plugin is modifying compileSourceRoots through add(), which will not work in Maven 4.0.0. Use MavenProject.addCompileSourceRoot()/removeCompileSourceRoot() methods instead. If using a plugin, please upgrade to the latest version or report the issue to the plugin maintainer. To disable these warnings, set -Dmaven.project.sourceRoots.warningsDisabled=true on the command line, in the .mvn/maven.config file, or in project POM properties.
2026-07-26 00:54:51,277 [Worker-81: Building] WARN  o.apache.maven.project.MavenProject - Plugin is modifying testCompileSourceRoots through clear(), which will not work in Maven 4.0.0. Use MavenProject.addTestCompileSourceRoot()/removeTestCompileSourceRoot() methods instead. If using a plugin, please upgrade to the latest version or report the issue to the plugin maintainer. To disable these warnings, set -Dmaven.project.sourceRoots.warningsDisabled=true on the command line, in the .mvn/maven.config file, or in project POM properties.
2026-07-26 00:54:51,278 [Worker-81: Building] WARN  o.apache.maven.project.MavenProject - Plugin is modifying testCompileSourceRoots through add(), which will not work in Maven 4.0.0. Use MavenProject.addTestCompileSourceRoot()/removeTestCompileSourceRoot() methods instead. If using a plugin, please upgrade to the latest version or report the issue to the plugin maintainer. To disable these warnings, set -Dmaven.project.sourceRoots.warningsDisabled=true on the command line, in the .mvn/maven.config file, or in project POM properties.
2026-07-26 00:54:51,916 [Worker-86: Download sources and javadoc] INFO  o.e.m.c.i.e.AbstractTransferListenerAdapter - Downloaded https://repo.maven.apache.org/maven2/org/springframework/cloud/spring-cloud-starter-netflix-eureka-server/4.3.0/spring-cloud-starter-netflix-eureka-server-4.3.0-sources.jar
2026-07-26 00:54:51,920 [Worker-86: Download sources and javadoc] ERROR o.e.m.j.internal.DownloadSourcesJob - Could not download sources for org.springframework.cloud:spring-cloud-starter-netflix-eureka-server:4.3.0
org.eclipse.core.runtime.CoreException: Could not resolve artifact org.springframework.cloud:spring-cloud-starter-netflix-eureka-server:jar:sources:4.3.0
	at org.eclipse.m2e.core.internal.embedder.MavenImpl.lambda$7(MavenImpl.java:581)
	at org.eclipse.m2e.core.internal.embedder.MavenExecutionContext.executeBare(MavenExecutionContext.java:462)
	at org.eclipse.m2e.core.internal.embedder.MavenExecutionContext.execute(MavenExecutionContext.java:295)
	at org.eclipse.m2e.core.internal.embedder.MavenExecutionContext.execute(MavenExecutionContext.java:281)
	at org.eclipse.m2e.core.internal.embedder.MavenImpl.resolve(MavenImpl.java:550)
	at org.eclipse.m2e.core.internal.embedder.MavenImpl.resolve(MavenImpl.java:535)
	at org.eclipse.m2e.jdt.internal.DownloadSourcesJob.download(DownloadSourcesJob.java:308)
	at org.eclipse.m2e.jdt.internal.DownloadSourcesJob.downloadAttachments(DownloadSourcesJob.java:282)
	at org.eclipse.m2e.jdt.internal.DownloadSourcesJob.downloadMaven(DownloadSourcesJob.java:252)
	at org.eclipse.m2e.jdt.internal.DownloadSourcesJob.downloadFilesAndPopulateToUpdate(DownloadSourcesJob.java:220)
	at org.eclipse.m2e.jdt.internal.DownloadSourcesJob.lambda$0(DownloadSourcesJob.java:149)
	at org.eclipse.m2e.core.internal.embedder.MavenExecutionContext.executeBare(MavenExecutionContext.java:462)
	at org.eclipse.m2e.core.internal.embedder.MavenExecutionContext.execute(MavenExecutionContext.java:342)
	at org.eclipse.m2e.core.internal.embedder.MavenExecutionContext.execute(MavenExecutionContext.java:281)
	at org.eclipse.m2e.core.embedder.IMaven.execute(IMaven.java:300)
	at org.eclipse.m2e.jdt.internal.DownloadSourcesJob.run(DownloadSourcesJob.java:149)
	at org.eclipse.core.internal.jobs.Worker.run(Worker.java:63)
2026-07-26 00:54:52,106 [Worker-86: Download sources and javadoc] INFO  o.e.m.c.i.e.AbstractTransferListenerAdapter - Downloading https://repo.maven.apache.org/maven2/org/springframework/cloud/spring-cloud-netflix-eureka-server/4.3.0/spring-cloud-netflix-eureka-server-4.3.0-sources.jar
2026-07-26 00:54:52,447 [Worker-89: Updating Maven Project] INFO  o.e.m.c.i.p.ProjectConfigurationManager - Update started
2026-07-26 00:54:52,548 [Worker-86: Download sources and javadoc] INFO  o.e.m.c.i.e.AbstractTransferListenerAdapter - Downloaded https://repo.maven.apache.org/maven2/org/springframework/cloud/spring-cloud-netflix-eureka-server/4.3.0/spring-cloud-netflix-eureka-server-4.3.0-sources.jar
2026-07-26 00:54:52,554 [Worker-86: Download sources and javadoc] INFO  o.e.m.j.internal.DownloadSourcesJob - Downloaded sources for org.springframework.cloud:spring-cloud-netflix-eureka-server:4.3.0
2026-07-26 00:54:54,461 [Worker-89: Updating Maven Project] INFO  o.e.m.c.i.l.LifecycleMappingFactory - Using org.eclipse.m2e.jdt.JarLifecycleMapping lifecycle mapping for MavenProject: com.whoami:service-registry:1.0.0 @ C:\Users\user\Desktop\locato\service-registery\pom.xml.
2026-07-26 00:54:54,638 [Worker-86: Download sources and javadoc] INFO  o.e.m.c.i.e.AbstractTransferListenerAdapter - Downloading https://repo.maven.apache.org/maven2/org/springframework/boot/spring-boot-starter-freemarker/3.5.15/spring-boot-starter-freemarker-3.5.15-sources.jar
2026-07-26 00:54:54,642 [Worker-86: Download sources and javadoc] INFO  o.e.m.c.i.e.AbstractTransferListenerAdapter - Downloaded https://repo.maven.apache.org/maven2/org/springframework/boot/spring-boot-starter-freemarker/3.5.15/spring-boot-starter-freemarker-3.5.15-sources.jar
2026-07-26 00:54:54,648 [Worker-86: Download sources and javadoc] INFO  o.e.m.j.internal.DownloadSourcesJob - Downloaded sources for org.springframework.boot:spring-boot-starter-freemarker:3.5.15
2026-07-26 00:54:54,881 [Worker-86: Download sources and javadoc] INFO  o.e.m.c.i.e.AbstractTransferListenerAdapter - Downloading https://repo.maven.apache.org/maven2/org/freemarker/freemarker/2.3.34/freemarker-2.3.34-sources.jar
2026-07-26 00:54:55,793 [Worker-86: Download sources and javadoc] INFO  o.e.m.c.i.e.AbstractTransferListenerAdapter - Downloaded https://repo.maven.apache.org/maven2/org/freemarker/freemarker/2.3.34/freemarker-2.3.34-sources.jar
2026-07-26 00:54:55,798 [Worker-86: Download sources and javadoc] INFO  o.e.m.j.internal.DownloadSourcesJob - Downloaded sources for org.freemarker:freemarker:2.3.34
2026-07-26 00:54:56,071 [Worker-86: Download sources and javadoc] INFO  o.e.m.c.i.e.AbstractTransferListenerAdapter - Downloading https://repo.maven.apache.org/maven2/com/netflix/eureka/eureka-client-jersey3/2.0.4/eureka-client-jersey3-2.0.4-sources.jar
2026-07-26 00:54:56,075 [Worker-86: Download sources and javadoc] INFO  o.e.m.c.i.e.AbstractTransferListenerAdapter - Downloaded https://repo.maven.apache.org/maven2/com/netflix/eureka/eureka-client-jersey3/2.0.4/eureka-client-jersey3-2.0.4-sources.jar
2026-07-26 00:54:56,086 [Worker-86: Download sources and javadoc] INFO  o.e.m.j.internal.DownloadSourcesJob - Downloaded sources for com.netflix.eureka:eureka-client-jersey3:2.0.4
2026-07-26 00:54:56,315 [Worker-86: Download sources and javadoc] INFO  o.e.m.c.i.e.AbstractTransferListenerAdapter - Downloading https://repo.maven.apache.org/maven2/org/glassfish/jersey/connectors/jersey-apache-connector/3.1.11/jersey-apache-connector-3.1.11-sources.jar
2026-07-26 00:54:56,329 [Worker-86: Download sources and javadoc] INFO  o.e.m.c.i.e.AbstractTransferListenerAdapter - Downloaded https://repo.maven.apache.org/maven2/org/glassfish/jersey/connectors/jersey-apache-connector/3.1.11/jersey-apache-connector-3.1.11-sources.jar
2026-07-26 00:54:56,334 [Worker-86: Download sources and javadoc] INFO  o.e.m.j.internal.DownloadSourcesJob - Downloaded sources for org.glassfish.jersey.connectors:jersey-apache-connector:3.1.11
2026-07-26 00:54:56,373 [Worker-89: Updating Maven Project] INFO  o.e.m.j.i.AbstractJavaProjectConfigurator - Adding source folder /service-registery/src/main/java
2026-07-26 00:54:56,374 [Worker-89: Updating Maven Project] INFO  o.e.m.j.i.AbstractJavaProjectConfigurator - Adding resource folder /service-registery/src/main/resources
2026-07-26 00:54:56,375 [Worker-89: Updating Maven Project] INFO  o.e.m.j.i.AbstractJavaProjectConfigurator - Adding source folder /service-registery/src/test/java
2026-07-26 00:54:56,377 [Worker-89: Updating Maven Project] INFO  o.e.m.j.i.AbstractJavaProjectConfigurator - Adding resource folder /service-registery/src/test/resources
2026-07-26 00:54:56,584 [Worker-86: Download sources and javadoc] INFO  o.e.m.c.i.e.AbstractTransferListenerAdapter - Downloading https://repo.maven.apache.org/maven2/com/netflix/eureka/eureka-core-jersey3/2.0.4/eureka-core-jersey3-2.0.4-sources.jar
2026-07-26 00:54:56,588 [Worker-86: Download sources and javadoc] INFO  o.e.m.c.i.e.AbstractTransferListenerAdapter - Downloaded https://repo.maven.apache.org/maven2/com/netflix/eureka/eureka-core-jersey3/2.0.4/eureka-core-jersey3-2.0.4-sources.jar
2026-07-26 00:54:56,593 [Worker-86: Download sources and javadoc] INFO  o.e.m.j.internal.DownloadSourcesJob - Downloaded sources for com.netflix.eureka:eureka-core-jersey3:2.0.4
2026-07-26 00:54:56,740 [Worker-86: Download sources and javadoc] INFO  o.e.m.c.i.e.AbstractTransferListenerAdapter - Downloading https://repo.maven.apache.org/maven2/com/netflix/eureka/eureka-core/2.0.4/eureka-core-2.0.4-sources.jar
2026-07-26 00:54:56,840 [Worker-86: Download sources and javadoc] INFO  o.e.m.c.i.e.AbstractTransferListenerAdapter - Downloaded https://repo.maven.apache.org/maven2/com/netflix/eureka/eureka-core/2.0.4/eureka-core-2.0.4-sources.jar
2026-07-26 00:54:56,845 [Worker-86: Download sources and javadoc] INFO  o.e.m.j.internal.DownloadSourcesJob - Downloaded sources for com.netflix.eureka:eureka-core:2.0.4
2026-07-26 00:54:57,066 [Worker-86: Download sources and javadoc] INFO  o.e.m.c.i.e.AbstractTransferListenerAdapter - Downloading https://repo.maven.apache.org/maven2/com/google/guava/guava/33.0.0-jre/guava-33.0.0-jre-sources.jar
2026-07-26 00:54:57,067 [Worker-89: Updating Maven Project] WARN  o.apache.maven.project.MavenProject - Plugin is modifying compileSourceRoots through clear(), which will not work in Maven 4.0.0. Use MavenProject.addCompileSourceRoot()/removeCompileSourceRoot() methods instead. If using a plugin, please upgrade to the latest version or report the issue to the plugin maintainer. To disable these warnings, set -Dmaven.project.sourceRoots.warningsDisabled=true on the command line, in the .mvn/maven.config file, or in project POM properties.
2026-07-26 00:54:57,068 [Worker-89: Updating Maven Project] WARN  o.apache.maven.project.MavenProject - Plugin is modifying compileSourceRoots through add(), which will not work in Maven 4.0.0. Use MavenProject.addCompileSourceRoot()/removeCompileSourceRoot() methods instead. If using a plugin, please upgrade to the latest version or report the issue to the plugin maintainer. To disable these warnings, set -Dmaven.project.sourceRoots.warningsDisabled=true on the command line, in the .mvn/maven.config file, or in project POM properties.
2026-07-26 00:54:57,070 [Worker-89: Updating Maven Project] WARN  o.apache.maven.project.MavenProject - Plugin is modifying testCompileSourceRoots through clear(), which will not work in Maven 4.0.0. Use MavenProject.addTestCompileSourceRoot()/removeTestCompileSourceRoot() methods instead. If using a plugin, please upgrade to the latest version or report the issue to the plugin maintainer. To disable these warnings, set -Dmaven.project.sourceRoots.warningsDisabled=true on the command line, in the .mvn/maven.config file, or in project POM properties.
2026-07-26 00:54:57,070 [Worker-89: Updating Maven Project] WARN  o.apache.maven.project.MavenProject - Plugin is modifying testCompileSourceRoots through add(), which will not work in Maven 4.0.0. Use MavenProject.addTestCompileSourceRoot()/removeTestCompileSourceRoot() methods instead. If using a plugin, please upgrade to the latest version or report the issue to the plugin maintainer. To disable these warnings, set -Dmaven.project.sourceRoots.warningsDisabled=true on the command line, in the .mvn/maven.config file, or in project POM properties.
2026-07-26 00:54:57,336 [Worker-89: Updating Maven Project] INFO  o.e.m.c.i.p.ProjectConfigurationManager - Update completed for 1 poms: local refresh takes 0.00 sec, refresh facades takes 3.00 sec, update config takes 1.00 sec 
2026-07-26 00:54:57,380 [Worker-90: Updating Maven Project] INFO  o.e.m.c.i.p.ProjectConfigurationManager - Update started
2026-07-26 00:54:57,871 [Worker-90: Updating Maven Project] INFO  o.e.m.c.i.l.LifecycleMappingFactory - Using org.eclipse.m2e.jdt.JarLifecycleMapping lifecycle mapping for MavenProject: com.whoami:service-registry:1.0.0 @ C:\Users\user\Desktop\locato\service-registery\pom.xml.
2026-07-26 00:54:57,874 [Worker-86: Download sources and javadoc] INFO  o.e.m.c.i.e.AbstractTransferListenerAdapter - Downloaded https://repo.maven.apache.org/maven2/com/google/guava/guava/33.0.0-jre/guava-33.0.0-jre-sources.jar
2026-07-26 00:54:57,880 [Worker-86: Download sources and javadoc] INFO  o.e.m.j.internal.DownloadSourcesJob - Downloaded sources for com.google.guava:guava:33.0.0-jre
2026-07-26 00:54:58,118 [Worker-86: Download sources and javadoc] INFO  o.e.m.c.i.e.AbstractTransferListenerAdapter - Downloading https://repo.maven.apache.org/maven2/org/checkerframework/checker-qual/3.41.0/checker-qual-3.41.0-sources.jar
2026-07-26 00:54:58,313 [Worker-86: Download sources and javadoc] INFO  o.e.m.c.i.e.AbstractTransferListenerAdapter - Downloaded https://repo.maven.apache.org/maven2/org/checkerframework/checker-qual/3.41.0/checker-qual-3.41.0-sources.jar
2026-07-26 00:54:58,319 [Worker-86: Download sources and javadoc] INFO  o.e.m.j.internal.DownloadSourcesJob - Downloaded sources for org.checkerframework:checker-qual:3.41.0
2026-07-26 00:54:58,462 [Worker-86: Download sources and javadoc] INFO  o.e.m.c.i.e.AbstractTransferListenerAdapter - Downloading https://repo.maven.apache.org/maven2/com/google/errorprone/error_prone_annotations/2.23.0/error_prone_annotations-2.23.0-sources.jar
2026-07-26 00:54:58,490 [Worker-86: Download sources and javadoc] INFO  o.e.m.c.i.e.AbstractTransferListenerAdapter - Downloaded https://repo.maven.apache.org/maven2/com/google/errorprone/error_prone_annotations/2.23.0/error_prone_annotations-2.23.0-sources.jar
2026-07-26 00:54:58,496 [Worker-86: Download sources and javadoc] INFO  o.e.m.j.internal.DownloadSourcesJob - Downloaded sources for com.google.errorprone:error_prone_annotations:2.23.0
2026-07-26 00:54:58,789 [Worker-86: Download sources and javadoc] INFO  o.e.m.c.i.e.AbstractTransferListenerAdapter - Downloading https://repo.maven.apache.org/maven2/com/google/j2objc/j2objc-annotations/2.8/j2objc-annotations-2.8-sources.jar
2026-07-26 00:54:58,795 [Worker-86: Download sources and javadoc] INFO  o.e.m.c.i.e.AbstractTransferListenerAdapter - Downloaded https://repo.maven.apache.org/maven2/com/google/j2objc/j2objc-annotations/2.8/j2objc-annotations-2.8-sources.jar
2026-07-26 00:54:58,801 [Worker-86: Download sources and javadoc] INFO  o.e.m.j.internal.DownloadSourcesJob - Downloaded sources for com.google.j2objc:j2objc-annotations:2.8
2026-07-26 00:54:59,039 [Worker-86: Download sources and javadoc] INFO  o.e.m.c.i.e.AbstractTransferListenerAdapter - Downloading https://repo.maven.apache.org/maven2/org/glassfish/jersey/containers/jersey-container-servlet/3.1.11/jersey-container-servlet-3.1.11-sources.jar
2026-07-26 00:54:59,045 [Worker-86: Download sources and javadoc] INFO  o.e.m.c.i.e.AbstractTransferListenerAdapter - Downloaded https://repo.maven.apache.org/maven2/org/glassfish/jersey/containers/jersey-container-servlet/3.1.11/jersey-container-servlet-3.1.11-sources.jar
2026-07-26 00:54:59,050 [Worker-86: Download sources and javadoc] INFO  o.e.m.j.internal.DownloadSourcesJob - Downloaded sources for org.glassfish.jersey.containers:jersey-container-servlet:3.1.11
2026-07-26 00:54:59,236 [Worker-86: Download sources and javadoc] INFO  o.e.m.c.i.e.AbstractTransferListenerAdapter - Downloading https://repo.maven.apache.org/maven2/org/glassfish/jersey/containers/jersey-container-servlet-core/3.1.11/jersey-container-servlet-core-3.1.11-sources.jar
2026-07-26 00:54:59,270 [Worker-86: Download sources and javadoc] INFO  o.e.m.c.i.e.AbstractTransferListenerAdapter - Downloaded https://repo.maven.apache.org/maven2/org/glassfish/jersey/containers/jersey-container-servlet-core/3.1.11/jersey-container-servlet-core-3.1.11-sources.jar
2026-07-26 00:54:59,276 [Worker-86: Download sources and javadoc] INFO  o.e.m.j.internal.DownloadSourcesJob - Downloaded sources for org.glassfish.jersey.containers:jersey-container-servlet-core:3.1.11
2026-07-26 00:54:59,520 [Worker-86: Download sources and javadoc] INFO  o.e.m.c.i.e.AbstractTransferListenerAdapter - Downloading https://repo.maven.apache.org/maven2/org/glassfish/jersey/core/jersey-common/3.1.11/jersey-common-3.1.11-sources.jar
2026-07-26 00:54:59,572 [Worker-90: Updating Maven Project] INFO  o.e.m.j.i.AbstractJavaProjectConfigurator - Adding source folder /service-registery/src/main/java
2026-07-26 00:54:59,573 [Worker-90: Updating Maven Project] INFO  o.e.m.j.i.AbstractJavaProjectConfigurator - Adding resource folder /service-registery/src/main/resources
2026-07-26 00:54:59,574 [Worker-90: Updating Maven Project] INFO  o.e.m.j.i.AbstractJavaProjectConfigurator - Adding source folder /service-registery/src/test/java
2026-07-26 00:54:59,575 [Worker-90: Updating Maven Project] INFO  o.e.m.j.i.AbstractJavaProjectConfigurator - Adding resource folder /service-registery/src/test/resources
2026-07-26 00:55:00,149 [Worker-90: Updating Maven Project] WARN  o.apache.maven.project.MavenProject - Plugin is modifying compileSourceRoots through clear(), which will not work in Maven 4.0.0. Use MavenProject.addCompileSourceRoot()/removeCompileSourceRoot() methods instead. If using a plugin, please upgrade to the latest version or report the issue to the plugin maintainer. To disable these warnings, set -Dmaven.project.sourceRoots.warningsDisabled=true on the command line, in the .mvn/maven.config file, or in project POM properties.
2026-07-26 00:55:00,150 [Worker-90: Updating Maven Project] WARN  o.apache.maven.project.MavenProject - Plugin is modifying compileSourceRoots through add(), which will not work in Maven 4.0.0. Use MavenProject.addCompileSourceRoot()/removeCompileSourceRoot() methods instead. If using a plugin, please upgrade to the latest version or report the issue to the plugin maintainer. To disable these warnings, set -Dmaven.project.sourceRoots.warningsDisabled=true on the command line, in the .mvn/maven.config file, or in project POM properties.
2026-07-26 00:55:00,151 [Worker-90: Updating Maven Project] WARN  o.apache.maven.project.MavenProject - Plugin is modifying testCompileSourceRoots through clear(), which will not work in Maven 4.0.0. Use MavenProject.addTestCompileSourceRoot()/removeTestCompileSourceRoot() methods instead. If using a plugin, please upgrade to the latest version or report the issue to the plugin maintainer. To disable these warnings, set -Dmaven.project.sourceRoots.warningsDisabled=true on the command line, in the .mvn/maven.config file, or in project POM properties.
2026-07-26 00:55:00,152 [Worker-90: Updating Maven Project] WARN  o.apache.maven.project.MavenProject - Plugin is modifying testCompileSourceRoots through add(), which will not work in Maven 4.0.0. Use MavenProject.addTestCompileSourceRoot()/removeTestCompileSourceRoot() methods instead. If using a plugin, please upgrade to the latest version or report the issue to the plugin maintainer. To disable these warnings, set -Dmaven.project.sourceRoots.warningsDisabled=true on the command line, in the .mvn/maven.config file, or in project POM properties.
2026-07-26 00:55:00,154 [Worker-86: Download sources and javadoc] INFO  o.e.m.c.i.e.AbstractTransferListenerAdapter - Downloaded https://repo.maven.apache.org/maven2/org/glassfish/jersey/core/jersey-common/3.1.11/jersey-common-3.1.11-sources.jar
2026-07-26 00:55:00,159 [Worker-86: Download sources and javadoc] INFO  o.e.m.j.internal.DownloadSourcesJob - Downloaded sources for org.glassfish.jersey.core:jersey-common:3.1.11
2026-07-26 00:55:00,353 [Worker-86: Download sources and javadoc] INFO  o.e.m.c.i.e.AbstractTransferListenerAdapter - Downloading https://repo.maven.apache.org/maven2/org/glassfish/jersey/core/jersey-server/3.1.11/jersey-server-3.1.11-sources.jar
2026-07-26 00:55:00,366 [Worker-90: Updating Maven Project] INFO  o.e.m.c.i.p.ProjectConfigurationManager - Update completed for 1 poms: local refresh takes 0.00 sec, refresh facades takes 2.00 sec, update config takes 0.00 sec 
2026-07-26 00:55:00,807 [Worker-86: Download sources and javadoc] INFO  o.e.m.c.i.e.AbstractTransferListenerAdapter - Downloaded https://repo.maven.apache.org/maven2/org/glassfish/jersey/core/jersey-server/3.1.11/jersey-server-3.1.11-sources.jar
2026-07-26 00:55:00,812 [Worker-86: Download sources and javadoc] INFO  o.e.m.j.internal.DownloadSourcesJob - Downloaded sources for org.glassfish.jersey.core:jersey-server:3.1.11
2026-07-26 00:55:00,866 [Worker-73: Building] INFO  o.a.m.s.f.DefaultMavenResourcesFiltering - Copying 1 resource from src\main\resources to target\classes
2026-07-26 00:55:00,911 [Worker-73: Building] INFO  o.a.m.s.f.DefaultMavenResourcesFiltering - skip non existing resourceDirectory C:\Users\user\Desktop\locato\service-registery\src\test\resources
2026-07-26 00:55:00,941 [Worker-73: Building] WARN  o.apache.maven.project.MavenProject - Plugin is modifying compileSourceRoots through clear(), which will not work in Maven 4.0.0. Use MavenProject.addCompileSourceRoot()/removeCompileSourceRoot() methods instead. If using a plugin, please upgrade to the latest version or report the issue to the plugin maintainer. To disable these warnings, set -Dmaven.project.sourceRoots.warningsDisabled=true on the command line, in the .mvn/maven.config file, or in project POM properties.
2026-07-26 00:55:00,943 [Worker-73: Building] WARN  o.apache.maven.project.MavenProject - Plugin is modifying compileSourceRoots through add(), which will not work in Maven 4.0.0. Use MavenProject.addCompileSourceRoot()/removeCompileSourceRoot() methods instead. If using a plugin, please upgrade to the latest version or report the issue to the plugin maintainer. To disable these warnings, set -Dmaven.project.sourceRoots.warningsDisabled=true on the command line, in the .mvn/maven.config file, or in project POM properties.
2026-07-26 00:55:00,943 [Worker-73: Building] WARN  o.apache.maven.project.MavenProject - Plugin is modifying testCompileSourceRoots through clear(), which will not work in Maven 4.0.0. Use MavenProject.addTestCompileSourceRoot()/removeTestCompileSourceRoot() methods instead. If using a plugin, please upgrade to the latest version or report the issue to the plugin maintainer. To disable these warnings, set -Dmaven.project.sourceRoots.warningsDisabled=true on the command line, in the .mvn/maven.config file, or in project POM properties.
2026-07-26 00:55:00,947 [Worker-73: Building] WARN  o.apache.maven.project.MavenProject - Plugin is modifying testCompileSourceRoots through add(), which will not work in Maven 4.0.0. Use MavenProject.addTestCompileSourceRoot()/removeTestCompileSourceRoot() methods instead. If using a plugin, please upgrade to the latest version or report the issue to the plugin maintainer. To disable these warnings, set -Dmaven.project.sourceRoots.warningsDisabled=true on the command line, in the .mvn/maven.config file, or in project POM properties.
2026-07-26 00:55:01,017 [Worker-86: Download sources and javadoc] INFO  o.e.m.c.i.e.AbstractTransferListenerAdapter - Downloading https://repo.maven.apache.org/maven2/org/glassfish/jersey/core/jersey-client/3.1.11/jersey-client-3.1.11-sources.jar
2026-07-26 00:55:01,150 [Worker-86: Download sources and javadoc] INFO  o.e.m.c.i.e.AbstractTransferListenerAdapter - Downloaded https://repo.maven.apache.org/maven2/org/glassfish/jersey/core/jersey-client/3.1.11/jersey-client-3.1.11-sources.jar
2026-07-26 00:55:01,156 [Worker-86: Download sources and javadoc] INFO  o.e.m.j.internal.DownloadSourcesJob - Downloaded sources for org.glassfish.jersey.core:jersey-client:3.1.11
2026-07-26 00:55:01,350 [Worker-86: Download sources and javadoc] INFO  o.e.m.c.i.e.AbstractTransferListenerAdapter - Downloading https://repo.maven.apache.org/maven2/org/glassfish/jersey/inject/jersey-hk2/3.1.11/jersey-hk2-3.1.11-sources.jar
2026-07-26 00:55:01,359 [Worker-86: Download sources and javadoc] INFO  o.e.m.c.i.e.AbstractTransferListenerAdapter - Downloaded https://repo.maven.apache.org/maven2/org/glassfish/jersey/inject/jersey-hk2/3.1.11/jersey-hk2-3.1.11-sources.jar
2026-07-26 00:55:01,364 [Worker-86: Download sources and javadoc] INFO  o.e.m.j.internal.DownloadSourcesJob - Downloaded sources for org.glassfish.jersey.inject:jersey-hk2:3.1.11
2026-07-26 00:55:01,523 [Worker-86: Download sources and javadoc] INFO  o.e.m.c.i.e.AbstractTransferListenerAdapter - Downloading https://repo.maven.apache.org/maven2/org/glassfish/hk2/hk2-locator/3.0.6/hk2-locator-3.0.6-sources.jar
2026-07-26 00:55:01,614 [Worker-86: Download sources and javadoc] INFO  o.e.m.c.i.e.AbstractTransferListenerAdapter - Downloaded https://repo.maven.apache.org/maven2/org/glassfish/hk2/hk2-locator/3.0.6/hk2-locator-3.0.6-sources.jar
2026-07-26 00:55:01,619 [Worker-86: Download sources and javadoc] INFO  o.e.m.j.internal.DownloadSourcesJob - Downloaded sources for org.glassfish.hk2:hk2-locator:3.0.6
2026-07-26 00:55:01,774 [Worker-86: Download sources and javadoc] INFO  o.e.m.c.i.e.AbstractTransferListenerAdapter - Downloading https://repo.maven.apache.org/maven2/org/glassfish/hk2/hk2-utils/3.0.6/hk2-utils-3.0.6-sources.jar
2026-07-26 00:55:01,868 [Worker-86: Download sources and javadoc] INFO  o.e.m.c.i.e.AbstractTransferListenerAdapter - Downloaded https://repo.maven.apache.org/maven2/org/glassfish/hk2/hk2-utils/3.0.6/hk2-utils-3.0.6-sources.jar
2026-07-26 00:55:01,874 [Worker-86: Download sources and javadoc] INFO  o.e.m.j.internal.DownloadSourcesJob - Downloaded sources for org.glassfish.hk2:hk2-utils:3.0.6
2026-07-26 00:55:02,223 [Worker-86: Download sources and javadoc] INFO  o.e.m.c.i.e.AbstractTransferListenerAdapter - Downloading https://repo.maven.apache.org/maven2/org/javassist/javassist/3.30.2-GA/javassist-3.30.2-GA-sources.jar
2026-07-26 00:55:02,543 [Worker-86: Download sources and javadoc] INFO  o.e.m.c.i.e.AbstractTransferListenerAdapter - Downloaded https://repo.maven.apache.org/maven2/org/javassist/javassist/3.30.2-GA/javassist-3.30.2-GA-sources.jar
2026-07-26 00:55:02,549 [Worker-86: Download sources and javadoc] INFO  o.e.m.j.internal.DownloadSourcesJob - Downloaded sources for org.javassist:javassist:3.30.2-GA
2026-07-26 00:55:02,726 [Worker-86: Download sources and javadoc] INFO  o.e.m.c.i.e.AbstractTransferListenerAdapter - Downloading https://repo.maven.apache.org/maven2/org/glassfish/hk2/spring-bridge/3.1.1/spring-bridge-3.1.1-sources.jar
2026-07-26 00:55:02,732 [Worker-86: Download sources and javadoc] INFO  o.e.m.c.i.e.AbstractTransferListenerAdapter - Downloaded https://repo.maven.apache.org/maven2/org/glassfish/hk2/spring-bridge/3.1.1/spring-bridge-3.1.1-sources.jar
2026-07-26 00:55:02,738 [Worker-86: Download sources and javadoc] INFO  o.e.m.j.internal.DownloadSourcesJob - Downloaded sources for org.glassfish.hk2:spring-bridge:3.1.1
2026-07-26 00:55:02,937 [Worker-86: Download sources and javadoc] INFO  o.e.m.c.i.e.AbstractTransferListenerAdapter - Downloading https://repo.maven.apache.org/maven2/org/glassfish/hk2/hk2-api/3.1.1/hk2-api-3.1.1-sources.jar
2026-07-26 00:55:03,095 [Worker-86: Download sources and javadoc] INFO  o.e.m.c.i.e.AbstractTransferListenerAdapter - Downloaded https://repo.maven.apache.org/maven2/org/glassfish/hk2/hk2-api/3.1.1/hk2-api-3.1.1-sources.jar
2026-07-26 00:55:03,099 [Worker-86: Download sources and javadoc] INFO  o.e.m.j.internal.DownloadSourcesJob - Downloaded sources for org.glassfish.hk2:hk2-api:3.1.1
2026-07-26 00:55:03,332 [Worker-86: Download sources and javadoc] INFO  o.e.m.c.i.e.AbstractTransferListenerAdapter - Downloading https://repo.maven.apache.org/maven2/com/fasterxml/jackson/dataformat/jackson-dataformat-xml/2.21.4/jackson-dataformat-xml-2.21.4-sources.jar
2026-07-26 00:55:03,428 [Worker-86: Download sources and javadoc] INFO  o.e.m.c.i.e.AbstractTransferListenerAdapter - Downloaded https://repo.maven.apache.org/maven2/com/fasterxml/jackson/dataformat/jackson-dataformat-xml/2.21.4/jackson-dataformat-xml-2.21.4-sources.jar
2026-07-26 00:55:03,436 [Worker-86: Download sources and javadoc] INFO  o.e.m.j.internal.DownloadSourcesJob - Downloaded sources for com.fasterxml.jackson.dataformat:jackson-dataformat-xml:2.21.4
2026-07-26 00:55:03,656 [Worker-86: Download sources and javadoc] INFO  o.e.m.c.i.e.AbstractTransferListenerAdapter - Downloading https://repo.maven.apache.org/maven2/org/codehaus/woodstox/stax2-api/4.2.2/stax2-api-4.2.2-sources.jar
2026-07-26 00:55:03,826 [Worker-86: Download sources and javadoc] INFO  o.e.m.c.i.e.AbstractTransferListenerAdapter - Downloaded https://repo.maven.apache.org/maven2/org/codehaus/woodstox/stax2-api/4.2.2/stax2-api-4.2.2-sources.jar
2026-07-26 00:55:03,830 [Worker-86: Download sources and javadoc] INFO  o.e.m.j.internal.DownloadSourcesJob - Downloaded sources for org.codehaus.woodstox:stax2-api:4.2.2
2026-07-26 00:55:04,392 [Worker-86: Download sources and javadoc] INFO  o.e.m.c.i.e.AbstractTransferListenerAdapter - Downloading https://repo.maven.apache.org/maven2/com/fasterxml/woodstox/woodstox-core/7.1.1/woodstox-core-7.1.1-sources.jar
2026-07-26 00:55:04,781 [Worker-86: Download sources and javadoc] INFO  o.e.m.c.i.e.AbstractTransferListenerAdapter - Downloaded https://repo.maven.apache.org/maven2/com/fasterxml/woodstox/woodstox-core/7.1.1/woodstox-core-7.1.1-sources.jar
2026-07-26 00:55:04,789 [Worker-86: Download sources and javadoc] INFO  o.e.m.j.internal.DownloadSourcesJob - Downloaded sources for com.fasterxml.woodstox:woodstox-core:7.1.1
2026-07-26 00:56:13,889 [Worker-87: Building] WARN  o.e.m.c.i.embedder.EclipseLogger - The POM for com.whoami:locato-constants:jar:1.0.0 is missing, no dependency information available
2026-07-26 00:56:14,437 [Worker-87: Building] INFO  o.e.m.c.i.e.AbstractTransferListenerAdapter - Downloading https://repo.maven.apache.org/maven2/org/springframework/boot/spring-boot-starter-websocket/3.5.15/spring-boot-starter-websocket-3.5.15.pom
2026-07-26 00:56:14,447 [Worker-87: Building] INFO  o.e.m.c.i.e.AbstractTransferListenerAdapter - Downloaded https://repo.maven.apache.org/maven2/org/springframework/boot/spring-boot-starter-websocket/3.5.15/spring-boot-starter-websocket-3.5.15.pom
2026-07-26 00:56:14,568 [Worker-87: Building] INFO  o.e.m.c.i.e.AbstractTransferListenerAdapter - Downloading https://repo.maven.apache.org/maven2/org/springframework/spring-websocket/6.2.19/spring-websocket-6.2.19.pom
2026-07-26 00:56:14,577 [Worker-87: Building] INFO  o.e.m.c.i.e.AbstractTransferListenerAdapter - Downloaded https://repo.maven.apache.org/maven2/org/springframework/spring-websocket/6.2.19/spring-websocket-6.2.19.pom
2026-07-26 00:56:15,085 [Worker-87: Building] INFO  o.e.m.c.i.e.AbstractTransferListenerAdapter - Downloading https://repo.maven.apache.org/maven2/org/springframework/boot/spring-boot-starter-websocket/3.5.15/spring-boot-starter-websocket-3.5.15.jar
2026-07-26 00:56:15,092 [Worker-87: Building] INFO  o.e.m.c.i.e.AbstractTransferListenerAdapter - Downloaded https://repo.maven.apache.org/maven2/org/springframework/boot/spring-boot-starter-websocket/3.5.15/spring-boot-starter-websocket-3.5.15.jar
2026-07-26 00:56:15,233 [BasicRepositoryConnector-repo.maven.apache.org-3-0] INFO  o.e.m.c.i.e.AbstractTransferListenerAdapter - Downloading https://repo.maven.apache.org/maven2/org/springframework/spring-websocket/6.2.19/spring-websocket-6.2.19.jar
2026-07-26 00:56:15,770 [BasicRepositoryConnector-repo.maven.apache.org-3-0] INFO  o.e.m.c.i.e.AbstractTransferListenerAdapter - Downloaded https://repo.maven.apache.org/maven2/org/springframework/spring-websocket/6.2.19/spring-websocket-6.2.19.jar
2026-07-26 00:56:15,825 [Worker-87: Building] INFO  o.e.m.c.i.l.LifecycleMappingFactory - Using org.eclipse.m2e.jdt.JarLifecycleMapping lifecycle mapping for MavenProject: com.whoami:Servicechat:1.0.0 @ C:\Users\user\Desktop\locato\Servicechat\pom.xml.
2026-07-26 00:56:16,746 [Worker-87: Building] INFO  o.a.m.s.f.DefaultMavenResourcesFiltering - Copying 1 resource from src\main\resources to target\classes
2026-07-26 00:56:16,756 [Worker-87: Building] INFO  o.a.m.s.f.DefaultMavenResourcesFiltering - skip non existing resourceDirectory C:\Users\user\Desktop\locato\Servicechat\src\test\resources
2026-07-26 00:56:16,793 [Worker-87: Building] WARN  o.apache.maven.project.MavenProject - Plugin is modifying compileSourceRoots through clear(), which will not work in Maven 4.0.0. Use MavenProject.addCompileSourceRoot()/removeCompileSourceRoot() methods instead. If using a plugin, please upgrade to the latest version or report the issue to the plugin maintainer. To disable these warnings, set -Dmaven.project.sourceRoots.warningsDisabled=true on the command line, in the .mvn/maven.config file, or in project POM properties.
2026-07-26 00:56:16,794 [Worker-87: Building] WARN  o.apache.maven.project.MavenProject - Plugin is modifying compileSourceRoots through add(), which will not work in Maven 4.0.0. Use MavenProject.addCompileSourceRoot()/removeCompileSourceRoot() methods instead. If using a plugin, please upgrade to the latest version or report the issue to the plugin maintainer. To disable these warnings, set -Dmaven.project.sourceRoots.warningsDisabled=true on the command line, in the .mvn/maven.config file, or in project POM properties.
2026-07-26 00:56:16,794 [Worker-87: Building] WARN  o.apache.maven.project.MavenProject - Plugin is modifying testCompileSourceRoots through clear(), which will not work in Maven 4.0.0. Use MavenProject.addTestCompileSourceRoot()/removeTestCompileSourceRoot() methods instead. If using a plugin, please upgrade to the latest version or report the issue to the plugin maintainer. To disable these warnings, set -Dmaven.project.sourceRoots.warningsDisabled=true on the command line, in the .mvn/maven.config file, or in project POM properties.
2026-07-26 00:56:16,796 [Worker-87: Building] WARN  o.apache.maven.project.MavenProject - Plugin is modifying testCompileSourceRoots through add(), which will not work in Maven 4.0.0. Use MavenProject.addTestCompileSourceRoot()/removeTestCompileSourceRoot() methods instead. If using a plugin, please upgrade to the latest version or report the issue to the plugin maintainer. To disable these warnings, set -Dmaven.project.sourceRoots.warningsDisabled=true on the command line, in the .mvn/maven.config file, or in project POM properties.
2026-07-26 00:56:17,575 [Worker-93: Download sources and javadoc] INFO  o.e.m.c.i.e.AbstractTransferListenerAdapter - Downloading https://repo.maven.apache.org/maven2/org/springframework/boot/spring-boot-starter-websocket/3.5.15/spring-boot-starter-websocket-3.5.15-sources.jar
2026-07-26 00:56:17,580 [Worker-93: Download sources and javadoc] INFO  o.e.m.c.i.e.AbstractTransferListenerAdapter - Downloaded https://repo.maven.apache.org/maven2/org/springframework/boot/spring-boot-starter-websocket/3.5.15/spring-boot-starter-websocket-3.5.15-sources.jar
2026-07-26 00:56:17,585 [Worker-93: Download sources and javadoc] INFO  o.e.m.j.internal.DownloadSourcesJob - Downloaded sources for org.springframework.boot:spring-boot-starter-websocket:3.5.15
2026-07-26 00:56:18,028 [Worker-93: Download sources and javadoc] INFO  o.e.m.c.i.e.AbstractTransferListenerAdapter - Downloading https://repo.maven.apache.org/maven2/org/springframework/spring-websocket/6.2.19/spring-websocket-6.2.19-sources.jar
2026-07-26 00:56:19,712 [Worker-93: Download sources and javadoc] INFO  o.e.m.c.i.e.AbstractTransferListenerAdapter - Downloaded https://repo.maven.apache.org/maven2/org/springframework/spring-websocket/6.2.19/spring-websocket-6.2.19-sources.jar
2026-07-26 00:56:19,717 [Worker-93: Download sources and javadoc] INFO  o.e.m.j.internal.DownloadSourcesJob - Downloaded sources for org.springframework:spring-websocket:6.2.19
2026-07-26 00:56:36,939 [Worker-95: Building] INFO  o.e.m.c.i.e.AbstractTransferListenerAdapter - Downloaded https://repo.maven.apache.org/maven2/com/locato/locato-parent/1.0.0/locato-parent-1.0.0.pom
2026-07-26 01:10:37,786 [Worker-68: Updating Maven Project] INFO  o.e.m.c.i.p.ProjectConfigurationManager - Update started
2026-07-26 01:10:38,646 [Worker-68: Updating Maven Project] INFO  o.e.m.c.i.e.AbstractTransferListenerAdapter - Downloaded https://repo.maven.apache.org/maven2/com/locato/locato-parent/1.0.0/locato-parent-1.0.0.pom
2026-07-26 01:10:39,469 [Worker-68: Updating Maven Project] INFO  o.e.m.c.i.l.LifecycleMappingFactory - Using org.eclipse.m2e.jdt.JarLifecycleMapping lifecycle mapping for MavenProject: com.whoami:Servicechat:1.0.0 @ C:\Users\user\Desktop\locato\Servicechat\pom.xml.
2026-07-26 01:10:39,714 [Worker-68: Updating Maven Project] INFO  o.e.m.c.i.e.AbstractTransferListenerAdapter - Downloaded https://repo.maven.apache.org/maven2/com/whoami/locato-constants/1.0.0/locato-constants-1.0.0.pom
2026-07-26 01:10:39,715 [Worker-68: Updating Maven Project] WARN  o.e.m.c.i.embedder.EclipseLogger - The POM for com.whoami:locato-constants:jar:1.0.0 is missing, no dependency information available
2026-07-26 01:10:40,450 [Worker-68: Updating Maven Project] INFO  o.e.m.c.i.e.AbstractTransferListenerAdapter - Downloaded https://repo.maven.apache.org/maven2/com/whoami/locato-constants/1.0.0/locato-constants-1.0.0.jar
2026-07-26 01:10:40,499 [Worker-68: Updating Maven Project] INFO  o.e.m.c.i.l.LifecycleMappingFactory - Using org.eclipse.m2e.jdt.JarLifecycleMapping lifecycle mapping for MavenProject: com.whoami:service-registry:1.0.0 @ C:\Users\user\Desktop\locato\service-registery\pom.xml.
2026-07-26 01:10:40,762 [Worker-68: Updating Maven Project] INFO  o.e.m.c.i.l.LifecycleMappingFactory - Using org.eclipse.m2e.jdt.JarLifecycleMapping lifecycle mapping for MavenProject: com.whoami:SuperUser:1.0.0 @ C:\Users\user\Desktop\locato\SuperUSer\pom.xml.
2026-07-26 01:10:41,065 [Worker-68: Updating Maven Project] INFO  o.e.m.c.i.l.LifecycleMappingFactory - Using org.eclipse.m2e.jdt.JarLifecycleMapping lifecycle mapping for MavenProject: com.whoami:userRegistry:1.0.0 @ C:\Users\user\Desktop\locato\userRegistry\pom.xml.
2026-07-26 01:10:43,544 [Worker-68: Updating Maven Project] INFO  o.e.m.j.i.AbstractJavaProjectConfigurator - Adding source folder /Servicechat/src/main/java
2026-07-26 01:10:43,545 [Worker-68: Updating Maven Project] INFO  o.e.m.j.i.AbstractJavaProjectConfigurator - Adding resource folder /Servicechat/src/main/resources
2026-07-26 01:10:43,546 [Worker-68: Updating Maven Project] INFO  o.e.m.j.i.AbstractJavaProjectConfigurator - Adding source folder /Servicechat/src/test/java
2026-07-26 01:10:43,547 [Worker-68: Updating Maven Project] INFO  o.e.m.j.i.AbstractJavaProjectConfigurator - Adding resource folder /Servicechat/src/test/resources
2026-07-26 01:10:44,120 [Worker-68: Updating Maven Project] WARN  o.apache.maven.project.MavenProject - Plugin is modifying compileSourceRoots through clear(), which will not work in Maven 4.0.0. Use MavenProject.addCompileSourceRoot()/removeCompileSourceRoot() methods instead. If using a plugin, please upgrade to the latest version or report the issue to the plugin maintainer. To disable these warnings, set -Dmaven.project.sourceRoots.warningsDisabled=true on the command line, in the .mvn/maven.config file, or in project POM properties.
2026-07-26 01:10:44,120 [Worker-68: Updating Maven Project] WARN  o.apache.maven.project.MavenProject - Plugin is modifying compileSourceRoots through add(), which will not work in Maven 4.0.0. Use MavenProject.addCompileSourceRoot()/removeCompileSourceRoot() methods instead. If using a plugin, please upgrade to the latest version or report the issue to the plugin maintainer. To disable these warnings, set -Dmaven.project.sourceRoots.warningsDisabled=true on the command line, in the .mvn/maven.config file, or in project POM properties.
2026-07-26 01:10:44,121 [Worker-68: Updating Maven Project] WARN  o.apache.maven.project.MavenProject - Plugin is modifying testCompileSourceRoots through clear(), which will not work in Maven 4.0.0. Use MavenProject.addTestCompileSourceRoot()/removeTestCompileSourceRoot() methods instead. If using a plugin, please upgrade to the latest version or report the issue to the plugin maintainer. To disable these warnings, set -Dmaven.project.sourceRoots.warningsDisabled=true on the command line, in the .mvn/maven.config file, or in project POM properties.
2026-07-26 01:10:44,121 [Worker-68: Updating Maven Project] WARN  o.apache.maven.project.MavenProject - Plugin is modifying testCompileSourceRoots through add(), which will not work in Maven 4.0.0. Use MavenProject.addTestCompileSourceRoot()/removeTestCompileSourceRoot() methods instead. If using a plugin, please upgrade to the latest version or report the issue to the plugin maintainer. To disable these warnings, set -Dmaven.project.sourceRoots.warningsDisabled=true on the command line, in the .mvn/maven.config file, or in project POM properties.
2026-07-26 01:10:44,192 [Worker-68: Updating Maven Project] INFO  o.e.m.j.i.AbstractJavaProjectConfigurator - Adding source folder /service-registery/src/main/java
2026-07-26 01:10:44,193 [Worker-68: Updating Maven Project] INFO  o.e.m.j.i.AbstractJavaProjectConfigurator - Adding resource folder /service-registery/src/main/resources
2026-07-26 01:10:44,193 [Worker-68: Updating Maven Project] INFO  o.e.m.j.i.AbstractJavaProjectConfigurator - Adding source folder /service-registery/src/test/java
2026-07-26 01:10:44,195 [Worker-68: Updating Maven Project] INFO  o.e.m.j.i.AbstractJavaProjectConfigurator - Adding resource folder /service-registery/src/test/resources
2026-07-26 01:10:44,402 [Worker-100: Download sources and javadoc] INFO  o.e.m.c.i.e.AbstractTransferListenerAdapter - Downloaded https://repo.maven.apache.org/maven2/org/springframework/cloud/spring-cloud-starter-netflix-eureka-server/4.3.0/spring-cloud-starter-netflix-eureka-server-4.3.0-javadoc.jar
2026-07-26 01:10:44,405 [Worker-100: Download sources and javadoc] ERROR o.e.m.j.internal.DownloadSourcesJob - Could not download javadoc for org.springframework.cloud:spring-cloud-starter-netflix-eureka-server:4.3.0
org.eclipse.core.runtime.CoreException: Could not resolve artifact org.springframework.cloud:spring-cloud-starter-netflix-eureka-server:jar:javadoc:4.3.0
	at org.eclipse.m2e.core.internal.embedder.MavenImpl.lambda$7(MavenImpl.java:581)
	at org.eclipse.m2e.core.internal.embedder.MavenExecutionContext.executeBare(MavenExecutionContext.java:462)
	at org.eclipse.m2e.core.internal.embedder.MavenExecutionContext.execute(MavenExecutionContext.java:295)
	at org.eclipse.m2e.core.internal.embedder.MavenExecutionContext.execute(MavenExecutionContext.java:281)
	at org.eclipse.m2e.core.internal.embedder.MavenImpl.resolve(MavenImpl.java:550)
	at org.eclipse.m2e.core.internal.embedder.MavenImpl.resolve(MavenImpl.java:535)
	at org.eclipse.m2e.jdt.internal.DownloadSourcesJob.download(DownloadSourcesJob.java:308)
	at org.eclipse.m2e.jdt.internal.DownloadSourcesJob.downloadAttachments(DownloadSourcesJob.java:294)
	at org.eclipse.m2e.jdt.internal.DownloadSourcesJob.downloadMaven(DownloadSourcesJob.java:252)
	at org.eclipse.m2e.jdt.internal.DownloadSourcesJob.downloadFilesAndPopulateToUpdate(DownloadSourcesJob.java:220)
	at org.eclipse.m2e.jdt.internal.DownloadSourcesJob.lambda$0(DownloadSourcesJob.java:149)
	at org.eclipse.m2e.core.internal.embedder.MavenExecutionContext.executeBare(MavenExecutionContext.java:462)
	at org.eclipse.m2e.core.internal.embedder.MavenExecutionContext.execute(MavenExecutionContext.java:342)
	at org.eclipse.m2e.core.internal.embedder.MavenExecutionContext.execute(MavenExecutionContext.java:281)
	at org.eclipse.m2e.core.embedder.IMaven.execute(IMaven.java:300)
	at org.eclipse.m2e.jdt.internal.DownloadSourcesJob.run(DownloadSourcesJob.java:149)
	at org.eclipse.core.internal.jobs.Worker.run(Worker.java:63)
2026-07-26 01:10:44,766 [Worker-68: Updating Maven Project] WARN  o.apache.maven.project.MavenProject - Plugin is modifying compileSourceRoots through clear(), which will not work in Maven 4.0.0. Use MavenProject.addCompileSourceRoot()/removeCompileSourceRoot() methods instead. If using a plugin, please upgrade to the latest version or report the issue to the plugin maintainer. To disable these warnings, set -Dmaven.project.sourceRoots.warningsDisabled=true on the command line, in the .mvn/maven.config file, or in project POM properties.
2026-07-26 01:10:44,767 [Worker-68: Updating Maven Project] WARN  o.apache.maven.project.MavenProject - Plugin is modifying compileSourceRoots through add(), which will not work in Maven 4.0.0. Use MavenProject.addCompileSourceRoot()/removeCompileSourceRoot() methods instead. If using a plugin, please upgrade to the latest version or report the issue to the plugin maintainer. To disable these warnings, set -Dmaven.project.sourceRoots.warningsDisabled=true on the command line, in the .mvn/maven.config file, or in project POM properties.
2026-07-26 01:10:44,767 [Worker-68: Updating Maven Project] WARN  o.apache.maven.project.MavenProject - Plugin is modifying testCompileSourceRoots through clear(), which will not work in Maven 4.0.0. Use MavenProject.addTestCompileSourceRoot()/removeTestCompileSourceRoot() methods instead. If using a plugin, please upgrade to the latest version or report the issue to the plugin maintainer. To disable these warnings, set -Dmaven.project.sourceRoots.warningsDisabled=true on the command line, in the .mvn/maven.config file, or in project POM properties.
2026-07-26 01:10:44,768 [Worker-68: Updating Maven Project] WARN  o.apache.maven.project.MavenProject - Plugin is modifying testCompileSourceRoots through add(), which will not work in Maven 4.0.0. Use MavenProject.addTestCompileSourceRoot()/removeTestCompileSourceRoot() methods instead. If using a plugin, please upgrade to the latest version or report the issue to the plugin maintainer. To disable these warnings, set -Dmaven.project.sourceRoots.warningsDisabled=true on the command line, in the .mvn/maven.config file, or in project POM properties.
2026-07-26 01:10:44,845 [Worker-68: Updating Maven Project] INFO  o.e.m.j.i.AbstractJavaProjectConfigurator - Adding resource folder /SuperUSer/src/main/resources
2026-07-26 01:10:44,848 [Worker-68: Updating Maven Project] INFO  o.e.m.j.i.AbstractJavaProjectConfigurator - Adding resource folder /SuperUSer/src/test/resources
2026-07-26 01:10:45,432 [Worker-68: Updating Maven Project] WARN  o.apache.maven.project.MavenProject - Plugin is modifying compileSourceRoots through clear(), which will not work in Maven 4.0.0. Use MavenProject.addCompileSourceRoot()/removeCompileSourceRoot() methods instead. If using a plugin, please upgrade to the latest version or report the issue to the plugin maintainer. To disable these warnings, set -Dmaven.project.sourceRoots.warningsDisabled=true on the command line, in the .mvn/maven.config file, or in project POM properties.
2026-07-26 01:10:45,433 [Worker-68: Updating Maven Project] WARN  o.apache.maven.project.MavenProject - Plugin is modifying testCompileSourceRoots through clear(), which will not work in Maven 4.0.0. Use MavenProject.addTestCompileSourceRoot()/removeTestCompileSourceRoot() methods instead. If using a plugin, please upgrade to the latest version or report the issue to the plugin maintainer. To disable these warnings, set -Dmaven.project.sourceRoots.warningsDisabled=true on the command line, in the .mvn/maven.config file, or in project POM properties.
2026-07-26 01:10:45,511 [Worker-68: Updating Maven Project] INFO  o.e.m.j.i.AbstractJavaProjectConfigurator - Adding resource folder /userRegistry/src/main/resources
2026-07-26 01:10:45,513 [Worker-68: Updating Maven Project] INFO  o.e.m.j.i.AbstractJavaProjectConfigurator - Adding resource folder /userRegistry/src/test/resources
2026-07-26 01:10:46,152 [Worker-68: Updating Maven Project] WARN  o.apache.maven.project.MavenProject - Plugin is modifying compileSourceRoots through clear(), which will not work in Maven 4.0.0. Use MavenProject.addCompileSourceRoot()/removeCompileSourceRoot() methods instead. If using a plugin, please upgrade to the latest version or report the issue to the plugin maintainer. To disable these warnings, set -Dmaven.project.sourceRoots.warningsDisabled=true on the command line, in the .mvn/maven.config file, or in project POM properties.
2026-07-26 01:10:46,153 [Worker-68: Updating Maven Project] WARN  o.apache.maven.project.MavenProject - Plugin is modifying testCompileSourceRoots through clear(), which will not work in Maven 4.0.0. Use MavenProject.addTestCompileSourceRoot()/removeTestCompileSourceRoot() methods instead. If using a plugin, please upgrade to the latest version or report the issue to the plugin maintainer. To disable these warnings, set -Dmaven.project.sourceRoots.warningsDisabled=true on the command line, in the .mvn/maven.config file, or in project POM properties.
2026-07-26 01:10:46,746 [Worker-68: Updating Maven Project] INFO  o.e.m.c.i.p.ProjectConfigurationManager - Update completed for 9 poms: local refresh takes 0.00 sec, refresh facades takes 5.00 sec, update config takes 2.00 sec 
2026-07-26 01:10:47,228 [Worker-101: Building] INFO  o.a.m.s.f.DefaultMavenResourcesFiltering - Copying 1 resource from src\main\resources to target\classes
2026-07-26 01:10:47,237 [Worker-101: Building] INFO  o.a.m.s.f.DefaultMavenResourcesFiltering - skip non existing resourceDirectory C:\Users\user\Desktop\locato\Servicechat\src\test\resources
2026-07-26 01:10:47,259 [Worker-101: Building] WARN  o.apache.maven.project.MavenProject - Plugin is modifying compileSourceRoots through clear(), which will not work in Maven 4.0.0. Use MavenProject.addCompileSourceRoot()/removeCompileSourceRoot() methods instead. If using a plugin, please upgrade to the latest version or report the issue to the plugin maintainer. To disable these warnings, set -Dmaven.project.sourceRoots.warningsDisabled=true on the command line, in the .mvn/maven.config file, or in project POM properties.
2026-07-26 01:10:47,260 [Worker-101: Building] WARN  o.apache.maven.project.MavenProject - Plugin is modifying compileSourceRoots through add(), which will not work in Maven 4.0.0. Use MavenProject.addCompileSourceRoot()/removeCompileSourceRoot() methods instead. If using a plugin, please upgrade to the latest version or report the issue to the plugin maintainer. To disable these warnings, set -Dmaven.project.sourceRoots.warningsDisabled=true on the command line, in the .mvn/maven.config file, or in project POM properties.
2026-07-26 01:10:47,260 [Worker-101: Building] WARN  o.apache.maven.project.MavenProject - Plugin is modifying testCompileSourceRoots through clear(), which will not work in Maven 4.0.0. Use MavenProject.addTestCompileSourceRoot()/removeTestCompileSourceRoot() methods instead. If using a plugin, please upgrade to the latest version or report the issue to the plugin maintainer. To disable these warnings, set -Dmaven.project.sourceRoots.warningsDisabled=true on the command line, in the .mvn/maven.config file, or in project POM properties.
2026-07-26 01:10:47,261 [Worker-101: Building] WARN  o.apache.maven.project.MavenProject - Plugin is modifying testCompileSourceRoots through add(), which will not work in Maven 4.0.0. Use MavenProject.addTestCompileSourceRoot()/removeTestCompileSourceRoot() methods instead. If using a plugin, please upgrade to the latest version or report the issue to the plugin maintainer. To disable these warnings, set -Dmaven.project.sourceRoots.warningsDisabled=true on the command line, in the .mvn/maven.config file, or in project POM properties.
2026-07-26 01:10:47,489 [Worker-101: Building] WARN  o.apache.maven.project.MavenProject - Plugin is modifying compileSourceRoots through clear(), which will not work in Maven 4.0.0. Use MavenProject.addCompileSourceRoot()/removeCompileSourceRoot() methods instead. If using a plugin, please upgrade to the latest version or report the issue to the plugin maintainer. To disable these warnings, set -Dmaven.project.sourceRoots.warningsDisabled=true on the command line, in the .mvn/maven.config file, or in project POM properties.
2026-07-26 01:10:47,490 [Worker-101: Building] WARN  o.apache.maven.project.MavenProject - Plugin is modifying testCompileSourceRoots through clear(), which will not work in Maven 4.0.0. Use MavenProject.addTestCompileSourceRoot()/removeTestCompileSourceRoot() methods instead. If using a plugin, please upgrade to the latest version or report the issue to the plugin maintainer. To disable these warnings, set -Dmaven.project.sourceRoots.warningsDisabled=true on the command line, in the .mvn/maven.config file, or in project POM properties.
2026-07-26 01:10:47,770 [Worker-101: Building] INFO  o.a.m.s.f.DefaultMavenResourcesFiltering - Copying 1 resource from src\main\resources to target\classes
2026-07-26 01:10:47,779 [Worker-101: Building] INFO  o.a.m.s.f.DefaultMavenResourcesFiltering - skip non existing resourceDirectory C:\Users\user\Desktop\locato\service-registery\src\test\resources
2026-07-26 01:10:47,799 [Worker-101: Building] WARN  o.apache.maven.project.MavenProject - Plugin is modifying compileSourceRoots through clear(), which will not work in Maven 4.0.0. Use MavenProject.addCompileSourceRoot()/removeCompileSourceRoot() methods instead. If using a plugin, please upgrade to the latest version or report the issue to the plugin maintainer. To disable these warnings, set -Dmaven.project.sourceRoots.warningsDisabled=true on the command line, in the .mvn/maven.config file, or in project POM properties.
2026-07-26 01:10:47,800 [Worker-101: Building] WARN  o.apache.maven.project.MavenProject - Plugin is modifying compileSourceRoots through add(), which will not work in Maven 4.0.0. Use MavenProject.addCompileSourceRoot()/removeCompileSourceRoot() methods instead. If using a plugin, please upgrade to the latest version or report the issue to the plugin maintainer. To disable these warnings, set -Dmaven.project.sourceRoots.warningsDisabled=true on the command line, in the .mvn/maven.config file, or in project POM properties.
2026-07-26 01:10:47,800 [Worker-101: Building] WARN  o.apache.maven.project.MavenProject - Plugin is modifying testCompileSourceRoots through clear(), which will not work in Maven 4.0.0. Use MavenProject.addTestCompileSourceRoot()/removeTestCompileSourceRoot() methods instead. If using a plugin, please upgrade to the latest version or report the issue to the plugin maintainer. To disable these warnings, set -Dmaven.project.sourceRoots.warningsDisabled=true on the command line, in the .mvn/maven.config file, or in project POM properties.
2026-07-26 01:10:47,801 [Worker-101: Building] WARN  o.apache.maven.project.MavenProject - Plugin is modifying testCompileSourceRoots through add(), which will not work in Maven 4.0.0. Use MavenProject.addTestCompileSourceRoot()/removeTestCompileSourceRoot() methods instead. If using a plugin, please upgrade to the latest version or report the issue to the plugin maintainer. To disable these warnings, set -Dmaven.project.sourceRoots.warningsDisabled=true on the command line, in the .mvn/maven.config file, or in project POM properties.
2026-07-26 01:10:48,019 [Worker-101: Building] WARN  o.apache.maven.project.MavenProject - Plugin is modifying compileSourceRoots through clear(), which will not work in Maven 4.0.0. Use MavenProject.addCompileSourceRoot()/removeCompileSourceRoot() methods instead. If using a plugin, please upgrade to the latest version or report the issue to the plugin maintainer. To disable these warnings, set -Dmaven.project.sourceRoots.warningsDisabled=true on the command line, in the .mvn/maven.config file, or in project POM properties.
2026-07-26 01:10:48,020 [Worker-101: Building] WARN  o.apache.maven.project.MavenProject - Plugin is modifying testCompileSourceRoots through clear(), which will not work in Maven 4.0.0. Use MavenProject.addTestCompileSourceRoot()/removeTestCompileSourceRoot() methods instead. If using a plugin, please upgrade to the latest version or report the issue to the plugin maintainer. To disable these warnings, set -Dmaven.project.sourceRoots.warningsDisabled=true on the command line, in the .mvn/maven.config file, or in project POM properties.
2026-07-26 01:11:03,690 [Worker-99: Launching Executing clean in C__Users_user_Desktop_locato_Gateway] INFO  o.eclipse.m2e.core.internal.Bundles - getClasspathEntries(Bundle=org.eclipse.m2e.maven.runtime_3.9.1600.20260522-0510 [365])
2026-07-26 01:11:03,692 [Worker-99: Launching Executing clean in C__Users_user_Desktop_locato_Gateway] INFO  o.eclipse.m2e.core.internal.Bundles - 	Entry: C:\Users\user\Downloads\spring-tools-for-eclipse-5.2.0.RELEASE-e4.40.0-win32.win32.x86_64\sts-5.2.0.RELEASE\plugins\org.eclipse.m2e.maven.runtime_3.9.1600.20260522-0510
2026-07-26 01:11:03,692 [Worker-99: Launching Executing clean in C__Users_user_Desktop_locato_Gateway] INFO  o.eclipse.m2e.core.internal.Bundles - 	Entry: C:\Users\user\Downloads\spring-tools-for-eclipse-5.2.0.RELEASE-e4.40.0-win32.win32.x86_64\sts-5.2.0.RELEASE\plugins\org.eclipse.m2e.maven.runtime_3.9.1600.20260522-0510\jars\aopalliance-1.0.jar
2026-07-26 01:11:03,693 [Worker-99: Launching Executing clean in C__Users_user_Desktop_locato_Gateway] INFO  o.eclipse.m2e.core.internal.Bundles - 	Entry: C:\Users\user\Downloads\spring-tools-for-eclipse-5.2.0.RELEASE-e4.40.0-win32.win32.x86_64\sts-5.2.0.RELEASE\plugins\org.eclipse.m2e.maven.runtime_3.9.1600.20260522-0510\jars\asm-9.9.1.jar
2026-07-26 01:11:03,693 [Worker-99: Launching Executing clean in C__Users_user_Desktop_locato_Gateway] INFO  o.eclipse.m2e.core.internal.Bundles - 	Entry: C:\Users\user\Downloads\spring-tools-for-eclipse-5.2.0.RELEASE-e4.40.0-win32.win32.x86_64\sts-5.2.0.RELEASE\plugins\org.eclipse.m2e.maven.runtime_3.9.1600.20260522-0510\jars\error_prone_annotations-2.41.0.jar
2026-07-26 01:11:03,693 [Worker-99: Launching Executing clean in C__Users_user_Desktop_locato_Gateway] INFO  o.eclipse.m2e.core.internal.Bundles - 	Entry: C:\Users\user\Downloads\spring-tools-for-eclipse-5.2.0.RELEASE-e4.40.0-win32.win32.x86_64\sts-5.2.0.RELEASE\plugins\org.eclipse.m2e.maven.runtime_3.9.1600.20260522-0510\jars\gson-2.13.2.jar
2026-07-26 01:11:03,693 [Worker-99: Launching Executing clean in C__Users_user_Desktop_locato_Gateway] INFO  o.eclipse.m2e.core.internal.Bundles - 	Entry: C:\Users\user\Downloads\spring-tools-for-eclipse-5.2.0.RELEASE-e4.40.0-win32.win32.x86_64\sts-5.2.0.RELEASE\plugins\org.eclipse.m2e.maven.runtime_3.9.1600.20260522-0510\jars\guice-5.1.0-classes.jar
2026-07-26 01:11:03,693 [Worker-99: Launching Executing clean in C__Users_user_Desktop_locato_Gateway] INFO  o.eclipse.m2e.core.internal.Bundles - 	Entry: C:\Users\user\Downloads\spring-tools-for-eclipse-5.2.0.RELEASE-e4.40.0-win32.win32.x86_64\sts-5.2.0.RELEASE\plugins\org.eclipse.m2e.maven.runtime_3.9.1600.20260522-0510\jars\httpclient-4.5.14.jar
2026-07-26 01:11:03,693 [Worker-99: Launching Executing clean in C__Users_user_Desktop_locato_Gateway] INFO  o.eclipse.m2e.core.internal.Bundles - 	Entry: C:\Users\user\Downloads\spring-tools-for-eclipse-5.2.0.RELEASE-e4.40.0-win32.win32.x86_64\sts-5.2.0.RELEASE\plugins\org.eclipse.m2e.maven.runtime_3.9.1600.20260522-0510\jars\httpcore-4.4.16.jar
2026-07-26 01:11:03,693 [Worker-99: Launching Executing clean in C__Users_user_Desktop_locato_Gateway] INFO  o.eclipse.m2e.core.internal.Bundles - 	Entry: C:\Users\user\Downloads\spring-tools-for-eclipse-5.2.0.RELEASE-e4.40.0-win32.win32.x86_64\sts-5.2.0.RELEASE\plugins\org.eclipse.m2e.maven.runtime_3.9.1600.20260522-0510\jars\jansi-2.4.3.jar
2026-07-26 01:11:03,694 [Worker-99: Launching Executing clean in C__Users_user_Desktop_locato_Gateway] INFO  o.eclipse.m2e.core.internal.Bundles - 	Entry: C:\Users\user\Downloads\spring-tools-for-eclipse-5.2.0.RELEASE-e4.40.0-win32.win32.x86_64\sts-5.2.0.RELEASE\plugins\org.eclipse.m2e.maven.runtime_3.9.1600.20260522-0510\jars\jcl-over-slf4j-1.7.36.jar
2026-07-26 01:11:03,694 [Worker-99: Launching Executing clean in C__Users_user_Desktop_locato_Gateway] INFO  o.eclipse.m2e.core.internal.Bundles - 	Entry: C:\Users\user\Downloads\spring-tools-for-eclipse-5.2.0.RELEASE-e4.40.0-win32.win32.x86_64\sts-5.2.0.RELEASE\plugins\org.eclipse.m2e.maven.runtime_3.9.1600.20260522-0510\jars\maven-artifact-3.9.16.jar
2026-07-26 01:11:03,694 [Worker-99: Launching Executing clean in C__Users_user_Desktop_locato_Gateway] INFO  o.eclipse.m2e.core.internal.Bundles - 	Entry: C:\Users\user\Downloads\spring-tools-for-eclipse-5.2.0.RELEASE-e4.40.0-win32.win32.x86_64\sts-5.2.0.RELEASE\plugins\org.eclipse.m2e.maven.runtime_3.9.1600.20260522-0510\jars\maven-builder-support-3.9.16.jar
2026-07-26 01:11:03,694 [Worker-99: Launching Executing clean in C__Users_user_Desktop_locato_Gateway] INFO  o.eclipse.m2e.core.internal.Bundles - 	Entry: C:\Users\user\Downloads\spring-tools-for-eclipse-5.2.0.RELEASE-e4.40.0-win32.win32.x86_64\sts-5.2.0.RELEASE\plugins\org.eclipse.m2e.maven.runtime_3.9.1600.20260522-0510\jars\maven-compat-3.9.16.jar
2026-07-26 01:11:03,694 [Worker-99: Launching Executing clean in C__Users_user_Desktop_locato_Gateway] INFO  o.eclipse.m2e.core.internal.Bundles - 	Entry: C:\Users\user\Downloads\spring-tools-for-eclipse-5.2.0.RELEASE-e4.40.0-win32.win32.x86_64\sts-5.2.0.RELEASE\plugins\org.eclipse.m2e.maven.runtime_3.9.1600.20260522-0510\jars\maven-core-3.9.16.jar
2026-07-26 01:11:03,694 [Worker-99: Launching Executing clean in C__Users_user_Desktop_locato_Gateway] INFO  o.eclipse.m2e.core.internal.Bundles - 	Entry: C:\Users\user\Downloads\spring-tools-for-eclipse-5.2.0.RELEASE-e4.40.0-win32.win32.x86_64\sts-5.2.0.RELEASE\plugins\org.eclipse.m2e.maven.runtime_3.9.1600.20260522-0510\jars\maven-embedder-3.9.16.jar
2026-07-26 01:11:03,695 [Worker-99: Launching Executing clean in C__Users_user_Desktop_locato_Gateway] INFO  o.eclipse.m2e.core.internal.Bundles - 	Entry: C:\Users\user\Downloads\spring-tools-for-eclipse-5.2.0.RELEASE-e4.40.0-win32.win32.x86_64\sts-5.2.0.RELEASE\plugins\org.eclipse.m2e.maven.runtime_3.9.1600.20260522-0510\jars\maven-model-3.9.16.jar
2026-07-26 01:11:03,695 [Worker-99: Launching Executing clean in C__Users_user_Desktop_locato_Gateway] INFO  o.eclipse.m2e.core.internal.Bundles - 	Entry: C:\Users\user\Downloads\spring-tools-for-eclipse-5.2.0.RELEASE-e4.40.0-win32.win32.x86_64\sts-5.2.0.RELEASE\plugins\org.eclipse.m2e.maven.runtime_3.9.1600.20260522-0510\jars\maven-model-builder-3.9.16.jar
2026-07-26 01:11:03,695 [Worker-99: Launching Executing clean in C__Users_user_Desktop_locato_Gateway] INFO  o.eclipse.m2e.core.internal.Bundles - 	Entry: C:\Users\user\Downloads\spring-tools-for-eclipse-5.2.0.RELEASE-e4.40.0-win32.win32.x86_64\sts-5.2.0.RELEASE\plugins\org.eclipse.m2e.maven.runtime_3.9.1600.20260522-0510\jars\maven-plugin-api-3.9.16.jar
2026-07-26 01:11:03,695 [Worker-99: Launching Executing clean in C__Users_user_Desktop_locato_Gateway] INFO  o.eclipse.m2e.core.internal.Bundles - 	Entry: C:\Users\user\Downloads\spring-tools-for-eclipse-5.2.0.RELEASE-e4.40.0-win32.win32.x86_64\sts-5.2.0.RELEASE\plugins\org.eclipse.m2e.maven.runtime_3.9.1600.20260522-0510\jars\maven-repository-metadata-3.9.16.jar
2026-07-26 01:11:03,695 [Worker-99: Launching Executing clean in C__Users_user_Desktop_locato_Gateway] INFO  o.eclipse.m2e.core.internal.Bundles - 	Entry: C:\Users\user\Downloads\spring-tools-for-eclipse-5.2.0.RELEASE-e4.40.0-win32.win32.x86_64\sts-5.2.0.RELEASE\plugins\org.eclipse.m2e.maven.runtime_3.9.1600.20260522-0510\jars\maven-resolver-api-1.9.27.jar
2026-07-26 01:11:03,696 [Worker-99: Launching Executing clean in C__Users_user_Desktop_locato_Gateway] INFO  o.eclipse.m2e.core.internal.Bundles - 	Entry: C:\Users\user\Downloads\spring-tools-for-eclipse-5.2.0.RELEASE-e4.40.0-win32.win32.x86_64\sts-5.2.0.RELEASE\plugins\org.eclipse.m2e.maven.runtime_3.9.1600.20260522-0510\jars\maven-resolver-connector-basic-1.9.27.jar
2026-07-26 01:11:03,696 [Worker-99: Launching Executing clean in C__Users_user_Desktop_locato_Gateway] INFO  o.eclipse.m2e.core.internal.Bundles - 	Entry: C:\Users\user\Downloads\spring-tools-for-eclipse-5.2.0.RELEASE-e4.40.0-win32.win32.x86_64\sts-5.2.0.RELEASE\plugins\org.eclipse.m2e.maven.runtime_3.9.1600.20260522-0510\jars\maven-resolver-impl-1.9.27.jar
2026-07-26 01:11:03,696 [Worker-99: Launching Executing clean in C__Users_user_Desktop_locato_Gateway] INFO  o.eclipse.m2e.core.internal.Bundles - 	Entry: C:\Users\user\Downloads\spring-tools-for-eclipse-5.2.0.RELEASE-e4.40.0-win32.win32.x86_64\sts-5.2.0.RELEASE\plugins\org.eclipse.m2e.maven.runtime_3.9.1600.20260522-0510\jars\maven-resolver-named-locks-1.9.27.jar
2026-07-26 01:11:03,696 [Worker-99: Launching Executing clean in C__Users_user_Desktop_locato_Gateway] INFO  o.eclipse.m2e.core.internal.Bundles - 	Entry: C:\Users\user\Downloads\spring-tools-for-eclipse-5.2.0.RELEASE-e4.40.0-win32.win32.x86_64\sts-5.2.0.RELEASE\plugins\org.eclipse.m2e.maven.runtime_3.9.1600.20260522-0510\jars\maven-resolver-provider-3.9.16.jar
2026-07-26 01:11:03,697 [Worker-99: Launching Executing clean in C__Users_user_Desktop_locato_Gateway] INFO  o.eclipse.m2e.core.internal.Bundles - 	Entry: C:\Users\user\Downloads\spring-tools-for-eclipse-5.2.0.RELEASE-e4.40.0-win32.win32.x86_64\sts-5.2.0.RELEASE\plugins\org.eclipse.m2e.maven.runtime_3.9.1600.20260522-0510\jars\maven-resolver-spi-1.9.27.jar
2026-07-26 01:11:03,697 [Worker-99: Launching Executing clean in C__Users_user_Desktop_locato_Gateway] INFO  o.eclipse.m2e.core.internal.Bundles - 	Entry: C:\Users\user\Downloads\spring-tools-for-eclipse-5.2.0.RELEASE-e4.40.0-win32.win32.x86_64\sts-5.2.0.RELEASE\plugins\org.eclipse.m2e.maven.runtime_3.9.1600.20260522-0510\jars\maven-resolver-transport-file-1.9.27.jar
2026-07-26 01:11:03,697 [Worker-99: Launching Executing clean in C__Users_user_Desktop_locato_Gateway] INFO  o.eclipse.m2e.core.internal.Bundles - 	Entry: C:\Users\user\Downloads\spring-tools-for-eclipse-5.2.0.RELEASE-e4.40.0-win32.win32.x86_64\sts-5.2.0.RELEASE\plugins\org.eclipse.m2e.maven.runtime_3.9.1600.20260522-0510\jars\maven-resolver-transport-http-1.9.27.jar
2026-07-26 01:11:03,697 [Worker-99: Launching Executing clean in C__Users_user_Desktop_locato_Gateway] INFO  o.eclipse.m2e.core.internal.Bundles - 	Entry: C:\Users\user\Downloads\spring-tools-for-eclipse-5.2.0.RELEASE-e4.40.0-win32.win32.x86_64\sts-5.2.0.RELEASE\plugins\org.eclipse.m2e.maven.runtime_3.9.1600.20260522-0510\jars\maven-resolver-transport-wagon-1.9.27.jar
2026-07-26 01:11:03,698 [Worker-99: Launching Executing clean in C__Users_user_Desktop_locato_Gateway] INFO  o.eclipse.m2e.core.internal.Bundles - 	Entry: C:\Users\user\Downloads\spring-tools-for-eclipse-5.2.0.RELEASE-e4.40.0-win32.win32.x86_64\sts-5.2.0.RELEASE\plugins\org.eclipse.m2e.maven.runtime_3.9.1600.20260522-0510\jars\maven-resolver-util-1.9.27.jar
2026-07-26 01:11:03,698 [Worker-99: Launching Executing clean in C__Users_user_Desktop_locato_Gateway] INFO  o.eclipse.m2e.core.internal.Bundles - 	Entry: C:\Users\user\Downloads\spring-tools-for-eclipse-5.2.0.RELEASE-e4.40.0-win32.win32.x86_64\sts-5.2.0.RELEASE\plugins\org.eclipse.m2e.maven.runtime_3.9.1600.20260522-0510\jars\maven-settings-3.9.16.jar
2026-07-26 01:11:03,698 [Worker-99: Launching Executing clean in C__Users_user_Desktop_locato_Gateway] INFO  o.eclipse.m2e.core.internal.Bundles - 	Entry: C:\Users\user\Downloads\spring-tools-for-eclipse-5.2.0.RELEASE-e4.40.0-win32.win32.x86_64\sts-5.2.0.RELEASE\plugins\org.eclipse.m2e.maven.runtime_3.9.1600.20260522-0510\jars\maven-settings-builder-3.9.16.jar
2026-07-26 01:11:03,698 [Worker-99: Launching Executing clean in C__Users_user_Desktop_locato_Gateway] INFO  o.eclipse.m2e.core.internal.Bundles - 	Entry: C:\Users\user\Downloads\spring-tools-for-eclipse-5.2.0.RELEASE-e4.40.0-win32.win32.x86_64\sts-5.2.0.RELEASE\plugins\org.eclipse.m2e.maven.runtime_3.9.1600.20260522-0510\jars\maven-shared-utils-3.4.2.jar
2026-07-26 01:11:03,698 [Worker-99: Launching Executing clean in C__Users_user_Desktop_locato_Gateway] INFO  o.eclipse.m2e.core.internal.Bundles - 	Entry: C:\Users\user\Downloads\spring-tools-for-eclipse-5.2.0.RELEASE-e4.40.0-win32.win32.x86_64\sts-5.2.0.RELEASE\plugins\org.eclipse.m2e.maven.runtime_3.9.1600.20260522-0510\jars\org.eclipse.sisu.inject-1.0.0.jar
2026-07-26 01:11:03,698 [Worker-99: Launching Executing clean in C__Users_user_Desktop_locato_Gateway] INFO  o.eclipse.m2e.core.internal.Bundles - 	Entry: C:\Users\user\Downloads\spring-tools-for-eclipse-5.2.0.RELEASE-e4.40.0-win32.win32.x86_64\sts-5.2.0.RELEASE\plugins\org.eclipse.m2e.maven.runtime_3.9.1600.20260522-0510\jars\org.eclipse.sisu.plexus-1.0.0.jar
2026-07-26 01:11:03,699 [Worker-99: Launching Executing clean in C__Users_user_Desktop_locato_Gateway] INFO  o.eclipse.m2e.core.internal.Bundles - 	Entry: C:\Users\user\Downloads\spring-tools-for-eclipse-5.2.0.RELEASE-e4.40.0-win32.win32.x86_64\sts-5.2.0.RELEASE\plugins\org.eclipse.m2e.maven.runtime_3.9.1600.20260522-0510\jars\plexus-build-api-0.0.7.jar
2026-07-26 01:11:03,699 [Worker-99: Launching Executing clean in C__Users_user_Desktop_locato_Gateway] INFO  o.eclipse.m2e.core.internal.Bundles - 	Entry: C:\Users\user\Downloads\spring-tools-for-eclipse-5.2.0.RELEASE-e4.40.0-win32.win32.x86_64\sts-5.2.0.RELEASE\plugins\org.eclipse.m2e.maven.runtime_3.9.1600.20260522-0510\jars\plexus-build-api-1.2.0.jar
2026-07-26 01:11:03,699 [Worker-99: Launching Executing clean in C__Users_user_Desktop_locato_Gateway] INFO  o.eclipse.m2e.core.internal.Bundles - 	Entry: C:\Users\user\Downloads\spring-tools-for-eclipse-5.2.0.RELEASE-e4.40.0-win32.win32.x86_64\sts-5.2.0.RELEASE\plugins\org.eclipse.m2e.maven.runtime_3.9.1600.20260522-0510\jars\plexus-cipher-2.0.jar
2026-07-26 01:11:03,699 [Worker-99: Launching Executing clean in C__Users_user_Desktop_locato_Gateway] INFO  o.eclipse.m2e.core.internal.Bundles - 	Entry: C:\Users\user\Downloads\spring-tools-for-eclipse-5.2.0.RELEASE-e4.40.0-win32.win32.x86_64\sts-5.2.0.RELEASE\plugins\org.eclipse.m2e.maven.runtime_3.9.1600.20260522-0510\jars\plexus-classworlds-2.11.0.jar
2026-07-26 01:11:03,699 [Worker-99: Launching Executing clean in C__Users_user_Desktop_locato_Gateway] INFO  o.eclipse.m2e.core.internal.Bundles - 	Entry: C:\Users\user\Downloads\spring-tools-for-eclipse-5.2.0.RELEASE-e4.40.0-win32.win32.x86_64\sts-5.2.0.RELEASE\plugins\org.eclipse.m2e.maven.runtime_3.9.1600.20260522-0510\jars\plexus-component-annotations-2.2.0.jar
2026-07-26 01:11:03,700 [Worker-99: Launching Executing clean in C__Users_user_Desktop_locato_Gateway] INFO  o.eclipse.m2e.core.internal.Bundles - 	Entry: C:\Users\user\Downloads\spring-tools-for-eclipse-5.2.0.RELEASE-e4.40.0-win32.win32.x86_64\sts-5.2.0.RELEASE\plugins\org.eclipse.m2e.maven.runtime_3.9.1600.20260522-0510\jars\plexus-interpolation-1.29.jar
2026-07-26 01:11:03,700 [Worker-99: Launching Executing clean in C__Users_user_Desktop_locato_Gateway] INFO  o.eclipse.m2e.core.internal.Bundles - 	Entry: C:\Users\user\Downloads\spring-tools-for-eclipse-5.2.0.RELEASE-e4.40.0-win32.win32.x86_64\sts-5.2.0.RELEASE\plugins\org.eclipse.m2e.maven.runtime_3.9.1600.20260522-0510\jars\plexus-sec-dispatcher-2.0.jar
2026-07-26 01:11:03,700 [Worker-99: Launching Executing clean in C__Users_user_Desktop_locato_Gateway] INFO  o.eclipse.m2e.core.internal.Bundles - 	Entry: C:\Users\user\Downloads\spring-tools-for-eclipse-5.2.0.RELEASE-e4.40.0-win32.win32.x86_64\sts-5.2.0.RELEASE\plugins\org.eclipse.m2e.maven.runtime_3.9.1600.20260522-0510\jars\plexus-utils-3.6.1.jar
2026-07-26 01:11:03,700 [Worker-99: Launching Executing clean in C__Users_user_Desktop_locato_Gateway] INFO  o.eclipse.m2e.core.internal.Bundles - 	Entry: C:\Users\user\Downloads\spring-tools-for-eclipse-5.2.0.RELEASE-e4.40.0-win32.win32.x86_64\sts-5.2.0.RELEASE\plugins\org.eclipse.m2e.maven.runtime_3.9.1600.20260522-0510\jars\wagon-file-3.5.3.jar
2026-07-26 01:11:03,700 [Worker-99: Launching Executing clean in C__Users_user_Desktop_locato_Gateway] INFO  o.eclipse.m2e.core.internal.Bundles - 	Entry: C:\Users\user\Downloads\spring-tools-for-eclipse-5.2.0.RELEASE-e4.40.0-win32.win32.x86_64\sts-5.2.0.RELEASE\plugins\org.eclipse.m2e.maven.runtime_3.9.1600.20260522-0510\jars\wagon-http-3.5.3.jar
2026-07-26 01:11:03,700 [Worker-99: Launching Executing clean in C__Users_user_Desktop_locato_Gateway] INFO  o.eclipse.m2e.core.internal.Bundles - 	Entry: C:\Users\user\Downloads\spring-tools-for-eclipse-5.2.0.RELEASE-e4.40.0-win32.win32.x86_64\sts-5.2.0.RELEASE\plugins\org.eclipse.m2e.maven.runtime_3.9.1600.20260522-0510\jars\wagon-http-shared-3.5.3.jar
2026-07-26 01:11:03,701 [Worker-99: Launching Executing clean in C__Users_user_Desktop_locato_Gateway] INFO  o.eclipse.m2e.core.internal.Bundles - 	Entry: C:\Users\user\Downloads\spring-tools-for-eclipse-5.2.0.RELEASE-e4.40.0-win32.win32.x86_64\sts-5.2.0.RELEASE\plugins\org.eclipse.m2e.maven.runtime_3.9.1600.20260522-0510\jars\wagon-provider-api-3.5.3.jar
2026-07-26 01:11:03,701 [Worker-99: Launching Executing clean in C__Users_user_Desktop_locato_Gateway] INFO  o.eclipse.m2e.core.internal.Bundles - getClasspathEntries(Bundle=com.google.guava_33.6.0.jre [24])
2026-07-26 01:11:03,702 [Worker-99: Launching Executing clean in C__Users_user_Desktop_locato_Gateway] INFO  o.eclipse.m2e.core.internal.Bundles - 	Entry: C:\Users\user\Downloads\spring-tools-for-eclipse-5.2.0.RELEASE-e4.40.0-win32.win32.x86_64\sts-5.2.0.RELEASE\plugins\com.google.guava_33.6.0.jre.jar
2026-07-26 01:11:03,702 [Worker-99: Launching Executing clean in C__Users_user_Desktop_locato_Gateway] INFO  o.eclipse.m2e.core.internal.Bundles - getClasspathEntries(Bundle=slf4j.api_2.0.18 [613])
2026-07-26 01:11:03,702 [Worker-99: Launching Executing clean in C__Users_user_Desktop_locato_Gateway] INFO  o.eclipse.m2e.core.internal.Bundles - 	Entry: C:\Users\user\Downloads\spring-tools-for-eclipse-5.2.0.RELEASE-e4.40.0-win32.win32.x86_64\sts-5.2.0.RELEASE\plugins\slf4j.api_2.0.18.jar
2026-07-26 01:11:03,702 [Worker-99: Launching Executing clean in C__Users_user_Desktop_locato_Gateway] INFO  o.eclipse.m2e.core.internal.Bundles - getClasspathEntries(Bundle=jakarta.inject.jakarta.inject-api_1.0.5 [39])
2026-07-26 01:11:03,703 [Worker-99: Launching Executing clean in C__Users_user_Desktop_locato_Gateway] INFO  o.eclipse.m2e.core.internal.Bundles - 	Entry: C:\Users\user\Downloads\spring-tools-for-eclipse-5.2.0.RELEASE-e4.40.0-win32.win32.x86_64\sts-5.2.0.RELEASE\plugins\jakarta.inject.jakarta.inject-api_1.0.5.jar
2026-07-26 01:11:03,703 [Worker-99: Launching Executing clean in C__Users_user_Desktop_locato_Gateway] INFO  o.eclipse.m2e.core.internal.Bundles - getClasspathEntries(Bundle=jakarta.annotation-api_1.3.5 [36])
2026-07-26 01:11:03,703 [Worker-99: Launching Executing clean in C__Users_user_Desktop_locato_Gateway] INFO  o.eclipse.m2e.core.internal.Bundles - 	Entry: C:\Users\user\Downloads\spring-tools-for-eclipse-5.2.0.RELEASE-e4.40.0-win32.win32.x86_64\sts-5.2.0.RELEASE\plugins\jakarta.annotation-api_1.3.5.jar
2026-07-26 01:11:03,703 [Worker-99: Launching Executing clean in C__Users_user_Desktop_locato_Gateway] INFO  o.eclipse.m2e.core.internal.Bundles - getClasspathEntries(Bundle=org.apache.commons.cli_1.11.0 [78])
2026-07-26 01:11:03,704 [Worker-99: Launching Executing clean in C__Users_user_Desktop_locato_Gateway] INFO  o.eclipse.m2e.core.internal.Bundles - 	Entry: C:\Users\user\Downloads\spring-tools-for-eclipse-5.2.0.RELEASE-e4.40.0-win32.win32.x86_64\sts-5.2.0.RELEASE\plugins\org.apache.commons.cli_1.11.0.jar
2026-07-26 01:11:03,704 [Worker-99: Launching Executing clean in C__Users_user_Desktop_locato_Gateway] INFO  o.eclipse.m2e.core.internal.Bundles - getClasspathEntries(Bundle=org.apache.commons.commons-codec_1.22.0 [80])
2026-07-26 01:11:03,705 [Worker-99: Launching Executing clean in C__Users_user_Desktop_locato_Gateway] INFO  o.eclipse.m2e.core.internal.Bundles - 	Entry: C:\Users\user\Downloads\spring-tools-for-eclipse-5.2.0.RELEASE-e4.40.0-win32.win32.x86_64\sts-5.2.0.RELEASE\plugins\org.apache.commons.commons-codec_1.22.0.jar
2026-07-26 01:11:03,705 [Worker-99: Launching Executing clean in C__Users_user_Desktop_locato_Gateway] INFO  o.eclipse.m2e.core.internal.Bundles - getClasspathEntries(Bundle=com.google.guava.failureaccess_1.0.3 [25])
2026-07-26 01:11:03,705 [Worker-99: Launching Executing clean in C__Users_user_Desktop_locato_Gateway] INFO  o.eclipse.m2e.core.internal.Bundles - 	Entry: C:\Users\user\Downloads\spring-tools-for-eclipse-5.2.0.RELEASE-e4.40.0-win32.win32.x86_64\sts-5.2.0.RELEASE\plugins\com.google.guava.failureaccess_1.0.3.jar
2026-07-26 01:11:03,707 [Worker-99: Launching Executing clean in C__Users_user_Desktop_locato_Gateway] INFO  o.e.m.i.launch.MavenLaunchDelegate - Run build in "C:\Users\user\Desktop\locato\Gateway":
2026-07-26 01:11:03,707 [Worker-99: Launching Executing clean in C__Users_user_Desktop_locato_Gateway] INFO  o.e.m.i.launch.MavenLaunchDelegate -  mvn  -B -Dstyle.color=always clean
2026-07-26 01:11:03,718 [Worker-99: Launching Executing clean in C__Users_user_Desktop_locato_Gateway] ERROR o.e.m.c.i.p.r.ProjectRegistryManager - Failed to read Maven project: Some problems were encountered while processing the POMs:
[FATAL] Non-resolvable parent POM for com.whoami:gateway:0.0.1-SNAPSHOT: The following artifacts could not be resolved: com.locato:locato-parent:pom:1.0.0 (absent): com.locato:locato-parent:pom:1.0.0 was not found in https://repo.maven.apache.org/maven2 during a previous attempt. This failure was cached in the local repository and resolution is not reattempted until the update interval of central has elapsed or updates are forced and 'parent.relativePath' points at wrong local POM @ line 9, column 13

org.apache.maven.project.ProjectBuildingException: Some problems were encountered while processing the POMs:
[FATAL] Non-resolvable parent POM for com.whoami:gateway:0.0.1-SNAPSHOT: The following artifacts could not be resolved: com.locato:locato-parent:pom:1.0.0 (absent): com.locato:locato-parent:pom:1.0.0 was not found in https://repo.maven.apache.org/maven2 during a previous attempt. This failure was cached in the local repository and resolution is not reattempted until the update interval of central has elapsed or updates are forced and 'parent.relativePath' points at wrong local POM @ line 9, column 13

	at org.eclipse.m2e.core.internal.IMavenToolbox.readMavenProjects(IMavenToolbox.java:140)
	at org.eclipse.m2e.core.internal.project.registry.ProjectRegistryManager.lambda$22(ProjectRegistryManager.java:948)
	at org.eclipse.m2e.core.internal.embedder.MavenExecutionContext.executeBare(MavenExecutionContext.java:462)
	at org.eclipse.m2e.core.internal.embedder.MavenExecutionContext.execute(MavenExecutionContext.java:342)
	at org.eclipse.m2e.core.internal.embedder.MavenExecutionContext.execute(MavenExecutionContext.java:281)
	at org.eclipse.m2e.core.internal.project.registry.ProjectRegistryManager.readProjectsWithDependencies(ProjectRegistryManager.java:944)
	at org.eclipse.m2e.core.internal.project.registry.ProjectRegistryManager.create(ProjectRegistryManager.java:219)
	at org.eclipse.m2e.core.internal.project.registry.MavenProjectManager.create(MavenProjectManager.java:105)
	at org.eclipse.m2e.internal.launch.MavenLaunchDelegate.getMavenProject(MavenLaunchDelegate.java:242)
	at org.eclipse.m2e.internal.launch.MavenLaunchDelegate.getVMInstall(MavenLaunchDelegate.java:212)
	at org.eclipse.jdt.launching.AbstractJavaLaunchConfigurationDelegate.getBootpathExt(AbstractJavaLaunchConfigurationDelegate.java:363)
	at org.eclipse.jdt.launching.AbstractJavaLaunchConfigurationDelegate.getVMSpecificAttributesMap(AbstractJavaLaunchConfigurationDelegate.java:661)
	at org.eclipse.jdt.launching.JavaLaunchDelegate.getVMRunnerConfiguration(JavaLaunchDelegate.java:92)
	at org.eclipse.jdt.launching.JavaLaunchDelegate.launch(JavaLaunchDelegate.java:160)
	at org.eclipse.m2e.internal.launch.MavenLaunchDelegate.launch(MavenLaunchDelegate.java:121)
	at org.eclipse.debug.internal.core.LaunchConfiguration.launch(LaunchConfiguration.java:778)
	at org.eclipse.debug.internal.core.LaunchConfiguration.launch(LaunchConfiguration.java:689)
	at org.eclipse.debug.internal.ui.DebugUIPlugin.buildAndLaunch(DebugUIPlugin.java:1052)
	at org.eclipse.debug.internal.ui.DebugUIPlugin$1.run(DebugUIPlugin.java:1254)
	at org.eclipse.core.internal.jobs.Worker.run(Worker.java:63)
2026-07-26 01:12:45,440 [Worker-103: Launching Executing clean in C__Users_user_Desktop_locato_Gateway] INFO  o.eclipse.m2e.core.internal.Bundles - getClasspathEntries(Bundle=org.eclipse.m2e.maven.runtime_3.9.1600.20260522-0510 [365])
2026-07-26 01:12:45,442 [Worker-103: Launching Executing clean in C__Users_user_Desktop_locato_Gateway] INFO  o.eclipse.m2e.core.internal.Bundles - 	Entry: C:\Users\user\Downloads\spring-tools-for-eclipse-5.2.0.RELEASE-e4.40.0-win32.win32.x86_64\sts-5.2.0.RELEASE\plugins\org.eclipse.m2e.maven.runtime_3.9.1600.20260522-0510
2026-07-26 01:12:45,442 [Worker-103: Launching Executing clean in C__Users_user_Desktop_locato_Gateway] INFO  o.eclipse.m2e.core.internal.Bundles - 	Entry: C:\Users\user\Downloads\spring-tools-for-eclipse-5.2.0.RELEASE-e4.40.0-win32.win32.x86_64\sts-5.2.0.RELEASE\plugins\org.eclipse.m2e.maven.runtime_3.9.1600.20260522-0510\jars\aopalliance-1.0.jar
2026-07-26 01:12:45,442 [Worker-103: Launching Executing clean in C__Users_user_Desktop_locato_Gateway] INFO  o.eclipse.m2e.core.internal.Bundles - 	Entry: C:\Users\user\Downloads\spring-tools-for-eclipse-5.2.0.RELEASE-e4.40.0-win32.win32.x86_64\sts-5.2.0.RELEASE\plugins\org.eclipse.m2e.maven.runtime_3.9.1600.20260522-0510\jars\asm-9.9.1.jar
2026-07-26 01:12:45,442 [Worker-103: Launching Executing clean in C__Users_user_Desktop_locato_Gateway] INFO  o.eclipse.m2e.core.internal.Bundles - 	Entry: C:\Users\user\Downloads\spring-tools-for-eclipse-5.2.0.RELEASE-e4.40.0-win32.win32.x86_64\sts-5.2.0.RELEASE\plugins\org.eclipse.m2e.maven.runtime_3.9.1600.20260522-0510\jars\error_prone_annotations-2.41.0.jar
2026-07-26 01:12:45,442 [Worker-103: Launching Executing clean in C__Users_user_Desktop_locato_Gateway] INFO  o.eclipse.m2e.core.internal.Bundles - 	Entry: C:\Users\user\Downloads\spring-tools-for-eclipse-5.2.0.RELEASE-e4.40.0-win32.win32.x86_64\sts-5.2.0.RELEASE\plugins\org.eclipse.m2e.maven.runtime_3.9.1600.20260522-0510\jars\gson-2.13.2.jar
2026-07-26 01:12:45,442 [Worker-103: Launching Executing clean in C__Users_user_Desktop_locato_Gateway] INFO  o.eclipse.m2e.core.internal.Bundles - 	Entry: C:\Users\user\Downloads\spring-tools-for-eclipse-5.2.0.RELEASE-e4.40.0-win32.win32.x86_64\sts-5.2.0.RELEASE\plugins\org.eclipse.m2e.maven.runtime_3.9.1600.20260522-0510\jars\guice-5.1.0-classes.jar
2026-07-26 01:12:45,443 [Worker-103: Launching Executing clean in C__Users_user_Desktop_locato_Gateway] INFO  o.eclipse.m2e.core.internal.Bundles - 	Entry: C:\Users\user\Downloads\spring-tools-for-eclipse-5.2.0.RELEASE-e4.40.0-win32.win32.x86_64\sts-5.2.0.RELEASE\plugins\org.eclipse.m2e.maven.runtime_3.9.1600.20260522-0510\jars\httpclient-4.5.14.jar
2026-07-26 01:12:45,443 [Worker-103: Launching Executing clean in C__Users_user_Desktop_locato_Gateway] INFO  o.eclipse.m2e.core.internal.Bundles - 	Entry: C:\Users\user\Downloads\spring-tools-for-eclipse-5.2.0.RELEASE-e4.40.0-win32.win32.x86_64\sts-5.2.0.RELEASE\plugins\org.eclipse.m2e.maven.runtime_3.9.1600.20260522-0510\jars\httpcore-4.4.16.jar
2026-07-26 01:12:45,443 [Worker-103: Launching Executing clean in C__Users_user_Desktop_locato_Gateway] INFO  o.eclipse.m2e.core.internal.Bundles - 	Entry: C:\Users\user\Downloads\spring-tools-for-eclipse-5.2.0.RELEASE-e4.40.0-win32.win32.x86_64\sts-5.2.0.RELEASE\plugins\org.eclipse.m2e.maven.runtime_3.9.1600.20260522-0510\jars\jansi-2.4.3.jar
2026-07-26 01:12:45,443 [Worker-103: Launching Executing clean in C__Users_user_Desktop_locato_Gateway] INFO  o.eclipse.m2e.core.internal.Bundles - 	Entry: C:\Users\user\Downloads\spring-tools-for-eclipse-5.2.0.RELEASE-e4.40.0-win32.win32.x86_64\sts-5.2.0.RELEASE\plugins\org.eclipse.m2e.maven.runtime_3.9.1600.20260522-0510\jars\jcl-over-slf4j-1.7.36.jar
2026-07-26 01:12:45,443 [Worker-103: Launching Executing clean in C__Users_user_Desktop_locato_Gateway] INFO  o.eclipse.m2e.core.internal.Bundles - 	Entry: C:\Users\user\Downloads\spring-tools-for-eclipse-5.2.0.RELEASE-e4.40.0-win32.win32.x86_64\sts-5.2.0.RELEASE\plugins\org.eclipse.m2e.maven.runtime_3.9.1600.20260522-0510\jars\maven-artifact-3.9.16.jar
2026-07-26 01:12:45,443 [Worker-103: Launching Executing clean in C__Users_user_Desktop_locato_Gateway] INFO  o.eclipse.m2e.core.internal.Bundles - 	Entry: C:\Users\user\Downloads\spring-tools-for-eclipse-5.2.0.RELEASE-e4.40.0-win32.win32.x86_64\sts-5.2.0.RELEASE\plugins\org.eclipse.m2e.maven.runtime_3.9.1600.20260522-0510\jars\maven-builder-support-3.9.16.jar
2026-07-26 01:12:45,444 [Worker-103: Launching Executing clean in C__Users_user_Desktop_locato_Gateway] INFO  o.eclipse.m2e.core.internal.Bundles - 	Entry: C:\Users\user\Downloads\spring-tools-for-eclipse-5.2.0.RELEASE-e4.40.0-win32.win32.x86_64\sts-5.2.0.RELEASE\plugins\org.eclipse.m2e.maven.runtime_3.9.1600.20260522-0510\jars\maven-compat-3.9.16.jar
2026-07-26 01:12:45,444 [Worker-103: Launching Executing clean in C__Users_user_Desktop_locato_Gateway] INFO  o.eclipse.m2e.core.internal.Bundles - 	Entry: C:\Users\user\Downloads\spring-tools-for-eclipse-5.2.0.RELEASE-e4.40.0-win32.win32.x86_64\sts-5.2.0.RELEASE\plugins\org.eclipse.m2e.maven.runtime_3.9.1600.20260522-0510\jars\maven-core-3.9.16.jar
2026-07-26 01:12:45,444 [Worker-103: Launching Executing clean in C__Users_user_Desktop_locato_Gateway] INFO  o.eclipse.m2e.core.internal.Bundles - 	Entry: C:\Users\user\Downloads\spring-tools-for-eclipse-5.2.0.RELEASE-e4.40.0-win32.win32.x86_64\sts-5.2.0.RELEASE\plugins\org.eclipse.m2e.maven.runtime_3.9.1600.20260522-0510\jars\maven-embedder-3.9.16.jar
2026-07-26 01:12:45,444 [Worker-103: Launching Executing clean in C__Users_user_Desktop_locato_Gateway] INFO  o.eclipse.m2e.core.internal.Bundles - 	Entry: C:\Users\user\Downloads\spring-tools-for-eclipse-5.2.0.RELEASE-e4.40.0-win32.win32.x86_64\sts-5.2.0.RELEASE\plugins\org.eclipse.m2e.maven.runtime_3.9.1600.20260522-0510\jars\maven-model-3.9.16.jar
2026-07-26 01:12:45,444 [Worker-103: Launching Executing clean in C__Users_user_Desktop_locato_Gateway] INFO  o.eclipse.m2e.core.internal.Bundles - 	Entry: C:\Users\user\Downloads\spring-tools-for-eclipse-5.2.0.RELEASE-e4.40.0-win32.win32.x86_64\sts-5.2.0.RELEASE\plugins\org.eclipse.m2e.maven.runtime_3.9.1600.20260522-0510\jars\maven-model-builder-3.9.16.jar
2026-07-26 01:12:45,444 [Worker-103: Launching Executing clean in C__Users_user_Desktop_locato_Gateway] INFO  o.eclipse.m2e.core.internal.Bundles - 	Entry: C:\Users\user\Downloads\spring-tools-for-eclipse-5.2.0.RELEASE-e4.40.0-win32.win32.x86_64\sts-5.2.0.RELEASE\plugins\org.eclipse.m2e.maven.runtime_3.9.1600.20260522-0510\jars\maven-plugin-api-3.9.16.jar
2026-07-26 01:12:45,445 [Worker-103: Launching Executing clean in C__Users_user_Desktop_locato_Gateway] INFO  o.eclipse.m2e.core.internal.Bundles - 	Entry: C:\Users\user\Downloads\spring-tools-for-eclipse-5.2.0.RELEASE-e4.40.0-win32.win32.x86_64\sts-5.2.0.RELEASE\plugins\org.eclipse.m2e.maven.runtime_3.9.1600.20260522-0510\jars\maven-repository-metadata-3.9.16.jar
2026-07-26 01:12:45,445 [Worker-103: Launching Executing clean in C__Users_user_Desktop_locato_Gateway] INFO  o.eclipse.m2e.core.internal.Bundles - 	Entry: C:\Users\user\Downloads\spring-tools-for-eclipse-5.2.0.RELEASE-e4.40.0-win32.win32.x86_64\sts-5.2.0.RELEASE\plugins\org.eclipse.m2e.maven.runtime_3.9.1600.20260522-0510\jars\maven-resolver-api-1.9.27.jar
2026-07-26 01:12:45,445 [Worker-103: Launching Executing clean in C__Users_user_Desktop_locato_Gateway] INFO  o.eclipse.m2e.core.internal.Bundles - 	Entry: C:\Users\user\Downloads\spring-tools-for-eclipse-5.2.0.RELEASE-e4.40.0-win32.win32.x86_64\sts-5.2.0.RELEASE\plugins\org.eclipse.m2e.maven.runtime_3.9.1600.20260522-0510\jars\maven-resolver-connector-basic-1.9.27.jar
2026-07-26 01:12:45,445 [Worker-103: Launching Executing clean in C__Users_user_Desktop_locato_Gateway] INFO  o.eclipse.m2e.core.internal.Bundles - 	Entry: C:\Users\user\Downloads\spring-tools-for-eclipse-5.2.0.RELEASE-e4.40.0-win32.win32.x86_64\sts-5.2.0.RELEASE\plugins\org.eclipse.m2e.maven.runtime_3.9.1600.20260522-0510\jars\maven-resolver-impl-1.9.27.jar
2026-07-26 01:12:45,445 [Worker-103: Launching Executing clean in C__Users_user_Desktop_locato_Gateway] INFO  o.eclipse.m2e.core.internal.Bundles - 	Entry: C:\Users\user\Downloads\spring-tools-for-eclipse-5.2.0.RELEASE-e4.40.0-win32.win32.x86_64\sts-5.2.0.RELEASE\plugins\org.eclipse.m2e.maven.runtime_3.9.1600.20260522-0510\jars\maven-resolver-named-locks-1.9.27.jar
2026-07-26 01:12:45,445 [Worker-103: Launching Executing clean in C__Users_user_Desktop_locato_Gateway] INFO  o.eclipse.m2e.core.internal.Bundles - 	Entry: C:\Users\user\Downloads\spring-tools-for-eclipse-5.2.0.RELEASE-e4.40.0-win32.win32.x86_64\sts-5.2.0.RELEASE\plugins\org.eclipse.m2e.maven.runtime_3.9.1600.20260522-0510\jars\maven-resolver-provider-3.9.16.jar
2026-07-26 01:12:45,445 [Worker-103: Launching Executing clean in C__Users_user_Desktop_locato_Gateway] INFO  o.eclipse.m2e.core.internal.Bundles - 	Entry: C:\Users\user\Downloads\spring-tools-for-eclipse-5.2.0.RELEASE-e4.40.0-win32.win32.x86_64\sts-5.2.0.RELEASE\plugins\org.eclipse.m2e.maven.runtime_3.9.1600.20260522-0510\jars\maven-resolver-spi-1.9.27.jar
2026-07-26 01:12:45,446 [Worker-103: Launching Executing clean in C__Users_user_Desktop_locato_Gateway] INFO  o.eclipse.m2e.core.internal.Bundles - 	Entry: C:\Users\user\Downloads\spring-tools-for-eclipse-5.2.0.RELEASE-e4.40.0-win32.win32.x86_64\sts-5.2.0.RELEASE\plugins\org.eclipse.m2e.maven.runtime_3.9.1600.20260522-0510\jars\maven-resolver-transport-file-1.9.27.jar
2026-07-26 01:12:45,446 [Worker-103: Launching Executing clean in C__Users_user_Desktop_locato_Gateway] INFO  o.eclipse.m2e.core.internal.Bundles - 	Entry: C:\Users\user\Downloads\spring-tools-for-eclipse-5.2.0.RELEASE-e4.40.0-win32.win32.x86_64\sts-5.2.0.RELEASE\plugins\org.eclipse.m2e.maven.runtime_3.9.1600.20260522-0510\jars\maven-resolver-transport-http-1.9.27.jar
2026-07-26 01:12:45,446 [Worker-103: Launching Executing clean in C__Users_user_Desktop_locato_Gateway] INFO  o.eclipse.m2e.core.internal.Bundles - 	Entry: C:\Users\user\Downloads\spring-tools-for-eclipse-5.2.0.RELEASE-e4.40.0-win32.win32.x86_64\sts-5.2.0.RELEASE\plugins\org.eclipse.m2e.maven.runtime_3.9.1600.20260522-0510\jars\maven-resolver-transport-wagon-1.9.27.jar
2026-07-26 01:12:45,446 [Worker-103: Launching Executing clean in C__Users_user_Desktop_locato_Gateway] INFO  o.eclipse.m2e.core.internal.Bundles - 	Entry: C:\Users\user\Downloads\spring-tools-for-eclipse-5.2.0.RELEASE-e4.40.0-win32.win32.x86_64\sts-5.2.0.RELEASE\plugins\org.eclipse.m2e.maven.runtime_3.9.1600.20260522-0510\jars\maven-resolver-util-1.9.27.jar
2026-07-26 01:12:45,446 [Worker-103: Launching Executing clean in C__Users_user_Desktop_locato_Gateway] INFO  o.eclipse.m2e.core.internal.Bundles - 	Entry: C:\Users\user\Downloads\spring-tools-for-eclipse-5.2.0.RELEASE-e4.40.0-win32.win32.x86_64\sts-5.2.0.RELEASE\plugins\org.eclipse.m2e.maven.runtime_3.9.1600.20260522-0510\jars\maven-settings-3.9.16.jar
2026-07-26 01:12:45,447 [Worker-103: Launching Executing clean in C__Users_user_Desktop_locato_Gateway] INFO  o.eclipse.m2e.core.internal.Bundles - 	Entry: C:\Users\user\Downloads\spring-tools-for-eclipse-5.2.0.RELEASE-e4.40.0-win32.win32.x86_64\sts-5.2.0.RELEASE\plugins\org.eclipse.m2e.maven.runtime_3.9.1600.20260522-0510\jars\maven-settings-builder-3.9.16.jar
2026-07-26 01:12:45,447 [Worker-103: Launching Executing clean in C__Users_user_Desktop_locato_Gateway] INFO  o.eclipse.m2e.core.internal.Bundles - 	Entry: C:\Users\user\Downloads\spring-tools-for-eclipse-5.2.0.RELEASE-e4.40.0-win32.win32.x86_64\sts-5.2.0.RELEASE\plugins\org.eclipse.m2e.maven.runtime_3.9.1600.20260522-0510\jars\maven-shared-utils-3.4.2.jar
2026-07-26 01:12:45,447 [Worker-103: Launching Executing clean in C__Users_user_Desktop_locato_Gateway] INFO  o.eclipse.m2e.core.internal.Bundles - 	Entry: C:\Users\user\Downloads\spring-tools-for-eclipse-5.2.0.RELEASE-e4.40.0-win32.win32.x86_64\sts-5.2.0.RELEASE\plugins\org.eclipse.m2e.maven.runtime_3.9.1600.20260522-0510\jars\org.eclipse.sisu.inject-1.0.0.jar
2026-07-26 01:12:45,447 [Worker-103: Launching Executing clean in C__Users_user_Desktop_locato_Gateway] INFO  o.eclipse.m2e.core.internal.Bundles - 	Entry: C:\Users\user\Downloads\spring-tools-for-eclipse-5.2.0.RELEASE-e4.40.0-win32.win32.x86_64\sts-5.2.0.RELEASE\plugins\org.eclipse.m2e.maven.runtime_3.9.1600.20260522-0510\jars\org.eclipse.sisu.plexus-1.0.0.jar
2026-07-26 01:12:45,447 [Worker-103: Launching Executing clean in C__Users_user_Desktop_locato_Gateway] INFO  o.eclipse.m2e.core.internal.Bundles - 	Entry: C:\Users\user\Downloads\spring-tools-for-eclipse-5.2.0.RELEASE-e4.40.0-win32.win32.x86_64\sts-5.2.0.RELEASE\plugins\org.eclipse.m2e.maven.runtime_3.9.1600.20260522-0510\jars\plexus-build-api-0.0.7.jar
2026-07-26 01:12:45,447 [Worker-103: Launching Executing clean in C__Users_user_Desktop_locato_Gateway] INFO  o.eclipse.m2e.core.internal.Bundles - 	Entry: C:\Users\user\Downloads\spring-tools-for-eclipse-5.2.0.RELEASE-e4.40.0-win32.win32.x86_64\sts-5.2.0.RELEASE\plugins\org.eclipse.m2e.maven.runtime_3.9.1600.20260522-0510\jars\plexus-build-api-1.2.0.jar
2026-07-26 01:12:45,447 [Worker-103: Launching Executing clean in C__Users_user_Desktop_locato_Gateway] INFO  o.eclipse.m2e.core.internal.Bundles - 	Entry: C:\Users\user\Downloads\spring-tools-for-eclipse-5.2.0.RELEASE-e4.40.0-win32.win32.x86_64\sts-5.2.0.RELEASE\plugins\org.eclipse.m2e.maven.runtime_3.9.1600.20260522-0510\jars\plexus-cipher-2.0.jar
2026-07-26 01:12:45,447 [Worker-103: Launching Executing clean in C__Users_user_Desktop_locato_Gateway] INFO  o.eclipse.m2e.core.internal.Bundles - 	Entry: C:\Users\user\Downloads\spring-tools-for-eclipse-5.2.0.RELEASE-e4.40.0-win32.win32.x86_64\sts-5.2.0.RELEASE\plugins\org.eclipse.m2e.maven.runtime_3.9.1600.20260522-0510\jars\plexus-classworlds-2.11.0.jar
2026-07-26 01:12:45,448 [Worker-103: Launching Executing clean in C__Users_user_Desktop_locato_Gateway] INFO  o.eclipse.m2e.core.internal.Bundles - 	Entry: C:\Users\user\Downloads\spring-tools-for-eclipse-5.2.0.RELEASE-e4.40.0-win32.win32.x86_64\sts-5.2.0.RELEASE\plugins\org.eclipse.m2e.maven.runtime_3.9.1600.20260522-0510\jars\plexus-component-annotations-2.2.0.jar
2026-07-26 01:12:45,448 [Worker-103: Launching Executing clean in C__Users_user_Desktop_locato_Gateway] INFO  o.eclipse.m2e.core.internal.Bundles - 	Entry: C:\Users\user\Downloads\spring-tools-for-eclipse-5.2.0.RELEASE-e4.40.0-win32.win32.x86_64\sts-5.2.0.RELEASE\plugins\org.eclipse.m2e.maven.runtime_3.9.1600.20260522-0510\jars\plexus-interpolation-1.29.jar
2026-07-26 01:12:45,448 [Worker-103: Launching Executing clean in C__Users_user_Desktop_locato_Gateway] INFO  o.eclipse.m2e.core.internal.Bundles - 	Entry: C:\Users\user\Downloads\spring-tools-for-eclipse-5.2.0.RELEASE-e4.40.0-win32.win32.x86_64\sts-5.2.0.RELEASE\plugins\org.eclipse.m2e.maven.runtime_3.9.1600.20260522-0510\jars\plexus-sec-dispatcher-2.0.jar
2026-07-26 01:12:45,448 [Worker-103: Launching Executing clean in C__Users_user_Desktop_locato_Gateway] INFO  o.eclipse.m2e.core.internal.Bundles - 	Entry: C:\Users\user\Downloads\spring-tools-for-eclipse-5.2.0.RELEASE-e4.40.0-win32.win32.x86_64\sts-5.2.0.RELEASE\plugins\org.eclipse.m2e.maven.runtime_3.9.1600.20260522-0510\jars\plexus-utils-3.6.1.jar
2026-07-26 01:12:45,448 [Worker-103: Launching Executing clean in C__Users_user_Desktop_locato_Gateway] INFO  o.eclipse.m2e.core.internal.Bundles - 	Entry: C:\Users\user\Downloads\spring-tools-for-eclipse-5.2.0.RELEASE-e4.40.0-win32.win32.x86_64\sts-5.2.0.RELEASE\plugins\org.eclipse.m2e.maven.runtime_3.9.1600.20260522-0510\jars\wagon-file-3.5.3.jar
2026-07-26 01:12:45,448 [Worker-103: Launching Executing clean in C__Users_user_Desktop_locato_Gateway] INFO  o.eclipse.m2e.core.internal.Bundles - 	Entry: C:\Users\user\Downloads\spring-tools-for-eclipse-5.2.0.RELEASE-e4.40.0-win32.win32.x86_64\sts-5.2.0.RELEASE\plugins\org.eclipse.m2e.maven.runtime_3.9.1600.20260522-0510\jars\wagon-http-3.5.3.jar
2026-07-26 01:12:45,449 [Worker-103: Launching Executing clean in C__Users_user_Desktop_locato_Gateway] INFO  o.eclipse.m2e.core.internal.Bundles - 	Entry: C:\Users\user\Downloads\spring-tools-for-eclipse-5.2.0.RELEASE-e4.40.0-win32.win32.x86_64\sts-5.2.0.RELEASE\plugins\org.eclipse.m2e.maven.runtime_3.9.1600.20260522-0510\jars\wagon-http-shared-3.5.3.jar
2026-07-26 01:12:45,449 [Worker-103: Launching Executing clean in C__Users_user_Desktop_locato_Gateway] INFO  o.eclipse.m2e.core.internal.Bundles - 	Entry: C:\Users\user\Downloads\spring-tools-for-eclipse-5.2.0.RELEASE-e4.40.0-win32.win32.x86_64\sts-5.2.0.RELEASE\plugins\org.eclipse.m2e.maven.runtime_3.9.1600.20260522-0510\jars\wagon-provider-api-3.5.3.jar
2026-07-26 01:12:45,449 [Worker-103: Launching Executing clean in C__Users_user_Desktop_locato_Gateway] INFO  o.eclipse.m2e.core.internal.Bundles - getClasspathEntries(Bundle=com.google.guava_33.6.0.jre [24])
2026-07-26 01:12:45,450 [Worker-103: Launching Executing clean in C__Users_user_Desktop_locato_Gateway] INFO  o.eclipse.m2e.core.internal.Bundles - 	Entry: C:\Users\user\Downloads\spring-tools-for-eclipse-5.2.0.RELEASE-e4.40.0-win32.win32.x86_64\sts-5.2.0.RELEASE\plugins\com.google.guava_33.6.0.jre.jar
2026-07-26 01:12:45,450 [Worker-103: Launching Executing clean in C__Users_user_Desktop_locato_Gateway] INFO  o.eclipse.m2e.core.internal.Bundles - getClasspathEntries(Bundle=slf4j.api_2.0.18 [613])
2026-07-26 01:12:45,450 [Worker-103: Launching Executing clean in C__Users_user_Desktop_locato_Gateway] INFO  o.eclipse.m2e.core.internal.Bundles - 	Entry: C:\Users\user\Downloads\spring-tools-for-eclipse-5.2.0.RELEASE-e4.40.0-win32.win32.x86_64\sts-5.2.0.RELEASE\plugins\slf4j.api_2.0.18.jar
2026-07-26 01:12:45,450 [Worker-103: Launching Executing clean in C__Users_user_Desktop_locato_Gateway] INFO  o.eclipse.m2e.core.internal.Bundles - getClasspathEntries(Bundle=jakarta.inject.jakarta.inject-api_1.0.5 [39])
2026-07-26 01:12:45,451 [Worker-103: Launching Executing clean in C__Users_user_Desktop_locato_Gateway] INFO  o.eclipse.m2e.core.internal.Bundles - 	Entry: C:\Users\user\Downloads\spring-tools-for-eclipse-5.2.0.RELEASE-e4.40.0-win32.win32.x86_64\sts-5.2.0.RELEASE\plugins\jakarta.inject.jakarta.inject-api_1.0.5.jar
2026-07-26 01:12:45,451 [Worker-103: Launching Executing clean in C__Users_user_Desktop_locato_Gateway] INFO  o.eclipse.m2e.core.internal.Bundles - getClasspathEntries(Bundle=jakarta.annotation-api_1.3.5 [36])
2026-07-26 01:12:45,451 [Worker-103: Launching Executing clean in C__Users_user_Desktop_locato_Gateway] INFO  o.eclipse.m2e.core.internal.Bundles - 	Entry: C:\Users\user\Downloads\spring-tools-for-eclipse-5.2.0.RELEASE-e4.40.0-win32.win32.x86_64\sts-5.2.0.RELEASE\plugins\jakarta.annotation-api_1.3.5.jar
2026-07-26 01:12:45,451 [Worker-103: Launching Executing clean in C__Users_user_Desktop_locato_Gateway] INFO  o.eclipse.m2e.core.internal.Bundles - getClasspathEntries(Bundle=org.apache.commons.cli_1.11.0 [78])
2026-07-26 01:12:45,452 [Worker-103: Launching Executing clean in C__Users_user_Desktop_locato_Gateway] INFO  o.eclipse.m2e.core.internal.Bundles - 	Entry: C:\Users\user\Downloads\spring-tools-for-eclipse-5.2.0.RELEASE-e4.40.0-win32.win32.x86_64\sts-5.2.0.RELEASE\plugins\org.apache.commons.cli_1.11.0.jar
2026-07-26 01:12:45,452 [Worker-103: Launching Executing clean in C__Users_user_Desktop_locato_Gateway] INFO  o.eclipse.m2e.core.internal.Bundles - getClasspathEntries(Bundle=org.apache.commons.commons-codec_1.22.0 [80])
2026-07-26 01:12:45,453 [Worker-103: Launching Executing clean in C__Users_user_Desktop_locato_Gateway] INFO  o.eclipse.m2e.core.internal.Bundles - 	Entry: C:\Users\user\Downloads\spring-tools-for-eclipse-5.2.0.RELEASE-e4.40.0-win32.win32.x86_64\sts-5.2.0.RELEASE\plugins\org.apache.commons.commons-codec_1.22.0.jar
2026-07-26 01:12:45,453 [Worker-103: Launching Executing clean in C__Users_user_Desktop_locato_Gateway] INFO  o.eclipse.m2e.core.internal.Bundles - getClasspathEntries(Bundle=com.google.guava.failureaccess_1.0.3 [25])
2026-07-26 01:12:45,454 [Worker-103: Launching Executing clean in C__Users_user_Desktop_locato_Gateway] INFO  o.eclipse.m2e.core.internal.Bundles - 	Entry: C:\Users\user\Downloads\spring-tools-for-eclipse-5.2.0.RELEASE-e4.40.0-win32.win32.x86_64\sts-5.2.0.RELEASE\plugins\com.google.guava.failureaccess_1.0.3.jar
2026-07-26 01:12:45,455 [Worker-103: Launching Executing clean in C__Users_user_Desktop_locato_Gateway] INFO  o.e.m.i.launch.MavenLaunchDelegate - Run build in "C:\Users\user\Desktop\locato\Gateway":
2026-07-26 01:12:45,455 [Worker-103: Launching Executing clean in C__Users_user_Desktop_locato_Gateway] INFO  o.e.m.i.launch.MavenLaunchDelegate -  mvn  -B -Dstyle.color=always clean
2026-07-26 01:12:45,462 [Worker-103: Launching Executing clean in C__Users_user_Desktop_locato_Gateway] ERROR o.e.m.c.i.p.r.ProjectRegistryManager - Failed to read Maven project: Some problems were encountered while processing the POMs:
[FATAL] Non-resolvable parent POM for com.whoami:gateway:0.0.1-SNAPSHOT: The following artifacts could not be resolved: com.locato:locato-parent:pom:1.0.0 (absent): com.locato:locato-parent:pom:1.0.0 was not found in https://repo.maven.apache.org/maven2 during a previous attempt. This failure was cached in the local repository and resolution is not reattempted until the update interval of central has elapsed or updates are forced and 'parent.relativePath' points at wrong local POM @ line 9, column 13

org.apache.maven.project.ProjectBuildingException: Some problems were encountered while processing the POMs:
[FATAL] Non-resolvable parent POM for com.whoami:gateway:0.0.1-SNAPSHOT: The following artifacts could not be resolved: com.locato:locato-parent:pom:1.0.0 (absent): com.locato:locato-parent:pom:1.0.0 was not found in https://repo.maven.apache.org/maven2 during a previous attempt. This failure was cached in the local repository and resolution is not reattempted until the update interval of central has elapsed or updates are forced and 'parent.relativePath' points at wrong local POM @ line 9, column 13

	at org.eclipse.m2e.core.internal.IMavenToolbox.readMavenProjects(IMavenToolbox.java:140)
	at org.eclipse.m2e.core.internal.project.registry.ProjectRegistryManager.lambda$22(ProjectRegistryManager.java:948)
	at org.eclipse.m2e.core.internal.embedder.MavenExecutionContext.executeBare(MavenExecutionContext.java:462)
	at org.eclipse.m2e.core.internal.embedder.MavenExecutionContext.execute(MavenExecutionContext.java:342)
	at org.eclipse.m2e.core.internal.embedder.MavenExecutionContext.execute(MavenExecutionContext.java:281)
	at org.eclipse.m2e.core.internal.project.registry.ProjectRegistryManager.readProjectsWithDependencies(ProjectRegistryManager.java:944)
	at org.eclipse.m2e.core.internal.project.registry.ProjectRegistryManager.create(ProjectRegistryManager.java:219)
	at org.eclipse.m2e.core.internal.project.registry.MavenProjectManager.create(MavenProjectManager.java:105)
	at org.eclipse.m2e.internal.launch.MavenLaunchDelegate.getMavenProject(MavenLaunchDelegate.java:242)
	at org.eclipse.m2e.internal.launch.MavenLaunchDelegate.getVMInstall(MavenLaunchDelegate.java:212)
	at org.eclipse.jdt.launching.AbstractJavaLaunchConfigurationDelegate.getBootpathExt(AbstractJavaLaunchConfigurationDelegate.java:363)
	at org.eclipse.jdt.launching.AbstractJavaLaunchConfigurationDelegate.getVMSpecificAttributesMap(AbstractJavaLaunchConfigurationDelegate.java:661)
	at org.eclipse.jdt.launching.JavaLaunchDelegate.getVMRunnerConfiguration(JavaLaunchDelegate.java:92)
	at org.eclipse.jdt.launching.JavaLaunchDelegate.launch(JavaLaunchDelegate.java:160)
	at org.eclipse.m2e.internal.launch.MavenLaunchDelegate.launch(MavenLaunchDelegate.java:121)
	at org.eclipse.debug.internal.core.LaunchConfiguration.launch(LaunchConfiguration.java:778)
	at org.eclipse.debug.internal.core.LaunchConfiguration.launch(LaunchConfiguration.java:689)
	at org.eclipse.debug.internal.ui.DebugUIPlugin.buildAndLaunch(DebugUIPlugin.java:1052)
	at org.eclipse.debug.internal.ui.DebugUIPlugin$1.run(DebugUIPlugin.java:1254)
	at org.eclipse.core.internal.jobs.Worker.run(Worker.java:63)
2026-07-26 01:13:20,792 [Worker-1: Loading available Gradle versions] INFO  o.e.b.c.i.u.g.PublishedGradleVersions - Gradle version information cache is up-to-date. Trying to read.
2026-07-26 01:13:51,012 [Worker-11: Launching Executing clean in C__Users_user_Desktop_locato_userRegistry] INFO  o.eclipse.m2e.core.internal.Bundles - getClasspathEntries(Bundle=org.eclipse.m2e.maven.runtime_3.9.1600.20260522-0510 [365])
2026-07-26 01:13:51,014 [Worker-11: Launching Executing clean in C__Users_user_Desktop_locato_userRegistry] INFO  o.eclipse.m2e.core.internal.Bundles - 	Entry: C:\Users\user\Downloads\spring-tools-for-eclipse-5.2.0.RELEASE-e4.40.0-win32.win32.x86_64\sts-5.2.0.RELEASE\plugins\org.eclipse.m2e.maven.runtime_3.9.1600.20260522-0510
2026-07-26 01:13:51,014 [Worker-11: Launching Executing clean in C__Users_user_Desktop_locato_userRegistry] INFO  o.eclipse.m2e.core.internal.Bundles - 	Entry: C:\Users\user\Downloads\spring-tools-for-eclipse-5.2.0.RELEASE-e4.40.0-win32.win32.x86_64\sts-5.2.0.RELEASE\plugins\org.eclipse.m2e.maven.runtime_3.9.1600.20260522-0510\jars\aopalliance-1.0.jar
2026-07-26 01:13:51,014 [Worker-11: Launching Executing clean in C__Users_user_Desktop_locato_userRegistry] INFO  o.eclipse.m2e.core.internal.Bundles - 	Entry: C:\Users\user\Downloads\spring-tools-for-eclipse-5.2.0.RELEASE-e4.40.0-win32.win32.x86_64\sts-5.2.0.RELEASE\plugins\org.eclipse.m2e.maven.runtime_3.9.1600.20260522-0510\jars\asm-9.9.1.jar
2026-07-26 01:13:51,015 [Worker-11: Launching Executing clean in C__Users_user_Desktop_locato_userRegistry] INFO  o.eclipse.m2e.core.internal.Bundles - 	Entry: C:\Users\user\Downloads\spring-tools-for-eclipse-5.2.0.RELEASE-e4.40.0-win32.win32.x86_64\sts-5.2.0.RELEASE\plugins\org.eclipse.m2e.maven.runtime_3.9.1600.20260522-0510\jars\error_prone_annotations-2.41.0.jar
2026-07-26 01:13:51,015 [Worker-11: Launching Executing clean in C__Users_user_Desktop_locato_userRegistry] INFO  o.eclipse.m2e.core.internal.Bundles - 	Entry: C:\Users\user\Downloads\spring-tools-for-eclipse-5.2.0.RELEASE-e4.40.0-win32.win32.x86_64\sts-5.2.0.RELEASE\plugins\org.eclipse.m2e.maven.runtime_3.9.1600.20260522-0510\jars\gson-2.13.2.jar
2026-07-26 01:13:51,015 [Worker-11: Launching Executing clean in C__Users_user_Desktop_locato_userRegistry] INFO  o.eclipse.m2e.core.internal.Bundles - 	Entry: C:\Users\user\Downloads\spring-tools-for-eclipse-5.2.0.RELEASE-e4.40.0-win32.win32.x86_64\sts-5.2.0.RELEASE\plugins\org.eclipse.m2e.maven.runtime_3.9.1600.20260522-0510\jars\guice-5.1.0-classes.jar
2026-07-26 01:13:51,015 [Worker-11: Launching Executing clean in C__Users_user_Desktop_locato_userRegistry] INFO  o.eclipse.m2e.core.internal.Bundles - 	Entry: C:\Users\user\Downloads\spring-tools-for-eclipse-5.2.0.RELEASE-e4.40.0-win32.win32.x86_64\sts-5.2.0.RELEASE\plugins\org.eclipse.m2e.maven.runtime_3.9.1600.20260522-0510\jars\httpclient-4.5.14.jar
2026-07-26 01:13:51,016 [Worker-11: Launching Executing clean in C__Users_user_Desktop_locato_userRegistry] INFO  o.eclipse.m2e.core.internal.Bundles - 	Entry: C:\Users\user\Downloads\spring-tools-for-eclipse-5.2.0.RELEASE-e4.40.0-win32.win32.x86_64\sts-5.2.0.RELEASE\plugins\org.eclipse.m2e.maven.runtime_3.9.1600.20260522-0510\jars\httpcore-4.4.16.jar
2026-07-26 01:13:51,016 [Worker-11: Launching Executing clean in C__Users_user_Desktop_locato_userRegistry] INFO  o.eclipse.m2e.core.internal.Bundles - 	Entry: C:\Users\user\Downloads\spring-tools-for-eclipse-5.2.0.RELEASE-e4.40.0-win32.win32.x86_64\sts-5.2.0.RELEASE\plugins\org.eclipse.m2e.maven.runtime_3.9.1600.20260522-0510\jars\jansi-2.4.3.jar
2026-07-26 01:13:51,016 [Worker-11: Launching Executing clean in C__Users_user_Desktop_locato_userRegistry] INFO  o.eclipse.m2e.core.internal.Bundles - 	Entry: C:\Users\user\Downloads\spring-tools-for-eclipse-5.2.0.RELEASE-e4.40.0-win32.win32.x86_64\sts-5.2.0.RELEASE\plugins\org.eclipse.m2e.maven.runtime_3.9.1600.20260522-0510\jars\jcl-over-slf4j-1.7.36.jar
2026-07-26 01:13:51,016 [Worker-11: Launching Executing clean in C__Users_user_Desktop_locato_userRegistry] INFO  o.eclipse.m2e.core.internal.Bundles - 	Entry: C:\Users\user\Downloads\spring-tools-for-eclipse-5.2.0.RELEASE-e4.40.0-win32.win32.x86_64\sts-5.2.0.RELEASE\plugins\org.eclipse.m2e.maven.runtime_3.9.1600.20260522-0510\jars\maven-artifact-3.9.16.jar
2026-07-26 01:13:51,016 [Worker-11: Launching Executing clean in C__Users_user_Desktop_locato_userRegistry] INFO  o.eclipse.m2e.core.internal.Bundles - 	Entry: C:\Users\user\Downloads\spring-tools-for-eclipse-5.2.0.RELEASE-e4.40.0-win32.win32.x86_64\sts-5.2.0.RELEASE\plugins\org.eclipse.m2e.maven.runtime_3.9.1600.20260522-0510\jars\maven-builder-support-3.9.16.jar
2026-07-26 01:13:51,017 [Worker-11: Launching Executing clean in C__Users_user_Desktop_locato_userRegistry] INFO  o.eclipse.m2e.core.internal.Bundles - 	Entry: C:\Users\user\Downloads\spring-tools-for-eclipse-5.2.0.RELEASE-e4.40.0-win32.win32.x86_64\sts-5.2.0.RELEASE\plugins\org.eclipse.m2e.maven.runtime_3.9.1600.20260522-0510\jars\maven-compat-3.9.16.jar
2026-07-26 01:13:51,017 [Worker-11: Launching Executing clean in C__Users_user_Desktop_locato_userRegistry] INFO  o.eclipse.m2e.core.internal.Bundles - 	Entry: C:\Users\user\Downloads\spring-tools-for-eclipse-5.2.0.RELEASE-e4.40.0-win32.win32.x86_64\sts-5.2.0.RELEASE\plugins\org.eclipse.m2e.maven.runtime_3.9.1600.20260522-0510\jars\maven-core-3.9.16.jar
2026-07-26 01:13:51,017 [Worker-11: Launching Executing clean in C__Users_user_Desktop_locato_userRegistry] INFO  o.eclipse.m2e.core.internal.Bundles - 	Entry: C:\Users\user\Downloads\spring-tools-for-eclipse-5.2.0.RELEASE-e4.40.0-win32.win32.x86_64\sts-5.2.0.RELEASE\plugins\org.eclipse.m2e.maven.runtime_3.9.1600.20260522-0510\jars\maven-embedder-3.9.16.jar
2026-07-26 01:13:51,018 [Worker-11: Launching Executing clean in C__Users_user_Desktop_locato_userRegistry] INFO  o.eclipse.m2e.core.internal.Bundles - 	Entry: C:\Users\user\Downloads\spring-tools-for-eclipse-5.2.0.RELEASE-e4.40.0-win32.win32.x86_64\sts-5.2.0.RELEASE\plugins\org.eclipse.m2e.maven.runtime_3.9.1600.20260522-0510\jars\maven-model-3.9.16.jar
2026-07-26 01:13:51,018 [Worker-11: Launching Executing clean in C__Users_user_Desktop_locato_userRegistry] INFO  o.eclipse.m2e.core.internal.Bundles - 	Entry: C:\Users\user\Downloads\spring-tools-for-eclipse-5.2.0.RELEASE-e4.40.0-win32.win32.x86_64\sts-5.2.0.RELEASE\plugins\org.eclipse.m2e.maven.runtime_3.9.1600.20260522-0510\jars\maven-model-builder-3.9.16.jar
2026-07-26 01:13:51,018 [Worker-11: Launching Executing clean in C__Users_user_Desktop_locato_userRegistry] INFO  o.eclipse.m2e.core.internal.Bundles - 	Entry: C:\Users\user\Downloads\spring-tools-for-eclipse-5.2.0.RELEASE-e4.40.0-win32.win32.x86_64\sts-5.2.0.RELEASE\plugins\org.eclipse.m2e.maven.runtime_3.9.1600.20260522-0510\jars\maven-plugin-api-3.9.16.jar
2026-07-26 01:13:51,018 [Worker-11: Launching Executing clean in C__Users_user_Desktop_locato_userRegistry] INFO  o.eclipse.m2e.core.internal.Bundles - 	Entry: C:\Users\user\Downloads\spring-tools-for-eclipse-5.2.0.RELEASE-e4.40.0-win32.win32.x86_64\sts-5.2.0.RELEASE\plugins\org.eclipse.m2e.maven.runtime_3.9.1600.20260522-0510\jars\maven-repository-metadata-3.9.16.jar
2026-07-26 01:13:51,018 [Worker-11: Launching Executing clean in C__Users_user_Desktop_locato_userRegistry] INFO  o.eclipse.m2e.core.internal.Bundles - 	Entry: C:\Users\user\Downloads\spring-tools-for-eclipse-5.2.0.RELEASE-e4.40.0-win32.win32.x86_64\sts-5.2.0.RELEASE\plugins\org.eclipse.m2e.maven.runtime_3.9.1600.20260522-0510\jars\maven-resolver-api-1.9.27.jar
2026-07-26 01:13:51,019 [Worker-11: Launching Executing clean in C__Users_user_Desktop_locato_userRegistry] INFO  o.eclipse.m2e.core.internal.Bundles - 	Entry: C:\Users\user\Downloads\spring-tools-for-eclipse-5.2.0.RELEASE-e4.40.0-win32.win32.x86_64\sts-5.2.0.RELEASE\plugins\org.eclipse.m2e.maven.runtime_3.9.1600.20260522-0510\jars\maven-resolver-connector-basic-1.9.27.jar
2026-07-26 01:13:51,019 [Worker-11: Launching Executing clean in C__Users_user_Desktop_locato_userRegistry] INFO  o.eclipse.m2e.core.internal.Bundles - 	Entry: C:\Users\user\Downloads\spring-tools-for-eclipse-5.2.0.RELEASE-e4.40.0-win32.win32.x86_64\sts-5.2.0.RELEASE\plugins\org.eclipse.m2e.maven.runtime_3.9.1600.20260522-0510\jars\maven-resolver-impl-1.9.27.jar
2026-07-26 01:13:51,019 [Worker-11: Launching Executing clean in C__Users_user_Desktop_locato_userRegistry] INFO  o.eclipse.m2e.core.internal.Bundles - 	Entry: C:\Users\user\Downloads\spring-tools-for-eclipse-5.2.0.RELEASE-e4.40.0-win32.win32.x86_64\sts-5.2.0.RELEASE\plugins\org.eclipse.m2e.maven.runtime_3.9.1600.20260522-0510\jars\maven-resolver-named-locks-1.9.27.jar
2026-07-26 01:13:51,019 [Worker-11: Launching Executing clean in C__Users_user_Desktop_locato_userRegistry] INFO  o.eclipse.m2e.core.internal.Bundles - 	Entry: C:\Users\user\Downloads\spring-tools-for-eclipse-5.2.0.RELEASE-e4.40.0-win32.win32.x86_64\sts-5.2.0.RELEASE\plugins\org.eclipse.m2e.maven.runtime_3.9.1600.20260522-0510\jars\maven-resolver-provider-3.9.16.jar
2026-07-26 01:13:51,020 [Worker-11: Launching Executing clean in C__Users_user_Desktop_locato_userRegistry] INFO  o.eclipse.m2e.core.internal.Bundles - 	Entry: C:\Users\user\Downloads\spring-tools-for-eclipse-5.2.0.RELEASE-e4.40.0-win32.win32.x86_64\sts-5.2.0.RELEASE\plugins\org.eclipse.m2e.maven.runtime_3.9.1600.20260522-0510\jars\maven-resolver-spi-1.9.27.jar
2026-07-26 01:13:51,020 [Worker-11: Launching Executing clean in C__Users_user_Desktop_locato_userRegistry] INFO  o.eclipse.m2e.core.internal.Bundles - 	Entry: C:\Users\user\Downloads\spring-tools-for-eclipse-5.2.0.RELEASE-e4.40.0-win32.win32.x86_64\sts-5.2.0.RELEASE\plugins\org.eclipse.m2e.maven.runtime_3.9.1600.20260522-0510\jars\maven-resolver-transport-file-1.9.27.jar
2026-07-26 01:13:51,020 [Worker-11: Launching Executing clean in C__Users_user_Desktop_locato_userRegistry] INFO  o.eclipse.m2e.core.internal.Bundles - 	Entry: C:\Users\user\Downloads\spring-tools-for-eclipse-5.2.0.RELEASE-e4.40.0-win32.win32.x86_64\sts-5.2.0.RELEASE\plugins\org.eclipse.m2e.maven.runtime_3.9.1600.20260522-0510\jars\maven-resolver-transport-http-1.9.27.jar
2026-07-26 01:13:51,020 [Worker-11: Launching Executing clean in C__Users_user_Desktop_locato_userRegistry] INFO  o.eclipse.m2e.core.internal.Bundles - 	Entry: C:\Users\user\Downloads\spring-tools-for-eclipse-5.2.0.RELEASE-e4.40.0-win32.win32.x86_64\sts-5.2.0.RELEASE\plugins\org.eclipse.m2e.maven.runtime_3.9.1600.20260522-0510\jars\maven-resolver-transport-wagon-1.9.27.jar
2026-07-26 01:13:51,021 [Worker-11: Launching Executing clean in C__Users_user_Desktop_locato_userRegistry] INFO  o.eclipse.m2e.core.internal.Bundles - 	Entry: C:\Users\user\Downloads\spring-tools-for-eclipse-5.2.0.RELEASE-e4.40.0-win32.win32.x86_64\sts-5.2.0.RELEASE\plugins\org.eclipse.m2e.maven.runtime_3.9.1600.20260522-0510\jars\maven-resolver-util-1.9.27.jar
2026-07-26 01:13:51,021 [Worker-11: Launching Executing clean in C__Users_user_Desktop_locato_userRegistry] INFO  o.eclipse.m2e.core.internal.Bundles - 	Entry: C:\Users\user\Downloads\spring-tools-for-eclipse-5.2.0.RELEASE-e4.40.0-win32.win32.x86_64\sts-5.2.0.RELEASE\plugins\org.eclipse.m2e.maven.runtime_3.9.1600.20260522-0510\jars\maven-settings-3.9.16.jar
2026-07-26 01:13:51,021 [Worker-11: Launching Executing clean in C__Users_user_Desktop_locato_userRegistry] INFO  o.eclipse.m2e.core.internal.Bundles - 	Entry: C:\Users\user\Downloads\spring-tools-for-eclipse-5.2.0.RELEASE-e4.40.0-win32.win32.x86_64\sts-5.2.0.RELEASE\plugins\org.eclipse.m2e.maven.runtime_3.9.1600.20260522-0510\jars\maven-settings-builder-3.9.16.jar
2026-07-26 01:13:51,021 [Worker-11: Launching Executing clean in C__Users_user_Desktop_locato_userRegistry] INFO  o.eclipse.m2e.core.internal.Bundles - 	Entry: C:\Users\user\Downloads\spring-tools-for-eclipse-5.2.0.RELEASE-e4.40.0-win32.win32.x86_64\sts-5.2.0.RELEASE\plugins\org.eclipse.m2e.maven.runtime_3.9.1600.20260522-0510\jars\maven-shared-utils-3.4.2.jar
2026-07-26 01:13:51,021 [Worker-11: Launching Executing clean in C__Users_user_Desktop_locato_userRegistry] INFO  o.eclipse.m2e.core.internal.Bundles - 	Entry: C:\Users\user\Downloads\spring-tools-for-eclipse-5.2.0.RELEASE-e4.40.0-win32.win32.x86_64\sts-5.2.0.RELEASE\plugins\org.eclipse.m2e.maven.runtime_3.9.1600.20260522-0510\jars\org.eclipse.sisu.inject-1.0.0.jar
2026-07-26 01:13:51,022 [Worker-11: Launching Executing clean in C__Users_user_Desktop_locato_userRegistry] INFO  o.eclipse.m2e.core.internal.Bundles - 	Entry: C:\Users\user\Downloads\spring-tools-for-eclipse-5.2.0.RELEASE-e4.40.0-win32.win32.x86_64\sts-5.2.0.RELEASE\plugins\org.eclipse.m2e.maven.runtime_3.9.1600.20260522-0510\jars\org.eclipse.sisu.plexus-1.0.0.jar
2026-07-26 01:13:51,022 [Worker-11: Launching Executing clean in C__Users_user_Desktop_locato_userRegistry] INFO  o.eclipse.m2e.core.internal.Bundles - 	Entry: C:\Users\user\Downloads\spring-tools-for-eclipse-5.2.0.RELEASE-e4.40.0-win32.win32.x86_64\sts-5.2.0.RELEASE\plugins\org.eclipse.m2e.maven.runtime_3.9.1600.20260522-0510\jars\plexus-build-api-0.0.7.jar
2026-07-26 01:13:51,022 [Worker-11: Launching Executing clean in C__Users_user_Desktop_locato_userRegistry] INFO  o.eclipse.m2e.core.internal.Bundles - 	Entry: C:\Users\user\Downloads\spring-tools-for-eclipse-5.2.0.RELEASE-e4.40.0-win32.win32.x86_64\sts-5.2.0.RELEASE\plugins\org.eclipse.m2e.maven.runtime_3.9.1600.20260522-0510\jars\plexus-build-api-1.2.0.jar
2026-07-26 01:13:51,022 [Worker-11: Launching Executing clean in C__Users_user_Desktop_locato_userRegistry] INFO  o.eclipse.m2e.core.internal.Bundles - 	Entry: C:\Users\user\Downloads\spring-tools-for-eclipse-5.2.0.RELEASE-e4.40.0-win32.win32.x86_64\sts-5.2.0.RELEASE\plugins\org.eclipse.m2e.maven.runtime_3.9.1600.20260522-0510\jars\plexus-cipher-2.0.jar
2026-07-26 01:13:51,023 [Worker-11: Launching Executing clean in C__Users_user_Desktop_locato_userRegistry] INFO  o.eclipse.m2e.core.internal.Bundles - 	Entry: C:\Users\user\Downloads\spring-tools-for-eclipse-5.2.0.RELEASE-e4.40.0-win32.win32.x86_64\sts-5.2.0.RELEASE\plugins\org.eclipse.m2e.maven.runtime_3.9.1600.20260522-0510\jars\plexus-classworlds-2.11.0.jar
2026-07-26 01:13:51,023 [Worker-11: Launching Executing clean in C__Users_user_Desktop_locato_userRegistry] INFO  o.eclipse.m2e.core.internal.Bundles - 	Entry: C:\Users\user\Downloads\spring-tools-for-eclipse-5.2.0.RELEASE-e4.40.0-win32.win32.x86_64\sts-5.2.0.RELEASE\plugins\org.eclipse.m2e.maven.runtime_3.9.1600.20260522-0510\jars\plexus-component-annotations-2.2.0.jar
2026-07-26 01:13:51,023 [Worker-11: Launching Executing clean in C__Users_user_Desktop_locato_userRegistry] INFO  o.eclipse.m2e.core.internal.Bundles - 	Entry: C:\Users\user\Downloads\spring-tools-for-eclipse-5.2.0.RELEASE-e4.40.0-win32.win32.x86_64\sts-5.2.0.RELEASE\plugins\org.eclipse.m2e.maven.runtime_3.9.1600.20260522-0510\jars\plexus-interpolation-1.29.jar
2026-07-26 01:13:51,023 [Worker-11: Launching Executing clean in C__Users_user_Desktop_locato_userRegistry] INFO  o.eclipse.m2e.core.internal.Bundles - 	Entry: C:\Users\user\Downloads\spring-tools-for-eclipse-5.2.0.RELEASE-e4.40.0-win32.win32.x86_64\sts-5.2.0.RELEASE\plugins\org.eclipse.m2e.maven.runtime_3.9.1600.20260522-0510\jars\plexus-sec-dispatcher-2.0.jar
2026-07-26 01:13:51,024 [Worker-11: Launching Executing clean in C__Users_user_Desktop_locato_userRegistry] INFO  o.eclipse.m2e.core.internal.Bundles - 	Entry: C:\Users\user\Downloads\spring-tools-for-eclipse-5.2.0.RELEASE-e4.40.0-win32.win32.x86_64\sts-5.2.0.RELEASE\plugins\org.eclipse.m2e.maven.runtime_3.9.1600.20260522-0510\jars\plexus-utils-3.6.1.jar
2026-07-26 01:13:51,024 [Worker-11: Launching Executing clean in C__Users_user_Desktop_locato_userRegistry] INFO  o.eclipse.m2e.core.internal.Bundles - 	Entry: C:\Users\user\Downloads\spring-tools-for-eclipse-5.2.0.RELEASE-e4.40.0-win32.win32.x86_64\sts-5.2.0.RELEASE\plugins\org.eclipse.m2e.maven.runtime_3.9.1600.20260522-0510\jars\wagon-file-3.5.3.jar
2026-07-26 01:13:51,024 [Worker-11: Launching Executing clean in C__Users_user_Desktop_locato_userRegistry] INFO  o.eclipse.m2e.core.internal.Bundles - 	Entry: C:\Users\user\Downloads\spring-tools-for-eclipse-5.2.0.RELEASE-e4.40.0-win32.win32.x86_64\sts-5.2.0.RELEASE\plugins\org.eclipse.m2e.maven.runtime_3.9.1600.20260522-0510\jars\wagon-http-3.5.3.jar
2026-07-26 01:13:51,024 [Worker-11: Launching Executing clean in C__Users_user_Desktop_locato_userRegistry] INFO  o.eclipse.m2e.core.internal.Bundles - 	Entry: C:\Users\user\Downloads\spring-tools-for-eclipse-5.2.0.RELEASE-e4.40.0-win32.win32.x86_64\sts-5.2.0.RELEASE\plugins\org.eclipse.m2e.maven.runtime_3.9.1600.20260522-0510\jars\wagon-http-shared-3.5.3.jar
2026-07-26 01:13:51,025 [Worker-11: Launching Executing clean in C__Users_user_Desktop_locato_userRegistry] INFO  o.eclipse.m2e.core.internal.Bundles - 	Entry: C:\Users\user\Downloads\spring-tools-for-eclipse-5.2.0.RELEASE-e4.40.0-win32.win32.x86_64\sts-5.2.0.RELEASE\plugins\org.eclipse.m2e.maven.runtime_3.9.1600.20260522-0510\jars\wagon-provider-api-3.5.3.jar
2026-07-26 01:13:51,026 [Worker-11: Launching Executing clean in C__Users_user_Desktop_locato_userRegistry] INFO  o.eclipse.m2e.core.internal.Bundles - getClasspathEntries(Bundle=com.google.guava_33.6.0.jre [24])
2026-07-26 01:13:51,027 [Worker-11: Launching Executing clean in C__Users_user_Desktop_locato_userRegistry] INFO  o.eclipse.m2e.core.internal.Bundles - 	Entry: C:\Users\user\Downloads\spring-tools-for-eclipse-5.2.0.RELEASE-e4.40.0-win32.win32.x86_64\sts-5.2.0.RELEASE\plugins\com.google.guava_33.6.0.jre.jar
2026-07-26 01:13:51,027 [Worker-11: Launching Executing clean in C__Users_user_Desktop_locato_userRegistry] INFO  o.eclipse.m2e.core.internal.Bundles - getClasspathEntries(Bundle=slf4j.api_2.0.18 [613])
2026-07-26 01:13:51,028 [Worker-11: Launching Executing clean in C__Users_user_Desktop_locato_userRegistry] INFO  o.eclipse.m2e.core.internal.Bundles - 	Entry: C:\Users\user\Downloads\spring-tools-for-eclipse-5.2.0.RELEASE-e4.40.0-win32.win32.x86_64\sts-5.2.0.RELEASE\plugins\slf4j.api_2.0.18.jar
2026-07-26 01:13:51,028 [Worker-11: Launching Executing clean in C__Users_user_Desktop_locato_userRegistry] INFO  o.eclipse.m2e.core.internal.Bundles - getClasspathEntries(Bundle=jakarta.inject.jakarta.inject-api_1.0.5 [39])
2026-07-26 01:13:51,029 [Worker-11: Launching Executing clean in C__Users_user_Desktop_locato_userRegistry] INFO  o.eclipse.m2e.core.internal.Bundles - 	Entry: C:\Users\user\Downloads\spring-tools-for-eclipse-5.2.0.RELEASE-e4.40.0-win32.win32.x86_64\sts-5.2.0.RELEASE\plugins\jakarta.inject.jakarta.inject-api_1.0.5.jar
2026-07-26 01:13:51,029 [Worker-11: Launching Executing clean in C__Users_user_Desktop_locato_userRegistry] INFO  o.eclipse.m2e.core.internal.Bundles - getClasspathEntries(Bundle=jakarta.annotation-api_1.3.5 [36])
2026-07-26 01:13:51,030 [Worker-11: Launching Executing clean in C__Users_user_Desktop_locato_userRegistry] INFO  o.eclipse.m2e.core.internal.Bundles - 	Entry: C:\Users\user\Downloads\spring-tools-for-eclipse-5.2.0.RELEASE-e4.40.0-win32.win32.x86_64\sts-5.2.0.RELEASE\plugins\jakarta.annotation-api_1.3.5.jar
2026-07-26 01:13:51,030 [Worker-11: Launching Executing clean in C__Users_user_Desktop_locato_userRegistry] INFO  o.eclipse.m2e.core.internal.Bundles - getClasspathEntries(Bundle=org.apache.commons.cli_1.11.0 [78])
2026-07-26 01:13:51,030 [Worker-11: Launching Executing clean in C__Users_user_Desktop_locato_userRegistry] INFO  o.eclipse.m2e.core.internal.Bundles - 	Entry: C:\Users\user\Downloads\spring-tools-for-eclipse-5.2.0.RELEASE-e4.40.0-win32.win32.x86_64\sts-5.2.0.RELEASE\plugins\org.apache.commons.cli_1.11.0.jar
2026-07-26 01:13:51,030 [Worker-11: Launching Executing clean in C__Users_user_Desktop_locato_userRegistry] INFO  o.eclipse.m2e.core.internal.Bundles - getClasspathEntries(Bundle=org.apache.commons.commons-codec_1.22.0 [80])
2026-07-26 01:13:51,031 [Worker-11: Launching Executing clean in C__Users_user_Desktop_locato_userRegistry] INFO  o.eclipse.m2e.core.internal.Bundles - 	Entry: C:\Users\user\Downloads\spring-tools-for-eclipse-5.2.0.RELEASE-e4.40.0-win32.win32.x86_64\sts-5.2.0.RELEASE\plugins\org.apache.commons.commons-codec_1.22.0.jar
2026-07-26 01:13:51,031 [Worker-11: Launching Executing clean in C__Users_user_Desktop_locato_userRegistry] INFO  o.eclipse.m2e.core.internal.Bundles - getClasspathEntries(Bundle=com.google.guava.failureaccess_1.0.3 [25])
2026-07-26 01:13:51,032 [Worker-11: Launching Executing clean in C__Users_user_Desktop_locato_userRegistry] INFO  o.eclipse.m2e.core.internal.Bundles - 	Entry: C:\Users\user\Downloads\spring-tools-for-eclipse-5.2.0.RELEASE-e4.40.0-win32.win32.x86_64\sts-5.2.0.RELEASE\plugins\com.google.guava.failureaccess_1.0.3.jar
2026-07-26 01:13:51,043 [Worker-11: Launching Executing clean in C__Users_user_Desktop_locato_userRegistry] INFO  o.e.m.i.launch.MavenLaunchDelegate - Run build in "C:\Users\user\Desktop\locato\userRegistry":
2026-07-26 01:13:51,048 [Worker-11: Launching Executing clean in C__Users_user_Desktop_locato_userRegistry] INFO  o.e.m.i.launch.MavenLaunchDelegate -  mvn  -B -Dstyle.color=always clean
2026-07-26 01:15:30,394 [Worker-1: Updating Maven Project] INFO  o.e.m.c.i.p.ProjectConfigurationManager - Update started
2026-07-26 01:15:32,434 [Worker-1: Updating Maven Project] INFO  o.e.m.c.i.e.AbstractTransferListenerAdapter - Downloaded https://repo.maven.apache.org/maven2/com/locato/locato-parent/1.0.0/locato-parent-1.0.0.pom
2026-07-26 01:15:34,424 [Worker-1: Updating Maven Project] INFO  o.e.m.c.i.l.LifecycleMappingFactory - Using org.eclipse.m2e.jdt.JarLifecycleMapping lifecycle mapping for MavenProject: com.whoami:Servicechat:1.0.0 @ C:\Users\user\Desktop\locato\Servicechat\pom.xml.
2026-07-26 01:15:34,652 [Worker-1: Updating Maven Project] INFO  o.e.m.c.i.e.AbstractTransferListenerAdapter - Downloaded https://repo.maven.apache.org/maven2/com/whoami/locato-constants/1.0.0/locato-constants-1.0.0.pom
2026-07-26 01:15:34,654 [Worker-1: Updating Maven Project] WARN  o.e.m.c.i.embedder.EclipseLogger - The POM for com.whoami:locato-constants:jar:1.0.0 is missing, no dependency information available
2026-07-26 01:15:35,650 [Worker-1: Updating Maven Project] INFO  o.e.m.c.i.e.AbstractTransferListenerAdapter - Downloaded https://repo.maven.apache.org/maven2/com/whoami/locato-constants/1.0.0/locato-constants-1.0.0.jar
2026-07-26 01:15:35,737 [Worker-1: Updating Maven Project] INFO  o.e.m.c.i.l.LifecycleMappingFactory - Using org.eclipse.m2e.jdt.JarLifecycleMapping lifecycle mapping for MavenProject: com.whoami:service-registry:1.0.0 @ C:\Users\user\Desktop\locato\service-registery\pom.xml.
2026-07-26 01:15:36,109 [Worker-1: Updating Maven Project] INFO  o.e.m.c.i.l.LifecycleMappingFactory - Using org.eclipse.m2e.jdt.JarLifecycleMapping lifecycle mapping for MavenProject: com.whoami:SuperUser:1.0.0 @ C:\Users\user\Desktop\locato\SuperUSer\pom.xml.
2026-07-26 01:15:36,468 [Worker-1: Updating Maven Project] INFO  o.e.m.c.i.l.LifecycleMappingFactory - Using org.eclipse.m2e.jdt.JarLifecycleMapping lifecycle mapping for MavenProject: com.whoami:userRegistry:1.0.0 @ C:\Users\user\Desktop\locato\userRegistry\pom.xml.
2026-07-26 01:15:39,470 [Worker-1: Updating Maven Project] INFO  o.e.m.j.i.AbstractJavaProjectConfigurator - Adding source folder /Servicechat/src/main/java
2026-07-26 01:15:39,473 [Worker-1: Updating Maven Project] INFO  o.e.m.j.i.AbstractJavaProjectConfigurator - Adding resource folder /Servicechat/src/main/resources
2026-07-26 01:15:39,474 [Worker-1: Updating Maven Project] INFO  o.e.m.j.i.AbstractJavaProjectConfigurator - Adding source folder /Servicechat/src/test/java
2026-07-26 01:15:39,475 [Worker-1: Updating Maven Project] INFO  o.e.m.j.i.AbstractJavaProjectConfigurator - Adding resource folder /Servicechat/src/test/resources
2026-07-26 01:15:40,157 [Worker-1: Updating Maven Project] WARN  o.apache.maven.project.MavenProject - Plugin is modifying compileSourceRoots through clear(), which will not work in Maven 4.0.0. Use MavenProject.addCompileSourceRoot()/removeCompileSourceRoot() methods instead. If using a plugin, please upgrade to the latest version or report the issue to the plugin maintainer. To disable these warnings, set -Dmaven.project.sourceRoots.warningsDisabled=true on the command line, in the .mvn/maven.config file, or in project POM properties.
2026-07-26 01:15:40,157 [Worker-1: Updating Maven Project] WARN  o.apache.maven.project.MavenProject - Plugin is modifying compileSourceRoots through add(), which will not work in Maven 4.0.0. Use MavenProject.addCompileSourceRoot()/removeCompileSourceRoot() methods instead. If using a plugin, please upgrade to the latest version or report the issue to the plugin maintainer. To disable these warnings, set -Dmaven.project.sourceRoots.warningsDisabled=true on the command line, in the .mvn/maven.config file, or in project POM properties.
2026-07-26 01:15:40,158 [Worker-1: Updating Maven Project] WARN  o.apache.maven.project.MavenProject - Plugin is modifying testCompileSourceRoots through clear(), which will not work in Maven 4.0.0. Use MavenProject.addTestCompileSourceRoot()/removeTestCompileSourceRoot() methods instead. If using a plugin, please upgrade to the latest version or report the issue to the plugin maintainer. To disable these warnings, set -Dmaven.project.sourceRoots.warningsDisabled=true on the command line, in the .mvn/maven.config file, or in project POM properties.
2026-07-26 01:15:40,159 [Worker-1: Updating Maven Project] WARN  o.apache.maven.project.MavenProject - Plugin is modifying testCompileSourceRoots through add(), which will not work in Maven 4.0.0. Use MavenProject.addTestCompileSourceRoot()/removeTestCompileSourceRoot() methods instead. If using a plugin, please upgrade to the latest version or report the issue to the plugin maintainer. To disable these warnings, set -Dmaven.project.sourceRoots.warningsDisabled=true on the command line, in the .mvn/maven.config file, or in project POM properties.
2026-07-26 01:15:40,244 [Worker-1: Updating Maven Project] INFO  o.e.m.j.i.AbstractJavaProjectConfigurator - Adding source folder /service-registery/src/main/java
2026-07-26 01:15:40,245 [Worker-1: Updating Maven Project] INFO  o.e.m.j.i.AbstractJavaProjectConfigurator - Adding resource folder /service-registery/src/main/resources
2026-07-26 01:15:40,246 [Worker-1: Updating Maven Project] INFO  o.e.m.j.i.AbstractJavaProjectConfigurator - Adding source folder /service-registery/src/test/java
2026-07-26 01:15:40,247 [Worker-1: Updating Maven Project] INFO  o.e.m.j.i.AbstractJavaProjectConfigurator - Adding resource folder /service-registery/src/test/resources
2026-07-26 01:15:40,932 [Worker-1: Updating Maven Project] WARN  o.apache.maven.project.MavenProject - Plugin is modifying compileSourceRoots through clear(), which will not work in Maven 4.0.0. Use MavenProject.addCompileSourceRoot()/removeCompileSourceRoot() methods instead. If using a plugin, please upgrade to the latest version or report the issue to the plugin maintainer. To disable these warnings, set -Dmaven.project.sourceRoots.warningsDisabled=true on the command line, in the .mvn/maven.config file, or in project POM properties.
2026-07-26 01:15:40,933 [Worker-1: Updating Maven Project] WARN  o.apache.maven.project.MavenProject - Plugin is modifying compileSourceRoots through add(), which will not work in Maven 4.0.0. Use MavenProject.addCompileSourceRoot()/removeCompileSourceRoot() methods instead. If using a plugin, please upgrade to the latest version or report the issue to the plugin maintainer. To disable these warnings, set -Dmaven.project.sourceRoots.warningsDisabled=true on the command line, in the .mvn/maven.config file, or in project POM properties.
2026-07-26 01:15:40,933 [Worker-1: Updating Maven Project] WARN  o.apache.maven.project.MavenProject - Plugin is modifying testCompileSourceRoots through clear(), which will not work in Maven 4.0.0. Use MavenProject.addTestCompileSourceRoot()/removeTestCompileSourceRoot() methods instead. If using a plugin, please upgrade to the latest version or report the issue to the plugin maintainer. To disable these warnings, set -Dmaven.project.sourceRoots.warningsDisabled=true on the command line, in the .mvn/maven.config file, or in project POM properties.
2026-07-26 01:15:40,934 [Worker-1: Updating Maven Project] WARN  o.apache.maven.project.MavenProject - Plugin is modifying testCompileSourceRoots through add(), which will not work in Maven 4.0.0. Use MavenProject.addTestCompileSourceRoot()/removeTestCompileSourceRoot() methods instead. If using a plugin, please upgrade to the latest version or report the issue to the plugin maintainer. To disable these warnings, set -Dmaven.project.sourceRoots.warningsDisabled=true on the command line, in the .mvn/maven.config file, or in project POM properties.
2026-07-26 01:15:41,031 [Worker-1: Updating Maven Project] INFO  o.e.m.j.i.AbstractJavaProjectConfigurator - Adding resource folder /SuperUSer/src/main/resources
2026-07-26 01:15:41,033 [Worker-1: Updating Maven Project] INFO  o.e.m.j.i.AbstractJavaProjectConfigurator - Adding resource folder /SuperUSer/src/test/resources
2026-07-26 01:15:41,686 [Worker-1: Updating Maven Project] WARN  o.apache.maven.project.MavenProject - Plugin is modifying compileSourceRoots through clear(), which will not work in Maven 4.0.0. Use MavenProject.addCompileSourceRoot()/removeCompileSourceRoot() methods instead. If using a plugin, please upgrade to the latest version or report the issue to the plugin maintainer. To disable these warnings, set -Dmaven.project.sourceRoots.warningsDisabled=true on the command line, in the .mvn/maven.config file, or in project POM properties.
2026-07-26 01:15:41,687 [Worker-1: Updating Maven Project] WARN  o.apache.maven.project.MavenProject - Plugin is modifying testCompileSourceRoots through clear(), which will not work in Maven 4.0.0. Use MavenProject.addTestCompileSourceRoot()/removeTestCompileSourceRoot() methods instead. If using a plugin, please upgrade to the latest version or report the issue to the plugin maintainer. To disable these warnings, set -Dmaven.project.sourceRoots.warningsDisabled=true on the command line, in the .mvn/maven.config file, or in project POM properties.
2026-07-26 01:15:41,769 [Worker-1: Updating Maven Project] INFO  o.e.m.j.i.AbstractJavaProjectConfigurator - Adding resource folder /userRegistry/src/main/resources
2026-07-26 01:15:41,771 [Worker-1: Updating Maven Project] INFO  o.e.m.j.i.AbstractJavaProjectConfigurator - Adding resource folder /userRegistry/src/test/resources
2026-07-26 01:15:42,599 [Worker-1: Updating Maven Project] WARN  o.apache.maven.project.MavenProject - Plugin is modifying compileSourceRoots through clear(), which will not work in Maven 4.0.0. Use MavenProject.addCompileSourceRoot()/removeCompileSourceRoot() methods instead. If using a plugin, please upgrade to the latest version or report the issue to the plugin maintainer. To disable these warnings, set -Dmaven.project.sourceRoots.warningsDisabled=true on the command line, in the .mvn/maven.config file, or in project POM properties.
2026-07-26 01:15:42,601 [Worker-1: Updating Maven Project] WARN  o.apache.maven.project.MavenProject - Plugin is modifying testCompileSourceRoots through clear(), which will not work in Maven 4.0.0. Use MavenProject.addTestCompileSourceRoot()/removeTestCompileSourceRoot() methods instead. If using a plugin, please upgrade to the latest version or report the issue to the plugin maintainer. To disable these warnings, set -Dmaven.project.sourceRoots.warningsDisabled=true on the command line, in the .mvn/maven.config file, or in project POM properties.
2026-07-26 01:15:43,521 [Worker-1: Updating Maven Project] INFO  o.e.m.c.i.p.ProjectConfigurationManager - Update completed for 9 poms: local refresh takes 0.00 sec, refresh facades takes 8.00 sec, update config takes 3.00 sec 
2026-07-26 01:15:44,836 [Worker-3: Building] INFO  o.a.m.s.f.DefaultMavenResourcesFiltering - Copying 1 resource from src\main\resources to target\classes
2026-07-26 01:15:44,871 [Worker-3: Building] INFO  o.a.m.s.f.DefaultMavenResourcesFiltering - skip non existing resourceDirectory C:\Users\user\Desktop\locato\Servicechat\src\test\resources
2026-07-26 01:15:45,301 [Worker-3: Building] WARN  o.apache.maven.project.MavenProject - Plugin is modifying compileSourceRoots through clear(), which will not work in Maven 4.0.0. Use MavenProject.addCompileSourceRoot()/removeCompileSourceRoot() methods instead. If using a plugin, please upgrade to the latest version or report the issue to the plugin maintainer. To disable these warnings, set -Dmaven.project.sourceRoots.warningsDisabled=true on the command line, in the .mvn/maven.config file, or in project POM properties.
2026-07-26 01:15:45,302 [Worker-3: Building] WARN  o.apache.maven.project.MavenProject - Plugin is modifying compileSourceRoots through add(), which will not work in Maven 4.0.0. Use MavenProject.addCompileSourceRoot()/removeCompileSourceRoot() methods instead. If using a plugin, please upgrade to the latest version or report the issue to the plugin maintainer. To disable these warnings, set -Dmaven.project.sourceRoots.warningsDisabled=true on the command line, in the .mvn/maven.config file, or in project POM properties.
2026-07-26 01:15:45,303 [Worker-3: Building] WARN  o.apache.maven.project.MavenProject - Plugin is modifying testCompileSourceRoots through clear(), which will not work in Maven 4.0.0. Use MavenProject.addTestCompileSourceRoot()/removeTestCompileSourceRoot() methods instead. If using a plugin, please upgrade to the latest version or report the issue to the plugin maintainer. To disable these warnings, set -Dmaven.project.sourceRoots.warningsDisabled=true on the command line, in the .mvn/maven.config file, or in project POM properties.
2026-07-26 01:15:45,304 [Worker-3: Building] WARN  o.apache.maven.project.MavenProject - Plugin is modifying testCompileSourceRoots through add(), which will not work in Maven 4.0.0. Use MavenProject.addTestCompileSourceRoot()/removeTestCompileSourceRoot() methods instead. If using a plugin, please upgrade to the latest version or report the issue to the plugin maintainer. To disable these warnings, set -Dmaven.project.sourceRoots.warningsDisabled=true on the command line, in the .mvn/maven.config file, or in project POM properties.
2026-07-26 01:15:45,641 [Worker-3: Building] WARN  o.apache.maven.project.MavenProject - Plugin is modifying compileSourceRoots through clear(), which will not work in Maven 4.0.0. Use MavenProject.addCompileSourceRoot()/removeCompileSourceRoot() methods instead. If using a plugin, please upgrade to the latest version or report the issue to the plugin maintainer. To disable these warnings, set -Dmaven.project.sourceRoots.warningsDisabled=true on the command line, in the .mvn/maven.config file, or in project POM properties.
2026-07-26 01:15:45,642 [Worker-3: Building] WARN  o.apache.maven.project.MavenProject - Plugin is modifying testCompileSourceRoots through clear(), which will not work in Maven 4.0.0. Use MavenProject.addTestCompileSourceRoot()/removeTestCompileSourceRoot() methods instead. If using a plugin, please upgrade to the latest version or report the issue to the plugin maintainer. To disable these warnings, set -Dmaven.project.sourceRoots.warningsDisabled=true on the command line, in the .mvn/maven.config file, or in project POM properties.
2026-07-26 01:15:46,212 [Worker-3: Building] INFO  o.a.m.s.f.DefaultMavenResourcesFiltering - Copying 1 resource from src\main\resources to target\classes
2026-07-26 01:15:46,225 [Worker-3: Building] INFO  o.a.m.s.f.DefaultMavenResourcesFiltering - skip non existing resourceDirectory C:\Users\user\Desktop\locato\service-registery\src\test\resources
2026-07-26 01:15:46,285 [Worker-3: Building] WARN  o.apache.maven.project.MavenProject - Plugin is modifying compileSourceRoots through clear(), which will not work in Maven 4.0.0. Use MavenProject.addCompileSourceRoot()/removeCompileSourceRoot() methods instead. If using a plugin, please upgrade to the latest version or report the issue to the plugin maintainer. To disable these warnings, set -Dmaven.project.sourceRoots.warningsDisabled=true on the command line, in the .mvn/maven.config file, or in project POM properties.
2026-07-26 01:15:46,286 [Worker-3: Building] WARN  o.apache.maven.project.MavenProject - Plugin is modifying compileSourceRoots through add(), which will not work in Maven 4.0.0. Use MavenProject.addCompileSourceRoot()/removeCompileSourceRoot() methods instead. If using a plugin, please upgrade to the latest version or report the issue to the plugin maintainer. To disable these warnings, set -Dmaven.project.sourceRoots.warningsDisabled=true on the command line, in the .mvn/maven.config file, or in project POM properties.
2026-07-26 01:15:46,287 [Worker-3: Building] WARN  o.apache.maven.project.MavenProject - Plugin is modifying testCompileSourceRoots through clear(), which will not work in Maven 4.0.0. Use MavenProject.addTestCompileSourceRoot()/removeTestCompileSourceRoot() methods instead. If using a plugin, please upgrade to the latest version or report the issue to the plugin maintainer. To disable these warnings, set -Dmaven.project.sourceRoots.warningsDisabled=true on the command line, in the .mvn/maven.config file, or in project POM properties.
2026-07-26 01:15:46,288 [Worker-3: Building] WARN  o.apache.maven.project.MavenProject - Plugin is modifying testCompileSourceRoots through add(), which will not work in Maven 4.0.0. Use MavenProject.addTestCompileSourceRoot()/removeTestCompileSourceRoot() methods instead. If using a plugin, please upgrade to the latest version or report the issue to the plugin maintainer. To disable these warnings, set -Dmaven.project.sourceRoots.warningsDisabled=true on the command line, in the .mvn/maven.config file, or in project POM properties.
2026-07-26 01:15:46,659 [Worker-3: Building] WARN  o.apache.maven.project.MavenProject - Plugin is modifying compileSourceRoots through clear(), which will not work in Maven 4.0.0. Use MavenProject.addCompileSourceRoot()/removeCompileSourceRoot() methods instead. If using a plugin, please upgrade to the latest version or report the issue to the plugin maintainer. To disable these warnings, set -Dmaven.project.sourceRoots.warningsDisabled=true on the command line, in the .mvn/maven.config file, or in project POM properties.
2026-07-26 01:15:46,660 [Worker-3: Building] WARN  o.apache.maven.project.MavenProject - Plugin is modifying testCompileSourceRoots through clear(), which will not work in Maven 4.0.0. Use MavenProject.addTestCompileSourceRoot()/removeTestCompileSourceRoot() methods instead. If using a plugin, please upgrade to the latest version or report the issue to the plugin maintainer. To disable these warnings, set -Dmaven.project.sourceRoots.warningsDisabled=true on the command line, in the .mvn/maven.config file, or in project POM properties.
2026-07-26 01:53:42,903 [Worker-0: Loading available Gradle versions] INFO  o.e.b.c.i.u.g.PublishedGradleVersions - Gradle version information cache is up-to-date. Trying to read.
2026-07-26 01:55:48,453 [Worker-4: reload maven project] ERROR o.e.m.c.i.p.r.ProjectRegistryManager - Failed to read Maven project: Some problems were encountered while processing the POMs:
[FATAL] Non-resolvable parent POM for com.locato:locato-constants:1.0.0: The following artifacts could not be resolved: com.locato:locato-parent:pom:1.0.0 (absent): com.locato:locato-parent:pom:1.0.0 was not found in https://repo.maven.apache.org/maven2 during a previous attempt. This failure was cached in the local repository and resolution is not reattempted until the update interval of central has elapsed or updates are forced and 'parent.relativePath' points at wrong local POM @ line 9, column 13

org.apache.maven.project.ProjectBuildingException: Some problems were encountered while processing the POMs:
[FATAL] Non-resolvable parent POM for com.locato:locato-constants:1.0.0: The following artifacts could not be resolved: com.locato:locato-parent:pom:1.0.0 (absent): com.locato:locato-parent:pom:1.0.0 was not found in https://repo.maven.apache.org/maven2 during a previous attempt. This failure was cached in the local repository and resolution is not reattempted until the update interval of central has elapsed or updates are forced and 'parent.relativePath' points at wrong local POM @ line 9, column 13

	at org.eclipse.m2e.core.internal.IMavenToolbox.readMavenProjects(IMavenToolbox.java:140)
	at org.eclipse.m2e.core.internal.project.registry.ProjectRegistryManager.lambda$22(ProjectRegistryManager.java:948)
	at org.eclipse.m2e.core.internal.embedder.MavenExecutionContext.executeBare(MavenExecutionContext.java:462)
	at org.eclipse.m2e.core.internal.embedder.MavenExecutionContext.execute(MavenExecutionContext.java:342)
	at org.eclipse.m2e.core.internal.embedder.MavenExecutionContext.execute(MavenExecutionContext.java:281)
	at org.eclipse.m2e.core.internal.project.registry.ProjectRegistryManager.readProjectsWithDependencies(ProjectRegistryManager.java:944)
	at org.eclipse.m2e.core.internal.project.registry.ProjectRegistryManager.create(ProjectRegistryManager.java:219)
	at org.eclipse.m2e.core.internal.project.registry.MavenProjectManager.create(MavenProjectManager.java:105)
	at org.eclipse.m2e.core.ui.internal.actions.SelectionUtil.getMavenProject(SelectionUtil.java:239)
	at org.eclipse.m2e.editor.pom.MavenPomEditor.readMavenProject(MavenPomEditor.java:709)
	at org.eclipse.m2e.editor.pom.MavenPomEditor$4.run(MavenPomEditor.java:1029)
	at org.eclipse.core.internal.jobs.Worker.run(Worker.java:63)
2026-07-26 02:26:10,763 [Worker-18: reload maven project] ERROR o.e.m2e.editor.pom.MavenPomEditor - failed to load maven project for org.eclipse.ui.part.FileEditorInput(/SuperUSer/pom.xml)
org.eclipse.core.runtime.CoreException: Could not read maven project
	at org.eclipse.m2e.core.internal.project.registry.ProjectRegistryManager.readProjectWithDependencies(ProjectRegistryManager.java:922)
	at org.eclipse.m2e.core.internal.project.registry.MavenProjectCache$CacheLine.lambda$1(MavenProjectCache.java:192)
	at java.base/java.util.concurrent.ConcurrentHashMap.computeIfAbsent(ConcurrentHashMap.java:1724)
	at org.eclipse.m2e.core.internal.project.registry.MavenProjectCache$CacheLine.getProject(MavenProjectCache.java:191)
	at org.eclipse.m2e.core.internal.project.registry.MavenProjectCache.getMavenProject(MavenProjectCache.java:105)
	at org.eclipse.m2e.core.internal.project.registry.ProjectRegistryManager.lambda$24(ProjectRegistryManager.java:1106)
	at java.base/java.util.Map.computeIfAbsent(Map.java:1067)
	at org.eclipse.m2e.core.internal.project.registry.ProjectRegistryManager.getMavenProject(ProjectRegistryManager.java:1105)
	at org.eclipse.m2e.core.internal.project.registry.MavenProjectFacade.getMavenProject(MavenProjectFacade.java:290)
	at org.eclipse.m2e.core.ui.internal.actions.SelectionUtil.getMavenProject(SelectionUtil.java:241)
	at org.eclipse.m2e.editor.pom.MavenPomEditor.readMavenProject(MavenPomEditor.java:709)
	at org.eclipse.m2e.editor.pom.MavenPomEditor$4.run(MavenPomEditor.java:1029)
	at org.eclipse.core.internal.jobs.Worker.run(Worker.java:63)
2026-07-26 02:26:25,721 [Worker-19: reload maven project] ERROR o.e.m.c.i.p.r.ProjectRegistryManager - Failed to read Maven project: Some problems were encountered while processing the POMs:
[FATAL] Non-resolvable parent POM for com.whoami:shop-service:1.0.0: The following artifacts could not be resolved: com.locato:locato-parent:pom:1.0.0 (absent): com.locato:locato-parent:pom:1.0.0 was not found in https://repo.maven.apache.org/maven2 during a previous attempt. This failure was cached in the local repository and resolution is not reattempted until the update interval of central has elapsed or updates are forced and 'parent.relativePath' points at wrong local POM @ line 9, column 13

org.apache.maven.project.ProjectBuildingException: Some problems were encountered while processing the POMs:
[FATAL] Non-resolvable parent POM for com.whoami:shop-service:1.0.0: The following artifacts could not be resolved: com.locato:locato-parent:pom:1.0.0 (absent): com.locato:locato-parent:pom:1.0.0 was not found in https://repo.maven.apache.org/maven2 during a previous attempt. This failure was cached in the local repository and resolution is not reattempted until the update interval of central has elapsed or updates are forced and 'parent.relativePath' points at wrong local POM @ line 9, column 13

	at org.eclipse.m2e.core.internal.IMavenToolbox.readMavenProjects(IMavenToolbox.java:140)
	at org.eclipse.m2e.core.internal.project.registry.ProjectRegistryManager.lambda$22(ProjectRegistryManager.java:948)
	at org.eclipse.m2e.core.internal.embedder.MavenExecutionContext.executeBare(MavenExecutionContext.java:462)
	at org.eclipse.m2e.core.internal.embedder.MavenExecutionContext.execute(MavenExecutionContext.java:342)
	at org.eclipse.m2e.core.internal.embedder.MavenExecutionContext.execute(MavenExecutionContext.java:281)
	at org.eclipse.m2e.core.internal.project.registry.ProjectRegistryManager.readProjectsWithDependencies(ProjectRegistryManager.java:944)
	at org.eclipse.m2e.core.internal.project.registry.ProjectRegistryManager.create(ProjectRegistryManager.java:219)
	at org.eclipse.m2e.core.internal.project.registry.MavenProjectManager.create(MavenProjectManager.java:105)
	at org.eclipse.m2e.core.ui.internal.actions.SelectionUtil.getMavenProject(SelectionUtil.java:239)
	at org.eclipse.m2e.editor.pom.MavenPomEditor.readMavenProject(MavenPomEditor.java:709)
	at org.eclipse.m2e.editor.pom.MavenPomEditor$4.run(MavenPomEditor.java:1029)
	at org.eclipse.core.internal.jobs.Worker.run(Worker.java:63)
2026-07-26 02:37:56,122 [Worker-25: reload maven project] ERROR o.e.m.c.i.p.r.ProjectRegistryManager - Failed to read Maven project: Some problems were encountered while processing the POMs:
[WARNING] 'parent.relativePath' of POM com.whoami:shop-service:1.0.0 (C:\Users\user\Desktop\locato\shop-service\pom.xml) points at com.whoami:whoami-backend instead of com.locato:locato-parent, please verify your project structure @ line 9, column 10
[FATAL] Non-resolvable parent POM for com.whoami:shop-service:1.0.0: The following artifacts could not be resolved: com.locato:locato-parent:pom:1.0.0 (absent): com.locato:locato-parent:pom:1.0.0 was not found in https://repo.maven.apache.org/maven2 during a previous attempt. This failure was cached in the local repository and resolution is not reattempted until the update interval of central has elapsed or updates are forced and 'parent.relativePath' points at wrong local POM @ line 9, column 10

org.apache.maven.project.ProjectBuildingException: Some problems were encountered while processing the POMs:
[WARNING] 'parent.relativePath' of POM com.whoami:shop-service:1.0.0 (C:\Users\user\Desktop\locato\shop-service\pom.xml) points at com.whoami:whoami-backend instead of com.locato:locato-parent, please verify your project structure @ line 9, column 10
[FATAL] Non-resolvable parent POM for com.whoami:shop-service:1.0.0: The following artifacts could not be resolved: com.locato:locato-parent:pom:1.0.0 (absent): com.locato:locato-parent:pom:1.0.0 was not found in https://repo.maven.apache.org/maven2 during a previous attempt. This failure was cached in the local repository and resolution is not reattempted until the update interval of central has elapsed or updates are forced and 'parent.relativePath' points at wrong local POM @ line 9, column 10

	at org.eclipse.m2e.core.internal.IMavenToolbox.readMavenProjects(IMavenToolbox.java:140)
	at org.eclipse.m2e.core.internal.project.registry.ProjectRegistryManager.lambda$22(ProjectRegistryManager.java:948)
	at org.eclipse.m2e.core.internal.embedder.MavenExecutionContext.executeBare(MavenExecutionContext.java:462)
	at org.eclipse.m2e.core.internal.embedder.MavenExecutionContext.execute(MavenExecutionContext.java:342)
	at org.eclipse.m2e.core.internal.embedder.MavenExecutionContext.execute(MavenExecutionContext.java:281)
	at org.eclipse.m2e.core.internal.project.registry.ProjectRegistryManager.readProjectsWithDependencies(ProjectRegistryManager.java:944)
	at org.eclipse.m2e.core.internal.project.registry.ProjectRegistryManager.create(ProjectRegistryManager.java:219)
	at org.eclipse.m2e.core.internal.project.registry.MavenProjectManager.create(MavenProjectManager.java:105)
	at org.eclipse.m2e.core.ui.internal.actions.SelectionUtil.getMavenProject(SelectionUtil.java:239)
	at org.eclipse.m2e.editor.pom.MavenPomEditor.readMavenProject(MavenPomEditor.java:709)
	at org.eclipse.m2e.editor.pom.MavenPomEditor$4.run(MavenPomEditor.java:1029)
	at org.eclipse.core.internal.jobs.Worker.run(Worker.java:63)
2026-07-26 02:54:09,953 [Worker-28: reload maven project] ERROR o.e.m2e.editor.pom.MavenPomEditor - failed to load maven project for org.eclipse.ui.part.FileEditorInput(/userRegistry/pom.xml)
org.eclipse.core.runtime.CoreException: Could not read maven project
	at org.eclipse.m2e.core.internal.project.registry.ProjectRegistryManager.readProjectWithDependencies(ProjectRegistryManager.java:922)
	at org.eclipse.m2e.core.internal.project.registry.MavenProjectCache$CacheLine.lambda$1(MavenProjectCache.java:192)
	at java.base/java.util.concurrent.ConcurrentHashMap.computeIfAbsent(ConcurrentHashMap.java:1724)
	at org.eclipse.m2e.core.internal.project.registry.MavenProjectCache$CacheLine.getProject(MavenProjectCache.java:191)
	at org.eclipse.m2e.core.internal.project.registry.MavenProjectCache.getMavenProject(MavenProjectCache.java:105)
	at org.eclipse.m2e.core.internal.project.registry.ProjectRegistryManager.lambda$24(ProjectRegistryManager.java:1106)
	at java.base/java.util.Map.computeIfAbsent(Map.java:1067)
	at org.eclipse.m2e.core.internal.project.registry.ProjectRegistryManager.getMavenProject(ProjectRegistryManager.java:1105)
	at org.eclipse.m2e.core.internal.project.registry.MavenProjectFacade.getMavenProject(MavenProjectFacade.java:290)
	at org.eclipse.m2e.core.ui.internal.actions.SelectionUtil.getMavenProject(SelectionUtil.java:241)
	at org.eclipse.m2e.editor.pom.MavenPomEditor.readMavenProject(MavenPomEditor.java:709)
	at org.eclipse.m2e.editor.pom.MavenPomEditor$4.run(MavenPomEditor.java:1029)
	at org.eclipse.core.internal.jobs.Worker.run(Worker.java:63)
2026-07-26 02:54:41,476 [Worker-27: reload maven project] ERROR o.e.m2e.editor.pom.MavenPomEditor - failed to load maven project for org.eclipse.ui.part.FileEditorInput(/shop-service/pom.xml)
org.eclipse.core.runtime.CoreException: Could not read maven project
	at org.eclipse.m2e.core.internal.project.registry.ProjectRegistryManager.readProjectWithDependencies(ProjectRegistryManager.java:922)
	at org.eclipse.m2e.core.internal.project.registry.MavenProjectCache$CacheLine.lambda$1(MavenProjectCache.java:192)
	at java.base/java.util.concurrent.ConcurrentHashMap.computeIfAbsent(ConcurrentHashMap.java:1724)
	at org.eclipse.m2e.core.internal.project.registry.MavenProjectCache$CacheLine.getProject(MavenProjectCache.java:191)
	at org.eclipse.m2e.core.internal.project.registry.MavenProjectCache.getMavenProject(MavenProjectCache.java:105)
	at org.eclipse.m2e.core.internal.project.registry.ProjectRegistryManager.lambda$24(ProjectRegistryManager.java:1106)
	at java.base/java.util.Map.computeIfAbsent(Map.java:1067)
	at org.eclipse.m2e.core.internal.project.registry.ProjectRegistryManager.getMavenProject(ProjectRegistryManager.java:1105)
	at org.eclipse.m2e.core.internal.project.registry.MavenProjectFacade.getMavenProject(MavenProjectFacade.java:290)
	at org.eclipse.m2e.core.ui.internal.actions.SelectionUtil.getMavenProject(SelectionUtil.java:241)
	at org.eclipse.m2e.editor.pom.MavenPomEditor.readMavenProject(MavenPomEditor.java:709)
	at org.eclipse.m2e.editor.pom.MavenPomEditor$4.run(MavenPomEditor.java:1029)
	at org.eclipse.core.internal.jobs.Worker.run(Worker.java:63)
2026-07-26 02:55:13,193 [Worker-31: reload maven project] WARN  o.e.m.c.i.embedder.EclipseLogger - The POM for com.whoami:locato-constants:jar:1.0.0 is missing, no dependency information available
2026-07-26 02:55:34,275 [Worker-30: reload maven project] ERROR o.e.m.c.i.p.r.ProjectRegistryManager - Failed to read Maven project: Some problems were encountered while processing the POMs:
[FATAL] Non-resolvable parent POM for com.whoami:OrderService:1.0.0: The following artifacts could not be resolved: com.locato:locato-parent:pom:1.0.0 (absent): com.locato:locato-parent:pom:1.0.0 was not found in https://repo.maven.apache.org/maven2 during a previous attempt. This failure was cached in the local repository and resolution is not reattempted until the update interval of central has elapsed or updates are forced and 'parent.relativePath' points at wrong local POM @ line 9, column 13

org.apache.maven.project.ProjectBuildingException: Some problems were encountered while processing the POMs:
[FATAL] Non-resolvable parent POM for com.whoami:OrderService:1.0.0: The following artifacts could not be resolved: com.locato:locato-parent:pom:1.0.0 (absent): com.locato:locato-parent:pom:1.0.0 was not found in https://repo.maven.apache.org/maven2 during a previous attempt. This failure was cached in the local repository and resolution is not reattempted until the update interval of central has elapsed or updates are forced and 'parent.relativePath' points at wrong local POM @ line 9, column 13

	at org.eclipse.m2e.core.internal.IMavenToolbox.readMavenProjects(IMavenToolbox.java:140)
	at org.eclipse.m2e.core.internal.project.registry.ProjectRegistryManager.lambda$22(ProjectRegistryManager.java:948)
	at org.eclipse.m2e.core.internal.embedder.MavenExecutionContext.executeBare(MavenExecutionContext.java:462)
	at org.eclipse.m2e.core.internal.embedder.MavenExecutionContext.execute(MavenExecutionContext.java:342)
	at org.eclipse.m2e.core.internal.embedder.MavenExecutionContext.execute(MavenExecutionContext.java:281)
	at org.eclipse.m2e.core.internal.project.registry.ProjectRegistryManager.readProjectsWithDependencies(ProjectRegistryManager.java:944)
	at org.eclipse.m2e.core.internal.project.registry.ProjectRegistryManager.create(ProjectRegistryManager.java:219)
	at org.eclipse.m2e.core.internal.project.registry.MavenProjectManager.create(MavenProjectManager.java:105)
	at org.eclipse.m2e.core.ui.internal.actions.SelectionUtil.getMavenProject(SelectionUtil.java:239)
	at org.eclipse.m2e.editor.pom.MavenPomEditor.readMavenProject(MavenPomEditor.java:709)
	at org.eclipse.m2e.editor.pom.MavenPomEditor$4.run(MavenPomEditor.java:1029)
	at org.eclipse.core.internal.jobs.Worker.run(Worker.java:63)
2026-07-26 02:55:42,077 [Worker-29: reload maven project] ERROR o.e.m2e.editor.pom.MavenPomEditor - failed to load maven project for org.eclipse.ui.part.FileEditorInput(/OrderService/pom.xml)
org.eclipse.core.runtime.CoreException: Could not read maven project
	at org.eclipse.m2e.core.internal.project.registry.ProjectRegistryManager.readProjectWithDependencies(ProjectRegistryManager.java:922)
	at org.eclipse.m2e.core.internal.project.registry.MavenProjectCache$CacheLine.lambda$1(MavenProjectCache.java:192)
	at java.base/java.util.concurrent.ConcurrentHashMap.computeIfAbsent(ConcurrentHashMap.java:1724)
	at org.eclipse.m2e.core.internal.project.registry.MavenProjectCache$CacheLine.getProject(MavenProjectCache.java:191)
	at org.eclipse.m2e.core.internal.project.registry.MavenProjectCache.getMavenProject(MavenProjectCache.java:105)
	at org.eclipse.m2e.core.internal.project.registry.ProjectRegistryManager.lambda$24(ProjectRegistryManager.java:1106)
	at java.base/java.util.Map.computeIfAbsent(Map.java:1067)
	at org.eclipse.m2e.core.internal.project.registry.ProjectRegistryManager.getMavenProject(ProjectRegistryManager.java:1105)
	at org.eclipse.m2e.core.internal.project.registry.MavenProjectFacade.getMavenProject(MavenProjectFacade.java:290)
	at org.eclipse.m2e.core.ui.internal.actions.SelectionUtil.getMavenProject(SelectionUtil.java:241)
	at org.eclipse.m2e.editor.pom.MavenPomEditor.readMavenProject(MavenPomEditor.java:709)
	at org.eclipse.m2e.editor.pom.MavenPomEditor$4.run(MavenPomEditor.java:1029)
	at org.eclipse.core.internal.jobs.Worker.run(Worker.java:63)
2026-07-26 02:56:13,662 [Worker-32: reload maven project] ERROR o.e.m.c.i.p.r.ProjectRegistryManager - Failed to read Maven project: Some problems were encountered while processing the POMs:
[FATAL] Non-resolvable parent POM for com.whoami:notification-service:1.0.0: The following artifacts could not be resolved: com.locato:locato-parent:pom:1.0.0 (absent): com.locato:locato-parent:pom:1.0.0 was not found in https://repo.maven.apache.org/maven2 during a previous attempt. This failure was cached in the local repository and resolution is not reattempted until the update interval of central has elapsed or updates are forced and 'parent.relativePath' points at wrong local POM @ line 9, column 13

org.apache.maven.project.ProjectBuildingException: Some problems were encountered while processing the POMs:
[FATAL] Non-resolvable parent POM for com.whoami:notification-service:1.0.0: The following artifacts could not be resolved: com.locato:locato-parent:pom:1.0.0 (absent): com.locato:locato-parent:pom:1.0.0 was not found in https://repo.maven.apache.org/maven2 during a previous attempt. This failure was cached in the local repository and resolution is not reattempted until the update interval of central has elapsed or updates are forced and 'parent.relativePath' points at wrong local POM @ line 9, column 13

	at org.eclipse.m2e.core.internal.IMavenToolbox.readMavenProjects(IMavenToolbox.java:140)
	at org.eclipse.m2e.core.internal.project.registry.ProjectRegistryManager.lambda$22(ProjectRegistryManager.java:948)
	at org.eclipse.m2e.core.internal.embedder.MavenExecutionContext.executeBare(MavenExecutionContext.java:462)
	at org.eclipse.m2e.core.internal.embedder.MavenExecutionContext.execute(MavenExecutionContext.java:342)
	at org.eclipse.m2e.core.internal.embedder.MavenExecutionContext.execute(MavenExecutionContext.java:281)
	at org.eclipse.m2e.core.internal.project.registry.ProjectRegistryManager.readProjectsWithDependencies(ProjectRegistryManager.java:944)
	at org.eclipse.m2e.core.internal.project.registry.ProjectRegistryManager.create(ProjectRegistryManager.java:219)
	at org.eclipse.m2e.core.internal.project.registry.MavenProjectManager.create(MavenProjectManager.java:105)
	at org.eclipse.m2e.core.ui.internal.actions.SelectionUtil.getMavenProject(SelectionUtil.java:239)
	at org.eclipse.m2e.editor.pom.MavenPomEditor.readMavenProject(MavenPomEditor.java:709)
	at org.eclipse.m2e.editor.pom.MavenPomEditor$4.run(MavenPomEditor.java:1029)
	at org.eclipse.core.internal.jobs.Worker.run(Worker.java:63)
2026-07-26 02:56:25,218 [Worker-31: reload maven project] ERROR o.e.m2e.editor.pom.MavenPomEditor - failed to load maven project for org.eclipse.ui.part.FileEditorInput(/Notification-Service/pom.xml)
org.eclipse.core.runtime.CoreException: Could not read maven project
	at org.eclipse.m2e.core.internal.project.registry.ProjectRegistryManager.readProjectWithDependencies(ProjectRegistryManager.java:922)
	at org.eclipse.m2e.core.internal.project.registry.MavenProjectCache$CacheLine.lambda$1(MavenProjectCache.java:192)
	at java.base/java.util.concurrent.ConcurrentHashMap.computeIfAbsent(ConcurrentHashMap.java:1724)
	at org.eclipse.m2e.core.internal.project.registry.MavenProjectCache$CacheLine.getProject(MavenProjectCache.java:191)
	at org.eclipse.m2e.core.internal.project.registry.MavenProjectCache.getMavenProject(MavenProjectCache.java:105)
	at org.eclipse.m2e.core.internal.project.registry.ProjectRegistryManager.lambda$24(ProjectRegistryManager.java:1106)
	at java.base/java.util.Map.computeIfAbsent(Map.java:1067)
	at org.eclipse.m2e.core.internal.project.registry.ProjectRegistryManager.getMavenProject(ProjectRegistryManager.java:1105)
	at org.eclipse.m2e.core.internal.project.registry.MavenProjectFacade.getMavenProject(MavenProjectFacade.java:290)
	at org.eclipse.m2e.core.ui.internal.actions.SelectionUtil.getMavenProject(SelectionUtil.java:241)
	at org.eclipse.m2e.editor.pom.MavenPomEditor.readMavenProject(MavenPomEditor.java:709)
	at org.eclipse.m2e.editor.pom.MavenPomEditor$4.run(MavenPomEditor.java:1029)
	at org.eclipse.core.internal.jobs.Worker.run(Worker.java:63)
2026-07-26 02:56:34,245 [Worker-28: reload maven project] ERROR o.e.m.c.i.p.r.ProjectRegistryManager - Failed to read Maven project: Some problems were encountered while processing the POMs:
[FATAL] Non-resolvable parent POM for com.whoami:gateway:0.0.1-SNAPSHOT: The following artifacts could not be resolved: com.locato:locato-parent:pom:1.0.0 (absent): com.locato:locato-parent:pom:1.0.0 was not found in https://repo.maven.apache.org/maven2 during a previous attempt. This failure was cached in the local repository and resolution is not reattempted until the update interval of central has elapsed or updates are forced and 'parent.relativePath' points at wrong local POM @ line 9, column 13

org.apache.maven.project.ProjectBuildingException: Some problems were encountered while processing the POMs:
[FATAL] Non-resolvable parent POM for com.whoami:gateway:0.0.1-SNAPSHOT: The following artifacts could not be resolved: com.locato:locato-parent:pom:1.0.0 (absent): com.locato:locato-parent:pom:1.0.0 was not found in https://repo.maven.apache.org/maven2 during a previous attempt. This failure was cached in the local repository and resolution is not reattempted until the update interval of central has elapsed or updates are forced and 'parent.relativePath' points at wrong local POM @ line 9, column 13

	at org.eclipse.m2e.core.internal.IMavenToolbox.readMavenProjects(IMavenToolbox.java:140)
	at org.eclipse.m2e.core.internal.project.registry.ProjectRegistryManager.lambda$22(ProjectRegistryManager.java:948)
	at org.eclipse.m2e.core.internal.embedder.MavenExecutionContext.executeBare(MavenExecutionContext.java:462)
	at org.eclipse.m2e.core.internal.embedder.MavenExecutionContext.execute(MavenExecutionContext.java:342)
	at org.eclipse.m2e.core.internal.embedder.MavenExecutionContext.execute(MavenExecutionContext.java:281)
	at org.eclipse.m2e.core.internal.project.registry.ProjectRegistryManager.readProjectsWithDependencies(ProjectRegistryManager.java:944)
	at org.eclipse.m2e.core.internal.project.registry.ProjectRegistryManager.create(ProjectRegistryManager.java:219)
	at org.eclipse.m2e.core.internal.project.registry.MavenProjectManager.create(MavenProjectManager.java:105)
	at org.eclipse.m2e.core.ui.internal.actions.SelectionUtil.getMavenProject(SelectionUtil.java:239)
	at org.eclipse.m2e.editor.pom.MavenPomEditor.readMavenProject(MavenPomEditor.java:709)
	at org.eclipse.m2e.editor.pom.MavenPomEditor$4.run(MavenPomEditor.java:1029)
	at org.eclipse.core.internal.jobs.Worker.run(Worker.java:63)
2026-07-26 02:56:42,995 [Worker-29: reload maven project] ERROR o.e.m2e.editor.pom.MavenPomEditor - failed to load maven project for org.eclipse.ui.part.FileEditorInput(/Gateway/pom.xml)
org.eclipse.core.runtime.CoreException: Could not read maven project
	at org.eclipse.m2e.core.internal.project.registry.ProjectRegistryManager.readProjectWithDependencies(ProjectRegistryManager.java:922)
	at org.eclipse.m2e.core.internal.project.registry.MavenProjectCache$CacheLine.lambda$1(MavenProjectCache.java:192)
	at java.base/java.util.concurrent.ConcurrentHashMap.computeIfAbsent(ConcurrentHashMap.java:1724)
	at org.eclipse.m2e.core.internal.project.registry.MavenProjectCache$CacheLine.getProject(MavenProjectCache.java:191)
	at org.eclipse.m2e.core.internal.project.registry.MavenProjectCache.getMavenProject(MavenProjectCache.java:105)
	at org.eclipse.m2e.core.internal.project.registry.ProjectRegistryManager.lambda$24(ProjectRegistryManager.java:1106)
	at java.base/java.util.Map.computeIfAbsent(Map.java:1067)
	at org.eclipse.m2e.core.internal.project.registry.ProjectRegistryManager.getMavenProject(ProjectRegistryManager.java:1105)
	at org.eclipse.m2e.core.internal.project.registry.MavenProjectFacade.getMavenProject(MavenProjectFacade.java:290)
	at org.eclipse.m2e.core.ui.internal.actions.SelectionUtil.getMavenProject(SelectionUtil.java:241)
	at org.eclipse.m2e.editor.pom.MavenPomEditor.readMavenProject(MavenPomEditor.java:709)
	at org.eclipse.m2e.editor.pom.MavenPomEditor$4.run(MavenPomEditor.java:1029)
	at org.eclipse.core.internal.jobs.Worker.run(Worker.java:63)
2026-07-26 03:00:52,585 [Worker-34: reload maven project] ERROR o.e.m2e.editor.pom.MavenPomEditor - failed to load maven project for org.eclipse.ui.part.FileEditorInput(/SuperUSer/pom.xml)
org.eclipse.core.runtime.CoreException: Could not read maven project
	at org.eclipse.m2e.core.internal.project.registry.ProjectRegistryManager.readProjectWithDependencies(ProjectRegistryManager.java:922)
	at org.eclipse.m2e.core.internal.project.registry.MavenProjectCache$CacheLine.lambda$1(MavenProjectCache.java:192)
	at java.base/java.util.concurrent.ConcurrentHashMap.computeIfAbsent(ConcurrentHashMap.java:1724)
	at org.eclipse.m2e.core.internal.project.registry.MavenProjectCache$CacheLine.getProject(MavenProjectCache.java:191)
	at org.eclipse.m2e.core.internal.project.registry.MavenProjectCache.getMavenProject(MavenProjectCache.java:105)
	at org.eclipse.m2e.core.internal.project.registry.ProjectRegistryManager.lambda$24(ProjectRegistryManager.java:1106)
	at java.base/java.util.Map.computeIfAbsent(Map.java:1067)
	at org.eclipse.m2e.core.internal.project.registry.ProjectRegistryManager.getMavenProject(ProjectRegistryManager.java:1105)
	at org.eclipse.m2e.core.internal.project.registry.MavenProjectFacade.getMavenProject(MavenProjectFacade.java:290)
	at org.eclipse.m2e.core.ui.internal.actions.SelectionUtil.getMavenProject(SelectionUtil.java:241)
	at org.eclipse.m2e.editor.pom.MavenPomEditor.readMavenProject(MavenPomEditor.java:709)
	at org.eclipse.m2e.editor.pom.MavenPomEditor$4.run(MavenPomEditor.java:1029)
	at org.eclipse.core.internal.jobs.Worker.run(Worker.java:63)
2026-07-26 03:02:48,962 [Worker-34: reload maven project] ERROR o.e.m2e.editor.pom.MavenPomEditor - failed to load maven project for org.eclipse.ui.part.FileEditorInput(/OrderService/pom.xml)
org.eclipse.core.runtime.CoreException: Could not read maven project
	at org.eclipse.m2e.core.internal.project.registry.ProjectRegistryManager.readProjectWithDependencies(ProjectRegistryManager.java:922)
	at org.eclipse.m2e.core.internal.project.registry.MavenProjectCache$CacheLine.lambda$1(MavenProjectCache.java:192)
	at java.base/java.util.concurrent.ConcurrentHashMap.computeIfAbsent(ConcurrentHashMap.java:1724)
	at org.eclipse.m2e.core.internal.project.registry.MavenProjectCache$CacheLine.getProject(MavenProjectCache.java:191)
	at org.eclipse.m2e.core.internal.project.registry.MavenProjectCache.getMavenProject(MavenProjectCache.java:105)
	at org.eclipse.m2e.core.internal.project.registry.ProjectRegistryManager.lambda$24(ProjectRegistryManager.java:1106)
	at java.base/java.util.Map.computeIfAbsent(Map.java:1067)
	at org.eclipse.m2e.core.internal.project.registry.ProjectRegistryManager.getMavenProject(ProjectRegistryManager.java:1105)
	at org.eclipse.m2e.core.internal.project.registry.MavenProjectFacade.getMavenProject(MavenProjectFacade.java:290)
	at org.eclipse.m2e.core.ui.internal.actions.SelectionUtil.getMavenProject(SelectionUtil.java:241)
	at org.eclipse.m2e.editor.pom.MavenPomEditor.readMavenProject(MavenPomEditor.java:709)
	at org.eclipse.m2e.editor.pom.MavenPomEditor$4.run(MavenPomEditor.java:1029)
	at org.eclipse.core.internal.jobs.Worker.run(Worker.java:63)
2026-07-26 03:22:35,266 [Worker-1: Loading available Gradle versions] INFO  o.e.b.c.i.u.g.PublishedGradleVersions - Gradle version information cache is up-to-date. Trying to read.
2026-07-26 03:22:39,069 [Worker-2: reload maven project] ERROR o.e.m2e.editor.pom.MavenPomEditor - failed to load maven project for org.eclipse.ui.part.FileEditorInput(/service-registery/pom.xml)
org.eclipse.core.runtime.CoreException: Could not read maven project
	at org.eclipse.m2e.core.internal.project.registry.ProjectRegistryManager.readProjectWithDependencies(ProjectRegistryManager.java:922)
	at org.eclipse.m2e.core.internal.project.registry.MavenProjectCache$CacheLine.lambda$1(MavenProjectCache.java:192)
	at java.base/java.util.concurrent.ConcurrentHashMap.computeIfAbsent(ConcurrentHashMap.java:1724)
	at org.eclipse.m2e.core.internal.project.registry.MavenProjectCache$CacheLine.getProject(MavenProjectCache.java:191)
	at org.eclipse.m2e.core.internal.project.registry.MavenProjectCache.getMavenProject(MavenProjectCache.java:105)
	at org.eclipse.m2e.core.internal.project.registry.ProjectRegistryManager.lambda$24(ProjectRegistryManager.java:1106)
	at java.base/java.util.Map.computeIfAbsent(Map.java:1067)
	at org.eclipse.m2e.core.internal.project.registry.ProjectRegistryManager.getMavenProject(ProjectRegistryManager.java:1105)
	at org.eclipse.m2e.core.internal.project.registry.MavenProjectFacade.getMavenProject(MavenProjectFacade.java:290)
	at org.eclipse.m2e.core.ui.internal.actions.SelectionUtil.getMavenProject(SelectionUtil.java:241)
	at org.eclipse.m2e.editor.pom.MavenPomEditor.readMavenProject(MavenPomEditor.java:709)
	at org.eclipse.m2e.editor.pom.MavenPomEditor$4.run(MavenPomEditor.java:1029)
	at org.eclipse.core.internal.jobs.Worker.run(Worker.java:63)
2026-07-26 03:23:23,617 [Worker-10: reload maven project] ERROR o.e.m2e.editor.pom.MavenPomEditor - failed to load maven project for org.eclipse.ui.part.FileEditorInput(/userRegistry/pom.xml)
org.eclipse.core.runtime.CoreException: Could not read maven project
	at org.eclipse.m2e.core.internal.project.registry.ProjectRegistryManager.readProjectWithDependencies(ProjectRegistryManager.java:922)
	at org.eclipse.m2e.core.internal.project.registry.MavenProjectCache$CacheLine.lambda$1(MavenProjectCache.java:192)
	at java.base/java.util.concurrent.ConcurrentHashMap.computeIfAbsent(ConcurrentHashMap.java:1724)
	at org.eclipse.m2e.core.internal.project.registry.MavenProjectCache$CacheLine.getProject(MavenProjectCache.java:191)
	at org.eclipse.m2e.core.internal.project.registry.MavenProjectCache.getMavenProject(MavenProjectCache.java:105)
	at org.eclipse.m2e.core.internal.project.registry.ProjectRegistryManager.lambda$24(ProjectRegistryManager.java:1106)
	at java.base/java.util.Map.computeIfAbsent(Map.java:1067)
	at org.eclipse.m2e.core.internal.project.registry.ProjectRegistryManager.getMavenProject(ProjectRegistryManager.java:1105)
	at org.eclipse.m2e.core.internal.project.registry.MavenProjectFacade.getMavenProject(MavenProjectFacade.java:290)
	at org.eclipse.m2e.core.ui.internal.actions.SelectionUtil.getMavenProject(SelectionUtil.java:241)
	at org.eclipse.m2e.editor.pom.MavenPomEditor.readMavenProject(MavenPomEditor.java:709)
	at org.eclipse.m2e.editor.pom.MavenPomEditor$4.run(MavenPomEditor.java:1029)
	at org.eclipse.core.internal.jobs.Worker.run(Worker.java:63)
2026-07-26 04:30:16,217 [Worker-18: Updating Maven Dependencies] INFO  o.e.m.c.i.l.LifecycleMappingFactory - Using org.eclipse.m2e.jdt.JarLifecycleMapping lifecycle mapping for MavenProject: com.locato:locato-constants:1.0.0 @ C:\Users\user\Desktop\locato\Locato-constants\pom.xml.
2026-07-26 09:26:02,404 [Worker-131: reload maven project] INFO  o.e.m.c.i.p.WorkspaceClassifierResolverManager - Resolving P/Locato-constants: com.locato:locato-constants:1.0.0 with classifier  to /Locato-constants/target/classes
2026-07-26 09:27:16,256 [Worker-139: Check for devtools] INFO  o.e.m.c.i.p.WorkspaceClassifierResolverManager - Resolving P/Locato-constants: com.locato:locato-constants:1.0.0 with classifier  to /Locato-constants/target/classes
2026-07-26 09:27:28,240 [Worker-140: Updating Maven Project] INFO  o.e.m.c.i.p.ProjectConfigurationManager - Update started
2026-07-26 09:27:28,687 [Worker-140: Updating Maven Project] INFO  o.e.m.c.i.l.LifecycleMappingFactory - Using org.eclipse.m2e.jdt.JarLifecycleMapping lifecycle mapping for MavenProject: com.whoami:SuperUser:1.0.0 @ C:\Users\user\Desktop\locato\SuperUSer\pom.xml.
2026-07-26 09:27:29,634 [Worker-140: Updating Maven Project] INFO  o.e.m.c.i.p.WorkspaceClassifierResolverManager - Resolving P/Locato-constants: com.locato:locato-constants:1.0.0 with classifier  to /Locato-constants/target/classes
2026-07-26 09:27:30,972 [Worker-140: Updating Maven Project] INFO  o.e.m.j.i.AbstractJavaProjectConfigurator - Adding source folder /SuperUSer/src/main/java
2026-07-26 09:27:30,976 [Worker-140: Updating Maven Project] INFO  o.e.m.j.i.AbstractJavaProjectConfigurator - Adding resource folder /SuperUSer/src/main/resources
2026-07-26 09:27:30,978 [Worker-140: Updating Maven Project] INFO  o.e.m.j.i.AbstractJavaProjectConfigurator - Adding source folder /SuperUSer/src/test/java
2026-07-26 09:27:30,979 [Worker-140: Updating Maven Project] INFO  o.e.m.j.i.AbstractJavaProjectConfigurator - Adding resource folder /SuperUSer/src/test/resources
2026-07-26 09:27:31,867 [Worker-140: Updating Maven Project] WARN  o.apache.maven.project.MavenProject - Plugin is modifying compileSourceRoots through clear(), which will not work in Maven 4.0.0. Use MavenProject.addCompileSourceRoot()/removeCompileSourceRoot() methods instead. If using a plugin, please upgrade to the latest version or report the issue to the plugin maintainer. To disable these warnings, set -Dmaven.project.sourceRoots.warningsDisabled=true on the command line, in the .mvn/maven.config file, or in project POM properties.
2026-07-26 09:27:31,868 [Worker-140: Updating Maven Project] WARN  o.apache.maven.project.MavenProject - Plugin is modifying compileSourceRoots through add(), which will not work in Maven 4.0.0. Use MavenProject.addCompileSourceRoot()/removeCompileSourceRoot() methods instead. If using a plugin, please upgrade to the latest version or report the issue to the plugin maintainer. To disable these warnings, set -Dmaven.project.sourceRoots.warningsDisabled=true on the command line, in the .mvn/maven.config file, or in project POM properties.
2026-07-26 09:27:31,869 [Worker-140: Updating Maven Project] WARN  o.apache.maven.project.MavenProject - Plugin is modifying testCompileSourceRoots through clear(), which will not work in Maven 4.0.0. Use MavenProject.addTestCompileSourceRoot()/removeTestCompileSourceRoot() methods instead. If using a plugin, please upgrade to the latest version or report the issue to the plugin maintainer. To disable these warnings, set -Dmaven.project.sourceRoots.warningsDisabled=true on the command line, in the .mvn/maven.config file, or in project POM properties.
2026-07-26 09:27:31,870 [Worker-140: Updating Maven Project] WARN  o.apache.maven.project.MavenProject - Plugin is modifying testCompileSourceRoots through add(), which will not work in Maven 4.0.0. Use MavenProject.addTestCompileSourceRoot()/removeTestCompileSourceRoot() methods instead. If using a plugin, please upgrade to the latest version or report the issue to the plugin maintainer. To disable these warnings, set -Dmaven.project.sourceRoots.warningsDisabled=true on the command line, in the .mvn/maven.config file, or in project POM properties.
2026-07-26 09:27:32,398 [Worker-140: Updating Maven Project] INFO  o.e.m.c.i.p.ProjectConfigurationManager - Update completed for 1 poms: local refresh takes 0.00 sec, refresh facades takes 2.00 sec, update config takes 1.00 sec 
2026-07-27 03:46:26,431 [Worker-2: Loading available Gradle versions] INFO  o.e.b.c.i.u.g.PublishedGradleVersions - Gradle version information cache is out-of-date. Trying to update.
2026-07-27 06:02:54,644 [Worker-111: reload maven project] INFO  o.e.m.c.i.p.WorkspaceClassifierResolverManager - Resolving P/Locato-constants: com.locato:locato-constants:1.0.0 with classifier  to /Locato-constants/target/classes
2026-07-27 06:17:50,001 [Worker-120: reload maven project] INFO  o.e.m.c.i.p.WorkspaceClassifierResolverManager - Resolving P/Locato-constants: com.locato:locato-constants:1.0.0 with classifier  to /Locato-constants/target/classes
2026-07-27 06:18:00,714 [Worker-120: reload maven project] INFO  o.e.m.c.i.p.WorkspaceClassifierResolverManager - Resolving P/Locato-constants: com.locato:locato-constants:1.0.0 with classifier  to /Locato-constants/target/classes
2026-07-27 06:18:02,434 [Worker-120: reload maven project] INFO  o.e.m.c.i.p.WorkspaceClassifierResolverManager - Resolving P/Locato-constants: com.locato:locato-constants:1.0.0 with classifier  to /Locato-constants/target/classes
2026-07-27 06:18:12,413 [Worker-121: reload maven project] INFO  o.e.m.c.i.p.WorkspaceClassifierResolverManager - Resolving P/Locato-constants: com.locato:locato-constants:1.0.0 with classifier  to /Locato-constants/target/classes
2026-07-27 06:18:32,622 [Worker-121: reload maven project] INFO  o.e.m.c.i.p.WorkspaceClassifierResolverManager - Resolving P/Locato-constants: com.locato:locato-constants:1.0.0 with classifier  to /Locato-constants/target/classes
2026-07-27 06:18:34,846 [Worker-121: reload maven project] INFO  o.e.m.c.i.p.WorkspaceClassifierResolverManager - Resolving P/Locato-constants: com.locato:locato-constants:1.0.0 with classifier  to /Locato-constants/target/classes
2026-07-27 08:12:23,602 [Worker-139: Launching Servicechat - ServicechatApplication] INFO  o.e.m.c.i.l.LifecycleMappingFactory - Using org.eclipse.m2e.jdt.JarLifecycleMapping lifecycle mapping for MavenProject: com.whoami:Servicechat:1.0.0 @ C:\Users\user\Desktop\locato\Servicechat\pom.xml.
2026-07-27 08:12:24,652 [Worker-139: Launching Servicechat - ServicechatApplication] INFO  o.e.m.c.i.p.WorkspaceClassifierResolverManager - Resolving P/Locato-constants: com.locato:locato-constants:1.0.0 with classifier  to /Locato-constants/target/classes
2026-07-27 08:12:25,740 [Worker-139: Launching Servicechat - ServicechatApplication] INFO  o.a.m.s.f.DefaultMavenResourcesFiltering - Copying 1 resource from src\main\resources to target\classes
2026-07-27 08:12:25,755 [Worker-139: Launching Servicechat - ServicechatApplication] INFO  o.a.m.s.f.DefaultMavenResourcesFiltering - skip non existing resourceDirectory C:\Users\user\Desktop\locato\Servicechat\src\test\resources
2026-07-27 08:12:26,208 [Worker-139: Launching Servicechat - ServicechatApplication] WARN  o.apache.maven.project.MavenProject - Plugin is modifying compileSourceRoots through clear(), which will not work in Maven 4.0.0. Use MavenProject.addCompileSourceRoot()/removeCompileSourceRoot() methods instead. If using a plugin, please upgrade to the latest version or report the issue to the plugin maintainer. To disable these warnings, set -Dmaven.project.sourceRoots.warningsDisabled=true on the command line, in the .mvn/maven.config file, or in project POM properties.
2026-07-27 08:12:26,209 [Worker-139: Launching Servicechat - ServicechatApplication] WARN  o.apache.maven.project.MavenProject - Plugin is modifying compileSourceRoots through add(), which will not work in Maven 4.0.0. Use MavenProject.addCompileSourceRoot()/removeCompileSourceRoot() methods instead. If using a plugin, please upgrade to the latest version or report the issue to the plugin maintainer. To disable these warnings, set -Dmaven.project.sourceRoots.warningsDisabled=true on the command line, in the .mvn/maven.config file, or in project POM properties.
2026-07-27 08:12:26,210 [Worker-139: Launching Servicechat - ServicechatApplication] WARN  o.apache.maven.project.MavenProject - Plugin is modifying testCompileSourceRoots through clear(), which will not work in Maven 4.0.0. Use MavenProject.addTestCompileSourceRoot()/removeTestCompileSourceRoot() methods instead. If using a plugin, please upgrade to the latest version or report the issue to the plugin maintainer. To disable these warnings, set -Dmaven.project.sourceRoots.warningsDisabled=true on the command line, in the .mvn/maven.config file, or in project POM properties.
2026-07-27 08:12:26,210 [Worker-139: Launching Servicechat - ServicechatApplication] WARN  o.apache.maven.project.MavenProject - Plugin is modifying testCompileSourceRoots through add(), which will not work in Maven 4.0.0. Use MavenProject.addTestCompileSourceRoot()/removeTestCompileSourceRoot() methods instead. If using a plugin, please upgrade to the latest version or report the issue to the plugin maintainer. To disable these warnings, set -Dmaven.project.sourceRoots.warningsDisabled=true on the command line, in the .mvn/maven.config file, or in project POM properties.
2026-07-27 08:15:22,040 [Worker-158: Launching Executing clean in C__Users_user_Desktop_locato_OrderService] INFO  o.eclipse.m2e.core.internal.Bundles - getClasspathEntries(Bundle=org.eclipse.m2e.maven.runtime_3.9.1600.20260522-0510 [365])
2026-07-27 08:15:22,043 [Worker-158: Launching Executing clean in C__Users_user_Desktop_locato_OrderService] INFO  o.eclipse.m2e.core.internal.Bundles - 	Entry: C:\Users\user\Downloads\spring-tools-for-eclipse-5.2.0.RELEASE-e4.40.0-win32.win32.x86_64\sts-5.2.0.RELEASE\plugins\org.eclipse.m2e.maven.runtime_3.9.1600.20260522-0510
2026-07-27 08:15:22,043 [Worker-158: Launching Executing clean in C__Users_user_Desktop_locato_OrderService] INFO  o.eclipse.m2e.core.internal.Bundles - 	Entry: C:\Users\user\Downloads\spring-tools-for-eclipse-5.2.0.RELEASE-e4.40.0-win32.win32.x86_64\sts-5.2.0.RELEASE\plugins\org.eclipse.m2e.maven.runtime_3.9.1600.20260522-0510\jars\aopalliance-1.0.jar
2026-07-27 08:15:22,043 [Worker-158: Launching Executing clean in C__Users_user_Desktop_locato_OrderService] INFO  o.eclipse.m2e.core.internal.Bundles - 	Entry: C:\Users\user\Downloads\spring-tools-for-eclipse-5.2.0.RELEASE-e4.40.0-win32.win32.x86_64\sts-5.2.0.RELEASE\plugins\org.eclipse.m2e.maven.runtime_3.9.1600.20260522-0510\jars\asm-9.9.1.jar
2026-07-27 08:15:22,044 [Worker-158: Launching Executing clean in C__Users_user_Desktop_locato_OrderService] INFO  o.eclipse.m2e.core.internal.Bundles - 	Entry: C:\Users\user\Downloads\spring-tools-for-eclipse-5.2.0.RELEASE-e4.40.0-win32.win32.x86_64\sts-5.2.0.RELEASE\plugins\org.eclipse.m2e.maven.runtime_3.9.1600.20260522-0510\jars\error_prone_annotations-2.41.0.jar
2026-07-27 08:15:22,044 [Worker-158: Launching Executing clean in C__Users_user_Desktop_locato_OrderService] INFO  o.eclipse.m2e.core.internal.Bundles - 	Entry: C:\Users\user\Downloads\spring-tools-for-eclipse-5.2.0.RELEASE-e4.40.0-win32.win32.x86_64\sts-5.2.0.RELEASE\plugins\org.eclipse.m2e.maven.runtime_3.9.1600.20260522-0510\jars\gson-2.13.2.jar
2026-07-27 08:15:22,044 [Worker-158: Launching Executing clean in C__Users_user_Desktop_locato_OrderService] INFO  o.eclipse.m2e.core.internal.Bundles - 	Entry: C:\Users\user\Downloads\spring-tools-for-eclipse-5.2.0.RELEASE-e4.40.0-win32.win32.x86_64\sts-5.2.0.RELEASE\plugins\org.eclipse.m2e.maven.runtime_3.9.1600.20260522-0510\jars\guice-5.1.0-classes.jar
2026-07-27 08:15:22,044 [Worker-158: Launching Executing clean in C__Users_user_Desktop_locato_OrderService] INFO  o.eclipse.m2e.core.internal.Bundles - 	Entry: C:\Users\user\Downloads\spring-tools-for-eclipse-5.2.0.RELEASE-e4.40.0-win32.win32.x86_64\sts-5.2.0.RELEASE\plugins\org.eclipse.m2e.maven.runtime_3.9.1600.20260522-0510\jars\httpclient-4.5.14.jar
2026-07-27 08:15:22,045 [Worker-158: Launching Executing clean in C__Users_user_Desktop_locato_OrderService] INFO  o.eclipse.m2e.core.internal.Bundles - 	Entry: C:\Users\user\Downloads\spring-tools-for-eclipse-5.2.0.RELEASE-e4.40.0-win32.win32.x86_64\sts-5.2.0.RELEASE\plugins\org.eclipse.m2e.maven.runtime_3.9.1600.20260522-0510\jars\httpcore-4.4.16.jar
2026-07-27 08:15:22,045 [Worker-158: Launching Executing clean in C__Users_user_Desktop_locato_OrderService] INFO  o.eclipse.m2e.core.internal.Bundles - 	Entry: C:\Users\user\Downloads\spring-tools-for-eclipse-5.2.0.RELEASE-e4.40.0-win32.win32.x86_64\sts-5.2.0.RELEASE\plugins\org.eclipse.m2e.maven.runtime_3.9.1600.20260522-0510\jars\jansi-2.4.3.jar
2026-07-27 08:15:22,045 [Worker-158: Launching Executing clean in C__Users_user_Desktop_locato_OrderService] INFO  o.eclipse.m2e.core.internal.Bundles - 	Entry: C:\Users\user\Downloads\spring-tools-for-eclipse-5.2.0.RELEASE-e4.40.0-win32.win32.x86_64\sts-5.2.0.RELEASE\plugins\org.eclipse.m2e.maven.runtime_3.9.1600.20260522-0510\jars\jcl-over-slf4j-1.7.36.jar
2026-07-27 08:15:22,045 [Worker-158: Launching Executing clean in C__Users_user_Desktop_locato_OrderService] INFO  o.eclipse.m2e.core.internal.Bundles - 	Entry: C:\Users\user\Downloads\spring-tools-for-eclipse-5.2.0.RELEASE-e4.40.0-win32.win32.x86_64\sts-5.2.0.RELEASE\plugins\org.eclipse.m2e.maven.runtime_3.9.1600.20260522-0510\jars\maven-artifact-3.9.16.jar
2026-07-27 08:15:22,046 [Worker-158: Launching Executing clean in C__Users_user_Desktop_locato_OrderService] INFO  o.eclipse.m2e.core.internal.Bundles - 	Entry: C:\Users\user\Downloads\spring-tools-for-eclipse-5.2.0.RELEASE-e4.40.0-win32.win32.x86_64\sts-5.2.0.RELEASE\plugins\org.eclipse.m2e.maven.runtime_3.9.1600.20260522-0510\jars\maven-builder-support-3.9.16.jar
2026-07-27 08:15:22,046 [Worker-158: Launching Executing clean in C__Users_user_Desktop_locato_OrderService] INFO  o.eclipse.m2e.core.internal.Bundles - 	Entry: C:\Users\user\Downloads\spring-tools-for-eclipse-5.2.0.RELEASE-e4.40.0-win32.win32.x86_64\sts-5.2.0.RELEASE\plugins\org.eclipse.m2e.maven.runtime_3.9.1600.20260522-0510\jars\maven-compat-3.9.16.jar
2026-07-27 08:15:22,046 [Worker-158: Launching Executing clean in C__Users_user_Desktop_locato_OrderService] INFO  o.eclipse.m2e.core.internal.Bundles - 	Entry: C:\Users\user\Downloads\spring-tools-for-eclipse-5.2.0.RELEASE-e4.40.0-win32.win32.x86_64\sts-5.2.0.RELEASE\plugins\org.eclipse.m2e.maven.runtime_3.9.1600.20260522-0510\jars\maven-core-3.9.16.jar
2026-07-27 08:15:22,046 [Worker-158: Launching Executing clean in C__Users_user_Desktop_locato_OrderService] INFO  o.eclipse.m2e.core.internal.Bundles - 	Entry: C:\Users\user\Downloads\spring-tools-for-eclipse-5.2.0.RELEASE-e4.40.0-win32.win32.x86_64\sts-5.2.0.RELEASE\plugins\org.eclipse.m2e.maven.runtime_3.9.1600.20260522-0510\jars\maven-embedder-3.9.16.jar
2026-07-27 08:15:22,046 [Worker-158: Launching Executing clean in C__Users_user_Desktop_locato_OrderService] INFO  o.eclipse.m2e.core.internal.Bundles - 	Entry: C:\Users\user\Downloads\spring-tools-for-eclipse-5.2.0.RELEASE-e4.40.0-win32.win32.x86_64\sts-5.2.0.RELEASE\plugins\org.eclipse.m2e.maven.runtime_3.9.1600.20260522-0510\jars\maven-model-3.9.16.jar
2026-07-27 08:15:22,046 [Worker-158: Launching Executing clean in C__Users_user_Desktop_locato_OrderService] INFO  o.eclipse.m2e.core.internal.Bundles - 	Entry: C:\Users\user\Downloads\spring-tools-for-eclipse-5.2.0.RELEASE-e4.40.0-win32.win32.x86_64\sts-5.2.0.RELEASE\plugins\org.eclipse.m2e.maven.runtime_3.9.1600.20260522-0510\jars\maven-model-builder-3.9.16.jar
2026-07-27 08:15:22,047 [Worker-158: Launching Executing clean in C__Users_user_Desktop_locato_OrderService] INFO  o.eclipse.m2e.core.internal.Bundles - 	Entry: C:\Users\user\Downloads\spring-tools-for-eclipse-5.2.0.RELEASE-e4.40.0-win32.win32.x86_64\sts-5.2.0.RELEASE\plugins\org.eclipse.m2e.maven.runtime_3.9.1600.20260522-0510\jars\maven-plugin-api-3.9.16.jar
2026-07-27 08:15:22,047 [Worker-158: Launching Executing clean in C__Users_user_Desktop_locato_OrderService] INFO  o.eclipse.m2e.core.internal.Bundles - 	Entry: C:\Users\user\Downloads\spring-tools-for-eclipse-5.2.0.RELEASE-e4.40.0-win32.win32.x86_64\sts-5.2.0.RELEASE\plugins\org.eclipse.m2e.maven.runtime_3.9.1600.20260522-0510\jars\maven-repository-metadata-3.9.16.jar
2026-07-27 08:15:22,047 [Worker-158: Launching Executing clean in C__Users_user_Desktop_locato_OrderService] INFO  o.eclipse.m2e.core.internal.Bundles - 	Entry: C:\Users\user\Downloads\spring-tools-for-eclipse-5.2.0.RELEASE-e4.40.0-win32.win32.x86_64\sts-5.2.0.RELEASE\plugins\org.eclipse.m2e.maven.runtime_3.9.1600.20260522-0510\jars\maven-resolver-api-1.9.27.jar
2026-07-27 08:15:22,047 [Worker-158: Launching Executing clean in C__Users_user_Desktop_locato_OrderService] INFO  o.eclipse.m2e.core.internal.Bundles - 	Entry: C:\Users\user\Downloads\spring-tools-for-eclipse-5.2.0.RELEASE-e4.40.0-win32.win32.x86_64\sts-5.2.0.RELEASE\plugins\org.eclipse.m2e.maven.runtime_3.9.1600.20260522-0510\jars\maven-resolver-connector-basic-1.9.27.jar
2026-07-27 08:15:22,048 [Worker-158: Launching Executing clean in C__Users_user_Desktop_locato_OrderService] INFO  o.eclipse.m2e.core.internal.Bundles - 	Entry: C:\Users\user\Downloads\spring-tools-for-eclipse-5.2.0.RELEASE-e4.40.0-win32.win32.x86_64\sts-5.2.0.RELEASE\plugins\org.eclipse.m2e.maven.runtime_3.9.1600.20260522-0510\jars\maven-resolver-impl-1.9.27.jar
2026-07-27 08:15:22,048 [Worker-158: Launching Executing clean in C__Users_user_Desktop_locato_OrderService] INFO  o.eclipse.m2e.core.internal.Bundles - 	Entry: C:\Users\user\Downloads\spring-tools-for-eclipse-5.2.0.RELEASE-e4.40.0-win32.win32.x86_64\sts-5.2.0.RELEASE\plugins\org.eclipse.m2e.maven.runtime_3.9.1600.20260522-0510\jars\maven-resolver-named-locks-1.9.27.jar
2026-07-27 08:15:22,048 [Worker-158: Launching Executing clean in C__Users_user_Desktop_locato_OrderService] INFO  o.eclipse.m2e.core.internal.Bundles - 	Entry: C:\Users\user\Downloads\spring-tools-for-eclipse-5.2.0.RELEASE-e4.40.0-win32.win32.x86_64\sts-5.2.0.RELEASE\plugins\org.eclipse.m2e.maven.runtime_3.9.1600.20260522-0510\jars\maven-resolver-provider-3.9.16.jar
2026-07-27 08:15:22,048 [Worker-158: Launching Executing clean in C__Users_user_Desktop_locato_OrderService] INFO  o.eclipse.m2e.core.internal.Bundles - 	Entry: C:\Users\user\Downloads\spring-tools-for-eclipse-5.2.0.RELEASE-e4.40.0-win32.win32.x86_64\sts-5.2.0.RELEASE\plugins\org.eclipse.m2e.maven.runtime_3.9.1600.20260522-0510\jars\maven-resolver-spi-1.9.27.jar
2026-07-27 08:15:22,048 [Worker-158: Launching Executing clean in C__Users_user_Desktop_locato_OrderService] INFO  o.eclipse.m2e.core.internal.Bundles - 	Entry: C:\Users\user\Downloads\spring-tools-for-eclipse-5.2.0.RELEASE-e4.40.0-win32.win32.x86_64\sts-5.2.0.RELEASE\plugins\org.eclipse.m2e.maven.runtime_3.9.1600.20260522-0510\jars\maven-resolver-transport-file-1.9.27.jar
2026-07-27 08:15:22,048 [Worker-158: Launching Executing clean in C__Users_user_Desktop_locato_OrderService] INFO  o.eclipse.m2e.core.internal.Bundles - 	Entry: C:\Users\user\Downloads\spring-tools-for-eclipse-5.2.0.RELEASE-e4.40.0-win32.win32.x86_64\sts-5.2.0.RELEASE\plugins\org.eclipse.m2e.maven.runtime_3.9.1600.20260522-0510\jars\maven-resolver-transport-http-1.9.27.jar
2026-07-27 08:15:22,049 [Worker-158: Launching Executing clean in C__Users_user_Desktop_locato_OrderService] INFO  o.eclipse.m2e.core.internal.Bundles - 	Entry: C:\Users\user\Downloads\spring-tools-for-eclipse-5.2.0.RELEASE-e4.40.0-win32.win32.x86_64\sts-5.2.0.RELEASE\plugins\org.eclipse.m2e.maven.runtime_3.9.1600.20260522-0510\jars\maven-resolver-transport-wagon-1.9.27.jar
2026-07-27 08:15:22,049 [Worker-158: Launching Executing clean in C__Users_user_Desktop_locato_OrderService] INFO  o.eclipse.m2e.core.internal.Bundles - 	Entry: C:\Users\user\Downloads\spring-tools-for-eclipse-5.2.0.RELEASE-e4.40.0-win32.win32.x86_64\sts-5.2.0.RELEASE\plugins\org.eclipse.m2e.maven.runtime_3.9.1600.20260522-0510\jars\maven-resolver-util-1.9.27.jar
2026-07-27 08:15:22,049 [Worker-158: Launching Executing clean in C__Users_user_Desktop_locato_OrderService] INFO  o.eclipse.m2e.core.internal.Bundles - 	Entry: C:\Users\user\Downloads\spring-tools-for-eclipse-5.2.0.RELEASE-e4.40.0-win32.win32.x86_64\sts-5.2.0.RELEASE\plugins\org.eclipse.m2e.maven.runtime_3.9.1600.20260522-0510\jars\maven-settings-3.9.16.jar
2026-07-27 08:15:22,049 [Worker-158: Launching Executing clean in C__Users_user_Desktop_locato_OrderService] INFO  o.eclipse.m2e.core.internal.Bundles - 	Entry: C:\Users\user\Downloads\spring-tools-for-eclipse-5.2.0.RELEASE-e4.40.0-win32.win32.x86_64\sts-5.2.0.RELEASE\plugins\org.eclipse.m2e.maven.runtime_3.9.1600.20260522-0510\jars\maven-settings-builder-3.9.16.jar
2026-07-27 08:15:22,050 [Worker-158: Launching Executing clean in C__Users_user_Desktop_locato_OrderService] INFO  o.eclipse.m2e.core.internal.Bundles - 	Entry: C:\Users\user\Downloads\spring-tools-for-eclipse-5.2.0.RELEASE-e4.40.0-win32.win32.x86_64\sts-5.2.0.RELEASE\plugins\org.eclipse.m2e.maven.runtime_3.9.1600.20260522-0510\jars\maven-shared-utils-3.4.2.jar
2026-07-27 08:15:22,050 [Worker-158: Launching Executing clean in C__Users_user_Desktop_locato_OrderService] INFO  o.eclipse.m2e.core.internal.Bundles - 	Entry: C:\Users\user\Downloads\spring-tools-for-eclipse-5.2.0.RELEASE-e4.40.0-win32.win32.x86_64\sts-5.2.0.RELEASE\plugins\org.eclipse.m2e.maven.runtime_3.9.1600.20260522-0510\jars\org.eclipse.sisu.inject-1.0.0.jar
2026-07-27 08:15:22,050 [Worker-158: Launching Executing clean in C__Users_user_Desktop_locato_OrderService] INFO  o.eclipse.m2e.core.internal.Bundles - 	Entry: C:\Users\user\Downloads\spring-tools-for-eclipse-5.2.0.RELEASE-e4.40.0-win32.win32.x86_64\sts-5.2.0.RELEASE\plugins\org.eclipse.m2e.maven.runtime_3.9.1600.20260522-0510\jars\org.eclipse.sisu.plexus-1.0.0.jar
2026-07-27 08:15:22,052 [Worker-158: Launching Executing clean in C__Users_user_Desktop_locato_OrderService] INFO  o.eclipse.m2e.core.internal.Bundles - 	Entry: C:\Users\user\Downloads\spring-tools-for-eclipse-5.2.0.RELEASE-e4.40.0-win32.win32.x86_64\sts-5.2.0.RELEASE\plugins\org.eclipse.m2e.maven.runtime_3.9.1600.20260522-0510\jars\plexus-build-api-0.0.7.jar
2026-07-27 08:15:22,052 [Worker-158: Launching Executing clean in C__Users_user_Desktop_locato_OrderService] INFO  o.eclipse.m2e.core.internal.Bundles - 	Entry: C:\Users\user\Downloads\spring-tools-for-eclipse-5.2.0.RELEASE-e4.40.0-win32.win32.x86_64\sts-5.2.0.RELEASE\plugins\org.eclipse.m2e.maven.runtime_3.9.1600.20260522-0510\jars\plexus-build-api-1.2.0.jar
2026-07-27 08:15:22,052 [Worker-158: Launching Executing clean in C__Users_user_Desktop_locato_OrderService] INFO  o.eclipse.m2e.core.internal.Bundles - 	Entry: C:\Users\user\Downloads\spring-tools-for-eclipse-5.2.0.RELEASE-e4.40.0-win32.win32.x86_64\sts-5.2.0.RELEASE\plugins\org.eclipse.m2e.maven.runtime_3.9.1600.20260522-0510\jars\plexus-cipher-2.0.jar
2026-07-27 08:15:22,052 [Worker-158: Launching Executing clean in C__Users_user_Desktop_locato_OrderService] INFO  o.eclipse.m2e.core.internal.Bundles - 	Entry: C:\Users\user\Downloads\spring-tools-for-eclipse-5.2.0.RELEASE-e4.40.0-win32.win32.x86_64\sts-5.2.0.RELEASE\plugins\org.eclipse.m2e.maven.runtime_3.9.1600.20260522-0510\jars\plexus-classworlds-2.11.0.jar
2026-07-27 08:15:22,052 [Worker-158: Launching Executing clean in C__Users_user_Desktop_locato_OrderService] INFO  o.eclipse.m2e.core.internal.Bundles - 	Entry: C:\Users\user\Downloads\spring-tools-for-eclipse-5.2.0.RELEASE-e4.40.0-win32.win32.x86_64\sts-5.2.0.RELEASE\plugins\org.eclipse.m2e.maven.runtime_3.9.1600.20260522-0510\jars\plexus-component-annotations-2.2.0.jar
2026-07-27 08:15:22,053 [Worker-158: Launching Executing clean in C__Users_user_Desktop_locato_OrderService] INFO  o.eclipse.m2e.core.internal.Bundles - 	Entry: C:\Users\user\Downloads\spring-tools-for-eclipse-5.2.0.RELEASE-e4.40.0-win32.win32.x86_64\sts-5.2.0.RELEASE\plugins\org.eclipse.m2e.maven.runtime_3.9.1600.20260522-0510\jars\plexus-interpolation-1.29.jar
2026-07-27 08:15:22,053 [Worker-158: Launching Executing clean in C__Users_user_Desktop_locato_OrderService] INFO  o.eclipse.m2e.core.internal.Bundles - 	Entry: C:\Users\user\Downloads\spring-tools-for-eclipse-5.2.0.RELEASE-e4.40.0-win32.win32.x86_64\sts-5.2.0.RELEASE\plugins\org.eclipse.m2e.maven.runtime_3.9.1600.20260522-0510\jars\plexus-sec-dispatcher-2.0.jar
2026-07-27 08:15:22,053 [Worker-158: Launching Executing clean in C__Users_user_Desktop_locato_OrderService] INFO  o.eclipse.m2e.core.internal.Bundles - 	Entry: C:\Users\user\Downloads\spring-tools-for-eclipse-5.2.0.RELEASE-e4.40.0-win32.win32.x86_64\sts-5.2.0.RELEASE\plugins\org.eclipse.m2e.maven.runtime_3.9.1600.20260522-0510\jars\plexus-utils-3.6.1.jar
2026-07-27 08:15:22,053 [Worker-158: Launching Executing clean in C__Users_user_Desktop_locato_OrderService] INFO  o.eclipse.m2e.core.internal.Bundles - 	Entry: C:\Users\user\Downloads\spring-tools-for-eclipse-5.2.0.RELEASE-e4.40.0-win32.win32.x86_64\sts-5.2.0.RELEASE\plugins\org.eclipse.m2e.maven.runtime_3.9.1600.20260522-0510\jars\wagon-file-3.5.3.jar
2026-07-27 08:15:22,053 [Worker-158: Launching Executing clean in C__Users_user_Desktop_locato_OrderService] INFO  o.eclipse.m2e.core.internal.Bundles - 	Entry: C:\Users\user\Downloads\spring-tools-for-eclipse-5.2.0.RELEASE-e4.40.0-win32.win32.x86_64\sts-5.2.0.RELEASE\plugins\org.eclipse.m2e.maven.runtime_3.9.1600.20260522-0510\jars\wagon-http-3.5.3.jar
2026-07-27 08:15:22,054 [Worker-158: Launching Executing clean in C__Users_user_Desktop_locato_OrderService] INFO  o.eclipse.m2e.core.internal.Bundles - 	Entry: C:\Users\user\Downloads\spring-tools-for-eclipse-5.2.0.RELEASE-e4.40.0-win32.win32.x86_64\sts-5.2.0.RELEASE\plugins\org.eclipse.m2e.maven.runtime_3.9.1600.20260522-0510\jars\wagon-http-shared-3.5.3.jar
2026-07-27 08:15:22,054 [Worker-158: Launching Executing clean in C__Users_user_Desktop_locato_OrderService] INFO  o.eclipse.m2e.core.internal.Bundles - 	Entry: C:\Users\user\Downloads\spring-tools-for-eclipse-5.2.0.RELEASE-e4.40.0-win32.win32.x86_64\sts-5.2.0.RELEASE\plugins\org.eclipse.m2e.maven.runtime_3.9.1600.20260522-0510\jars\wagon-provider-api-3.5.3.jar
2026-07-27 08:15:22,055 [Worker-158: Launching Executing clean in C__Users_user_Desktop_locato_OrderService] INFO  o.eclipse.m2e.core.internal.Bundles - getClasspathEntries(Bundle=com.google.guava_33.6.0.jre [24])
2026-07-27 08:15:22,056 [Worker-158: Launching Executing clean in C__Users_user_Desktop_locato_OrderService] INFO  o.eclipse.m2e.core.internal.Bundles - 	Entry: C:\Users\user\Downloads\spring-tools-for-eclipse-5.2.0.RELEASE-e4.40.0-win32.win32.x86_64\sts-5.2.0.RELEASE\plugins\com.google.guava_33.6.0.jre.jar
2026-07-27 08:15:22,056 [Worker-158: Launching Executing clean in C__Users_user_Desktop_locato_OrderService] INFO  o.eclipse.m2e.core.internal.Bundles - getClasspathEntries(Bundle=slf4j.api_2.0.18 [613])
2026-07-27 08:15:22,057 [Worker-158: Launching Executing clean in C__Users_user_Desktop_locato_OrderService] INFO  o.eclipse.m2e.core.internal.Bundles - 	Entry: C:\Users\user\Downloads\spring-tools-for-eclipse-5.2.0.RELEASE-e4.40.0-win32.win32.x86_64\sts-5.2.0.RELEASE\plugins\slf4j.api_2.0.18.jar
2026-07-27 08:15:22,057 [Worker-158: Launching Executing clean in C__Users_user_Desktop_locato_OrderService] INFO  o.eclipse.m2e.core.internal.Bundles - getClasspathEntries(Bundle=jakarta.inject.jakarta.inject-api_1.0.5 [39])
2026-07-27 08:15:22,058 [Worker-158: Launching Executing clean in C__Users_user_Desktop_locato_OrderService] INFO  o.eclipse.m2e.core.internal.Bundles - 	Entry: C:\Users\user\Downloads\spring-tools-for-eclipse-5.2.0.RELEASE-e4.40.0-win32.win32.x86_64\sts-5.2.0.RELEASE\plugins\jakarta.inject.jakarta.inject-api_1.0.5.jar
2026-07-27 08:15:22,058 [Worker-158: Launching Executing clean in C__Users_user_Desktop_locato_OrderService] INFO  o.eclipse.m2e.core.internal.Bundles - getClasspathEntries(Bundle=jakarta.annotation-api_1.3.5 [36])
2026-07-27 08:15:22,059 [Worker-158: Launching Executing clean in C__Users_user_Desktop_locato_OrderService] INFO  o.eclipse.m2e.core.internal.Bundles - 	Entry: C:\Users\user\Downloads\spring-tools-for-eclipse-5.2.0.RELEASE-e4.40.0-win32.win32.x86_64\sts-5.2.0.RELEASE\plugins\jakarta.annotation-api_1.3.5.jar
2026-07-27 08:15:22,059 [Worker-158: Launching Executing clean in C__Users_user_Desktop_locato_OrderService] INFO  o.eclipse.m2e.core.internal.Bundles - getClasspathEntries(Bundle=org.apache.commons.cli_1.11.0 [78])
2026-07-27 08:15:22,060 [Worker-158: Launching Executing clean in C__Users_user_Desktop_locato_OrderService] INFO  o.eclipse.m2e.core.internal.Bundles - 	Entry: C:\Users\user\Downloads\spring-tools-for-eclipse-5.2.0.RELEASE-e4.40.0-win32.win32.x86_64\sts-5.2.0.RELEASE\plugins\org.apache.commons.cli_1.11.0.jar
2026-07-27 08:15:22,060 [Worker-158: Launching Executing clean in C__Users_user_Desktop_locato_OrderService] INFO  o.eclipse.m2e.core.internal.Bundles - getClasspathEntries(Bundle=org.apache.commons.commons-codec_1.22.0 [80])
2026-07-27 08:15:22,060 [Worker-158: Launching Executing clean in C__Users_user_Desktop_locato_OrderService] INFO  o.eclipse.m2e.core.internal.Bundles - 	Entry: C:\Users\user\Downloads\spring-tools-for-eclipse-5.2.0.RELEASE-e4.40.0-win32.win32.x86_64\sts-5.2.0.RELEASE\plugins\org.apache.commons.commons-codec_1.22.0.jar
2026-07-27 08:15:22,060 [Worker-158: Launching Executing clean in C__Users_user_Desktop_locato_OrderService] INFO  o.eclipse.m2e.core.internal.Bundles - getClasspathEntries(Bundle=com.google.guava.failureaccess_1.0.3 [25])
2026-07-27 08:15:22,061 [Worker-158: Launching Executing clean in C__Users_user_Desktop_locato_OrderService] INFO  o.eclipse.m2e.core.internal.Bundles - 	Entry: C:\Users\user\Downloads\spring-tools-for-eclipse-5.2.0.RELEASE-e4.40.0-win32.win32.x86_64\sts-5.2.0.RELEASE\plugins\com.google.guava.failureaccess_1.0.3.jar
2026-07-27 08:15:22,066 [Worker-158: Launching Executing clean in C__Users_user_Desktop_locato_OrderService] INFO  o.e.m.i.launch.MavenLaunchDelegate - Run build in "C:\Users\user\Desktop\locato\OrderService":
2026-07-27 08:15:22,075 [Worker-158: Launching Executing clean in C__Users_user_Desktop_locato_OrderService] INFO  o.e.m.i.launch.MavenLaunchDelegate -  mvn  -B -Dstyle.color=always clean
2026-07-27 08:15:23,150 [Worker-158: Launching Executing clean in C__Users_user_Desktop_locato_OrderService] INFO  o.e.m.c.i.p.WorkspaceClassifierResolverManager - Resolving P/Locato-constants: com.locato:locato-constants:1.0.0 with classifier  to /Locato-constants/target/classes
2026-07-27 08:15:24,303 [Worker-158: Launching Executing clean in C__Users_user_Desktop_locato_OrderService] INFO  o.e.m.c.i.p.WorkspaceClassifierResolverManager - Resolving P/Locato-constants: com.locato:locato-constants:1.0.0 with classifier  to /Locato-constants/target/classes
2026-07-27 08:15:54,049 [Worker-161: Updating Maven Project] INFO  o.e.m.c.i.p.ProjectConfigurationManager - Update started
2026-07-27 08:15:54,401 [Worker-161: Updating Maven Project] INFO  o.e.m.c.i.l.LifecycleMappingFactory - Using org.eclipse.m2e.jdt.JarLifecycleMapping lifecycle mapping for MavenProject: com.whoami:OrderService:1.0.0 @ C:\Users\user\Desktop\locato\OrderService\pom.xml.
2026-07-27 08:15:55,150 [Worker-161: Updating Maven Project] INFO  o.e.m.c.i.p.WorkspaceClassifierResolverManager - Resolving P/Locato-constants: com.locato:locato-constants:1.0.0 with classifier  to /Locato-constants/target/classes
2026-07-27 08:15:56,517 [Worker-161: Updating Maven Project] INFO  o.e.m.j.i.AbstractJavaProjectConfigurator - Adding source folder /OrderService/src/main/java
2026-07-27 08:15:56,525 [Worker-161: Updating Maven Project] INFO  o.e.m.j.i.AbstractJavaProjectConfigurator - Adding resource folder /OrderService/src/main/resources
2026-07-27 08:15:56,528 [Worker-161: Updating Maven Project] INFO  o.e.m.j.i.AbstractJavaProjectConfigurator - Adding source folder /OrderService/src/test/java
2026-07-27 08:15:56,530 [Worker-161: Updating Maven Project] INFO  o.e.m.j.i.AbstractJavaProjectConfigurator - Adding resource folder /OrderService/src/test/resources
2026-07-27 08:15:57,223 [Worker-161: Updating Maven Project] WARN  o.apache.maven.project.MavenProject - Plugin is modifying compileSourceRoots through clear(), which will not work in Maven 4.0.0. Use MavenProject.addCompileSourceRoot()/removeCompileSourceRoot() methods instead. If using a plugin, please upgrade to the latest version or report the issue to the plugin maintainer. To disable these warnings, set -Dmaven.project.sourceRoots.warningsDisabled=true on the command line, in the .mvn/maven.config file, or in project POM properties.
2026-07-27 08:15:57,224 [Worker-161: Updating Maven Project] WARN  o.apache.maven.project.MavenProject - Plugin is modifying compileSourceRoots through add(), which will not work in Maven 4.0.0. Use MavenProject.addCompileSourceRoot()/removeCompileSourceRoot() methods instead. If using a plugin, please upgrade to the latest version or report the issue to the plugin maintainer. To disable these warnings, set -Dmaven.project.sourceRoots.warningsDisabled=true on the command line, in the .mvn/maven.config file, or in project POM properties.
2026-07-27 08:15:57,225 [Worker-161: Updating Maven Project] WARN  o.apache.maven.project.MavenProject - Plugin is modifying testCompileSourceRoots through clear(), which will not work in Maven 4.0.0. Use MavenProject.addTestCompileSourceRoot()/removeTestCompileSourceRoot() methods instead. If using a plugin, please upgrade to the latest version or report the issue to the plugin maintainer. To disable these warnings, set -Dmaven.project.sourceRoots.warningsDisabled=true on the command line, in the .mvn/maven.config file, or in project POM properties.
2026-07-27 08:15:57,226 [Worker-161: Updating Maven Project] WARN  o.apache.maven.project.MavenProject - Plugin is modifying testCompileSourceRoots through add(), which will not work in Maven 4.0.0. Use MavenProject.addTestCompileSourceRoot()/removeTestCompileSourceRoot() methods instead. If using a plugin, please upgrade to the latest version or report the issue to the plugin maintainer. To disable these warnings, set -Dmaven.project.sourceRoots.warningsDisabled=true on the command line, in the .mvn/maven.config file, or in project POM properties.
2026-07-27 08:15:57,768 [Worker-161: Updating Maven Project] INFO  o.e.m.c.i.p.ProjectConfigurationManager - Update completed for 1 poms: local refresh takes 0.00 sec, refresh facades takes 2.00 sec, update config takes 0.00 sec 
2026-07-27 08:17:18,926 [Worker-161: Launching OrderService - OrderServiceApplication] INFO  o.a.m.s.f.DefaultMavenResourcesFiltering - Copying 1 resource from src\main\resources to target\classes
2026-07-27 08:17:18,938 [Worker-161: Launching OrderService - OrderServiceApplication] INFO  o.a.m.s.f.DefaultMavenResourcesFiltering - skip non existing resourceDirectory C:\Users\user\Desktop\locato\Locato-constants\src\test\resources
2026-07-27 08:17:18,997 [Worker-161: Launching OrderService - OrderServiceApplication] WARN  o.apache.maven.project.MavenProject - Plugin is modifying compileSourceRoots through clear(), which will not work in Maven 4.0.0. Use MavenProject.addCompileSourceRoot()/removeCompileSourceRoot() methods instead. If using a plugin, please upgrade to the latest version or report the issue to the plugin maintainer. To disable these warnings, set -Dmaven.project.sourceRoots.warningsDisabled=true on the command line, in the .mvn/maven.config file, or in project POM properties.
2026-07-27 08:17:18,998 [Worker-161: Launching OrderService - OrderServiceApplication] WARN  o.apache.maven.project.MavenProject - Plugin is modifying compileSourceRoots through add(), which will not work in Maven 4.0.0. Use MavenProject.addCompileSourceRoot()/removeCompileSourceRoot() methods instead. If using a plugin, please upgrade to the latest version or report the issue to the plugin maintainer. To disable these warnings, set -Dmaven.project.sourceRoots.warningsDisabled=true on the command line, in the .mvn/maven.config file, or in project POM properties.
2026-07-27 08:17:18,999 [Worker-161: Launching OrderService - OrderServiceApplication] WARN  o.apache.maven.project.MavenProject - Plugin is modifying testCompileSourceRoots through clear(), which will not work in Maven 4.0.0. Use MavenProject.addTestCompileSourceRoot()/removeTestCompileSourceRoot() methods instead. If using a plugin, please upgrade to the latest version or report the issue to the plugin maintainer. To disable these warnings, set -Dmaven.project.sourceRoots.warningsDisabled=true on the command line, in the .mvn/maven.config file, or in project POM properties.
2026-07-27 08:17:19,000 [Worker-161: Launching OrderService - OrderServiceApplication] WARN  o.apache.maven.project.MavenProject - Plugin is modifying testCompileSourceRoots through add(), which will not work in Maven 4.0.0. Use MavenProject.addTestCompileSourceRoot()/removeTestCompileSourceRoot() methods instead. If using a plugin, please upgrade to the latest version or report the issue to the plugin maintainer. To disable these warnings, set -Dmaven.project.sourceRoots.warningsDisabled=true on the command line, in the .mvn/maven.config file, or in project POM properties.
2026-07-27 08:17:20,208 [Worker-161: Launching OrderService - OrderServiceApplication] INFO  o.a.m.s.f.DefaultMavenResourcesFiltering - Copying 1 resource from src\main\resources to target\classes
2026-07-27 08:17:20,218 [Worker-161: Launching OrderService - OrderServiceApplication] INFO  o.a.m.s.f.DefaultMavenResourcesFiltering - skip non existing resourceDirectory C:\Users\user\Desktop\locato\OrderService\src\test\resources
2026-07-27 08:17:20,303 [Worker-161: Launching OrderService - OrderServiceApplication] WARN  o.apache.maven.project.MavenProject - Plugin is modifying compileSourceRoots through clear(), which will not work in Maven 4.0.0. Use MavenProject.addCompileSourceRoot()/removeCompileSourceRoot() methods instead. If using a plugin, please upgrade to the latest version or report the issue to the plugin maintainer. To disable these warnings, set -Dmaven.project.sourceRoots.warningsDisabled=true on the command line, in the .mvn/maven.config file, or in project POM properties.
2026-07-27 08:17:20,304 [Worker-161: Launching OrderService - OrderServiceApplication] WARN  o.apache.maven.project.MavenProject - Plugin is modifying compileSourceRoots through add(), which will not work in Maven 4.0.0. Use MavenProject.addCompileSourceRoot()/removeCompileSourceRoot() methods instead. If using a plugin, please upgrade to the latest version or report the issue to the plugin maintainer. To disable these warnings, set -Dmaven.project.sourceRoots.warningsDisabled=true on the command line, in the .mvn/maven.config file, or in project POM properties.
2026-07-27 08:17:20,305 [Worker-161: Launching OrderService - OrderServiceApplication] WARN  o.apache.maven.project.MavenProject - Plugin is modifying testCompileSourceRoots through clear(), which will not work in Maven 4.0.0. Use MavenProject.addTestCompileSourceRoot()/removeTestCompileSourceRoot() methods instead. If using a plugin, please upgrade to the latest version or report the issue to the plugin maintainer. To disable these warnings, set -Dmaven.project.sourceRoots.warningsDisabled=true on the command line, in the .mvn/maven.config file, or in project POM properties.
2026-07-27 08:17:20,306 [Worker-161: Launching OrderService - OrderServiceApplication] WARN  o.apache.maven.project.MavenProject - Plugin is modifying testCompileSourceRoots through add(), which will not work in Maven 4.0.0. Use MavenProject.addTestCompileSourceRoot()/removeTestCompileSourceRoot() methods instead. If using a plugin, please upgrade to the latest version or report the issue to the plugin maintainer. To disable these warnings, set -Dmaven.project.sourceRoots.warningsDisabled=true on the command line, in the .mvn/maven.config file, or in project POM properties.
2026-07-27 08:17:21,019 [Worker-161: Launching OrderService - OrderServiceApplication] INFO  o.e.m.c.i.p.WorkspaceClassifierResolverManager - Resolving P/Locato-constants: com.locato:locato-constants:1.0.0 with classifier null to /Locato-constants/target/classes
2026-07-27 08:17:21,493 [Worker-161: Launching OrderService - OrderServiceApplication] INFO  o.e.m.c.i.p.WorkspaceClassifierResolverManager - Resolving P/Locato-constants: com.locato:locato-constants:1.0.0 with classifier null to /Locato-constants/target/classes
2026-07-27 08:17:21,951 [Worker-161: Launching OrderService - OrderServiceApplication] INFO  o.e.m.c.i.p.WorkspaceClassifierResolverManager - Resolving P/Locato-constants: com.locato:locato-constants:1.0.0 with classifier null to /Locato-constants/target/classes
2026-07-27 08:17:53,898 [Worker-161: Updating Maven Project] INFO  o.e.m.c.i.p.ProjectConfigurationManager - Update started
2026-07-27 08:17:54,331 [Worker-161: Updating Maven Project] INFO  o.e.m.c.i.l.LifecycleMappingFactory - Using org.eclipse.m2e.jdt.JarLifecycleMapping lifecycle mapping for MavenProject: com.whoami:notification-service:1.0.0 @ C:\Users\user\Desktop\locato\Notification-Service\pom.xml.
2026-07-27 08:17:57,051 [Worker-161: Updating Maven Project] INFO  o.e.m.c.i.p.WorkspaceClassifierResolverManager - Resolving P/Locato-constants: com.locato:locato-constants:1.0.0 with classifier  to /Locato-constants/target/classes
2026-07-27 08:17:59,109 [Worker-161: Updating Maven Project] INFO  o.e.m.j.i.AbstractJavaProjectConfigurator - Adding source folder /Notification-Service/src/main/java
2026-07-27 08:17:59,110 [Worker-161: Updating Maven Project] INFO  o.e.m.j.i.AbstractJavaProjectConfigurator - Adding resource folder /Notification-Service/src/main/resources
2026-07-27 08:17:59,138 [Worker-161: Updating Maven Project] INFO  o.e.m.j.i.AbstractJavaProjectConfigurator - Adding source folder /Notification-Service/src/test/java
2026-07-27 08:17:59,140 [Worker-161: Updating Maven Project] INFO  o.e.m.j.i.AbstractJavaProjectConfigurator - Adding resource folder /Notification-Service/src/test/resources
2026-07-27 08:17:59,592 [Worker-139: Download sources and javadoc] INFO  o.e.m.c.i.e.AbstractTransferListenerAdapter - Downloading https://repo.maven.apache.org/maven2/io/opentelemetry/opentelemetry-context/1.49.0/opentelemetry-context-1.49.0-sources.jar
2026-07-27 08:17:59,612 [Worker-139: Download sources and javadoc] INFO  o.e.m.c.i.e.AbstractTransferListenerAdapter - Downloaded https://repo.maven.apache.org/maven2/io/opentelemetry/opentelemetry-context/1.49.0/opentelemetry-context-1.49.0-sources.jar
2026-07-27 08:17:59,621 [Worker-139: Download sources and javadoc] INFO  o.e.m.j.internal.DownloadSourcesJob - Downloaded sources for io.opentelemetry:opentelemetry-context:1.49.0
2026-07-27 08:17:59,850 [Worker-139: Download sources and javadoc] INFO  o.e.m.c.i.e.AbstractTransferListenerAdapter - Downloading https://repo.maven.apache.org/maven2/io/opentelemetry/opentelemetry-sdk/1.49.0/opentelemetry-sdk-1.49.0-sources.jar
2026-07-27 08:17:59,855 [Worker-139: Download sources and javadoc] INFO  o.e.m.c.i.e.AbstractTransferListenerAdapter - Downloaded https://repo.maven.apache.org/maven2/io/opentelemetry/opentelemetry-sdk/1.49.0/opentelemetry-sdk-1.49.0-sources.jar
2026-07-27 08:17:59,879 [Worker-139: Download sources and javadoc] INFO  o.e.m.j.internal.DownloadSourcesJob - Downloaded sources for io.opentelemetry:opentelemetry-sdk:1.49.0
2026-07-27 08:18:00,162 [Worker-139: Download sources and javadoc] INFO  o.e.m.c.i.e.AbstractTransferListenerAdapter - Downloading https://repo.maven.apache.org/maven2/io/opentelemetry/opentelemetry-sdk-trace/1.49.0/opentelemetry-sdk-trace-1.49.0-sources.jar
2026-07-27 08:18:00,173 [Worker-139: Download sources and javadoc] INFO  o.e.m.c.i.e.AbstractTransferListenerAdapter - Downloaded https://repo.maven.apache.org/maven2/io/opentelemetry/opentelemetry-sdk-trace/1.49.0/opentelemetry-sdk-trace-1.49.0-sources.jar
2026-07-27 08:18:00,179 [Worker-139: Download sources and javadoc] INFO  o.e.m.j.internal.DownloadSourcesJob - Downloaded sources for io.opentelemetry:opentelemetry-sdk-trace:1.49.0
2026-07-27 08:18:00,474 [Worker-139: Download sources and javadoc] INFO  o.e.m.c.i.e.AbstractTransferListenerAdapter - Downloading https://repo.maven.apache.org/maven2/io/opentelemetry/opentelemetry-sdk-logs/1.49.0/opentelemetry-sdk-logs-1.49.0-sources.jar
2026-07-27 08:18:00,489 [Worker-139: Download sources and javadoc] INFO  o.e.m.c.i.e.AbstractTransferListenerAdapter - Downloaded https://repo.maven.apache.org/maven2/io/opentelemetry/opentelemetry-sdk-logs/1.49.0/opentelemetry-sdk-logs-1.49.0-sources.jar
2026-07-27 08:18:00,495 [Worker-139: Download sources and javadoc] INFO  o.e.m.j.internal.DownloadSourcesJob - Downloaded sources for io.opentelemetry:opentelemetry-sdk-logs:1.49.0
2026-07-27 08:18:00,746 [Worker-139: Download sources and javadoc] INFO  o.e.m.c.i.e.AbstractTransferListenerAdapter - Downloading https://repo.maven.apache.org/maven2/io/opentelemetry/opentelemetry-api/1.49.0/opentelemetry-api-1.49.0-sources.jar
2026-07-27 08:18:00,909 [Worker-139: Download sources and javadoc] INFO  o.e.m.c.i.e.AbstractTransferListenerAdapter - Downloaded https://repo.maven.apache.org/maven2/io/opentelemetry/opentelemetry-api/1.49.0/opentelemetry-api-1.49.0-sources.jar
2026-07-27 08:18:00,915 [Worker-139: Download sources and javadoc] INFO  o.e.m.j.internal.DownloadSourcesJob - Downloaded sources for io.opentelemetry:opentelemetry-api:1.49.0
2026-07-27 08:18:00,954 [Worker-161: Updating Maven Project] WARN  o.apache.maven.project.MavenProject - Plugin is modifying compileSourceRoots through clear(), which will not work in Maven 4.0.0. Use MavenProject.addCompileSourceRoot()/removeCompileSourceRoot() methods instead. If using a plugin, please upgrade to the latest version or report the issue to the plugin maintainer. To disable these warnings, set -Dmaven.project.sourceRoots.warningsDisabled=true on the command line, in the .mvn/maven.config file, or in project POM properties.
2026-07-27 08:18:00,955 [Worker-161: Updating Maven Project] WARN  o.apache.maven.project.MavenProject - Plugin is modifying compileSourceRoots through add(), which will not work in Maven 4.0.0. Use MavenProject.addCompileSourceRoot()/removeCompileSourceRoot() methods instead. If using a plugin, please upgrade to the latest version or report the issue to the plugin maintainer. To disable these warnings, set -Dmaven.project.sourceRoots.warningsDisabled=true on the command line, in the .mvn/maven.config file, or in project POM properties.
2026-07-27 08:18:00,955 [Worker-161: Updating Maven Project] WARN  o.apache.maven.project.MavenProject - Plugin is modifying testCompileSourceRoots through clear(), which will not work in Maven 4.0.0. Use MavenProject.addTestCompileSourceRoot()/removeTestCompileSourceRoot() methods instead. If using a plugin, please upgrade to the latest version or report the issue to the plugin maintainer. To disable these warnings, set -Dmaven.project.sourceRoots.warningsDisabled=true on the command line, in the .mvn/maven.config file, or in project POM properties.
2026-07-27 08:18:00,956 [Worker-161: Updating Maven Project] WARN  o.apache.maven.project.MavenProject - Plugin is modifying testCompileSourceRoots through add(), which will not work in Maven 4.0.0. Use MavenProject.addTestCompileSourceRoot()/removeTestCompileSourceRoot() methods instead. If using a plugin, please upgrade to the latest version or report the issue to the plugin maintainer. To disable these warnings, set -Dmaven.project.sourceRoots.warningsDisabled=true on the command line, in the .mvn/maven.config file, or in project POM properties.
2026-07-27 08:18:01,266 [Worker-161: Updating Maven Project] INFO  o.e.m.c.i.p.ProjectConfigurationManager - Update completed for 1 poms: local refresh takes 0.00 sec, refresh facades takes 4.00 sec, update config takes 2.00 sec 
2026-07-27 08:18:01,331 [Worker-139: Download sources and javadoc] INFO  o.e.m.c.i.e.AbstractTransferListenerAdapter - Downloading https://repo.maven.apache.org/maven2/io/opentelemetry/opentelemetry-sdk-metrics/1.49.0/opentelemetry-sdk-metrics-1.49.0-sources.jar
2026-07-27 08:18:01,581 [Worker-139: Download sources and javadoc] INFO  o.e.m.c.i.e.AbstractTransferListenerAdapter - Downloaded https://repo.maven.apache.org/maven2/io/opentelemetry/opentelemetry-sdk-metrics/1.49.0/opentelemetry-sdk-metrics-1.49.0-sources.jar
2026-07-27 08:18:01,587 [Worker-139: Download sources and javadoc] INFO  o.e.m.j.internal.DownloadSourcesJob - Downloaded sources for io.opentelemetry:opentelemetry-sdk-metrics:1.49.0
2026-07-27 08:18:01,821 [Worker-139: Download sources and javadoc] INFO  o.e.m.c.i.e.AbstractTransferListenerAdapter - Downloading https://repo.maven.apache.org/maven2/io/opentelemetry/opentelemetry-sdk-common/1.49.0/opentelemetry-sdk-common-1.49.0-sources.jar
2026-07-27 08:18:01,835 [Worker-139: Download sources and javadoc] INFO  o.e.m.c.i.e.AbstractTransferListenerAdapter - Downloaded https://repo.maven.apache.org/maven2/io/opentelemetry/opentelemetry-sdk-common/1.49.0/opentelemetry-sdk-common-1.49.0-sources.jar
2026-07-27 08:18:01,843 [Worker-139: Download sources and javadoc] INFO  o.e.m.j.internal.DownloadSourcesJob - Downloaded sources for io.opentelemetry:opentelemetry-sdk-common:1.49.0
2026-07-27 08:18:02,132 [Worker-139: Download sources and javadoc] INFO  o.e.m.c.i.e.AbstractTransferListenerAdapter - Downloading https://repo.maven.apache.org/maven2/io/opentelemetry/opentelemetry-sdk-extension-autoconfigure-spi/1.49.0/opentelemetry-sdk-extension-autoconfigure-spi-1.49.0-sources.jar
2026-07-27 08:18:02,138 [Worker-139: Download sources and javadoc] INFO  o.e.m.c.i.e.AbstractTransferListenerAdapter - Downloaded https://repo.maven.apache.org/maven2/io/opentelemetry/opentelemetry-sdk-extension-autoconfigure-spi/1.49.0/opentelemetry-sdk-extension-autoconfigure-spi-1.49.0-sources.jar
2026-07-27 08:18:02,143 [Worker-139: Download sources and javadoc] INFO  o.e.m.j.internal.DownloadSourcesJob - Downloaded sources for io.opentelemetry:opentelemetry-sdk-extension-autoconfigure-spi:1.49.0
2026-07-27 08:18:02,425 [Worker-139: Download sources and javadoc] INFO  o.e.m.c.i.e.AbstractTransferListenerAdapter - Downloading https://repo.maven.apache.org/maven2/io/netty/netty-codec-http/4.1.135.Final/netty-codec-http-4.1.135.Final-sources.jar
2026-07-27 08:18:02,751 [Worker-139: Download sources and javadoc] INFO  o.e.m.c.i.e.AbstractTransferListenerAdapter - Downloaded https://repo.maven.apache.org/maven2/io/netty/netty-codec-http/4.1.135.Final/netty-codec-http-4.1.135.Final-sources.jar
2026-07-27 08:18:02,757 [Worker-139: Download sources and javadoc] INFO  o.e.m.j.internal.DownloadSourcesJob - Downloaded sources for io.netty:netty-codec-http:4.1.135.Final
2026-07-27 08:18:02,975 [Worker-139: Download sources and javadoc] INFO  o.e.m.c.i.e.AbstractTransferListenerAdapter - Downloading https://repo.maven.apache.org/maven2/io/netty/netty-common/4.1.135.Final/netty-common-4.1.135.Final-sources.jar
2026-07-27 08:18:03,330 [Worker-139: Download sources and javadoc] INFO  o.e.m.c.i.e.AbstractTransferListenerAdapter - Downloaded https://repo.maven.apache.org/maven2/io/netty/netty-common/4.1.135.Final/netty-common-4.1.135.Final-sources.jar
2026-07-27 08:18:03,336 [Worker-139: Download sources and javadoc] INFO  o.e.m.j.internal.DownloadSourcesJob - Downloaded sources for io.netty:netty-common:4.1.135.Final
2026-07-27 08:18:03,536 [Worker-139: Download sources and javadoc] INFO  o.e.m.c.i.e.AbstractTransferListenerAdapter - Downloading https://repo.maven.apache.org/maven2/io/netty/netty-buffer/4.1.135.Final/netty-buffer-4.1.135.Final-sources.jar
2026-07-27 08:18:03,686 [Worker-139: Download sources and javadoc] INFO  o.e.m.c.i.e.AbstractTransferListenerAdapter - Downloaded https://repo.maven.apache.org/maven2/io/netty/netty-buffer/4.1.135.Final/netty-buffer-4.1.135.Final-sources.jar
2026-07-27 08:18:03,711 [Worker-139: Download sources and javadoc] INFO  o.e.m.j.internal.DownloadSourcesJob - Downloaded sources for io.netty:netty-buffer:4.1.135.Final
2026-07-27 08:18:03,940 [Worker-139: Download sources and javadoc] INFO  o.e.m.c.i.e.AbstractTransferListenerAdapter - Downloading https://repo.maven.apache.org/maven2/io/netty/netty-codec/4.1.135.Final/netty-codec-4.1.135.Final-sources.jar
2026-07-27 08:18:04,145 [Worker-139: Download sources and javadoc] INFO  o.e.m.c.i.e.AbstractTransferListenerAdapter - Downloaded https://repo.maven.apache.org/maven2/io/netty/netty-codec/4.1.135.Final/netty-codec-4.1.135.Final-sources.jar
2026-07-27 08:18:04,152 [Worker-139: Download sources and javadoc] INFO  o.e.m.j.internal.DownloadSourcesJob - Downloaded sources for io.netty:netty-codec:4.1.135.Final
2026-07-27 08:18:05,592 [Worker-139: Download sources and javadoc] INFO  o.e.m.c.i.e.AbstractTransferListenerAdapter - Downloading https://repo.maven.apache.org/maven2/io/netty/netty-handler/4.1.135.Final/netty-handler-4.1.135.Final-sources.jar
2026-07-27 08:18:05,860 [Worker-139: Download sources and javadoc] INFO  o.e.m.c.i.e.AbstractTransferListenerAdapter - Downloaded https://repo.maven.apache.org/maven2/io/netty/netty-handler/4.1.135.Final/netty-handler-4.1.135.Final-sources.jar
2026-07-27 08:18:05,866 [Worker-139: Download sources and javadoc] INFO  o.e.m.j.internal.DownloadSourcesJob - Downloaded sources for io.netty:netty-handler:4.1.135.Final
2026-07-27 08:18:06,084 [Worker-139: Download sources and javadoc] INFO  o.e.m.c.i.e.AbstractTransferListenerAdapter - Downloading https://repo.maven.apache.org/maven2/io/netty/netty-resolver/4.1.135.Final/netty-resolver-4.1.135.Final-sources.jar
2026-07-27 08:18:06,093 [Worker-139: Download sources and javadoc] INFO  o.e.m.c.i.e.AbstractTransferListenerAdapter - Downloaded https://repo.maven.apache.org/maven2/io/netty/netty-resolver/4.1.135.Final/netty-resolver-4.1.135.Final-sources.jar
2026-07-27 08:18:06,099 [Worker-139: Download sources and javadoc] INFO  o.e.m.j.internal.DownloadSourcesJob - Downloaded sources for io.netty:netty-resolver:4.1.135.Final
2026-07-27 08:18:06,302 [Worker-139: Download sources and javadoc] INFO  o.e.m.c.i.e.AbstractTransferListenerAdapter - Downloading https://repo.maven.apache.org/maven2/io/netty/netty-transport-native-unix-common/4.1.135.Final/netty-transport-native-unix-common-4.1.135.Final-sources.jar
2026-07-27 08:18:06,372 [Worker-139: Download sources and javadoc] INFO  o.e.m.c.i.e.AbstractTransferListenerAdapter - Downloaded https://repo.maven.apache.org/maven2/io/netty/netty-transport-native-unix-common/4.1.135.Final/netty-transport-native-unix-common-4.1.135.Final-sources.jar
2026-07-27 08:18:06,379 [Worker-139: Download sources and javadoc] INFO  o.e.m.j.internal.DownloadSourcesJob - Downloaded sources for io.netty:netty-transport-native-unix-common:4.1.135.Final
2026-07-27 08:18:06,607 [Worker-139: Download sources and javadoc] INFO  o.e.m.c.i.e.AbstractTransferListenerAdapter - Downloading https://repo.maven.apache.org/maven2/io/netty/netty-transport/4.1.135.Final/netty-transport-4.1.135.Final-sources.jar
2026-07-27 08:18:06,855 [Worker-139: Download sources and javadoc] INFO  o.e.m.c.i.e.AbstractTransferListenerAdapter - Downloaded https://repo.maven.apache.org/maven2/io/netty/netty-transport/4.1.135.Final/netty-transport-4.1.135.Final-sources.jar
2026-07-27 08:18:06,862 [Worker-139: Download sources and javadoc] INFO  o.e.m.j.internal.DownloadSourcesJob - Downloaded sources for io.netty:netty-transport:4.1.135.Final
2026-07-27 08:18:07,079 [Worker-139: Download sources and javadoc] INFO  o.e.m.c.i.e.AbstractTransferListenerAdapter - Downloading https://repo.maven.apache.org/maven2/io/github/resilience4j/resilience4j-spring-boot3/2.2.0/resilience4j-spring-boot3-2.2.0-sources.jar
2026-07-27 08:18:07,171 [Worker-139: Download sources and javadoc] INFO  o.e.m.c.i.e.AbstractTransferListenerAdapter - Downloaded https://repo.maven.apache.org/maven2/io/github/resilience4j/resilience4j-spring-boot3/2.2.0/resilience4j-spring-boot3-2.2.0-sources.jar
2026-07-27 08:18:07,177 [Worker-139: Download sources and javadoc] INFO  o.e.m.j.internal.DownloadSourcesJob - Downloaded sources for io.github.resilience4j:resilience4j-spring-boot3:2.2.0
2026-07-27 08:18:07,388 [Worker-139: Download sources and javadoc] INFO  o.e.m.c.i.e.AbstractTransferListenerAdapter - Downloading https://repo.maven.apache.org/maven2/io/github/resilience4j/resilience4j-spring6/2.2.0/resilience4j-spring6-2.2.0-sources.jar
2026-07-27 08:18:07,515 [Worker-139: Download sources and javadoc] INFO  o.e.m.c.i.e.AbstractTransferListenerAdapter - Downloaded https://repo.maven.apache.org/maven2/io/github/resilience4j/resilience4j-spring6/2.2.0/resilience4j-spring6-2.2.0-sources.jar
2026-07-27 08:18:07,522 [Worker-139: Download sources and javadoc] INFO  o.e.m.j.internal.DownloadSourcesJob - Downloaded sources for io.github.resilience4j:resilience4j-spring6:2.2.0
2026-07-27 08:18:07,745 [Worker-139: Download sources and javadoc] INFO  o.e.m.c.i.e.AbstractTransferListenerAdapter - Downloading https://repo.maven.apache.org/maven2/io/github/resilience4j/resilience4j-annotations/2.2.0/resilience4j-annotations-2.2.0-sources.jar
2026-07-27 08:18:07,751 [Worker-139: Download sources and javadoc] INFO  o.e.m.c.i.e.AbstractTransferListenerAdapter - Downloaded https://repo.maven.apache.org/maven2/io/github/resilience4j/resilience4j-annotations/2.2.0/resilience4j-annotations-2.2.0-sources.jar
2026-07-27 08:18:07,757 [Worker-139: Download sources and javadoc] INFO  o.e.m.j.internal.DownloadSourcesJob - Downloaded sources for io.github.resilience4j:resilience4j-annotations:2.2.0
2026-07-27 08:18:08,006 [Worker-139: Download sources and javadoc] INFO  o.e.m.c.i.e.AbstractTransferListenerAdapter - Downloading https://repo.maven.apache.org/maven2/io/github/resilience4j/resilience4j-consumer/2.2.0/resilience4j-consumer-2.2.0-sources.jar
2026-07-27 08:18:08,011 [Worker-139: Download sources and javadoc] INFO  o.e.m.c.i.e.AbstractTransferListenerAdapter - Downloaded https://repo.maven.apache.org/maven2/io/github/resilience4j/resilience4j-consumer/2.2.0/resilience4j-consumer-2.2.0-sources.jar
2026-07-27 08:18:08,018 [Worker-139: Download sources and javadoc] INFO  o.e.m.j.internal.DownloadSourcesJob - Downloaded sources for io.github.resilience4j:resilience4j-consumer:2.2.0
2026-07-27 08:18:08,237 [Worker-139: Download sources and javadoc] INFO  o.e.m.c.i.e.AbstractTransferListenerAdapter - Downloading https://repo.maven.apache.org/maven2/io/github/resilience4j/resilience4j-circularbuffer/2.2.0/resilience4j-circularbuffer-2.2.0-sources.jar
2026-07-27 08:18:08,241 [Worker-139: Download sources and javadoc] INFO  o.e.m.c.i.e.AbstractTransferListenerAdapter - Downloaded https://repo.maven.apache.org/maven2/io/github/resilience4j/resilience4j-circularbuffer/2.2.0/resilience4j-circularbuffer-2.2.0-sources.jar
2026-07-27 08:18:08,247 [Worker-139: Download sources and javadoc] INFO  o.e.m.j.internal.DownloadSourcesJob - Downloaded sources for io.github.resilience4j:resilience4j-circularbuffer:2.2.0
2026-07-27 08:18:08,494 [Worker-139: Download sources and javadoc] INFO  o.e.m.c.i.e.AbstractTransferListenerAdapter - Downloading https://repo.maven.apache.org/maven2/io/github/resilience4j/resilience4j-framework-common/2.2.0/resilience4j-framework-common-2.2.0-sources.jar
2026-07-27 08:18:08,546 [Worker-139: Download sources and javadoc] INFO  o.e.m.c.i.e.AbstractTransferListenerAdapter - Downloaded https://repo.maven.apache.org/maven2/io/github/resilience4j/resilience4j-framework-common/2.2.0/resilience4j-framework-common-2.2.0-sources.jar
2026-07-27 08:18:08,552 [Worker-139: Download sources and javadoc] INFO  o.e.m.j.internal.DownloadSourcesJob - Downloaded sources for io.github.resilience4j:resilience4j-framework-common:2.2.0
2026-07-27 08:18:08,752 [Worker-139: Download sources and javadoc] INFO  o.e.m.c.i.e.AbstractTransferListenerAdapter - Downloading https://repo.maven.apache.org/maven2/io/github/resilience4j/resilience4j-micrometer/2.2.0/resilience4j-micrometer-2.2.0-sources.jar
2026-07-27 08:18:08,770 [Worker-139: Download sources and javadoc] INFO  o.e.m.c.i.e.AbstractTransferListenerAdapter - Downloaded https://repo.maven.apache.org/maven2/io/github/resilience4j/resilience4j-micrometer/2.2.0/resilience4j-micrometer-2.2.0-sources.jar
2026-07-27 08:18:08,776 [Worker-139: Download sources and javadoc] INFO  o.e.m.j.internal.DownloadSourcesJob - Downloaded sources for io.github.resilience4j:resilience4j-micrometer:2.2.0
2026-07-27 08:18:09,014 [Worker-139: Download sources and javadoc] INFO  o.e.m.c.i.e.AbstractTransferListenerAdapter - Downloading https://repo.maven.apache.org/maven2/io/github/resilience4j/resilience4j-timelimiter/2.2.0/resilience4j-timelimiter-2.2.0-sources.jar
2026-07-27 08:18:09,019 [Worker-139: Download sources and javadoc] INFO  o.e.m.c.i.e.AbstractTransferListenerAdapter - Downloaded https://repo.maven.apache.org/maven2/io/github/resilience4j/resilience4j-timelimiter/2.2.0/resilience4j-timelimiter-2.2.0-sources.jar
2026-07-27 08:18:09,025 [Worker-139: Download sources and javadoc] INFO  o.e.m.j.internal.DownloadSourcesJob - Downloaded sources for io.github.resilience4j:resilience4j-timelimiter:2.2.0
2026-07-27 08:18:09,219 [Worker-139: Download sources and javadoc] INFO  o.e.m.c.i.e.AbstractTransferListenerAdapter - Downloading https://repo.maven.apache.org/maven2/io/github/resilience4j/resilience4j-feign/2.2.0/resilience4j-feign-2.2.0-sources.jar
2026-07-27 08:18:09,226 [Worker-139: Download sources and javadoc] INFO  o.e.m.c.i.e.AbstractTransferListenerAdapter - Downloaded https://repo.maven.apache.org/maven2/io/github/resilience4j/resilience4j-feign/2.2.0/resilience4j-feign-2.2.0-sources.jar
2026-07-27 08:18:09,232 [Worker-139: Download sources and javadoc] INFO  o.e.m.j.internal.DownloadSourcesJob - Downloaded sources for io.github.resilience4j:resilience4j-feign:2.2.0
2026-07-27 08:18:09,475 [Worker-139: Download sources and javadoc] INFO  o.e.m.c.i.e.AbstractTransferListenerAdapter - Downloading https://repo.maven.apache.org/maven2/io/github/resilience4j/resilience4j-retry/2.2.0/resilience4j-retry-2.2.0-sources.jar
2026-07-27 08:18:09,482 [Worker-139: Download sources and javadoc] INFO  o.e.m.c.i.e.AbstractTransferListenerAdapter - Downloaded https://repo.maven.apache.org/maven2/io/github/resilience4j/resilience4j-retry/2.2.0/resilience4j-retry-2.2.0-sources.jar
2026-07-27 08:18:09,488 [Worker-139: Download sources and javadoc] INFO  o.e.m.j.internal.DownloadSourcesJob - Downloaded sources for io.github.resilience4j:resilience4j-retry:2.2.0
2026-07-27 08:18:09,673 [Worker-139: Download sources and javadoc] INFO  o.e.m.c.i.e.AbstractTransferListenerAdapter - Downloading https://repo.maven.apache.org/maven2/io/github/resilience4j/resilience4j-core/2.2.0/resilience4j-core-2.2.0-sources.jar
2026-07-27 08:18:09,696 [Worker-139: Download sources and javadoc] INFO  o.e.m.c.i.e.AbstractTransferListenerAdapter - Downloaded https://repo.maven.apache.org/maven2/io/github/resilience4j/resilience4j-core/2.2.0/resilience4j-core-2.2.0-sources.jar
2026-07-27 08:18:09,702 [Worker-139: Download sources and javadoc] INFO  o.e.m.j.internal.DownloadSourcesJob - Downloaded sources for io.github.resilience4j:resilience4j-core:2.2.0
2026-07-27 08:18:09,963 [Worker-139: Download sources and javadoc] INFO  o.e.m.c.i.e.AbstractTransferListenerAdapter - Downloading https://repo.maven.apache.org/maven2/io/github/resilience4j/resilience4j-circuitbreaker/2.2.0/resilience4j-circuitbreaker-2.2.0-sources.jar
2026-07-27 08:18:09,983 [Worker-139: Download sources and javadoc] INFO  o.e.m.c.i.e.AbstractTransferListenerAdapter - Downloaded https://repo.maven.apache.org/maven2/io/github/resilience4j/resilience4j-circuitbreaker/2.2.0/resilience4j-circuitbreaker-2.2.0-sources.jar
2026-07-27 08:18:09,990 [Worker-139: Download sources and javadoc] INFO  o.e.m.j.internal.DownloadSourcesJob - Downloaded sources for io.github.resilience4j:resilience4j-circuitbreaker:2.2.0
2026-07-27 08:18:10,251 [Worker-139: Download sources and javadoc] INFO  o.e.m.c.i.e.AbstractTransferListenerAdapter - Downloading https://repo.maven.apache.org/maven2/io/github/resilience4j/resilience4j-ratelimiter/2.2.0/resilience4j-ratelimiter-2.2.0-sources.jar
2026-07-27 08:18:10,260 [Worker-139: Download sources and javadoc] INFO  o.e.m.c.i.e.AbstractTransferListenerAdapter - Downloaded https://repo.maven.apache.org/maven2/io/github/resilience4j/resilience4j-ratelimiter/2.2.0/resilience4j-ratelimiter-2.2.0-sources.jar
2026-07-27 08:18:10,265 [Worker-139: Download sources and javadoc] INFO  o.e.m.j.internal.DownloadSourcesJob - Downloaded sources for io.github.resilience4j:resilience4j-ratelimiter:2.2.0
2026-07-27 08:18:10,478 [Worker-139: Download sources and javadoc] INFO  o.e.m.c.i.e.AbstractTransferListenerAdapter - Downloading https://repo.maven.apache.org/maven2/io/github/resilience4j/resilience4j-bulkhead/2.2.0/resilience4j-bulkhead-2.2.0-sources.jar
2026-07-27 08:18:10,495 [Worker-139: Download sources and javadoc] INFO  o.e.m.c.i.e.AbstractTransferListenerAdapter - Downloaded https://repo.maven.apache.org/maven2/io/github/resilience4j/resilience4j-bulkhead/2.2.0/resilience4j-bulkhead-2.2.0-sources.jar
2026-07-27 08:18:10,501 [Worker-139: Download sources and javadoc] INFO  o.e.m.j.internal.DownloadSourcesJob - Downloaded sources for io.github.resilience4j:resilience4j-bulkhead:2.2.0
2026-07-27 08:18:10,705 [Worker-139: Download sources and javadoc] INFO  o.e.m.c.i.e.AbstractTransferListenerAdapter - Downloading https://repo.maven.apache.org/maven2/com/fasterxml/jackson/dataformat/jackson-dataformat-yaml/2.21.4/jackson-dataformat-yaml-2.21.4-sources.jar
2026-07-27 08:18:10,723 [Worker-139: Download sources and javadoc] INFO  o.e.m.c.i.e.AbstractTransferListenerAdapter - Downloaded https://repo.maven.apache.org/maven2/com/fasterxml/jackson/dataformat/jackson-dataformat-yaml/2.21.4/jackson-dataformat-yaml-2.21.4-sources.jar
2026-07-27 08:18:10,729 [Worker-139: Download sources and javadoc] INFO  o.e.m.j.internal.DownloadSourcesJob - Downloaded sources for com.fasterxml.jackson.dataformat:jackson-dataformat-yaml:2.21.4
2026-07-27 08:20:42,145 [Worker-162: Launching Executing clean in C__Users_user_Desktop_locato_Notification-Service] INFO  o.eclipse.m2e.core.internal.Bundles - getClasspathEntries(Bundle=org.eclipse.m2e.maven.runtime_3.9.1600.20260522-0510 [365])
2026-07-27 08:20:42,158 [Worker-162: Launching Executing clean in C__Users_user_Desktop_locato_Notification-Service] INFO  o.eclipse.m2e.core.internal.Bundles - 	Entry: C:\Users\user\Downloads\spring-tools-for-eclipse-5.2.0.RELEASE-e4.40.0-win32.win32.x86_64\sts-5.2.0.RELEASE\plugins\org.eclipse.m2e.maven.runtime_3.9.1600.20260522-0510
2026-07-27 08:20:42,159 [Worker-162: Launching Executing clean in C__Users_user_Desktop_locato_Notification-Service] INFO  o.eclipse.m2e.core.internal.Bundles - 	Entry: C:\Users\user\Downloads\spring-tools-for-eclipse-5.2.0.RELEASE-e4.40.0-win32.win32.x86_64\sts-5.2.0.RELEASE\plugins\org.eclipse.m2e.maven.runtime_3.9.1600.20260522-0510\jars\aopalliance-1.0.jar
2026-07-27 08:20:42,159 [Worker-162: Launching Executing clean in C__Users_user_Desktop_locato_Notification-Service] INFO  o.eclipse.m2e.core.internal.Bundles - 	Entry: C:\Users\user\Downloads\spring-tools-for-eclipse-5.2.0.RELEASE-e4.40.0-win32.win32.x86_64\sts-5.2.0.RELEASE\plugins\org.eclipse.m2e.maven.runtime_3.9.1600.20260522-0510\jars\asm-9.9.1.jar
2026-07-27 08:20:42,159 [Worker-162: Launching Executing clean in C__Users_user_Desktop_locato_Notification-Service] INFO  o.eclipse.m2e.core.internal.Bundles - 	Entry: C:\Users\user\Downloads\spring-tools-for-eclipse-5.2.0.RELEASE-e4.40.0-win32.win32.x86_64\sts-5.2.0.RELEASE\plugins\org.eclipse.m2e.maven.runtime_3.9.1600.20260522-0510\jars\error_prone_annotations-2.41.0.jar
2026-07-27 08:20:42,160 [Worker-162: Launching Executing clean in C__Users_user_Desktop_locato_Notification-Service] INFO  o.eclipse.m2e.core.internal.Bundles - 	Entry: C:\Users\user\Downloads\spring-tools-for-eclipse-5.2.0.RELEASE-e4.40.0-win32.win32.x86_64\sts-5.2.0.RELEASE\plugins\org.eclipse.m2e.maven.runtime_3.9.1600.20260522-0510\jars\gson-2.13.2.jar
2026-07-27 08:20:42,160 [Worker-162: Launching Executing clean in C__Users_user_Desktop_locato_Notification-Service] INFO  o.eclipse.m2e.core.internal.Bundles - 	Entry: C:\Users\user\Downloads\spring-tools-for-eclipse-5.2.0.RELEASE-e4.40.0-win32.win32.x86_64\sts-5.2.0.RELEASE\plugins\org.eclipse.m2e.maven.runtime_3.9.1600.20260522-0510\jars\guice-5.1.0-classes.jar
2026-07-27 08:20:42,160 [Worker-162: Launching Executing clean in C__Users_user_Desktop_locato_Notification-Service] INFO  o.eclipse.m2e.core.internal.Bundles - 	Entry: C:\Users\user\Downloads\spring-tools-for-eclipse-5.2.0.RELEASE-e4.40.0-win32.win32.x86_64\sts-5.2.0.RELEASE\plugins\org.eclipse.m2e.maven.runtime_3.9.1600.20260522-0510\jars\httpclient-4.5.14.jar
2026-07-27 08:20:42,160 [Worker-162: Launching Executing clean in C__Users_user_Desktop_locato_Notification-Service] INFO  o.eclipse.m2e.core.internal.Bundles - 	Entry: C:\Users\user\Downloads\spring-tools-for-eclipse-5.2.0.RELEASE-e4.40.0-win32.win32.x86_64\sts-5.2.0.RELEASE\plugins\org.eclipse.m2e.maven.runtime_3.9.1600.20260522-0510\jars\httpcore-4.4.16.jar
2026-07-27 08:20:42,160 [Worker-162: Launching Executing clean in C__Users_user_Desktop_locato_Notification-Service] INFO  o.eclipse.m2e.core.internal.Bundles - 	Entry: C:\Users\user\Downloads\spring-tools-for-eclipse-5.2.0.RELEASE-e4.40.0-win32.win32.x86_64\sts-5.2.0.RELEASE\plugins\org.eclipse.m2e.maven.runtime_3.9.1600.20260522-0510\jars\jansi-2.4.3.jar
2026-07-27 08:20:42,161 [Worker-162: Launching Executing clean in C__Users_user_Desktop_locato_Notification-Service] INFO  o.eclipse.m2e.core.internal.Bundles - 	Entry: C:\Users\user\Downloads\spring-tools-for-eclipse-5.2.0.RELEASE-e4.40.0-win32.win32.x86_64\sts-5.2.0.RELEASE\plugins\org.eclipse.m2e.maven.runtime_3.9.1600.20260522-0510\jars\jcl-over-slf4j-1.7.36.jar
2026-07-27 08:20:42,161 [Worker-162: Launching Executing clean in C__Users_user_Desktop_locato_Notification-Service] INFO  o.eclipse.m2e.core.internal.Bundles - 	Entry: C:\Users\user\Downloads\spring-tools-for-eclipse-5.2.0.RELEASE-e4.40.0-win32.win32.x86_64\sts-5.2.0.RELEASE\plugins\org.eclipse.m2e.maven.runtime_3.9.1600.20260522-0510\jars\maven-artifact-3.9.16.jar
2026-07-27 08:20:42,161 [Worker-162: Launching Executing clean in C__Users_user_Desktop_locato_Notification-Service] INFO  o.eclipse.m2e.core.internal.Bundles - 	Entry: C:\Users\user\Downloads\spring-tools-for-eclipse-5.2.0.RELEASE-e4.40.0-win32.win32.x86_64\sts-5.2.0.RELEASE\plugins\org.eclipse.m2e.maven.runtime_3.9.1600.20260522-0510\jars\maven-builder-support-3.9.16.jar
2026-07-27 08:20:42,161 [Worker-162: Launching Executing clean in C__Users_user_Desktop_locato_Notification-Service] INFO  o.eclipse.m2e.core.internal.Bundles - 	Entry: C:\Users\user\Downloads\spring-tools-for-eclipse-5.2.0.RELEASE-e4.40.0-win32.win32.x86_64\sts-5.2.0.RELEASE\plugins\org.eclipse.m2e.maven.runtime_3.9.1600.20260522-0510\jars\maven-compat-3.9.16.jar
2026-07-27 08:20:42,161 [Worker-162: Launching Executing clean in C__Users_user_Desktop_locato_Notification-Service] INFO  o.eclipse.m2e.core.internal.Bundles - 	Entry: C:\Users\user\Downloads\spring-tools-for-eclipse-5.2.0.RELEASE-e4.40.0-win32.win32.x86_64\sts-5.2.0.RELEASE\plugins\org.eclipse.m2e.maven.runtime_3.9.1600.20260522-0510\jars\maven-core-3.9.16.jar
2026-07-27 08:20:42,162 [Worker-162: Launching Executing clean in C__Users_user_Desktop_locato_Notification-Service] INFO  o.eclipse.m2e.core.internal.Bundles - 	Entry: C:\Users\user\Downloads\spring-tools-for-eclipse-5.2.0.RELEASE-e4.40.0-win32.win32.x86_64\sts-5.2.0.RELEASE\plugins\org.eclipse.m2e.maven.runtime_3.9.1600.20260522-0510\jars\maven-embedder-3.9.16.jar
2026-07-27 08:20:42,162 [Worker-162: Launching Executing clean in C__Users_user_Desktop_locato_Notification-Service] INFO  o.eclipse.m2e.core.internal.Bundles - 	Entry: C:\Users\user\Downloads\spring-tools-for-eclipse-5.2.0.RELEASE-e4.40.0-win32.win32.x86_64\sts-5.2.0.RELEASE\plugins\org.eclipse.m2e.maven.runtime_3.9.1600.20260522-0510\jars\maven-model-3.9.16.jar
2026-07-27 08:20:42,163 [Worker-162: Launching Executing clean in C__Users_user_Desktop_locato_Notification-Service] INFO  o.eclipse.m2e.core.internal.Bundles - 	Entry: C:\Users\user\Downloads\spring-tools-for-eclipse-5.2.0.RELEASE-e4.40.0-win32.win32.x86_64\sts-5.2.0.RELEASE\plugins\org.eclipse.m2e.maven.runtime_3.9.1600.20260522-0510\jars\maven-model-builder-3.9.16.jar
2026-07-27 08:20:42,164 [Worker-162: Launching Executing clean in C__Users_user_Desktop_locato_Notification-Service] INFO  o.eclipse.m2e.core.internal.Bundles - 	Entry: C:\Users\user\Downloads\spring-tools-for-eclipse-5.2.0.RELEASE-e4.40.0-win32.win32.x86_64\sts-5.2.0.RELEASE\plugins\org.eclipse.m2e.maven.runtime_3.9.1600.20260522-0510\jars\maven-plugin-api-3.9.16.jar
2026-07-27 08:20:42,165 [Worker-162: Launching Executing clean in C__Users_user_Desktop_locato_Notification-Service] INFO  o.eclipse.m2e.core.internal.Bundles - 	Entry: C:\Users\user\Downloads\spring-tools-for-eclipse-5.2.0.RELEASE-e4.40.0-win32.win32.x86_64\sts-5.2.0.RELEASE\plugins\org.eclipse.m2e.maven.runtime_3.9.1600.20260522-0510\jars\maven-repository-metadata-3.9.16.jar
2026-07-27 08:20:42,165 [Worker-162: Launching Executing clean in C__Users_user_Desktop_locato_Notification-Service] INFO  o.eclipse.m2e.core.internal.Bundles - 	Entry: C:\Users\user\Downloads\spring-tools-for-eclipse-5.2.0.RELEASE-e4.40.0-win32.win32.x86_64\sts-5.2.0.RELEASE\plugins\org.eclipse.m2e.maven.runtime_3.9.1600.20260522-0510\jars\maven-resolver-api-1.9.27.jar
2026-07-27 08:20:42,166 [Worker-162: Launching Executing clean in C__Users_user_Desktop_locato_Notification-Service] INFO  o.eclipse.m2e.core.internal.Bundles - 	Entry: C:\Users\user\Downloads\spring-tools-for-eclipse-5.2.0.RELEASE-e4.40.0-win32.win32.x86_64\sts-5.2.0.RELEASE\plugins\org.eclipse.m2e.maven.runtime_3.9.1600.20260522-0510\jars\maven-resolver-connector-basic-1.9.27.jar
2026-07-27 08:20:42,166 [Worker-162: Launching Executing clean in C__Users_user_Desktop_locato_Notification-Service] INFO  o.eclipse.m2e.core.internal.Bundles - 	Entry: C:\Users\user\Downloads\spring-tools-for-eclipse-5.2.0.RELEASE-e4.40.0-win32.win32.x86_64\sts-5.2.0.RELEASE\plugins\org.eclipse.m2e.maven.runtime_3.9.1600.20260522-0510\jars\maven-resolver-impl-1.9.27.jar
2026-07-27 08:20:42,166 [Worker-162: Launching Executing clean in C__Users_user_Desktop_locato_Notification-Service] INFO  o.eclipse.m2e.core.internal.Bundles - 	Entry: C:\Users\user\Downloads\spring-tools-for-eclipse-5.2.0.RELEASE-e4.40.0-win32.win32.x86_64\sts-5.2.0.RELEASE\plugins\org.eclipse.m2e.maven.runtime_3.9.1600.20260522-0510\jars\maven-resolver-named-locks-1.9.27.jar
2026-07-27 08:20:42,167 [Worker-162: Launching Executing clean in C__Users_user_Desktop_locato_Notification-Service] INFO  o.eclipse.m2e.core.internal.Bundles - 	Entry: C:\Users\user\Downloads\spring-tools-for-eclipse-5.2.0.RELEASE-e4.40.0-win32.win32.x86_64\sts-5.2.0.RELEASE\plugins\org.eclipse.m2e.maven.runtime_3.9.1600.20260522-0510\jars\maven-resolver-provider-3.9.16.jar
2026-07-27 08:20:42,168 [Worker-162: Launching Executing clean in C__Users_user_Desktop_locato_Notification-Service] INFO  o.eclipse.m2e.core.internal.Bundles - 	Entry: C:\Users\user\Downloads\spring-tools-for-eclipse-5.2.0.RELEASE-e4.40.0-win32.win32.x86_64\sts-5.2.0.RELEASE\plugins\org.eclipse.m2e.maven.runtime_3.9.1600.20260522-0510\jars\maven-resolver-spi-1.9.27.jar
2026-07-27 08:20:42,168 [Worker-162: Launching Executing clean in C__Users_user_Desktop_locato_Notification-Service] INFO  o.eclipse.m2e.core.internal.Bundles - 	Entry: C:\Users\user\Downloads\spring-tools-for-eclipse-5.2.0.RELEASE-e4.40.0-win32.win32.x86_64\sts-5.2.0.RELEASE\plugins\org.eclipse.m2e.maven.runtime_3.9.1600.20260522-0510\jars\maven-resolver-transport-file-1.9.27.jar
2026-07-27 08:20:42,168 [Worker-162: Launching Executing clean in C__Users_user_Desktop_locato_Notification-Service] INFO  o.eclipse.m2e.core.internal.Bundles - 	Entry: C:\Users\user\Downloads\spring-tools-for-eclipse-5.2.0.RELEASE-e4.40.0-win32.win32.x86_64\sts-5.2.0.RELEASE\plugins\org.eclipse.m2e.maven.runtime_3.9.1600.20260522-0510\jars\maven-resolver-transport-http-1.9.27.jar
2026-07-27 08:20:42,169 [Worker-162: Launching Executing clean in C__Users_user_Desktop_locato_Notification-Service] INFO  o.eclipse.m2e.core.internal.Bundles - 	Entry: C:\Users\user\Downloads\spring-tools-for-eclipse-5.2.0.RELEASE-e4.40.0-win32.win32.x86_64\sts-5.2.0.RELEASE\plugins\org.eclipse.m2e.maven.runtime_3.9.1600.20260522-0510\jars\maven-resolver-transport-wagon-1.9.27.jar
2026-07-27 08:20:42,169 [Worker-162: Launching Executing clean in C__Users_user_Desktop_locato_Notification-Service] INFO  o.eclipse.m2e.core.internal.Bundles - 	Entry: C:\Users\user\Downloads\spring-tools-for-eclipse-5.2.0.RELEASE-e4.40.0-win32.win32.x86_64\sts-5.2.0.RELEASE\plugins\org.eclipse.m2e.maven.runtime_3.9.1600.20260522-0510\jars\maven-resolver-util-1.9.27.jar
2026-07-27 08:20:42,169 [Worker-162: Launching Executing clean in C__Users_user_Desktop_locato_Notification-Service] INFO  o.eclipse.m2e.core.internal.Bundles - 	Entry: C:\Users\user\Downloads\spring-tools-for-eclipse-5.2.0.RELEASE-e4.40.0-win32.win32.x86_64\sts-5.2.0.RELEASE\plugins\org.eclipse.m2e.maven.runtime_3.9.1600.20260522-0510\jars\maven-settings-3.9.16.jar
2026-07-27 08:20:42,170 [Worker-162: Launching Executing clean in C__Users_user_Desktop_locato_Notification-Service] INFO  o.eclipse.m2e.core.internal.Bundles - 	Entry: C:\Users\user\Downloads\spring-tools-for-eclipse-5.2.0.RELEASE-e4.40.0-win32.win32.x86_64\sts-5.2.0.RELEASE\plugins\org.eclipse.m2e.maven.runtime_3.9.1600.20260522-0510\jars\maven-settings-builder-3.9.16.jar
2026-07-27 08:20:42,170 [Worker-162: Launching Executing clean in C__Users_user_Desktop_locato_Notification-Service] INFO  o.eclipse.m2e.core.internal.Bundles - 	Entry: C:\Users\user\Downloads\spring-tools-for-eclipse-5.2.0.RELEASE-e4.40.0-win32.win32.x86_64\sts-5.2.0.RELEASE\plugins\org.eclipse.m2e.maven.runtime_3.9.1600.20260522-0510\jars\maven-shared-utils-3.4.2.jar
2026-07-27 08:20:42,170 [Worker-162: Launching Executing clean in C__Users_user_Desktop_locato_Notification-Service] INFO  o.eclipse.m2e.core.internal.Bundles - 	Entry: C:\Users\user\Downloads\spring-tools-for-eclipse-5.2.0.RELEASE-e4.40.0-win32.win32.x86_64\sts-5.2.0.RELEASE\plugins\org.eclipse.m2e.maven.runtime_3.9.1600.20260522-0510\jars\org.eclipse.sisu.inject-1.0.0.jar
2026-07-27 08:20:42,171 [Worker-162: Launching Executing clean in C__Users_user_Desktop_locato_Notification-Service] INFO  o.eclipse.m2e.core.internal.Bundles - 	Entry: C:\Users\user\Downloads\spring-tools-for-eclipse-5.2.0.RELEASE-e4.40.0-win32.win32.x86_64\sts-5.2.0.RELEASE\plugins\org.eclipse.m2e.maven.runtime_3.9.1600.20260522-0510\jars\org.eclipse.sisu.plexus-1.0.0.jar
2026-07-27 08:20:42,171 [Worker-162: Launching Executing clean in C__Users_user_Desktop_locato_Notification-Service] INFO  o.eclipse.m2e.core.internal.Bundles - 	Entry: C:\Users\user\Downloads\spring-tools-for-eclipse-5.2.0.RELEASE-e4.40.0-win32.win32.x86_64\sts-5.2.0.RELEASE\plugins\org.eclipse.m2e.maven.runtime_3.9.1600.20260522-0510\jars\plexus-build-api-0.0.7.jar
2026-07-27 08:20:42,171 [Worker-162: Launching Executing clean in C__Users_user_Desktop_locato_Notification-Service] INFO  o.eclipse.m2e.core.internal.Bundles - 	Entry: C:\Users\user\Downloads\spring-tools-for-eclipse-5.2.0.RELEASE-e4.40.0-win32.win32.x86_64\sts-5.2.0.RELEASE\plugins\org.eclipse.m2e.maven.runtime_3.9.1600.20260522-0510\jars\plexus-build-api-1.2.0.jar
2026-07-27 08:20:42,171 [Worker-162: Launching Executing clean in C__Users_user_Desktop_locato_Notification-Service] INFO  o.eclipse.m2e.core.internal.Bundles - 	Entry: C:\Users\user\Downloads\spring-tools-for-eclipse-5.2.0.RELEASE-e4.40.0-win32.win32.x86_64\sts-5.2.0.RELEASE\plugins\org.eclipse.m2e.maven.runtime_3.9.1600.20260522-0510\jars\plexus-cipher-2.0.jar
2026-07-27 08:20:42,172 [Worker-162: Launching Executing clean in C__Users_user_Desktop_locato_Notification-Service] INFO  o.eclipse.m2e.core.internal.Bundles - 	Entry: C:\Users\user\Downloads\spring-tools-for-eclipse-5.2.0.RELEASE-e4.40.0-win32.win32.x86_64\sts-5.2.0.RELEASE\plugins\org.eclipse.m2e.maven.runtime_3.9.1600.20260522-0510\jars\plexus-classworlds-2.11.0.jar
2026-07-27 08:20:42,172 [Worker-162: Launching Executing clean in C__Users_user_Desktop_locato_Notification-Service] INFO  o.eclipse.m2e.core.internal.Bundles - 	Entry: C:\Users\user\Downloads\spring-tools-for-eclipse-5.2.0.RELEASE-e4.40.0-win32.win32.x86_64\sts-5.2.0.RELEASE\plugins\org.eclipse.m2e.maven.runtime_3.9.1600.20260522-0510\jars\plexus-component-annotations-2.2.0.jar
2026-07-27 08:20:42,173 [Worker-162: Launching Executing clean in C__Users_user_Desktop_locato_Notification-Service] INFO  o.eclipse.m2e.core.internal.Bundles - 	Entry: C:\Users\user\Downloads\spring-tools-for-eclipse-5.2.0.RELEASE-e4.40.0-win32.win32.x86_64\sts-5.2.0.RELEASE\plugins\org.eclipse.m2e.maven.runtime_3.9.1600.20260522-0510\jars\plexus-interpolation-1.29.jar
2026-07-27 08:20:42,174 [Worker-162: Launching Executing clean in C__Users_user_Desktop_locato_Notification-Service] INFO  o.eclipse.m2e.core.internal.Bundles - 	Entry: C:\Users\user\Downloads\spring-tools-for-eclipse-5.2.0.RELEASE-e4.40.0-win32.win32.x86_64\sts-5.2.0.RELEASE\plugins\org.eclipse.m2e.maven.runtime_3.9.1600.20260522-0510\jars\plexus-sec-dispatcher-2.0.jar
2026-07-27 08:20:42,175 [Worker-162: Launching Executing clean in C__Users_user_Desktop_locato_Notification-Service] INFO  o.eclipse.m2e.core.internal.Bundles - 	Entry: C:\Users\user\Downloads\spring-tools-for-eclipse-5.2.0.RELEASE-e4.40.0-win32.win32.x86_64\sts-5.2.0.RELEASE\plugins\org.eclipse.m2e.maven.runtime_3.9.1600.20260522-0510\jars\plexus-utils-3.6.1.jar
2026-07-27 08:20:42,176 [Worker-162: Launching Executing clean in C__Users_user_Desktop_locato_Notification-Service] INFO  o.eclipse.m2e.core.internal.Bundles - 	Entry: C:\Users\user\Downloads\spring-tools-for-eclipse-5.2.0.RELEASE-e4.40.0-win32.win32.x86_64\sts-5.2.0.RELEASE\plugins\org.eclipse.m2e.maven.runtime_3.9.1600.20260522-0510\jars\wagon-file-3.5.3.jar
2026-07-27 08:20:42,176 [Worker-162: Launching Executing clean in C__Users_user_Desktop_locato_Notification-Service] INFO  o.eclipse.m2e.core.internal.Bundles - 	Entry: C:\Users\user\Downloads\spring-tools-for-eclipse-5.2.0.RELEASE-e4.40.0-win32.win32.x86_64\sts-5.2.0.RELEASE\plugins\org.eclipse.m2e.maven.runtime_3.9.1600.20260522-0510\jars\wagon-http-3.5.3.jar
2026-07-27 08:20:42,176 [Worker-162: Launching Executing clean in C__Users_user_Desktop_locato_Notification-Service] INFO  o.eclipse.m2e.core.internal.Bundles - 	Entry: C:\Users\user\Downloads\spring-tools-for-eclipse-5.2.0.RELEASE-e4.40.0-win32.win32.x86_64\sts-5.2.0.RELEASE\plugins\org.eclipse.m2e.maven.runtime_3.9.1600.20260522-0510\jars\wagon-http-shared-3.5.3.jar
2026-07-27 08:20:42,177 [Worker-162: Launching Executing clean in C__Users_user_Desktop_locato_Notification-Service] INFO  o.eclipse.m2e.core.internal.Bundles - 	Entry: C:\Users\user\Downloads\spring-tools-for-eclipse-5.2.0.RELEASE-e4.40.0-win32.win32.x86_64\sts-5.2.0.RELEASE\plugins\org.eclipse.m2e.maven.runtime_3.9.1600.20260522-0510\jars\wagon-provider-api-3.5.3.jar
2026-07-27 08:20:42,177 [Worker-162: Launching Executing clean in C__Users_user_Desktop_locato_Notification-Service] INFO  o.eclipse.m2e.core.internal.Bundles - getClasspathEntries(Bundle=com.google.guava_33.6.0.jre [24])
2026-07-27 08:20:42,178 [Worker-162: Launching Executing clean in C__Users_user_Desktop_locato_Notification-Service] INFO  o.eclipse.m2e.core.internal.Bundles - 	Entry: C:\Users\user\Downloads\spring-tools-for-eclipse-5.2.0.RELEASE-e4.40.0-win32.win32.x86_64\sts-5.2.0.RELEASE\plugins\com.google.guava_33.6.0.jre.jar
2026-07-27 08:20:42,178 [Worker-162: Launching Executing clean in C__Users_user_Desktop_locato_Notification-Service] INFO  o.eclipse.m2e.core.internal.Bundles - getClasspathEntries(Bundle=slf4j.api_2.0.18 [613])
2026-07-27 08:20:42,179 [Worker-162: Launching Executing clean in C__Users_user_Desktop_locato_Notification-Service] INFO  o.eclipse.m2e.core.internal.Bundles - 	Entry: C:\Users\user\Downloads\spring-tools-for-eclipse-5.2.0.RELEASE-e4.40.0-win32.win32.x86_64\sts-5.2.0.RELEASE\plugins\slf4j.api_2.0.18.jar
2026-07-27 08:20:42,179 [Worker-162: Launching Executing clean in C__Users_user_Desktop_locato_Notification-Service] INFO  o.eclipse.m2e.core.internal.Bundles - getClasspathEntries(Bundle=jakarta.inject.jakarta.inject-api_1.0.5 [39])
2026-07-27 08:20:42,180 [Worker-162: Launching Executing clean in C__Users_user_Desktop_locato_Notification-Service] INFO  o.eclipse.m2e.core.internal.Bundles - 	Entry: C:\Users\user\Downloads\spring-tools-for-eclipse-5.2.0.RELEASE-e4.40.0-win32.win32.x86_64\sts-5.2.0.RELEASE\plugins\jakarta.inject.jakarta.inject-api_1.0.5.jar
2026-07-27 08:20:42,180 [Worker-162: Launching Executing clean in C__Users_user_Desktop_locato_Notification-Service] INFO  o.eclipse.m2e.core.internal.Bundles - getClasspathEntries(Bundle=jakarta.annotation-api_1.3.5 [36])
2026-07-27 08:20:42,180 [Worker-162: Launching Executing clean in C__Users_user_Desktop_locato_Notification-Service] INFO  o.eclipse.m2e.core.internal.Bundles - 	Entry: C:\Users\user\Downloads\spring-tools-for-eclipse-5.2.0.RELEASE-e4.40.0-win32.win32.x86_64\sts-5.2.0.RELEASE\plugins\jakarta.annotation-api_1.3.5.jar
2026-07-27 08:20:42,180 [Worker-162: Launching Executing clean in C__Users_user_Desktop_locato_Notification-Service] INFO  o.eclipse.m2e.core.internal.Bundles - getClasspathEntries(Bundle=org.apache.commons.cli_1.11.0 [78])
2026-07-27 08:20:42,181 [Worker-162: Launching Executing clean in C__Users_user_Desktop_locato_Notification-Service] INFO  o.eclipse.m2e.core.internal.Bundles - 	Entry: C:\Users\user\Downloads\spring-tools-for-eclipse-5.2.0.RELEASE-e4.40.0-win32.win32.x86_64\sts-5.2.0.RELEASE\plugins\org.apache.commons.cli_1.11.0.jar
2026-07-27 08:20:42,181 [Worker-162: Launching Executing clean in C__Users_user_Desktop_locato_Notification-Service] INFO  o.eclipse.m2e.core.internal.Bundles - getClasspathEntries(Bundle=org.apache.commons.commons-codec_1.22.0 [80])
2026-07-27 08:20:42,182 [Worker-162: Launching Executing clean in C__Users_user_Desktop_locato_Notification-Service] INFO  o.eclipse.m2e.core.internal.Bundles - 	Entry: C:\Users\user\Downloads\spring-tools-for-eclipse-5.2.0.RELEASE-e4.40.0-win32.win32.x86_64\sts-5.2.0.RELEASE\plugins\org.apache.commons.commons-codec_1.22.0.jar
2026-07-27 08:20:42,182 [Worker-162: Launching Executing clean in C__Users_user_Desktop_locato_Notification-Service] INFO  o.eclipse.m2e.core.internal.Bundles - getClasspathEntries(Bundle=com.google.guava.failureaccess_1.0.3 [25])
2026-07-27 08:20:42,183 [Worker-162: Launching Executing clean in C__Users_user_Desktop_locato_Notification-Service] INFO  o.eclipse.m2e.core.internal.Bundles - 	Entry: C:\Users\user\Downloads\spring-tools-for-eclipse-5.2.0.RELEASE-e4.40.0-win32.win32.x86_64\sts-5.2.0.RELEASE\plugins\com.google.guava.failureaccess_1.0.3.jar
2026-07-27 08:20:42,185 [Worker-162: Launching Executing clean in C__Users_user_Desktop_locato_Notification-Service] INFO  o.e.m.i.launch.MavenLaunchDelegate - Run build in "C:\Users\user\Desktop\locato\Notification-Service":
2026-07-27 08:20:42,185 [Worker-162: Launching Executing clean in C__Users_user_Desktop_locato_Notification-Service] INFO  o.e.m.i.launch.MavenLaunchDelegate -  mvn  -B -Dstyle.color=always clean
2026-07-27 08:21:24,313 [Worker-167: Updating Maven Project] INFO  o.e.m.c.i.p.ProjectConfigurationManager - Update started
2026-07-27 08:21:25,179 [Worker-167: Updating Maven Project] INFO  o.e.m.c.i.l.LifecycleMappingFactory - Using org.eclipse.m2e.jdt.JarLifecycleMapping lifecycle mapping for MavenProject: com.whoami:gateway:0.0.1-SNAPSHOT @ C:\Users\user\Desktop\locato\Gateway\pom.xml.
2026-07-27 08:21:26,200 [Worker-167: Updating Maven Project] INFO  o.e.m.c.i.p.WorkspaceClassifierResolverManager - Resolving P/Locato-constants: com.locato:locato-constants:1.0.0 with classifier  to /Locato-constants/target/classes
2026-07-27 08:21:27,509 [Worker-167: Updating Maven Project] INFO  o.e.m.j.i.AbstractJavaProjectConfigurator - Adding source folder /Gateway/src/main/java
2026-07-27 08:21:27,510 [Worker-167: Updating Maven Project] INFO  o.e.m.j.i.AbstractJavaProjectConfigurator - Adding resource folder /Gateway/src/main/resources
2026-07-27 08:21:27,511 [Worker-167: Updating Maven Project] INFO  o.e.m.j.i.AbstractJavaProjectConfigurator - Adding source folder /Gateway/src/test/java
2026-07-27 08:21:27,512 [Worker-167: Updating Maven Project] INFO  o.e.m.j.i.AbstractJavaProjectConfigurator - Adding resource folder /Gateway/src/test/resources
2026-07-27 08:21:28,008 [Worker-169: Download sources and javadoc] INFO  o.e.m.c.i.e.AbstractTransferListenerAdapter - Downloading https://repo.maven.apache.org/maven2/org/springframework/cloud/spring-cloud-starter-gateway/4.3.0/spring-cloud-starter-gateway-4.3.0-sources.jar
2026-07-27 08:21:28,013 [Worker-169: Download sources and javadoc] INFO  o.e.m.c.i.e.AbstractTransferListenerAdapter - Downloaded https://repo.maven.apache.org/maven2/org/springframework/cloud/spring-cloud-starter-gateway/4.3.0/spring-cloud-starter-gateway-4.3.0-sources.jar
2026-07-27 08:21:28,019 [Worker-169: Download sources and javadoc] INFO  o.e.m.j.internal.DownloadSourcesJob - Downloaded sources for org.springframework.cloud:spring-cloud-starter-gateway:4.3.0
2026-07-27 08:21:28,217 [Worker-169: Download sources and javadoc] INFO  o.e.m.c.i.e.AbstractTransferListenerAdapter - Downloading https://repo.maven.apache.org/maven2/org/springframework/cloud/spring-cloud-gateway-server/4.3.0/spring-cloud-gateway-server-4.3.0-sources.jar
2026-07-27 08:21:28,533 [Worker-167: Updating Maven Project] WARN  o.apache.maven.project.MavenProject - Plugin is modifying compileSourceRoots through clear(), which will not work in Maven 4.0.0. Use MavenProject.addCompileSourceRoot()/removeCompileSourceRoot() methods instead. If using a plugin, please upgrade to the latest version or report the issue to the plugin maintainer. To disable these warnings, set -Dmaven.project.sourceRoots.warningsDisabled=true on the command line, in the .mvn/maven.config file, or in project POM properties.
2026-07-27 08:21:28,534 [Worker-167: Updating Maven Project] WARN  o.apache.maven.project.MavenProject - Plugin is modifying compileSourceRoots through add(), which will not work in Maven 4.0.0. Use MavenProject.addCompileSourceRoot()/removeCompileSourceRoot() methods instead. If using a plugin, please upgrade to the latest version or report the issue to the plugin maintainer. To disable these warnings, set -Dmaven.project.sourceRoots.warningsDisabled=true on the command line, in the .mvn/maven.config file, or in project POM properties.
2026-07-27 08:21:28,534 [Worker-167: Updating Maven Project] WARN  o.apache.maven.project.MavenProject - Plugin is modifying testCompileSourceRoots through clear(), which will not work in Maven 4.0.0. Use MavenProject.addTestCompileSourceRoot()/removeTestCompileSourceRoot() methods instead. If using a plugin, please upgrade to the latest version or report the issue to the plugin maintainer. To disable these warnings, set -Dmaven.project.sourceRoots.warningsDisabled=true on the command line, in the .mvn/maven.config file, or in project POM properties.
2026-07-27 08:21:28,535 [Worker-167: Updating Maven Project] WARN  o.apache.maven.project.MavenProject - Plugin is modifying testCompileSourceRoots through add(), which will not work in Maven 4.0.0. Use MavenProject.addTestCompileSourceRoot()/removeTestCompileSourceRoot() methods instead. If using a plugin, please upgrade to the latest version or report the issue to the plugin maintainer. To disable these warnings, set -Dmaven.project.sourceRoots.warningsDisabled=true on the command line, in the .mvn/maven.config file, or in project POM properties.
2026-07-27 08:21:28,549 [Worker-169: Download sources and javadoc] INFO  o.e.m.c.i.e.AbstractTransferListenerAdapter - Downloaded https://repo.maven.apache.org/maven2/org/springframework/cloud/spring-cloud-gateway-server/4.3.0/spring-cloud-gateway-server-4.3.0-sources.jar
2026-07-27 08:21:28,555 [Worker-169: Download sources and javadoc] INFO  o.e.m.j.internal.DownloadSourcesJob - Downloaded sources for org.springframework.cloud:spring-cloud-gateway-server:4.3.0
2026-07-27 08:21:28,873 [Worker-167: Updating Maven Project] INFO  o.e.m.c.i.p.ProjectConfigurationManager - Update completed for 1 poms: local refresh takes 0.00 sec, refresh facades takes 2.00 sec, update config takes 1.00 sec 
2026-07-27 08:21:28,935 [Worker-169: Download sources and javadoc] INFO  o.e.m.c.i.e.AbstractTransferListenerAdapter - Downloading https://repo.maven.apache.org/maven2/org/springframework/boot/spring-boot-properties-migrator/3.5.15/spring-boot-properties-migrator-3.5.15-sources.jar
2026-07-27 08:21:28,942 [Worker-169: Download sources and javadoc] INFO  o.e.m.c.i.e.AbstractTransferListenerAdapter - Downloaded https://repo.maven.apache.org/maven2/org/springframework/boot/spring-boot-properties-migrator/3.5.15/spring-boot-properties-migrator-3.5.15-sources.jar
2026-07-27 08:21:28,948 [Worker-169: Download sources and javadoc] INFO  o.e.m.j.internal.DownloadSourcesJob - Downloaded sources for org.springframework.boot:spring-boot-properties-migrator:3.5.15
2026-07-27 08:21:29,189 [Worker-169: Download sources and javadoc] INFO  o.e.m.c.i.e.AbstractTransferListenerAdapter - Downloading https://repo.maven.apache.org/maven2/org/springframework/boot/spring-boot-configuration-metadata/3.5.15/spring-boot-configuration-metadata-3.5.15-sources.jar
2026-07-27 08:21:29,258 [Worker-169: Download sources and javadoc] INFO  o.e.m.c.i.e.AbstractTransferListenerAdapter - Downloaded https://repo.maven.apache.org/maven2/org/springframework/boot/spring-boot-configuration-metadata/3.5.15/spring-boot-configuration-metadata-3.5.15-sources.jar
2026-07-27 08:21:29,264 [Worker-169: Download sources and javadoc] INFO  o.e.m.j.internal.DownloadSourcesJob - Downloaded sources for org.springframework.boot:spring-boot-configuration-metadata:3.5.15
2026-07-27 08:21:29,474 [Worker-169: Download sources and javadoc] INFO  o.e.m.c.i.e.AbstractTransferListenerAdapter - Downloading https://repo.maven.apache.org/maven2/org/springframework/boot/spring-boot-starter-webflux/3.5.15/spring-boot-starter-webflux-3.5.15-sources.jar
2026-07-27 08:21:29,478 [Worker-169: Download sources and javadoc] INFO  o.e.m.c.i.e.AbstractTransferListenerAdapter - Downloaded https://repo.maven.apache.org/maven2/org/springframework/boot/spring-boot-starter-webflux/3.5.15/spring-boot-starter-webflux-3.5.15-sources.jar
2026-07-27 08:21:29,484 [Worker-169: Download sources and javadoc] INFO  o.e.m.j.internal.DownloadSourcesJob - Downloaded sources for org.springframework.boot:spring-boot-starter-webflux:3.5.15
2026-07-27 08:21:30,105 [Worker-169: Download sources and javadoc] INFO  o.e.m.c.i.e.AbstractTransferListenerAdapter - Downloading https://repo.maven.apache.org/maven2/org/springframework/boot/spring-boot-starter-reactor-netty/3.5.15/spring-boot-starter-reactor-netty-3.5.15-sources.jar
2026-07-27 08:21:30,145 [Worker-169: Download sources and javadoc] INFO  o.e.m.c.i.e.AbstractTransferListenerAdapter - Downloaded https://repo.maven.apache.org/maven2/org/springframework/boot/spring-boot-starter-reactor-netty/3.5.15/spring-boot-starter-reactor-netty-3.5.15-sources.jar
2026-07-27 08:21:30,150 [Worker-169: Download sources and javadoc] INFO  o.e.m.j.internal.DownloadSourcesJob - Downloaded sources for org.springframework.boot:spring-boot-starter-reactor-netty:3.5.15
2026-07-27 08:21:30,429 [Worker-169: Download sources and javadoc] INFO  o.e.m.c.i.e.AbstractTransferListenerAdapter - Downloading https://repo.maven.apache.org/maven2/io/projectreactor/netty/reactor-netty-http/1.2.18/reactor-netty-http-1.2.18-sources.jar
2026-07-27 08:21:31,922 [Worker-169: Download sources and javadoc] INFO  o.e.m.c.i.e.AbstractTransferListenerAdapter - Downloaded https://repo.maven.apache.org/maven2/io/projectreactor/netty/reactor-netty-http/1.2.18/reactor-netty-http-1.2.18-sources.jar
2026-07-27 08:21:31,927 [Worker-169: Download sources and javadoc] INFO  o.e.m.j.internal.DownloadSourcesJob - Downloaded sources for io.projectreactor.netty:reactor-netty-http:1.2.18
2026-07-27 08:21:32,157 [Worker-169: Download sources and javadoc] INFO  o.e.m.c.i.e.AbstractTransferListenerAdapter - Downloading https://repo.maven.apache.org/maven2/io/netty/netty-codec-http2/4.1.135.Final/netty-codec-http2-4.1.135.Final-sources.jar
2026-07-27 08:21:32,996 [Worker-169: Download sources and javadoc] INFO  o.e.m.c.i.e.AbstractTransferListenerAdapter - Downloaded https://repo.maven.apache.org/maven2/io/netty/netty-codec-http2/4.1.135.Final/netty-codec-http2-4.1.135.Final-sources.jar
2026-07-27 08:21:33,002 [Worker-169: Download sources and javadoc] INFO  o.e.m.j.internal.DownloadSourcesJob - Downloaded sources for io.netty:netty-codec-http2:4.1.135.Final
2026-07-27 08:21:33,187 [Worker-169: Download sources and javadoc] INFO  o.e.m.c.i.e.AbstractTransferListenerAdapter - Downloading https://repo.maven.apache.org/maven2/io/netty/netty-resolver-dns/4.1.135.Final/netty-resolver-dns-4.1.135.Final-sources.jar
2026-07-27 08:21:33,881 [Worker-169: Download sources and javadoc] INFO  o.e.m.c.i.e.AbstractTransferListenerAdapter - Downloaded https://repo.maven.apache.org/maven2/io/netty/netty-resolver-dns/4.1.135.Final/netty-resolver-dns-4.1.135.Final-sources.jar
2026-07-27 08:21:33,890 [Worker-169: Download sources and javadoc] INFO  o.e.m.j.internal.DownloadSourcesJob - Downloaded sources for io.netty:netty-resolver-dns:4.1.135.Final
2026-07-27 08:21:35,186 [Worker-169: Download sources and javadoc] INFO  o.e.m.c.i.e.AbstractTransferListenerAdapter - Downloading https://repo.maven.apache.org/maven2/io/netty/netty-codec-dns/4.1.135.Final/netty-codec-dns-4.1.135.Final-sources.jar
2026-07-27 08:21:35,538 [Worker-169: Download sources and javadoc] INFO  o.e.m.c.i.e.AbstractTransferListenerAdapter - Downloaded https://repo.maven.apache.org/maven2/io/netty/netty-codec-dns/4.1.135.Final/netty-codec-dns-4.1.135.Final-sources.jar
2026-07-27 08:21:35,544 [Worker-169: Download sources and javadoc] INFO  o.e.m.j.internal.DownloadSourcesJob - Downloaded sources for io.netty:netty-codec-dns:4.1.135.Final
2026-07-27 08:21:36,819 [Worker-169: Download sources and javadoc] INFO  o.e.m.c.i.e.AbstractTransferListenerAdapter - Downloading https://repo.maven.apache.org/maven2/io/netty/netty-resolver-dns-native-macos/4.1.135.Final/netty-resolver-dns-native-macos-4.1.135.Final-sources.jar
2026-07-27 08:21:36,838 [Worker-169: Download sources and javadoc] INFO  o.e.m.c.i.e.AbstractTransferListenerAdapter - Downloaded https://repo.maven.apache.org/maven2/io/netty/netty-resolver-dns-native-macos/4.1.135.Final/netty-resolver-dns-native-macos-4.1.135.Final-sources.jar
2026-07-27 08:21:36,842 [Worker-169: Download sources and javadoc] INFO  o.e.m.j.internal.DownloadSourcesJob - Downloaded sources for io.netty:netty-resolver-dns-native-macos:4.1.135.Finalosx-x86_64
2026-07-27 08:21:37,039 [Worker-169: Download sources and javadoc] INFO  o.e.m.c.i.e.AbstractTransferListenerAdapter - Downloading https://repo.maven.apache.org/maven2/io/netty/netty-resolver-dns-classes-macos/4.1.135.Final/netty-resolver-dns-classes-macos-4.1.135.Final-sources.jar
2026-07-27 08:21:37,051 [Worker-169: Download sources and javadoc] INFO  o.e.m.c.i.e.AbstractTransferListenerAdapter - Downloaded https://repo.maven.apache.org/maven2/io/netty/netty-resolver-dns-classes-macos/4.1.135.Final/netty-resolver-dns-classes-macos-4.1.135.Final-sources.jar
2026-07-27 08:21:37,057 [Worker-169: Download sources and javadoc] INFO  o.e.m.j.internal.DownloadSourcesJob - Downloaded sources for io.netty:netty-resolver-dns-classes-macos:4.1.135.Final
2026-07-27 08:21:37,263 [Worker-169: Download sources and javadoc] INFO  o.e.m.c.i.e.AbstractTransferListenerAdapter - Downloading https://repo.maven.apache.org/maven2/io/netty/netty-transport-native-epoll/4.1.135.Final/netty-transport-native-epoll-4.1.135.Final-sources.jar
2026-07-27 08:21:37,390 [Worker-169: Download sources and javadoc] INFO  o.e.m.c.i.e.AbstractTransferListenerAdapter - Downloaded https://repo.maven.apache.org/maven2/io/netty/netty-transport-native-epoll/4.1.135.Final/netty-transport-native-epoll-4.1.135.Final-sources.jar
2026-07-27 08:21:37,398 [Worker-169: Download sources and javadoc] INFO  o.e.m.j.internal.DownloadSourcesJob - Downloaded sources for io.netty:netty-transport-native-epoll:4.1.135.Finallinux-x86_64
2026-07-27 08:21:37,779 [Worker-169: Download sources and javadoc] INFO  o.e.m.c.i.e.AbstractTransferListenerAdapter - Downloading https://repo.maven.apache.org/maven2/io/netty/netty-transport-classes-epoll/4.1.135.Final/netty-transport-classes-epoll-4.1.135.Final-sources.jar
2026-07-27 08:21:38,271 [Worker-169: Download sources and javadoc] INFO  o.e.m.c.i.e.AbstractTransferListenerAdapter - Downloaded https://repo.maven.apache.org/maven2/io/netty/netty-transport-classes-epoll/4.1.135.Final/netty-transport-classes-epoll-4.1.135.Final-sources.jar
2026-07-27 08:21:38,279 [Worker-169: Download sources and javadoc] INFO  o.e.m.j.internal.DownloadSourcesJob - Downloaded sources for io.netty:netty-transport-classes-epoll:4.1.135.Final
2026-07-27 08:21:38,497 [Worker-169: Download sources and javadoc] INFO  o.e.m.c.i.e.AbstractTransferListenerAdapter - Downloading https://repo.maven.apache.org/maven2/io/projectreactor/netty/reactor-netty-core/1.2.18/reactor-netty-core-1.2.18-sources.jar
2026-07-27 08:21:39,034 [Worker-169: Download sources and javadoc] INFO  o.e.m.c.i.e.AbstractTransferListenerAdapter - Downloaded https://repo.maven.apache.org/maven2/io/projectreactor/netty/reactor-netty-core/1.2.18/reactor-netty-core-1.2.18-sources.jar
2026-07-27 08:21:39,039 [Worker-169: Download sources and javadoc] INFO  o.e.m.j.internal.DownloadSourcesJob - Downloaded sources for io.projectreactor.netty:reactor-netty-core:1.2.18
2026-07-27 08:21:39,607 [Worker-169: Download sources and javadoc] INFO  o.e.m.c.i.e.AbstractTransferListenerAdapter - Downloading https://repo.maven.apache.org/maven2/io/netty/netty-handler-proxy/4.1.135.Final/netty-handler-proxy-4.1.135.Final-sources.jar
2026-07-27 08:21:39,638 [Worker-169: Download sources and javadoc] INFO  o.e.m.c.i.e.AbstractTransferListenerAdapter - Downloaded https://repo.maven.apache.org/maven2/io/netty/netty-handler-proxy/4.1.135.Final/netty-handler-proxy-4.1.135.Final-sources.jar
2026-07-27 08:21:39,644 [Worker-169: Download sources and javadoc] INFO  o.e.m.j.internal.DownloadSourcesJob - Downloaded sources for io.netty:netty-handler-proxy:4.1.135.Final
2026-07-27 08:21:39,901 [Worker-169: Download sources and javadoc] INFO  o.e.m.c.i.e.AbstractTransferListenerAdapter - Downloading https://repo.maven.apache.org/maven2/io/netty/netty-codec-socks/4.1.135.Final/netty-codec-socks-4.1.135.Final-sources.jar
2026-07-27 08:21:40,264 [Worker-169: Download sources and javadoc] INFO  o.e.m.c.i.e.AbstractTransferListenerAdapter - Downloaded https://repo.maven.apache.org/maven2/io/netty/netty-codec-socks/4.1.135.Final/netty-codec-socks-4.1.135.Final-sources.jar
2026-07-27 08:21:40,272 [Worker-169: Download sources and javadoc] INFO  o.e.m.j.internal.DownloadSourcesJob - Downloaded sources for io.netty:netty-codec-socks:4.1.135.Final
2026-07-27 08:21:40,474 [Worker-169: Download sources and javadoc] INFO  o.e.m.c.i.e.AbstractTransferListenerAdapter - Downloading https://repo.maven.apache.org/maven2/org/springframework/spring-webflux/6.2.19/spring-webflux-6.2.19-sources.jar
2026-07-27 08:21:42,073 [Worker-169: Download sources and javadoc] INFO  o.e.m.c.i.e.AbstractTransferListenerAdapter - Downloaded https://repo.maven.apache.org/maven2/org/springframework/spring-webflux/6.2.19/spring-webflux-6.2.19-sources.jar
2026-07-27 08:21:42,077 [Worker-169: Download sources and javadoc] INFO  o.e.m.j.internal.DownloadSourcesJob - Downloaded sources for org.springframework:spring-webflux:6.2.19
2026-07-27 08:21:42,259 [Worker-169: Download sources and javadoc] INFO  o.e.m.c.i.e.AbstractTransferListenerAdapter - Downloading https://repo.maven.apache.org/maven2/org/springframework/boot/spring-boot-configuration-processor/3.5.15/spring-boot-configuration-processor-3.5.15-sources.jar
2026-07-27 08:21:42,584 [Worker-169: Download sources and javadoc] INFO  o.e.m.c.i.e.AbstractTransferListenerAdapter - Downloaded https://repo.maven.apache.org/maven2/org/springframework/boot/spring-boot-configuration-processor/3.5.15/spring-boot-configuration-processor-3.5.15-sources.jar
2026-07-27 08:21:42,590 [Worker-169: Download sources and javadoc] INFO  o.e.m.j.internal.DownloadSourcesJob - Downloaded sources for org.springframework.boot:spring-boot-configuration-processor:3.5.15
2026-07-27 08:21:42,794 [Worker-169: Download sources and javadoc] INFO  o.e.m.c.i.e.AbstractTransferListenerAdapter - Downloading https://repo.maven.apache.org/maven2/io/projectreactor/reactor-test/3.7.19/reactor-test-3.7.19-sources.jar
2026-07-27 08:21:42,981 [Worker-169: Download sources and javadoc] INFO  o.e.m.c.i.e.AbstractTransferListenerAdapter - Downloaded https://repo.maven.apache.org/maven2/io/projectreactor/reactor-test/3.7.19/reactor-test-3.7.19-sources.jar
2026-07-27 08:21:42,986 [Worker-169: Download sources and javadoc] INFO  o.e.m.j.internal.DownloadSourcesJob - Downloaded sources for io.projectreactor:reactor-test:3.7.19
2026-07-27 08:23:41,009 [Worker-177: Updating Maven Project] INFO  o.e.m.c.i.p.ProjectConfigurationManager - Update started
2026-07-27 08:23:41,511 [Worker-177: Updating Maven Project] INFO  o.e.m.c.i.l.LifecycleMappingFactory - Using org.eclipse.m2e.jdt.JarLifecycleMapping lifecycle mapping for MavenProject: com.whoami:shop-service:1.0.0 @ C:\Users\user\Desktop\locato\shop-service\pom.xml.
2026-07-27 08:23:42,374 [Worker-177: Updating Maven Project] INFO  o.e.m.c.i.p.WorkspaceClassifierResolverManager - Resolving P/Locato-constants: com.locato:locato-constants:1.0.0 with classifier  to /Locato-constants/target/classes
2026-07-27 08:23:43,611 [Worker-177: Updating Maven Project] INFO  o.e.m.j.i.AbstractJavaProjectConfigurator - Adding source folder /shop-service/src/main/java
2026-07-27 08:23:43,612 [Worker-177: Updating Maven Project] INFO  o.e.m.j.i.AbstractJavaProjectConfigurator - Adding resource folder /shop-service/src/main/resources
2026-07-27 08:23:43,614 [Worker-177: Updating Maven Project] INFO  o.e.m.j.i.AbstractJavaProjectConfigurator - Adding source folder /shop-service/src/test/java
2026-07-27 08:23:43,615 [Worker-177: Updating Maven Project] INFO  o.e.m.j.i.AbstractJavaProjectConfigurator - Adding resource folder /shop-service/src/test/resources
2026-07-27 08:23:44,717 [Worker-177: Updating Maven Project] WARN  o.apache.maven.project.MavenProject - Plugin is modifying compileSourceRoots through clear(), which will not work in Maven 4.0.0. Use MavenProject.addCompileSourceRoot()/removeCompileSourceRoot() methods instead. If using a plugin, please upgrade to the latest version or report the issue to the plugin maintainer. To disable these warnings, set -Dmaven.project.sourceRoots.warningsDisabled=true on the command line, in the .mvn/maven.config file, or in project POM properties.
2026-07-27 08:23:44,718 [Worker-177: Updating Maven Project] WARN  o.apache.maven.project.MavenProject - Plugin is modifying compileSourceRoots through add(), which will not work in Maven 4.0.0. Use MavenProject.addCompileSourceRoot()/removeCompileSourceRoot() methods instead. If using a plugin, please upgrade to the latest version or report the issue to the plugin maintainer. To disable these warnings, set -Dmaven.project.sourceRoots.warningsDisabled=true on the command line, in the .mvn/maven.config file, or in project POM properties.
2026-07-27 08:23:44,719 [Worker-177: Updating Maven Project] WARN  o.apache.maven.project.MavenProject - Plugin is modifying testCompileSourceRoots through clear(), which will not work in Maven 4.0.0. Use MavenProject.addTestCompileSourceRoot()/removeTestCompileSourceRoot() methods instead. If using a plugin, please upgrade to the latest version or report the issue to the plugin maintainer. To disable these warnings, set -Dmaven.project.sourceRoots.warningsDisabled=true on the command line, in the .mvn/maven.config file, or in project POM properties.
2026-07-27 08:23:44,719 [Worker-177: Updating Maven Project] WARN  o.apache.maven.project.MavenProject - Plugin is modifying testCompileSourceRoots through add(), which will not work in Maven 4.0.0. Use MavenProject.addTestCompileSourceRoot()/removeTestCompileSourceRoot() methods instead. If using a plugin, please upgrade to the latest version or report the issue to the plugin maintainer. To disable these warnings, set -Dmaven.project.sourceRoots.warningsDisabled=true on the command line, in the .mvn/maven.config file, or in project POM properties.
2026-07-27 08:23:45,082 [Worker-177: Updating Maven Project] INFO  o.e.m.c.i.p.ProjectConfigurationManager - Update completed for 1 poms: local refresh takes 0.00 sec, refresh facades takes 2.00 sec, update config takes 1.00 sec 
2026-07-27 08:23:54,001 [Worker-180: Updating Maven Project] INFO  o.e.m.c.i.p.ProjectConfigurationManager - Update started
2026-07-27 08:23:54,475 [Worker-180: Updating Maven Project] INFO  o.e.m.c.i.l.LifecycleMappingFactory - Using org.eclipse.m2e.jdt.JarLifecycleMapping lifecycle mapping for MavenProject: com.whoami:SuperUser:1.0.0 @ C:\Users\user\Desktop\locato\SuperUSer\pom.xml.
2026-07-27 08:23:55,390 [Worker-180: Updating Maven Project] INFO  o.e.m.c.i.p.WorkspaceClassifierResolverManager - Resolving P/Locato-constants: com.locato:locato-constants:1.0.0 with classifier  to /Locato-constants/target/classes
2026-07-27 08:23:56,567 [Worker-180: Updating Maven Project] INFO  o.e.m.j.i.AbstractJavaProjectConfigurator - Adding source folder /SuperUSer/src/main/java
2026-07-27 08:23:56,568 [Worker-180: Updating Maven Project] INFO  o.e.m.j.i.AbstractJavaProjectConfigurator - Adding resource folder /SuperUSer/src/main/resources
2026-07-27 08:23:56,569 [Worker-180: Updating Maven Project] INFO  o.e.m.j.i.AbstractJavaProjectConfigurator - Adding source folder /SuperUSer/src/test/java
2026-07-27 08:23:56,570 [Worker-180: Updating Maven Project] INFO  o.e.m.j.i.AbstractJavaProjectConfigurator - Adding resource folder /SuperUSer/src/test/resources
2026-07-27 08:23:57,600 [Worker-180: Updating Maven Project] WARN  o.apache.maven.project.MavenProject - Plugin is modifying compileSourceRoots through clear(), which will not work in Maven 4.0.0. Use MavenProject.addCompileSourceRoot()/removeCompileSourceRoot() methods instead. If using a plugin, please upgrade to the latest version or report the issue to the plugin maintainer. To disable these warnings, set -Dmaven.project.sourceRoots.warningsDisabled=true on the command line, in the .mvn/maven.config file, or in project POM properties.
2026-07-27 08:23:57,601 [Worker-180: Updating Maven Project] WARN  o.apache.maven.project.MavenProject - Plugin is modifying compileSourceRoots through add(), which will not work in Maven 4.0.0. Use MavenProject.addCompileSourceRoot()/removeCompileSourceRoot() methods instead. If using a plugin, please upgrade to the latest version or report the issue to the plugin maintainer. To disable these warnings, set -Dmaven.project.sourceRoots.warningsDisabled=true on the command line, in the .mvn/maven.config file, or in project POM properties.
2026-07-27 08:23:57,602 [Worker-180: Updating Maven Project] WARN  o.apache.maven.project.MavenProject - Plugin is modifying testCompileSourceRoots through clear(), which will not work in Maven 4.0.0. Use MavenProject.addTestCompileSourceRoot()/removeTestCompileSourceRoot() methods instead. If using a plugin, please upgrade to the latest version or report the issue to the plugin maintainer. To disable these warnings, set -Dmaven.project.sourceRoots.warningsDisabled=true on the command line, in the .mvn/maven.config file, or in project POM properties.
2026-07-27 08:23:57,602 [Worker-180: Updating Maven Project] WARN  o.apache.maven.project.MavenProject - Plugin is modifying testCompileSourceRoots through add(), which will not work in Maven 4.0.0. Use MavenProject.addTestCompileSourceRoot()/removeTestCompileSourceRoot() methods instead. If using a plugin, please upgrade to the latest version or report the issue to the plugin maintainer. To disable these warnings, set -Dmaven.project.sourceRoots.warningsDisabled=true on the command line, in the .mvn/maven.config file, or in project POM properties.
2026-07-27 08:23:57,834 [Worker-180: Updating Maven Project] INFO  o.e.m.c.i.p.ProjectConfigurationManager - Update completed for 1 poms: local refresh takes 0.00 sec, refresh facades takes 2.00 sec, update config takes 1.00 sec 
2026-07-27 08:24:09,223 [Worker-170: Updating Maven Project] INFO  o.e.m.c.i.p.ProjectConfigurationManager - Update started
2026-07-27 08:24:12,164 [Worker-170: Updating Maven Project] INFO  o.e.m.c.i.l.LifecycleMappingFactory - Using org.eclipse.m2e.jdt.JarLifecycleMapping lifecycle mapping for MavenProject: com.whoami:gateway:0.0.1-SNAPSHOT @ C:\Users\user\Desktop\locato\Gateway\pom.xml.
2026-07-27 08:24:12,905 [Worker-170: Updating Maven Project] INFO  o.e.m.c.i.p.WorkspaceClassifierResolverManager - Resolving P/Locato-constants: com.locato:locato-constants:1.0.0 with classifier  to /Locato-constants/target/classes
2026-07-27 08:24:13,004 [Worker-170: Updating Maven Project] INFO  o.e.m.c.i.l.LifecycleMappingFactory - Using org.eclipse.m2e.jdt.JarLifecycleMapping lifecycle mapping for MavenProject: com.locato:locato-constants:1.0.0 @ C:\Users\user\Desktop\locato\Locato-constants\pom.xml.
2026-07-27 08:24:13,068 [Worker-170: Updating Maven Project] INFO  o.e.m.c.i.l.LifecycleMappingFactory - Using org.eclipse.m2e.jdt.JarLifecycleMapping lifecycle mapping for MavenProject: com.whoami:notification-service:1.0.0 @ C:\Users\user\Desktop\locato\Notification-Service\pom.xml.
2026-07-27 08:24:14,665 [Worker-170: Updating Maven Project] INFO  o.e.m.c.i.p.WorkspaceClassifierResolverManager - Resolving P/Locato-constants: com.locato:locato-constants:1.0.0 with classifier  to /Locato-constants/target/classes
2026-07-27 08:24:14,837 [Worker-170: Updating Maven Project] INFO  o.e.m.c.i.l.LifecycleMappingFactory - Using org.eclipse.m2e.jdt.JarLifecycleMapping lifecycle mapping for MavenProject: com.whoami:OrderService:1.0.0 @ C:\Users\user\Desktop\locato\OrderService\pom.xml.
2026-07-27 08:24:14,972 [Worker-170: Updating Maven Project] INFO  o.e.m.c.i.p.WorkspaceClassifierResolverManager - Resolving P/Locato-constants: com.locato:locato-constants:1.0.0 with classifier  to /Locato-constants/target/classes
2026-07-27 08:24:15,084 [Worker-170: Updating Maven Project] INFO  o.e.m.c.i.l.LifecycleMappingFactory - Using org.eclipse.m2e.jdt.JarLifecycleMapping lifecycle mapping for MavenProject: com.whoami:Servicechat:1.0.0 @ C:\Users\user\Desktop\locato\Servicechat\pom.xml.
2026-07-27 08:24:15,140 [Worker-170: Updating Maven Project] INFO  o.e.m.c.i.p.WorkspaceClassifierResolverManager - Resolving P/Locato-constants: com.locato:locato-constants:1.0.0 with classifier  to /Locato-constants/target/classes
2026-07-27 08:24:15,356 [Worker-170: Updating Maven Project] INFO  o.e.m.c.i.l.LifecycleMappingFactory - Using org.eclipse.m2e.jdt.JarLifecycleMapping lifecycle mapping for MavenProject: com.whoami:shop-service:1.0.0 @ C:\Users\user\Desktop\locato\shop-service\pom.xml.
2026-07-27 08:24:15,474 [Worker-170: Updating Maven Project] INFO  o.e.m.c.i.p.WorkspaceClassifierResolverManager - Resolving P/Locato-constants: com.locato:locato-constants:1.0.0 with classifier  to /Locato-constants/target/classes
2026-07-27 08:24:15,572 [Worker-170: Updating Maven Project] INFO  o.e.m.c.i.l.LifecycleMappingFactory - Using org.eclipse.m2e.jdt.JarLifecycleMapping lifecycle mapping for MavenProject: com.whoami:SuperUser:1.0.0 @ C:\Users\user\Desktop\locato\SuperUSer\pom.xml.
2026-07-27 08:24:15,727 [Worker-170: Updating Maven Project] INFO  o.e.m.c.i.p.WorkspaceClassifierResolverManager - Resolving P/Locato-constants: com.locato:locato-constants:1.0.0 with classifier  to /Locato-constants/target/classes
2026-07-27 08:24:15,816 [Worker-170: Updating Maven Project] INFO  o.e.m.c.i.l.LifecycleMappingFactory - Using org.eclipse.m2e.jdt.JarLifecycleMapping lifecycle mapping for MavenProject: com.whoami:userRegistry:1.0.0 @ C:\Users\user\Desktop\locato\userRegistry\pom.xml.
2026-07-27 08:24:15,957 [Worker-170: Updating Maven Project] INFO  o.e.m.c.i.p.WorkspaceClassifierResolverManager - Resolving P/Locato-constants: com.locato:locato-constants:1.0.0 with classifier  to /Locato-constants/target/classes
2026-07-27 08:24:20,754 [Worker-170: Updating Maven Project] INFO  o.e.m.j.i.AbstractJavaProjectConfigurator - Adding source folder /Gateway/src/main/java
2026-07-27 08:24:20,755 [Worker-170: Updating Maven Project] INFO  o.e.m.j.i.AbstractJavaProjectConfigurator - Adding resource folder /Gateway/src/main/resources
2026-07-27 08:24:20,757 [Worker-170: Updating Maven Project] INFO  o.e.m.j.i.AbstractJavaProjectConfigurator - Adding source folder /Gateway/src/test/java
2026-07-27 08:24:20,758 [Worker-170: Updating Maven Project] INFO  o.e.m.j.i.AbstractJavaProjectConfigurator - Adding resource folder /Gateway/src/test/resources
2026-07-27 08:24:21,547 [Worker-170: Updating Maven Project] WARN  o.apache.maven.project.MavenProject - Plugin is modifying compileSourceRoots through clear(), which will not work in Maven 4.0.0. Use MavenProject.addCompileSourceRoot()/removeCompileSourceRoot() methods instead. If using a plugin, please upgrade to the latest version or report the issue to the plugin maintainer. To disable these warnings, set -Dmaven.project.sourceRoots.warningsDisabled=true on the command line, in the .mvn/maven.config file, or in project POM properties.
2026-07-27 08:24:21,548 [Worker-170: Updating Maven Project] WARN  o.apache.maven.project.MavenProject - Plugin is modifying compileSourceRoots through add(), which will not work in Maven 4.0.0. Use MavenProject.addCompileSourceRoot()/removeCompileSourceRoot() methods instead. If using a plugin, please upgrade to the latest version or report the issue to the plugin maintainer. To disable these warnings, set -Dmaven.project.sourceRoots.warningsDisabled=true on the command line, in the .mvn/maven.config file, or in project POM properties.
2026-07-27 08:24:21,548 [Worker-170: Updating Maven Project] WARN  o.apache.maven.project.MavenProject - Plugin is modifying testCompileSourceRoots through clear(), which will not work in Maven 4.0.0. Use MavenProject.addTestCompileSourceRoot()/removeTestCompileSourceRoot() methods instead. If using a plugin, please upgrade to the latest version or report the issue to the plugin maintainer. To disable these warnings, set -Dmaven.project.sourceRoots.warningsDisabled=true on the command line, in the .mvn/maven.config file, or in project POM properties.
2026-07-27 08:24:21,549 [Worker-170: Updating Maven Project] WARN  o.apache.maven.project.MavenProject - Plugin is modifying testCompileSourceRoots through add(), which will not work in Maven 4.0.0. Use MavenProject.addTestCompileSourceRoot()/removeTestCompileSourceRoot() methods instead. If using a plugin, please upgrade to the latest version or report the issue to the plugin maintainer. To disable these warnings, set -Dmaven.project.sourceRoots.warningsDisabled=true on the command line, in the .mvn/maven.config file, or in project POM properties.
2026-07-27 08:24:21,597 [Worker-170: Updating Maven Project] INFO  o.e.m.j.i.AbstractJavaProjectConfigurator - Adding source folder /Locato-constants/src/main/java
2026-07-27 08:24:21,598 [Worker-170: Updating Maven Project] INFO  o.e.m.j.i.AbstractJavaProjectConfigurator - Adding resource folder /Locato-constants/src/main/resources
2026-07-27 08:24:21,599 [Worker-170: Updating Maven Project] INFO  o.e.m.j.i.AbstractJavaProjectConfigurator - Adding source folder /Locato-constants/src/test/java
2026-07-27 08:24:21,600 [Worker-170: Updating Maven Project] INFO  o.e.m.j.i.AbstractJavaProjectConfigurator - Adding resource folder /Locato-constants/src/test/resources
2026-07-27 08:24:21,669 [Worker-170: Updating Maven Project] WARN  o.apache.maven.project.MavenProject - Plugin is modifying compileSourceRoots through clear(), which will not work in Maven 4.0.0. Use MavenProject.addCompileSourceRoot()/removeCompileSourceRoot() methods instead. If using a plugin, please upgrade to the latest version or report the issue to the plugin maintainer. To disable these warnings, set -Dmaven.project.sourceRoots.warningsDisabled=true on the command line, in the .mvn/maven.config file, or in project POM properties.
2026-07-27 08:24:21,670 [Worker-170: Updating Maven Project] WARN  o.apache.maven.project.MavenProject - Plugin is modifying compileSourceRoots through add(), which will not work in Maven 4.0.0. Use MavenProject.addCompileSourceRoot()/removeCompileSourceRoot() methods instead. If using a plugin, please upgrade to the latest version or report the issue to the plugin maintainer. To disable these warnings, set -Dmaven.project.sourceRoots.warningsDisabled=true on the command line, in the .mvn/maven.config file, or in project POM properties.
2026-07-27 08:24:21,670 [Worker-170: Updating Maven Project] WARN  o.apache.maven.project.MavenProject - Plugin is modifying testCompileSourceRoots through clear(), which will not work in Maven 4.0.0. Use MavenProject.addTestCompileSourceRoot()/removeTestCompileSourceRoot() methods instead. If using a plugin, please upgrade to the latest version or report the issue to the plugin maintainer. To disable these warnings, set -Dmaven.project.sourceRoots.warningsDisabled=true on the command line, in the .mvn/maven.config file, or in project POM properties.
2026-07-27 08:24:21,671 [Worker-170: Updating Maven Project] WARN  o.apache.maven.project.MavenProject - Plugin is modifying testCompileSourceRoots through add(), which will not work in Maven 4.0.0. Use MavenProject.addTestCompileSourceRoot()/removeTestCompileSourceRoot() methods instead. If using a plugin, please upgrade to the latest version or report the issue to the plugin maintainer. To disable these warnings, set -Dmaven.project.sourceRoots.warningsDisabled=true on the command line, in the .mvn/maven.config file, or in project POM properties.
2026-07-27 08:24:21,815 [Worker-170: Updating Maven Project] INFO  o.e.m.j.i.AbstractJavaProjectConfigurator - Adding source folder /Notification-Service/src/main/java
2026-07-27 08:24:21,816 [Worker-170: Updating Maven Project] INFO  o.e.m.j.i.AbstractJavaProjectConfigurator - Adding resource folder /Notification-Service/src/main/resources
2026-07-27 08:24:21,817 [Worker-170: Updating Maven Project] INFO  o.e.m.j.i.AbstractJavaProjectConfigurator - Adding source folder /Notification-Service/src/test/java
2026-07-27 08:24:21,818 [Worker-170: Updating Maven Project] INFO  o.e.m.j.i.AbstractJavaProjectConfigurator - Adding resource folder /Notification-Service/src/test/resources
2026-07-27 08:24:23,172 [Worker-170: Updating Maven Project] WARN  o.apache.maven.project.MavenProject - Plugin is modifying compileSourceRoots through clear(), which will not work in Maven 4.0.0. Use MavenProject.addCompileSourceRoot()/removeCompileSourceRoot() methods instead. If using a plugin, please upgrade to the latest version or report the issue to the plugin maintainer. To disable these warnings, set -Dmaven.project.sourceRoots.warningsDisabled=true on the command line, in the .mvn/maven.config file, or in project POM properties.
2026-07-27 08:24:23,173 [Worker-170: Updating Maven Project] WARN  o.apache.maven.project.MavenProject - Plugin is modifying compileSourceRoots through add(), which will not work in Maven 4.0.0. Use MavenProject.addCompileSourceRoot()/removeCompileSourceRoot() methods instead. If using a plugin, please upgrade to the latest version or report the issue to the plugin maintainer. To disable these warnings, set -Dmaven.project.sourceRoots.warningsDisabled=true on the command line, in the .mvn/maven.config file, or in project POM properties.
2026-07-27 08:24:23,173 [Worker-170: Updating Maven Project] WARN  o.apache.maven.project.MavenProject - Plugin is modifying testCompileSourceRoots through clear(), which will not work in Maven 4.0.0. Use MavenProject.addTestCompileSourceRoot()/removeTestCompileSourceRoot() methods instead. If using a plugin, please upgrade to the latest version or report the issue to the plugin maintainer. To disable these warnings, set -Dmaven.project.sourceRoots.warningsDisabled=true on the command line, in the .mvn/maven.config file, or in project POM properties.
2026-07-27 08:24:23,174 [Worker-170: Updating Maven Project] WARN  o.apache.maven.project.MavenProject - Plugin is modifying testCompileSourceRoots through add(), which will not work in Maven 4.0.0. Use MavenProject.addTestCompileSourceRoot()/removeTestCompileSourceRoot() methods instead. If using a plugin, please upgrade to the latest version or report the issue to the plugin maintainer. To disable these warnings, set -Dmaven.project.sourceRoots.warningsDisabled=true on the command line, in the .mvn/maven.config file, or in project POM properties.
2026-07-27 08:24:23,299 [Worker-170: Updating Maven Project] INFO  o.e.m.j.i.AbstractJavaProjectConfigurator - Adding source folder /OrderService/src/main/java
2026-07-27 08:24:23,300 [Worker-170: Updating Maven Project] INFO  o.e.m.j.i.AbstractJavaProjectConfigurator - Adding resource folder /OrderService/src/main/resources
2026-07-27 08:24:23,302 [Worker-170: Updating Maven Project] INFO  o.e.m.j.i.AbstractJavaProjectConfigurator - Adding source folder /OrderService/src/test/java
2026-07-27 08:24:23,303 [Worker-170: Updating Maven Project] INFO  o.e.m.j.i.AbstractJavaProjectConfigurator - Adding resource folder /OrderService/src/test/resources
2026-07-27 08:24:24,279 [Worker-170: Updating Maven Project] WARN  o.apache.maven.project.MavenProject - Plugin is modifying compileSourceRoots through clear(), which will not work in Maven 4.0.0. Use MavenProject.addCompileSourceRoot()/removeCompileSourceRoot() methods instead. If using a plugin, please upgrade to the latest version or report the issue to the plugin maintainer. To disable these warnings, set -Dmaven.project.sourceRoots.warningsDisabled=true on the command line, in the .mvn/maven.config file, or in project POM properties.
2026-07-27 08:24:24,280 [Worker-170: Updating Maven Project] WARN  o.apache.maven.project.MavenProject - Plugin is modifying compileSourceRoots through add(), which will not work in Maven 4.0.0. Use MavenProject.addCompileSourceRoot()/removeCompileSourceRoot() methods instead. If using a plugin, please upgrade to the latest version or report the issue to the plugin maintainer. To disable these warnings, set -Dmaven.project.sourceRoots.warningsDisabled=true on the command line, in the .mvn/maven.config file, or in project POM properties.
2026-07-27 08:24:24,281 [Worker-170: Updating Maven Project] WARN  o.apache.maven.project.MavenProject - Plugin is modifying testCompileSourceRoots through clear(), which will not work in Maven 4.0.0. Use MavenProject.addTestCompileSourceRoot()/removeTestCompileSourceRoot() methods instead. If using a plugin, please upgrade to the latest version or report the issue to the plugin maintainer. To disable these warnings, set -Dmaven.project.sourceRoots.warningsDisabled=true on the command line, in the .mvn/maven.config file, or in project POM properties.
2026-07-27 08:24:24,281 [Worker-170: Updating Maven Project] WARN  o.apache.maven.project.MavenProject - Plugin is modifying testCompileSourceRoots through add(), which will not work in Maven 4.0.0. Use MavenProject.addTestCompileSourceRoot()/removeTestCompileSourceRoot() methods instead. If using a plugin, please upgrade to the latest version or report the issue to the plugin maintainer. To disable these warnings, set -Dmaven.project.sourceRoots.warningsDisabled=true on the command line, in the .mvn/maven.config file, or in project POM properties.
2026-07-27 08:24:24,533 [Worker-170: Updating Maven Project] INFO  o.e.m.j.i.AbstractJavaProjectConfigurator - Adding source folder /Servicechat/src/main/java
2026-07-27 08:24:24,534 [Worker-170: Updating Maven Project] INFO  o.e.m.j.i.AbstractJavaProjectConfigurator - Adding resource folder /Servicechat/src/main/resources
2026-07-27 08:24:24,537 [Worker-170: Updating Maven Project] INFO  o.e.m.j.i.AbstractJavaProjectConfigurator - Adding source folder /Servicechat/src/test/java
2026-07-27 08:24:24,538 [Worker-170: Updating Maven Project] INFO  o.e.m.j.i.AbstractJavaProjectConfigurator - Adding resource folder /Servicechat/src/test/resources
2026-07-27 08:24:25,309 [Worker-170: Updating Maven Project] WARN  o.apache.maven.project.MavenProject - Plugin is modifying compileSourceRoots through clear(), which will not work in Maven 4.0.0. Use MavenProject.addCompileSourceRoot()/removeCompileSourceRoot() methods instead. If using a plugin, please upgrade to the latest version or report the issue to the plugin maintainer. To disable these warnings, set -Dmaven.project.sourceRoots.warningsDisabled=true on the command line, in the .mvn/maven.config file, or in project POM properties.
2026-07-27 08:24:25,310 [Worker-170: Updating Maven Project] WARN  o.apache.maven.project.MavenProject - Plugin is modifying compileSourceRoots through add(), which will not work in Maven 4.0.0. Use MavenProject.addCompileSourceRoot()/removeCompileSourceRoot() methods instead. If using a plugin, please upgrade to the latest version or report the issue to the plugin maintainer. To disable these warnings, set -Dmaven.project.sourceRoots.warningsDisabled=true on the command line, in the .mvn/maven.config file, or in project POM properties.
2026-07-27 08:24:25,310 [Worker-170: Updating Maven Project] WARN  o.apache.maven.project.MavenProject - Plugin is modifying testCompileSourceRoots through clear(), which will not work in Maven 4.0.0. Use MavenProject.addTestCompileSourceRoot()/removeTestCompileSourceRoot() methods instead. If using a plugin, please upgrade to the latest version or report the issue to the plugin maintainer. To disable these warnings, set -Dmaven.project.sourceRoots.warningsDisabled=true on the command line, in the .mvn/maven.config file, or in project POM properties.
2026-07-27 08:24:25,311 [Worker-170: Updating Maven Project] WARN  o.apache.maven.project.MavenProject - Plugin is modifying testCompileSourceRoots through add(), which will not work in Maven 4.0.0. Use MavenProject.addTestCompileSourceRoot()/removeTestCompileSourceRoot() methods instead. If using a plugin, please upgrade to the latest version or report the issue to the plugin maintainer. To disable these warnings, set -Dmaven.project.sourceRoots.warningsDisabled=true on the command line, in the .mvn/maven.config file, or in project POM properties.
2026-07-27 08:24:25,384 [Worker-170: Updating Maven Project] INFO  o.e.m.j.i.AbstractJavaProjectConfigurator - Adding source folder /shop-service/src/main/java
2026-07-27 08:24:25,385 [Worker-170: Updating Maven Project] INFO  o.e.m.j.i.AbstractJavaProjectConfigurator - Adding resource folder /shop-service/src/main/resources
2026-07-27 08:24:25,386 [Worker-170: Updating Maven Project] INFO  o.e.m.j.i.AbstractJavaProjectConfigurator - Adding source folder /shop-service/src/test/java
2026-07-27 08:24:25,387 [Worker-170: Updating Maven Project] INFO  o.e.m.j.i.AbstractJavaProjectConfigurator - Adding resource folder /shop-service/src/test/resources
2026-07-27 08:24:26,316 [Worker-170: Updating Maven Project] WARN  o.apache.maven.project.MavenProject - Plugin is modifying compileSourceRoots through clear(), which will not work in Maven 4.0.0. Use MavenProject.addCompileSourceRoot()/removeCompileSourceRoot() methods instead. If using a plugin, please upgrade to the latest version or report the issue to the plugin maintainer. To disable these warnings, set -Dmaven.project.sourceRoots.warningsDisabled=true on the command line, in the .mvn/maven.config file, or in project POM properties.
2026-07-27 08:24:26,317 [Worker-170: Updating Maven Project] WARN  o.apache.maven.project.MavenProject - Plugin is modifying compileSourceRoots through add(), which will not work in Maven 4.0.0. Use MavenProject.addCompileSourceRoot()/removeCompileSourceRoot() methods instead. If using a plugin, please upgrade to the latest version or report the issue to the plugin maintainer. To disable these warnings, set -Dmaven.project.sourceRoots.warningsDisabled=true on the command line, in the .mvn/maven.config file, or in project POM properties.
2026-07-27 08:24:26,318 [Worker-170: Updating Maven Project] WARN  o.apache.maven.project.MavenProject - Plugin is modifying testCompileSourceRoots through clear(), which will not work in Maven 4.0.0. Use MavenProject.addTestCompileSourceRoot()/removeTestCompileSourceRoot() methods instead. If using a plugin, please upgrade to the latest version or report the issue to the plugin maintainer. To disable these warnings, set -Dmaven.project.sourceRoots.warningsDisabled=true on the command line, in the .mvn/maven.config file, or in project POM properties.
2026-07-27 08:24:26,318 [Worker-170: Updating Maven Project] WARN  o.apache.maven.project.MavenProject - Plugin is modifying testCompileSourceRoots through add(), which will not work in Maven 4.0.0. Use MavenProject.addTestCompileSourceRoot()/removeTestCompileSourceRoot() methods instead. If using a plugin, please upgrade to the latest version or report the issue to the plugin maintainer. To disable these warnings, set -Dmaven.project.sourceRoots.warningsDisabled=true on the command line, in the .mvn/maven.config file, or in project POM properties.
2026-07-27 08:24:26,389 [Worker-170: Updating Maven Project] INFO  o.e.m.j.i.AbstractJavaProjectConfigurator - Adding source folder /SuperUSer/src/main/java
2026-07-27 08:24:26,390 [Worker-170: Updating Maven Project] INFO  o.e.m.j.i.AbstractJavaProjectConfigurator - Adding resource folder /SuperUSer/src/main/resources
2026-07-27 08:24:26,391 [Worker-170: Updating Maven Project] INFO  o.e.m.j.i.AbstractJavaProjectConfigurator - Adding source folder /SuperUSer/src/test/java
2026-07-27 08:24:26,392 [Worker-170: Updating Maven Project] INFO  o.e.m.j.i.AbstractJavaProjectConfigurator - Adding resource folder /SuperUSer/src/test/resources
2026-07-27 08:24:27,301 [Worker-170: Updating Maven Project] WARN  o.apache.maven.project.MavenProject - Plugin is modifying compileSourceRoots through clear(), which will not work in Maven 4.0.0. Use MavenProject.addCompileSourceRoot()/removeCompileSourceRoot() methods instead. If using a plugin, please upgrade to the latest version or report the issue to the plugin maintainer. To disable these warnings, set -Dmaven.project.sourceRoots.warningsDisabled=true on the command line, in the .mvn/maven.config file, or in project POM properties.
2026-07-27 08:24:27,303 [Worker-170: Updating Maven Project] WARN  o.apache.maven.project.MavenProject - Plugin is modifying compileSourceRoots through add(), which will not work in Maven 4.0.0. Use MavenProject.addCompileSourceRoot()/removeCompileSourceRoot() methods instead. If using a plugin, please upgrade to the latest version or report the issue to the plugin maintainer. To disable these warnings, set -Dmaven.project.sourceRoots.warningsDisabled=true on the command line, in the .mvn/maven.config file, or in project POM properties.
2026-07-27 08:24:27,303 [Worker-170: Updating Maven Project] WARN  o.apache.maven.project.MavenProject - Plugin is modifying testCompileSourceRoots through clear(), which will not work in Maven 4.0.0. Use MavenProject.addTestCompileSourceRoot()/removeTestCompileSourceRoot() methods instead. If using a plugin, please upgrade to the latest version or report the issue to the plugin maintainer. To disable these warnings, set -Dmaven.project.sourceRoots.warningsDisabled=true on the command line, in the .mvn/maven.config file, or in project POM properties.
2026-07-27 08:24:27,304 [Worker-170: Updating Maven Project] WARN  o.apache.maven.project.MavenProject - Plugin is modifying testCompileSourceRoots through add(), which will not work in Maven 4.0.0. Use MavenProject.addTestCompileSourceRoot()/removeTestCompileSourceRoot() methods instead. If using a plugin, please upgrade to the latest version or report the issue to the plugin maintainer. To disable these warnings, set -Dmaven.project.sourceRoots.warningsDisabled=true on the command line, in the .mvn/maven.config file, or in project POM properties.
2026-07-27 08:24:27,501 [Worker-170: Updating Maven Project] INFO  o.e.m.j.i.AbstractJavaProjectConfigurator - Adding source folder /userRegistry/src/main/java
2026-07-27 08:24:27,502 [Worker-170: Updating Maven Project] INFO  o.e.m.j.i.AbstractJavaProjectConfigurator - Adding resource folder /userRegistry/src/main/resources
2026-07-27 08:24:27,505 [Worker-170: Updating Maven Project] INFO  o.e.m.j.i.AbstractJavaProjectConfigurator - Adding source folder /userRegistry/src/test/java
2026-07-27 08:24:27,506 [Worker-170: Updating Maven Project] INFO  o.e.m.j.i.AbstractJavaProjectConfigurator - Adding resource folder /userRegistry/src/test/resources
2026-07-27 08:24:28,504 [Worker-170: Updating Maven Project] WARN  o.apache.maven.project.MavenProject - Plugin is modifying compileSourceRoots through clear(), which will not work in Maven 4.0.0. Use MavenProject.addCompileSourceRoot()/removeCompileSourceRoot() methods instead. If using a plugin, please upgrade to the latest version or report the issue to the plugin maintainer. To disable these warnings, set -Dmaven.project.sourceRoots.warningsDisabled=true on the command line, in the .mvn/maven.config file, or in project POM properties.
2026-07-27 08:24:28,505 [Worker-170: Updating Maven Project] WARN  o.apache.maven.project.MavenProject - Plugin is modifying compileSourceRoots through add(), which will not work in Maven 4.0.0. Use MavenProject.addCompileSourceRoot()/removeCompileSourceRoot() methods instead. If using a plugin, please upgrade to the latest version or report the issue to the plugin maintainer. To disable these warnings, set -Dmaven.project.sourceRoots.warningsDisabled=true on the command line, in the .mvn/maven.config file, or in project POM properties.
2026-07-27 08:24:28,506 [Worker-170: Updating Maven Project] WARN  o.apache.maven.project.MavenProject - Plugin is modifying testCompileSourceRoots through clear(), which will not work in Maven 4.0.0. Use MavenProject.addTestCompileSourceRoot()/removeTestCompileSourceRoot() methods instead. If using a plugin, please upgrade to the latest version or report the issue to the plugin maintainer. To disable these warnings, set -Dmaven.project.sourceRoots.warningsDisabled=true on the command line, in the .mvn/maven.config file, or in project POM properties.
2026-07-27 08:24:28,507 [Worker-170: Updating Maven Project] WARN  o.apache.maven.project.MavenProject - Plugin is modifying testCompileSourceRoots through add(), which will not work in Maven 4.0.0. Use MavenProject.addTestCompileSourceRoot()/removeTestCompileSourceRoot() methods instead. If using a plugin, please upgrade to the latest version or report the issue to the plugin maintainer. To disable these warnings, set -Dmaven.project.sourceRoots.warningsDisabled=true on the command line, in the .mvn/maven.config file, or in project POM properties.
2026-07-27 08:24:30,268 [Worker-170: Updating Maven Project] INFO  o.e.m.c.i.p.ProjectConfigurationManager - Update completed for 8 poms: local refresh takes 0.00 sec, refresh facades takes 11.00 sec, update config takes 7.00 sec 
2026-07-27 08:40:08,952 [Worker-183: Launching Notification-Service - NotificationServiceApplication] INFO  o.a.m.s.f.DefaultMavenResourcesFiltering - Copying 1 resource from src\main\resources to target\classes
2026-07-27 08:40:08,980 [Worker-183: Launching Notification-Service - NotificationServiceApplication] INFO  o.a.m.s.f.DefaultMavenResourcesFiltering - skip non existing resourceDirectory C:\Users\user\Desktop\locato\Locato-constants\src\test\resources
2026-07-27 08:40:09,040 [Worker-183: Launching Notification-Service - NotificationServiceApplication] WARN  o.apache.maven.project.MavenProject - Plugin is modifying compileSourceRoots through clear(), which will not work in Maven 4.0.0. Use MavenProject.addCompileSourceRoot()/removeCompileSourceRoot() methods instead. If using a plugin, please upgrade to the latest version or report the issue to the plugin maintainer. To disable these warnings, set -Dmaven.project.sourceRoots.warningsDisabled=true on the command line, in the .mvn/maven.config file, or in project POM properties.
2026-07-27 08:40:09,042 [Worker-183: Launching Notification-Service - NotificationServiceApplication] WARN  o.apache.maven.project.MavenProject - Plugin is modifying compileSourceRoots through add(), which will not work in Maven 4.0.0. Use MavenProject.addCompileSourceRoot()/removeCompileSourceRoot() methods instead. If using a plugin, please upgrade to the latest version or report the issue to the plugin maintainer. To disable these warnings, set -Dmaven.project.sourceRoots.warningsDisabled=true on the command line, in the .mvn/maven.config file, or in project POM properties.
2026-07-27 08:40:09,043 [Worker-183: Launching Notification-Service - NotificationServiceApplication] WARN  o.apache.maven.project.MavenProject - Plugin is modifying testCompileSourceRoots through clear(), which will not work in Maven 4.0.0. Use MavenProject.addTestCompileSourceRoot()/removeTestCompileSourceRoot() methods instead. If using a plugin, please upgrade to the latest version or report the issue to the plugin maintainer. To disable these warnings, set -Dmaven.project.sourceRoots.warningsDisabled=true on the command line, in the .mvn/maven.config file, or in project POM properties.
2026-07-27 08:40:09,043 [Worker-183: Launching Notification-Service - NotificationServiceApplication] WARN  o.apache.maven.project.MavenProject - Plugin is modifying testCompileSourceRoots through add(), which will not work in Maven 4.0.0. Use MavenProject.addTestCompileSourceRoot()/removeTestCompileSourceRoot() methods instead. If using a plugin, please upgrade to the latest version or report the issue to the plugin maintainer. To disable these warnings, set -Dmaven.project.sourceRoots.warningsDisabled=true on the command line, in the .mvn/maven.config file, or in project POM properties.
2026-07-27 08:40:12,457 [Worker-183: Launching Notification-Service - NotificationServiceApplication] INFO  o.a.m.s.f.DefaultMavenResourcesFiltering - Copying 3 resources from src\main\resources to target\classes
2026-07-27 08:40:12,489 [Worker-183: Launching Notification-Service - NotificationServiceApplication] INFO  o.a.m.s.f.DefaultMavenResourcesFiltering - skip non existing resourceDirectory C:\Users\user\Desktop\locato\Notification-Service\src\test\resources
2026-07-27 08:40:12,611 [Worker-183: Launching Notification-Service - NotificationServiceApplication] WARN  o.apache.maven.project.MavenProject - Plugin is modifying compileSourceRoots through clear(), which will not work in Maven 4.0.0. Use MavenProject.addCompileSourceRoot()/removeCompileSourceRoot() methods instead. If using a plugin, please upgrade to the latest version or report the issue to the plugin maintainer. To disable these warnings, set -Dmaven.project.sourceRoots.warningsDisabled=true on the command line, in the .mvn/maven.config file, or in project POM properties.
2026-07-27 08:40:12,612 [Worker-183: Launching Notification-Service - NotificationServiceApplication] WARN  o.apache.maven.project.MavenProject - Plugin is modifying compileSourceRoots through add(), which will not work in Maven 4.0.0. Use MavenProject.addCompileSourceRoot()/removeCompileSourceRoot() methods instead. If using a plugin, please upgrade to the latest version or report the issue to the plugin maintainer. To disable these warnings, set -Dmaven.project.sourceRoots.warningsDisabled=true on the command line, in the .mvn/maven.config file, or in project POM properties.
2026-07-27 08:40:12,640 [Worker-183: Launching Notification-Service - NotificationServiceApplication] WARN  o.apache.maven.project.MavenProject - Plugin is modifying testCompileSourceRoots through clear(), which will not work in Maven 4.0.0. Use MavenProject.addTestCompileSourceRoot()/removeTestCompileSourceRoot() methods instead. If using a plugin, please upgrade to the latest version or report the issue to the plugin maintainer. To disable these warnings, set -Dmaven.project.sourceRoots.warningsDisabled=true on the command line, in the .mvn/maven.config file, or in project POM properties.
2026-07-27 08:40:12,644 [Worker-183: Launching Notification-Service - NotificationServiceApplication] WARN  o.apache.maven.project.MavenProject - Plugin is modifying testCompileSourceRoots through add(), which will not work in Maven 4.0.0. Use MavenProject.addTestCompileSourceRoot()/removeTestCompileSourceRoot() methods instead. If using a plugin, please upgrade to the latest version or report the issue to the plugin maintainer. To disable these warnings, set -Dmaven.project.sourceRoots.warningsDisabled=true on the command line, in the .mvn/maven.config file, or in project POM properties.
2026-07-27 08:40:14,358 [Worker-183: Launching Notification-Service - NotificationServiceApplication] INFO  o.e.m.c.i.p.WorkspaceClassifierResolverManager - Resolving P/Locato-constants: com.locato:locato-constants:1.0.0 with classifier null to /Locato-constants/target/classes
2026-07-27 08:40:17,569 [Worker-183: Launching Notification-Service - NotificationServiceApplication] INFO  o.e.m.c.i.p.WorkspaceClassifierResolverManager - Resolving P/Locato-constants: com.locato:locato-constants:1.0.0 with classifier null to /Locato-constants/target/classes
2026-07-27 08:40:18,575 [Worker-183: Launching Notification-Service - NotificationServiceApplication] INFO  o.e.m.c.i.p.WorkspaceClassifierResolverManager - Resolving P/Locato-constants: com.locato:locato-constants:1.0.0 with classifier null to /Locato-constants/target/classes
2026-07-27 08:41:51,104 [Worker-185: Launching Notification-Service - NotificationServiceApplication] INFO  o.e.m.c.i.p.WorkspaceClassifierResolverManager - Resolving P/Locato-constants: com.locato:locato-constants:1.0.0 with classifier null to /Locato-constants/target/classes
2026-07-27 08:41:51,832 [Worker-185: Launching Notification-Service - NotificationServiceApplication] INFO  o.e.m.c.i.p.WorkspaceClassifierResolverManager - Resolving P/Locato-constants: com.locato:locato-constants:1.0.0 with classifier null to /Locato-constants/target/classes
2026-07-27 08:41:52,557 [Worker-185: Launching Notification-Service - NotificationServiceApplication] INFO  o.e.m.c.i.p.WorkspaceClassifierResolverManager - Resolving P/Locato-constants: com.locato:locato-constants:1.0.0 with classifier null to /Locato-constants/target/classes
2026-07-27 08:45:37,464 [Worker-187: Launching Notification-Service - NotificationServiceApplication] INFO  o.a.m.s.f.DefaultMavenResourcesFiltering - Copying 1 resource from src\main\resources to target\classes
2026-07-27 08:45:37,473 [Worker-187: Launching Notification-Service - NotificationServiceApplication] INFO  o.a.m.s.f.DefaultMavenResourcesFiltering - skip non existing resourceDirectory C:\Users\user\Desktop\locato\Notification-Service\src\test\resources
2026-07-27 08:45:37,476 [Worker-187: Launching Notification-Service - NotificationServiceApplication] WARN  o.apache.maven.project.MavenProject - Plugin is modifying compileSourceRoots through clear(), which will not work in Maven 4.0.0. Use MavenProject.addCompileSourceRoot()/removeCompileSourceRoot() methods instead. If using a plugin, please upgrade to the latest version or report the issue to the plugin maintainer. To disable these warnings, set -Dmaven.project.sourceRoots.warningsDisabled=true on the command line, in the .mvn/maven.config file, or in project POM properties.
2026-07-27 08:45:37,477 [Worker-187: Launching Notification-Service - NotificationServiceApplication] WARN  o.apache.maven.project.MavenProject - Plugin is modifying compileSourceRoots through add(), which will not work in Maven 4.0.0. Use MavenProject.addCompileSourceRoot()/removeCompileSourceRoot() methods instead. If using a plugin, please upgrade to the latest version or report the issue to the plugin maintainer. To disable these warnings, set -Dmaven.project.sourceRoots.warningsDisabled=true on the command line, in the .mvn/maven.config file, or in project POM properties.
2026-07-27 08:45:37,478 [Worker-187: Launching Notification-Service - NotificationServiceApplication] WARN  o.apache.maven.project.MavenProject - Plugin is modifying testCompileSourceRoots through clear(), which will not work in Maven 4.0.0. Use MavenProject.addTestCompileSourceRoot()/removeTestCompileSourceRoot() methods instead. If using a plugin, please upgrade to the latest version or report the issue to the plugin maintainer. To disable these warnings, set -Dmaven.project.sourceRoots.warningsDisabled=true on the command line, in the .mvn/maven.config file, or in project POM properties.
2026-07-27 08:45:37,478 [Worker-187: Launching Notification-Service - NotificationServiceApplication] WARN  o.apache.maven.project.MavenProject - Plugin is modifying testCompileSourceRoots through add(), which will not work in Maven 4.0.0. Use MavenProject.addTestCompileSourceRoot()/removeTestCompileSourceRoot() methods instead. If using a plugin, please upgrade to the latest version or report the issue to the plugin maintainer. To disable these warnings, set -Dmaven.project.sourceRoots.warningsDisabled=true on the command line, in the .mvn/maven.config file, or in project POM properties.
2026-07-27 08:45:38,565 [Worker-187: Launching Notification-Service - NotificationServiceApplication] INFO  o.e.m.c.i.p.WorkspaceClassifierResolverManager - Resolving P/Locato-constants: com.locato:locato-constants:1.0.0 with classifier null to /Locato-constants/target/classes
2026-07-27 08:45:39,288 [Worker-187: Launching Notification-Service - NotificationServiceApplication] INFO  o.e.m.c.i.p.WorkspaceClassifierResolverManager - Resolving P/Locato-constants: com.locato:locato-constants:1.0.0 with classifier null to /Locato-constants/target/classes
2026-07-27 08:45:40,000 [Worker-187: Launching Notification-Service - NotificationServiceApplication] INFO  o.e.m.c.i.p.WorkspaceClassifierResolverManager - Resolving P/Locato-constants: com.locato:locato-constants:1.0.0 with classifier null to /Locato-constants/target/classes
2026-07-27 08:50:17,813 [Worker-193: Launching Notification-Service - NotificationServiceApplication] INFO  o.a.m.s.f.DefaultMavenResourcesFiltering - Copying 1 resource from src\main\resources to target\classes
2026-07-27 08:50:17,818 [Worker-193: Launching Notification-Service - NotificationServiceApplication] INFO  o.a.m.s.f.DefaultMavenResourcesFiltering - skip non existing resourceDirectory C:\Users\user\Desktop\locato\Notification-Service\src\test\resources
2026-07-27 08:50:17,819 [Worker-193: Launching Notification-Service - NotificationServiceApplication] WARN  o.apache.maven.project.MavenProject - Plugin is modifying compileSourceRoots through clear(), which will not work in Maven 4.0.0. Use MavenProject.addCompileSourceRoot()/removeCompileSourceRoot() methods instead. If using a plugin, please upgrade to the latest version or report the issue to the plugin maintainer. To disable these warnings, set -Dmaven.project.sourceRoots.warningsDisabled=true on the command line, in the .mvn/maven.config file, or in project POM properties.
2026-07-27 08:50:17,821 [Worker-193: Launching Notification-Service - NotificationServiceApplication] WARN  o.apache.maven.project.MavenProject - Plugin is modifying compileSourceRoots through add(), which will not work in Maven 4.0.0. Use MavenProject.addCompileSourceRoot()/removeCompileSourceRoot() methods instead. If using a plugin, please upgrade to the latest version or report the issue to the plugin maintainer. To disable these warnings, set -Dmaven.project.sourceRoots.warningsDisabled=true on the command line, in the .mvn/maven.config file, or in project POM properties.
2026-07-27 08:50:17,822 [Worker-193: Launching Notification-Service - NotificationServiceApplication] WARN  o.apache.maven.project.MavenProject - Plugin is modifying testCompileSourceRoots through clear(), which will not work in Maven 4.0.0. Use MavenProject.addTestCompileSourceRoot()/removeTestCompileSourceRoot() methods instead. If using a plugin, please upgrade to the latest version or report the issue to the plugin maintainer. To disable these warnings, set -Dmaven.project.sourceRoots.warningsDisabled=true on the command line, in the .mvn/maven.config file, or in project POM properties.
2026-07-27 08:50:17,822 [Worker-193: Launching Notification-Service - NotificationServiceApplication] WARN  o.apache.maven.project.MavenProject - Plugin is modifying testCompileSourceRoots through add(), which will not work in Maven 4.0.0. Use MavenProject.addTestCompileSourceRoot()/removeTestCompileSourceRoot() methods instead. If using a plugin, please upgrade to the latest version or report the issue to the plugin maintainer. To disable these warnings, set -Dmaven.project.sourceRoots.warningsDisabled=true on the command line, in the .mvn/maven.config file, or in project POM properties.
2026-07-27 08:50:18,990 [Worker-193: Launching Notification-Service - NotificationServiceApplication] INFO  o.e.m.c.i.p.WorkspaceClassifierResolverManager - Resolving P/Locato-constants: com.locato:locato-constants:1.0.0 with classifier null to /Locato-constants/target/classes
2026-07-27 08:50:19,721 [Worker-193: Launching Notification-Service - NotificationServiceApplication] INFO  o.e.m.c.i.p.WorkspaceClassifierResolverManager - Resolving P/Locato-constants: com.locato:locato-constants:1.0.0 with classifier null to /Locato-constants/target/classes
2026-07-27 08:50:20,422 [Worker-193: Launching Notification-Service - NotificationServiceApplication] INFO  o.e.m.c.i.p.WorkspaceClassifierResolverManager - Resolving P/Locato-constants: com.locato:locato-constants:1.0.0 with classifier null to /Locato-constants/target/classes
2026-07-27 08:52:41,396 [Worker-194: Launching Notification-Service - NotificationServiceApplication] INFO  o.a.m.s.f.DefaultMavenResourcesFiltering - Copying 1 resource from src\main\resources to target\classes
2026-07-27 08:52:41,402 [Worker-194: Launching Notification-Service - NotificationServiceApplication] INFO  o.a.m.s.f.DefaultMavenResourcesFiltering - skip non existing resourceDirectory C:\Users\user\Desktop\locato\Notification-Service\src\test\resources
2026-07-27 08:52:41,402 [Worker-194: Launching Notification-Service - NotificationServiceApplication] WARN  o.apache.maven.project.MavenProject - Plugin is modifying compileSourceRoots through clear(), which will not work in Maven 4.0.0. Use MavenProject.addCompileSourceRoot()/removeCompileSourceRoot() methods instead. If using a plugin, please upgrade to the latest version or report the issue to the plugin maintainer. To disable these warnings, set -Dmaven.project.sourceRoots.warningsDisabled=true on the command line, in the .mvn/maven.config file, or in project POM properties.
2026-07-27 08:52:41,403 [Worker-194: Launching Notification-Service - NotificationServiceApplication] WARN  o.apache.maven.project.MavenProject - Plugin is modifying compileSourceRoots through add(), which will not work in Maven 4.0.0. Use MavenProject.addCompileSourceRoot()/removeCompileSourceRoot() methods instead. If using a plugin, please upgrade to the latest version or report the issue to the plugin maintainer. To disable these warnings, set -Dmaven.project.sourceRoots.warningsDisabled=true on the command line, in the .mvn/maven.config file, or in project POM properties.
2026-07-27 08:52:41,404 [Worker-194: Launching Notification-Service - NotificationServiceApplication] WARN  o.apache.maven.project.MavenProject - Plugin is modifying testCompileSourceRoots through clear(), which will not work in Maven 4.0.0. Use MavenProject.addTestCompileSourceRoot()/removeTestCompileSourceRoot() methods instead. If using a plugin, please upgrade to the latest version or report the issue to the plugin maintainer. To disable these warnings, set -Dmaven.project.sourceRoots.warningsDisabled=true on the command line, in the .mvn/maven.config file, or in project POM properties.
2026-07-27 08:52:41,405 [Worker-194: Launching Notification-Service - NotificationServiceApplication] WARN  o.apache.maven.project.MavenProject - Plugin is modifying testCompileSourceRoots through add(), which will not work in Maven 4.0.0. Use MavenProject.addTestCompileSourceRoot()/removeTestCompileSourceRoot() methods instead. If using a plugin, please upgrade to the latest version or report the issue to the plugin maintainer. To disable these warnings, set -Dmaven.project.sourceRoots.warningsDisabled=true on the command line, in the .mvn/maven.config file, or in project POM properties.
2026-07-27 08:52:42,396 [Worker-194: Launching Notification-Service - NotificationServiceApplication] INFO  o.e.m.c.i.p.WorkspaceClassifierResolverManager - Resolving P/Locato-constants: com.locato:locato-constants:1.0.0 with classifier null to /Locato-constants/target/classes
2026-07-27 08:52:43,105 [Worker-194: Launching Notification-Service - NotificationServiceApplication] INFO  o.e.m.c.i.p.WorkspaceClassifierResolverManager - Resolving P/Locato-constants: com.locato:locato-constants:1.0.0 with classifier null to /Locato-constants/target/classes
2026-07-27 08:52:43,810 [Worker-194: Launching Notification-Service - NotificationServiceApplication] INFO  o.e.m.c.i.p.WorkspaceClassifierResolverManager - Resolving P/Locato-constants: com.locato:locato-constants:1.0.0 with classifier null to /Locato-constants/target/classes
2026-07-27 08:53:56,413 [Worker-196: Launching Notification-Service - NotificationServiceApplication] INFO  o.a.m.s.f.DefaultMavenResourcesFiltering - Copying 1 resource from src\main\resources to target\classes
2026-07-27 08:53:56,419 [Worker-196: Launching Notification-Service - NotificationServiceApplication] INFO  o.a.m.s.f.DefaultMavenResourcesFiltering - skip non existing resourceDirectory C:\Users\user\Desktop\locato\Notification-Service\src\test\resources
2026-07-27 08:53:56,419 [Worker-196: Launching Notification-Service - NotificationServiceApplication] WARN  o.apache.maven.project.MavenProject - Plugin is modifying compileSourceRoots through clear(), which will not work in Maven 4.0.0. Use MavenProject.addCompileSourceRoot()/removeCompileSourceRoot() methods instead. If using a plugin, please upgrade to the latest version or report the issue to the plugin maintainer. To disable these warnings, set -Dmaven.project.sourceRoots.warningsDisabled=true on the command line, in the .mvn/maven.config file, or in project POM properties.
2026-07-27 08:53:56,420 [Worker-196: Launching Notification-Service - NotificationServiceApplication] WARN  o.apache.maven.project.MavenProject - Plugin is modifying compileSourceRoots through add(), which will not work in Maven 4.0.0. Use MavenProject.addCompileSourceRoot()/removeCompileSourceRoot() methods instead. If using a plugin, please upgrade to the latest version or report the issue to the plugin maintainer. To disable these warnings, set -Dmaven.project.sourceRoots.warningsDisabled=true on the command line, in the .mvn/maven.config file, or in project POM properties.
2026-07-27 08:53:56,421 [Worker-196: Launching Notification-Service - NotificationServiceApplication] WARN  o.apache.maven.project.MavenProject - Plugin is modifying testCompileSourceRoots through clear(), which will not work in Maven 4.0.0. Use MavenProject.addTestCompileSourceRoot()/removeTestCompileSourceRoot() methods instead. If using a plugin, please upgrade to the latest version or report the issue to the plugin maintainer. To disable these warnings, set -Dmaven.project.sourceRoots.warningsDisabled=true on the command line, in the .mvn/maven.config file, or in project POM properties.
2026-07-27 08:53:56,421 [Worker-196: Launching Notification-Service - NotificationServiceApplication] WARN  o.apache.maven.project.MavenProject - Plugin is modifying testCompileSourceRoots through add(), which will not work in Maven 4.0.0. Use MavenProject.addTestCompileSourceRoot()/removeTestCompileSourceRoot() methods instead. If using a plugin, please upgrade to the latest version or report the issue to the plugin maintainer. To disable these warnings, set -Dmaven.project.sourceRoots.warningsDisabled=true on the command line, in the .mvn/maven.config file, or in project POM properties.
2026-07-27 08:53:57,460 [Worker-196: Launching Notification-Service - NotificationServiceApplication] INFO  o.e.m.c.i.p.WorkspaceClassifierResolverManager - Resolving P/Locato-constants: com.locato:locato-constants:1.0.0 with classifier null to /Locato-constants/target/classes
2026-07-27 08:53:58,169 [Worker-196: Launching Notification-Service - NotificationServiceApplication] INFO  o.e.m.c.i.p.WorkspaceClassifierResolverManager - Resolving P/Locato-constants: com.locato:locato-constants:1.0.0 with classifier null to /Locato-constants/target/classes
2026-07-27 08:53:58,872 [Worker-196: Launching Notification-Service - NotificationServiceApplication] INFO  o.e.m.c.i.p.WorkspaceClassifierResolverManager - Resolving P/Locato-constants: com.locato:locato-constants:1.0.0 with classifier null to /Locato-constants/target/classes
2026-07-27 08:56:06,393 [Worker-195: Launching Notification-Service - NotificationServiceApplication] INFO  o.a.m.s.f.DefaultMavenResourcesFiltering - Copying 1 resource from src\main\resources to target\classes
2026-07-27 08:56:06,398 [Worker-195: Launching Notification-Service - NotificationServiceApplication] INFO  o.a.m.s.f.DefaultMavenResourcesFiltering - skip non existing resourceDirectory C:\Users\user\Desktop\locato\Notification-Service\src\test\resources
2026-07-27 08:56:06,399 [Worker-195: Launching Notification-Service - NotificationServiceApplication] WARN  o.apache.maven.project.MavenProject - Plugin is modifying compileSourceRoots through clear(), which will not work in Maven 4.0.0. Use MavenProject.addCompileSourceRoot()/removeCompileSourceRoot() methods instead. If using a plugin, please upgrade to the latest version or report the issue to the plugin maintainer. To disable these warnings, set -Dmaven.project.sourceRoots.warningsDisabled=true on the command line, in the .mvn/maven.config file, or in project POM properties.
2026-07-27 08:56:06,400 [Worker-195: Launching Notification-Service - NotificationServiceApplication] WARN  o.apache.maven.project.MavenProject - Plugin is modifying compileSourceRoots through add(), which will not work in Maven 4.0.0. Use MavenProject.addCompileSourceRoot()/removeCompileSourceRoot() methods instead. If using a plugin, please upgrade to the latest version or report the issue to the plugin maintainer. To disable these warnings, set -Dmaven.project.sourceRoots.warningsDisabled=true on the command line, in the .mvn/maven.config file, or in project POM properties.
2026-07-27 08:56:06,400 [Worker-195: Launching Notification-Service - NotificationServiceApplication] WARN  o.apache.maven.project.MavenProject - Plugin is modifying testCompileSourceRoots through clear(), which will not work in Maven 4.0.0. Use MavenProject.addTestCompileSourceRoot()/removeTestCompileSourceRoot() methods instead. If using a plugin, please upgrade to the latest version or report the issue to the plugin maintainer. To disable these warnings, set -Dmaven.project.sourceRoots.warningsDisabled=true on the command line, in the .mvn/maven.config file, or in project POM properties.
2026-07-27 08:56:06,401 [Worker-195: Launching Notification-Service - NotificationServiceApplication] WARN  o.apache.maven.project.MavenProject - Plugin is modifying testCompileSourceRoots through add(), which will not work in Maven 4.0.0. Use MavenProject.addTestCompileSourceRoot()/removeTestCompileSourceRoot() methods instead. If using a plugin, please upgrade to the latest version or report the issue to the plugin maintainer. To disable these warnings, set -Dmaven.project.sourceRoots.warningsDisabled=true on the command line, in the .mvn/maven.config file, or in project POM properties.
2026-07-27 08:56:07,349 [Worker-195: Launching Notification-Service - NotificationServiceApplication] INFO  o.e.m.c.i.p.WorkspaceClassifierResolverManager - Resolving P/Locato-constants: com.locato:locato-constants:1.0.0 with classifier null to /Locato-constants/target/classes
2026-07-27 08:56:08,128 [Worker-195: Launching Notification-Service - NotificationServiceApplication] INFO  o.e.m.c.i.p.WorkspaceClassifierResolverManager - Resolving P/Locato-constants: com.locato:locato-constants:1.0.0 with classifier null to /Locato-constants/target/classes
2026-07-27 08:56:08,830 [Worker-195: Launching Notification-Service - NotificationServiceApplication] INFO  o.e.m.c.i.p.WorkspaceClassifierResolverManager - Resolving P/Locato-constants: com.locato:locato-constants:1.0.0 with classifier null to /Locato-constants/target/classes
2026-07-27 09:08:59,719 [Worker-199: Launching Servicechat - ServicechatApplication] INFO  o.a.m.s.f.DefaultMavenResourcesFiltering - Copying 1 resource from src\main\resources to target\classes
2026-07-27 09:08:59,729 [Worker-199: Launching Servicechat - ServicechatApplication] INFO  o.a.m.s.f.DefaultMavenResourcesFiltering - skip non existing resourceDirectory C:\Users\user\Desktop\locato\Servicechat\src\test\resources
2026-07-27 09:08:59,755 [Worker-199: Launching Servicechat - ServicechatApplication] WARN  o.apache.maven.project.MavenProject - Plugin is modifying compileSourceRoots through clear(), which will not work in Maven 4.0.0. Use MavenProject.addCompileSourceRoot()/removeCompileSourceRoot() methods instead. If using a plugin, please upgrade to the latest version or report the issue to the plugin maintainer. To disable these warnings, set -Dmaven.project.sourceRoots.warningsDisabled=true on the command line, in the .mvn/maven.config file, or in project POM properties.
2026-07-27 09:08:59,756 [Worker-199: Launching Servicechat - ServicechatApplication] WARN  o.apache.maven.project.MavenProject - Plugin is modifying compileSourceRoots through add(), which will not work in Maven 4.0.0. Use MavenProject.addCompileSourceRoot()/removeCompileSourceRoot() methods instead. If using a plugin, please upgrade to the latest version or report the issue to the plugin maintainer. To disable these warnings, set -Dmaven.project.sourceRoots.warningsDisabled=true on the command line, in the .mvn/maven.config file, or in project POM properties.
2026-07-27 09:08:59,757 [Worker-199: Launching Servicechat - ServicechatApplication] WARN  o.apache.maven.project.MavenProject - Plugin is modifying testCompileSourceRoots through clear(), which will not work in Maven 4.0.0. Use MavenProject.addTestCompileSourceRoot()/removeTestCompileSourceRoot() methods instead. If using a plugin, please upgrade to the latest version or report the issue to the plugin maintainer. To disable these warnings, set -Dmaven.project.sourceRoots.warningsDisabled=true on the command line, in the .mvn/maven.config file, or in project POM properties.
2026-07-27 09:08:59,757 [Worker-199: Launching Servicechat - ServicechatApplication] WARN  o.apache.maven.project.MavenProject - Plugin is modifying testCompileSourceRoots through add(), which will not work in Maven 4.0.0. Use MavenProject.addTestCompileSourceRoot()/removeTestCompileSourceRoot() methods instead. If using a plugin, please upgrade to the latest version or report the issue to the plugin maintainer. To disable these warnings, set -Dmaven.project.sourceRoots.warningsDisabled=true on the command line, in the .mvn/maven.config file, or in project POM properties.
2026-07-27 09:09:00,440 [Worker-199: Launching Servicechat - ServicechatApplication] INFO  o.e.m.c.i.p.WorkspaceClassifierResolverManager - Resolving P/Locato-constants: com.locato:locato-constants:1.0.0 with classifier null to /Locato-constants/target/classes
2026-07-27 09:09:01,008 [Worker-199: Launching Servicechat - ServicechatApplication] INFO  o.e.m.c.i.p.WorkspaceClassifierResolverManager - Resolving P/Locato-constants: com.locato:locato-constants:1.0.0 with classifier null to /Locato-constants/target/classes
2026-07-27 09:09:01,468 [Worker-199: Launching Servicechat - ServicechatApplication] INFO  o.e.m.c.i.p.WorkspaceClassifierResolverManager - Resolving P/Locato-constants: com.locato:locato-constants:1.0.0 with classifier null to /Locato-constants/target/classes
2026-07-27 09:09:05,839 [Worker-200: Launching Servicechat - ServicechatApplication] INFO  o.e.m.c.i.p.WorkspaceClassifierResolverManager - Resolving P/Locato-constants: com.locato:locato-constants:1.0.0 with classifier null to /Locato-constants/target/classes
2026-07-27 09:09:06,310 [Worker-200: Launching Servicechat - ServicechatApplication] INFO  o.e.m.c.i.p.WorkspaceClassifierResolverManager - Resolving P/Locato-constants: com.locato:locato-constants:1.0.0 with classifier null to /Locato-constants/target/classes
2026-07-27 09:09:06,778 [Worker-200: Launching Servicechat - ServicechatApplication] INFO  o.e.m.c.i.p.WorkspaceClassifierResolverManager - Resolving P/Locato-constants: com.locato:locato-constants:1.0.0 with classifier null to /Locato-constants/target/classes
2026-07-27 09:11:23,897 [Worker-196: Launching Servicechat - ServicechatApplication] INFO  o.a.m.s.f.DefaultMavenResourcesFiltering - Copying 1 resource from src\main\resources to target\classes
2026-07-27 09:11:23,901 [Worker-196: Launching Servicechat - ServicechatApplication] INFO  o.a.m.s.f.DefaultMavenResourcesFiltering - skip non existing resourceDirectory C:\Users\user\Desktop\locato\Servicechat\src\test\resources
2026-07-27 09:11:23,901 [Worker-196: Launching Servicechat - ServicechatApplication] WARN  o.apache.maven.project.MavenProject - Plugin is modifying compileSourceRoots through clear(), which will not work in Maven 4.0.0. Use MavenProject.addCompileSourceRoot()/removeCompileSourceRoot() methods instead. If using a plugin, please upgrade to the latest version or report the issue to the plugin maintainer. To disable these warnings, set -Dmaven.project.sourceRoots.warningsDisabled=true on the command line, in the .mvn/maven.config file, or in project POM properties.
2026-07-27 09:11:23,902 [Worker-196: Launching Servicechat - ServicechatApplication] WARN  o.apache.maven.project.MavenProject - Plugin is modifying compileSourceRoots through add(), which will not work in Maven 4.0.0. Use MavenProject.addCompileSourceRoot()/removeCompileSourceRoot() methods instead. If using a plugin, please upgrade to the latest version or report the issue to the plugin maintainer. To disable these warnings, set -Dmaven.project.sourceRoots.warningsDisabled=true on the command line, in the .mvn/maven.config file, or in project POM properties.
2026-07-27 09:11:23,903 [Worker-196: Launching Servicechat - ServicechatApplication] WARN  o.apache.maven.project.MavenProject - Plugin is modifying testCompileSourceRoots through clear(), which will not work in Maven 4.0.0. Use MavenProject.addTestCompileSourceRoot()/removeTestCompileSourceRoot() methods instead. If using a plugin, please upgrade to the latest version or report the issue to the plugin maintainer. To disable these warnings, set -Dmaven.project.sourceRoots.warningsDisabled=true on the command line, in the .mvn/maven.config file, or in project POM properties.
2026-07-27 09:11:23,903 [Worker-196: Launching Servicechat - ServicechatApplication] WARN  o.apache.maven.project.MavenProject - Plugin is modifying testCompileSourceRoots through add(), which will not work in Maven 4.0.0. Use MavenProject.addTestCompileSourceRoot()/removeTestCompileSourceRoot() methods instead. If using a plugin, please upgrade to the latest version or report the issue to the plugin maintainer. To disable these warnings, set -Dmaven.project.sourceRoots.warningsDisabled=true on the command line, in the .mvn/maven.config file, or in project POM properties.
2026-07-27 09:11:24,441 [Worker-196: Launching Servicechat - ServicechatApplication] INFO  o.e.m.c.i.p.WorkspaceClassifierResolverManager - Resolving P/Locato-constants: com.locato:locato-constants:1.0.0 with classifier null to /Locato-constants/target/classes
2026-07-27 09:11:24,849 [Worker-196: Launching Servicechat - ServicechatApplication] INFO  o.e.m.c.i.p.WorkspaceClassifierResolverManager - Resolving P/Locato-constants: com.locato:locato-constants:1.0.0 with classifier null to /Locato-constants/target/classes
2026-07-27 09:11:25,267 [Worker-196: Launching Servicechat - ServicechatApplication] INFO  o.e.m.c.i.p.WorkspaceClassifierResolverManager - Resolving P/Locato-constants: com.locato:locato-constants:1.0.0 with classifier null to /Locato-constants/target/classes
2026-07-27 09:36:01,153 [Worker-211: Launching Servicechat - ServicechatApplication] INFO  o.a.m.s.f.DefaultMavenResourcesFiltering - Copying 1 resource from src\main\resources to target\classes
2026-07-27 09:36:01,158 [Worker-211: Launching Servicechat - ServicechatApplication] INFO  o.a.m.s.f.DefaultMavenResourcesFiltering - skip non existing resourceDirectory C:\Users\user\Desktop\locato\Servicechat\src\test\resources
2026-07-27 09:36:01,158 [Worker-211: Launching Servicechat - ServicechatApplication] WARN  o.apache.maven.project.MavenProject - Plugin is modifying compileSourceRoots through clear(), which will not work in Maven 4.0.0. Use MavenProject.addCompileSourceRoot()/removeCompileSourceRoot() methods instead. If using a plugin, please upgrade to the latest version or report the issue to the plugin maintainer. To disable these warnings, set -Dmaven.project.sourceRoots.warningsDisabled=true on the command line, in the .mvn/maven.config file, or in project POM properties.
2026-07-27 09:36:01,159 [Worker-211: Launching Servicechat - ServicechatApplication] WARN  o.apache.maven.project.MavenProject - Plugin is modifying compileSourceRoots through add(), which will not work in Maven 4.0.0. Use MavenProject.addCompileSourceRoot()/removeCompileSourceRoot() methods instead. If using a plugin, please upgrade to the latest version or report the issue to the plugin maintainer. To disable these warnings, set -Dmaven.project.sourceRoots.warningsDisabled=true on the command line, in the .mvn/maven.config file, or in project POM properties.
2026-07-27 09:36:01,160 [Worker-211: Launching Servicechat - ServicechatApplication] WARN  o.apache.maven.project.MavenProject - Plugin is modifying testCompileSourceRoots through clear(), which will not work in Maven 4.0.0. Use MavenProject.addTestCompileSourceRoot()/removeTestCompileSourceRoot() methods instead. If using a plugin, please upgrade to the latest version or report the issue to the plugin maintainer. To disable these warnings, set -Dmaven.project.sourceRoots.warningsDisabled=true on the command line, in the .mvn/maven.config file, or in project POM properties.
2026-07-27 09:36:01,160 [Worker-211: Launching Servicechat - ServicechatApplication] WARN  o.apache.maven.project.MavenProject - Plugin is modifying testCompileSourceRoots through add(), which will not work in Maven 4.0.0. Use MavenProject.addTestCompileSourceRoot()/removeTestCompileSourceRoot() methods instead. If using a plugin, please upgrade to the latest version or report the issue to the plugin maintainer. To disable these warnings, set -Dmaven.project.sourceRoots.warningsDisabled=true on the command line, in the .mvn/maven.config file, or in project POM properties.
2026-07-27 09:36:01,710 [Worker-211: Launching Servicechat - ServicechatApplication] INFO  o.e.m.c.i.p.WorkspaceClassifierResolverManager - Resolving P/Locato-constants: com.locato:locato-constants:1.0.0 with classifier null to /Locato-constants/target/classes
2026-07-27 09:36:02,161 [Worker-211: Launching Servicechat - ServicechatApplication] INFO  o.e.m.c.i.p.WorkspaceClassifierResolverManager - Resolving P/Locato-constants: com.locato:locato-constants:1.0.0 with classifier null to /Locato-constants/target/classes
2026-07-27 09:36:02,579 [Worker-211: Launching Servicechat - ServicechatApplication] INFO  o.e.m.c.i.p.WorkspaceClassifierResolverManager - Resolving P/Locato-constants: com.locato:locato-constants:1.0.0 with classifier null to /Locato-constants/target/classes
2026-07-27 09:46:24,949 [Worker-208: Launching SuperUSer - SuperUSerApplication] INFO  o.a.m.s.f.DefaultMavenResourcesFiltering - Copying 2 resources from src\main\resources to target\classes
2026-07-27 09:46:24,962 [Worker-208: Launching SuperUSer - SuperUSerApplication] INFO  o.a.m.s.f.DefaultMavenResourcesFiltering - skip non existing resourceDirectory C:\Users\user\Desktop\locato\SuperUSer\src\test\resources
2026-07-27 09:46:25,019 [Worker-208: Launching SuperUSer - SuperUSerApplication] WARN  o.apache.maven.project.MavenProject - Plugin is modifying compileSourceRoots through clear(), which will not work in Maven 4.0.0. Use MavenProject.addCompileSourceRoot()/removeCompileSourceRoot() methods instead. If using a plugin, please upgrade to the latest version or report the issue to the plugin maintainer. To disable these warnings, set -Dmaven.project.sourceRoots.warningsDisabled=true on the command line, in the .mvn/maven.config file, or in project POM properties.
2026-07-27 09:46:25,020 [Worker-208: Launching SuperUSer - SuperUSerApplication] WARN  o.apache.maven.project.MavenProject - Plugin is modifying compileSourceRoots through add(), which will not work in Maven 4.0.0. Use MavenProject.addCompileSourceRoot()/removeCompileSourceRoot() methods instead. If using a plugin, please upgrade to the latest version or report the issue to the plugin maintainer. To disable these warnings, set -Dmaven.project.sourceRoots.warningsDisabled=true on the command line, in the .mvn/maven.config file, or in project POM properties.
2026-07-27 09:46:25,020 [Worker-208: Launching SuperUSer - SuperUSerApplication] WARN  o.apache.maven.project.MavenProject - Plugin is modifying testCompileSourceRoots through clear(), which will not work in Maven 4.0.0. Use MavenProject.addTestCompileSourceRoot()/removeTestCompileSourceRoot() methods instead. If using a plugin, please upgrade to the latest version or report the issue to the plugin maintainer. To disable these warnings, set -Dmaven.project.sourceRoots.warningsDisabled=true on the command line, in the .mvn/maven.config file, or in project POM properties.
2026-07-27 09:46:25,021 [Worker-208: Launching SuperUSer - SuperUSerApplication] WARN  o.apache.maven.project.MavenProject - Plugin is modifying testCompileSourceRoots through add(), which will not work in Maven 4.0.0. Use MavenProject.addTestCompileSourceRoot()/removeTestCompileSourceRoot() methods instead. If using a plugin, please upgrade to the latest version or report the issue to the plugin maintainer. To disable these warnings, set -Dmaven.project.sourceRoots.warningsDisabled=true on the command line, in the .mvn/maven.config file, or in project POM properties.
2026-07-27 09:46:25,723 [Worker-208: Launching SuperUSer - SuperUSerApplication] INFO  o.e.m.c.i.p.WorkspaceClassifierResolverManager - Resolving P/Locato-constants: com.locato:locato-constants:1.0.0 with classifier null to /Locato-constants/target/classes
2026-07-27 09:46:26,202 [Worker-208: Launching SuperUSer - SuperUSerApplication] INFO  o.e.m.c.i.p.WorkspaceClassifierResolverManager - Resolving P/Locato-constants: com.locato:locato-constants:1.0.0 with classifier null to /Locato-constants/target/classes
2026-07-27 09:46:26,629 [Worker-208: Launching SuperUSer - SuperUSerApplication] INFO  o.e.m.c.i.p.WorkspaceClassifierResolverManager - Resolving P/Locato-constants: com.locato:locato-constants:1.0.0 with classifier null to /Locato-constants/target/classes
2026-07-27 09:47:50,355 [Worker-210: Launching SuperUSer - SuperUSerApplication] INFO  o.a.m.s.f.DefaultMavenResourcesFiltering - Copying 1 resource from src\main\resources to target\classes
2026-07-27 09:47:50,359 [Worker-210: Launching SuperUSer - SuperUSerApplication] INFO  o.a.m.s.f.DefaultMavenResourcesFiltering - skip non existing resourceDirectory C:\Users\user\Desktop\locato\SuperUSer\src\test\resources
2026-07-27 09:47:50,360 [Worker-210: Launching SuperUSer - SuperUSerApplication] WARN  o.apache.maven.project.MavenProject - Plugin is modifying compileSourceRoots through clear(), which will not work in Maven 4.0.0. Use MavenProject.addCompileSourceRoot()/removeCompileSourceRoot() methods instead. If using a plugin, please upgrade to the latest version or report the issue to the plugin maintainer. To disable these warnings, set -Dmaven.project.sourceRoots.warningsDisabled=true on the command line, in the .mvn/maven.config file, or in project POM properties.
2026-07-27 09:47:50,360 [Worker-210: Launching SuperUSer - SuperUSerApplication] WARN  o.apache.maven.project.MavenProject - Plugin is modifying compileSourceRoots through add(), which will not work in Maven 4.0.0. Use MavenProject.addCompileSourceRoot()/removeCompileSourceRoot() methods instead. If using a plugin, please upgrade to the latest version or report the issue to the plugin maintainer. To disable these warnings, set -Dmaven.project.sourceRoots.warningsDisabled=true on the command line, in the .mvn/maven.config file, or in project POM properties.
2026-07-27 09:47:50,361 [Worker-210: Launching SuperUSer - SuperUSerApplication] WARN  o.apache.maven.project.MavenProject - Plugin is modifying testCompileSourceRoots through clear(), which will not work in Maven 4.0.0. Use MavenProject.addTestCompileSourceRoot()/removeTestCompileSourceRoot() methods instead. If using a plugin, please upgrade to the latest version or report the issue to the plugin maintainer. To disable these warnings, set -Dmaven.project.sourceRoots.warningsDisabled=true on the command line, in the .mvn/maven.config file, or in project POM properties.
2026-07-27 09:47:50,361 [Worker-210: Launching SuperUSer - SuperUSerApplication] WARN  o.apache.maven.project.MavenProject - Plugin is modifying testCompileSourceRoots through add(), which will not work in Maven 4.0.0. Use MavenProject.addTestCompileSourceRoot()/removeTestCompileSourceRoot() methods instead. If using a plugin, please upgrade to the latest version or report the issue to the plugin maintainer. To disable these warnings, set -Dmaven.project.sourceRoots.warningsDisabled=true on the command line, in the .mvn/maven.config file, or in project POM properties.
2026-07-27 09:47:50,953 [Worker-210: Launching SuperUSer - SuperUSerApplication] INFO  o.e.m.c.i.p.WorkspaceClassifierResolverManager - Resolving P/Locato-constants: com.locato:locato-constants:1.0.0 with classifier null to /Locato-constants/target/classes
2026-07-27 09:47:51,396 [Worker-210: Launching SuperUSer - SuperUSerApplication] INFO  o.e.m.c.i.p.WorkspaceClassifierResolverManager - Resolving P/Locato-constants: com.locato:locato-constants:1.0.0 with classifier null to /Locato-constants/target/classes
2026-07-27 09:47:51,816 [Worker-210: Launching SuperUSer - SuperUSerApplication] INFO  o.e.m.c.i.p.WorkspaceClassifierResolverManager - Resolving P/Locato-constants: com.locato:locato-constants:1.0.0 with classifier null to /Locato-constants/target/classes
2026-07-27 10:05:27,222 [Worker-210: Launching Servicechat - ServicechatApplication] INFO  o.a.m.s.f.DefaultMavenResourcesFiltering - Copying 1 resource from src\main\resources to target\classes
2026-07-27 10:05:27,230 [Worker-210: Launching Servicechat - ServicechatApplication] INFO  o.a.m.s.f.DefaultMavenResourcesFiltering - skip non existing resourceDirectory C:\Users\user\Desktop\locato\Servicechat\src\test\resources
2026-07-27 10:05:27,230 [Worker-210: Launching Servicechat - ServicechatApplication] WARN  o.apache.maven.project.MavenProject - Plugin is modifying compileSourceRoots through clear(), which will not work in Maven 4.0.0. Use MavenProject.addCompileSourceRoot()/removeCompileSourceRoot() methods instead. If using a plugin, please upgrade to the latest version or report the issue to the plugin maintainer. To disable these warnings, set -Dmaven.project.sourceRoots.warningsDisabled=true on the command line, in the .mvn/maven.config file, or in project POM properties.
2026-07-27 10:05:27,232 [Worker-210: Launching Servicechat - ServicechatApplication] WARN  o.apache.maven.project.MavenProject - Plugin is modifying compileSourceRoots through add(), which will not work in Maven 4.0.0. Use MavenProject.addCompileSourceRoot()/removeCompileSourceRoot() methods instead. If using a plugin, please upgrade to the latest version or report the issue to the plugin maintainer. To disable these warnings, set -Dmaven.project.sourceRoots.warningsDisabled=true on the command line, in the .mvn/maven.config file, or in project POM properties.
2026-07-27 10:05:27,232 [Worker-210: Launching Servicechat - ServicechatApplication] WARN  o.apache.maven.project.MavenProject - Plugin is modifying testCompileSourceRoots through clear(), which will not work in Maven 4.0.0. Use MavenProject.addTestCompileSourceRoot()/removeTestCompileSourceRoot() methods instead. If using a plugin, please upgrade to the latest version or report the issue to the plugin maintainer. To disable these warnings, set -Dmaven.project.sourceRoots.warningsDisabled=true on the command line, in the .mvn/maven.config file, or in project POM properties.
2026-07-27 10:05:27,233 [Worker-210: Launching Servicechat - ServicechatApplication] WARN  o.apache.maven.project.MavenProject - Plugin is modifying testCompileSourceRoots through add(), which will not work in Maven 4.0.0. Use MavenProject.addTestCompileSourceRoot()/removeTestCompileSourceRoot() methods instead. If using a plugin, please upgrade to the latest version or report the issue to the plugin maintainer. To disable these warnings, set -Dmaven.project.sourceRoots.warningsDisabled=true on the command line, in the .mvn/maven.config file, or in project POM properties.
2026-07-27 10:05:27,968 [Worker-210: Launching Servicechat - ServicechatApplication] INFO  o.e.m.c.i.p.WorkspaceClassifierResolverManager - Resolving P/Locato-constants: com.locato:locato-constants:1.0.0 with classifier null to /Locato-constants/target/classes
2026-07-27 10:05:28,541 [Worker-210: Launching Servicechat - ServicechatApplication] INFO  o.e.m.c.i.p.WorkspaceClassifierResolverManager - Resolving P/Locato-constants: com.locato:locato-constants:1.0.0 with classifier null to /Locato-constants/target/classes
2026-07-27 10:05:29,055 [Worker-210: Launching Servicechat - ServicechatApplication] INFO  o.e.m.c.i.p.WorkspaceClassifierResolverManager - Resolving P/Locato-constants: com.locato:locato-constants:1.0.0 with classifier null to /Locato-constants/target/classes
2026-07-27 10:10:41,240 [Worker-223: Launching Servicechat - ServicechatApplication] INFO  o.a.m.s.f.DefaultMavenResourcesFiltering - Copying 1 resource from src\main\resources to target\classes
2026-07-27 10:10:41,247 [Worker-223: Launching Servicechat - ServicechatApplication] INFO  o.a.m.s.f.DefaultMavenResourcesFiltering - skip non existing resourceDirectory C:\Users\user\Desktop\locato\Servicechat\src\test\resources
2026-07-27 10:10:41,248 [Worker-223: Launching Servicechat - ServicechatApplication] WARN  o.apache.maven.project.MavenProject - Plugin is modifying compileSourceRoots through clear(), which will not work in Maven 4.0.0. Use MavenProject.addCompileSourceRoot()/removeCompileSourceRoot() methods instead. If using a plugin, please upgrade to the latest version or report the issue to the plugin maintainer. To disable these warnings, set -Dmaven.project.sourceRoots.warningsDisabled=true on the command line, in the .mvn/maven.config file, or in project POM properties.
2026-07-27 10:10:41,249 [Worker-223: Launching Servicechat - ServicechatApplication] WARN  o.apache.maven.project.MavenProject - Plugin is modifying compileSourceRoots through add(), which will not work in Maven 4.0.0. Use MavenProject.addCompileSourceRoot()/removeCompileSourceRoot() methods instead. If using a plugin, please upgrade to the latest version or report the issue to the plugin maintainer. To disable these warnings, set -Dmaven.project.sourceRoots.warningsDisabled=true on the command line, in the .mvn/maven.config file, or in project POM properties.
2026-07-27 10:10:41,255 [Worker-223: Launching Servicechat - ServicechatApplication] WARN  o.apache.maven.project.MavenProject - Plugin is modifying testCompileSourceRoots through clear(), which will not work in Maven 4.0.0. Use MavenProject.addTestCompileSourceRoot()/removeTestCompileSourceRoot() methods instead. If using a plugin, please upgrade to the latest version or report the issue to the plugin maintainer. To disable these warnings, set -Dmaven.project.sourceRoots.warningsDisabled=true on the command line, in the .mvn/maven.config file, or in project POM properties.
2026-07-27 10:10:41,256 [Worker-223: Launching Servicechat - ServicechatApplication] WARN  o.apache.maven.project.MavenProject - Plugin is modifying testCompileSourceRoots through add(), which will not work in Maven 4.0.0. Use MavenProject.addTestCompileSourceRoot()/removeTestCompileSourceRoot() methods instead. If using a plugin, please upgrade to the latest version or report the issue to the plugin maintainer. To disable these warnings, set -Dmaven.project.sourceRoots.warningsDisabled=true on the command line, in the .mvn/maven.config file, or in project POM properties.
2026-07-27 10:10:41,910 [Worker-223: Launching Servicechat - ServicechatApplication] INFO  o.e.m.c.i.p.WorkspaceClassifierResolverManager - Resolving P/Locato-constants: com.locato:locato-constants:1.0.0 with classifier null to /Locato-constants/target/classes
2026-07-27 10:10:42,425 [Worker-223: Launching Servicechat - ServicechatApplication] INFO  o.e.m.c.i.p.WorkspaceClassifierResolverManager - Resolving P/Locato-constants: com.locato:locato-constants:1.0.0 with classifier null to /Locato-constants/target/classes
2026-07-27 10:10:42,948 [Worker-223: Launching Servicechat - ServicechatApplication] INFO  o.e.m.c.i.p.WorkspaceClassifierResolverManager - Resolving P/Locato-constants: com.locato:locato-constants:1.0.0 with classifier null to /Locato-constants/target/classes
2026-07-27 10:10:54,929 [Worker-223: Launching Servicechat - ServicechatApplication] INFO  o.a.m.s.f.DefaultMavenResourcesFiltering - Copying 1 resource from src\main\resources to target\classes
2026-07-27 10:10:54,942 [Worker-223: Launching Servicechat - ServicechatApplication] INFO  o.a.m.s.f.DefaultMavenResourcesFiltering - skip non existing resourceDirectory C:\Users\user\Desktop\locato\Servicechat\src\test\resources
2026-07-27 10:10:54,943 [Worker-223: Launching Servicechat - ServicechatApplication] WARN  o.apache.maven.project.MavenProject - Plugin is modifying compileSourceRoots through clear(), which will not work in Maven 4.0.0. Use MavenProject.addCompileSourceRoot()/removeCompileSourceRoot() methods instead. If using a plugin, please upgrade to the latest version or report the issue to the plugin maintainer. To disable these warnings, set -Dmaven.project.sourceRoots.warningsDisabled=true on the command line, in the .mvn/maven.config file, or in project POM properties.
2026-07-27 10:10:54,946 [Worker-223: Launching Servicechat - ServicechatApplication] WARN  o.apache.maven.project.MavenProject - Plugin is modifying compileSourceRoots through add(), which will not work in Maven 4.0.0. Use MavenProject.addCompileSourceRoot()/removeCompileSourceRoot() methods instead. If using a plugin, please upgrade to the latest version or report the issue to the plugin maintainer. To disable these warnings, set -Dmaven.project.sourceRoots.warningsDisabled=true on the command line, in the .mvn/maven.config file, or in project POM properties.
2026-07-27 10:10:54,947 [Worker-223: Launching Servicechat - ServicechatApplication] WARN  o.apache.maven.project.MavenProject - Plugin is modifying testCompileSourceRoots through clear(), which will not work in Maven 4.0.0. Use MavenProject.addTestCompileSourceRoot()/removeTestCompileSourceRoot() methods instead. If using a plugin, please upgrade to the latest version or report the issue to the plugin maintainer. To disable these warnings, set -Dmaven.project.sourceRoots.warningsDisabled=true on the command line, in the .mvn/maven.config file, or in project POM properties.
2026-07-27 10:10:54,948 [Worker-223: Launching Servicechat - ServicechatApplication] WARN  o.apache.maven.project.MavenProject - Plugin is modifying testCompileSourceRoots through add(), which will not work in Maven 4.0.0. Use MavenProject.addTestCompileSourceRoot()/removeTestCompileSourceRoot() methods instead. If using a plugin, please upgrade to the latest version or report the issue to the plugin maintainer. To disable these warnings, set -Dmaven.project.sourceRoots.warningsDisabled=true on the command line, in the .mvn/maven.config file, or in project POM properties.
2026-07-27 10:10:55,603 [Worker-223: Launching Servicechat - ServicechatApplication] INFO  o.e.m.c.i.p.WorkspaceClassifierResolverManager - Resolving P/Locato-constants: com.locato:locato-constants:1.0.0 with classifier null to /Locato-constants/target/classes
2026-07-27 10:10:56,123 [Worker-223: Launching Servicechat - ServicechatApplication] INFO  o.e.m.c.i.p.WorkspaceClassifierResolverManager - Resolving P/Locato-constants: com.locato:locato-constants:1.0.0 with classifier null to /Locato-constants/target/classes
2026-07-27 10:10:56,648 [Worker-223: Launching Servicechat - ServicechatApplication] INFO  o.e.m.c.i.p.WorkspaceClassifierResolverManager - Resolving P/Locato-constants: com.locato:locato-constants:1.0.0 with classifier null to /Locato-constants/target/classes
2026-07-27 10:12:11,868 [Worker-226: Launching Servicechat - ServicechatApplication] INFO  o.e.m.c.i.p.WorkspaceClassifierResolverManager - Resolving P/Locato-constants: com.locato:locato-constants:1.0.0 with classifier null to /Locato-constants/target/classes
2026-07-27 10:12:12,420 [Worker-226: Launching Servicechat - ServicechatApplication] INFO  o.e.m.c.i.p.WorkspaceClassifierResolverManager - Resolving P/Locato-constants: com.locato:locato-constants:1.0.0 with classifier null to /Locato-constants/target/classes
2026-07-27 10:12:12,983 [Worker-226: Launching Servicechat - ServicechatApplication] INFO  o.e.m.c.i.p.WorkspaceClassifierResolverManager - Resolving P/Locato-constants: com.locato:locato-constants:1.0.0 with classifier null to /Locato-constants/target/classes
2026-07-27 10:16:52,394 [Worker-227: Launching Servicechat - ServicechatApplication] INFO  o.e.m.c.i.p.WorkspaceClassifierResolverManager - Resolving P/Locato-constants: com.locato:locato-constants:1.0.0 with classifier null to /Locato-constants/target/classes
2026-07-27 10:16:52,952 [Worker-227: Launching Servicechat - ServicechatApplication] INFO  o.e.m.c.i.p.WorkspaceClassifierResolverManager - Resolving P/Locato-constants: com.locato:locato-constants:1.0.0 with classifier null to /Locato-constants/target/classes
2026-07-27 10:16:53,519 [Worker-227: Launching Servicechat - ServicechatApplication] INFO  o.e.m.c.i.p.WorkspaceClassifierResolverManager - Resolving P/Locato-constants: com.locato:locato-constants:1.0.0 with classifier null to /Locato-constants/target/classes
2026-07-27 10:17:01,475 [Worker-210: Launching Servicechat - ServicechatApplication] INFO  o.a.m.s.f.DefaultMavenResourcesFiltering - Copying 1 resource from src\main\resources to target\classes
2026-07-27 10:17:01,481 [Worker-210: Launching Servicechat - ServicechatApplication] INFO  o.a.m.s.f.DefaultMavenResourcesFiltering - skip non existing resourceDirectory C:\Users\user\Desktop\locato\Servicechat\src\test\resources
2026-07-27 10:17:01,482 [Worker-210: Launching Servicechat - ServicechatApplication] WARN  o.apache.maven.project.MavenProject - Plugin is modifying compileSourceRoots through clear(), which will not work in Maven 4.0.0. Use MavenProject.addCompileSourceRoot()/removeCompileSourceRoot() methods instead. If using a plugin, please upgrade to the latest version or report the issue to the plugin maintainer. To disable these warnings, set -Dmaven.project.sourceRoots.warningsDisabled=true on the command line, in the .mvn/maven.config file, or in project POM properties.
2026-07-27 10:17:01,482 [Worker-210: Launching Servicechat - ServicechatApplication] WARN  o.apache.maven.project.MavenProject - Plugin is modifying compileSourceRoots through add(), which will not work in Maven 4.0.0. Use MavenProject.addCompileSourceRoot()/removeCompileSourceRoot() methods instead. If using a plugin, please upgrade to the latest version or report the issue to the plugin maintainer. To disable these warnings, set -Dmaven.project.sourceRoots.warningsDisabled=true on the command line, in the .mvn/maven.config file, or in project POM properties.
2026-07-27 10:17:01,483 [Worker-210: Launching Servicechat - ServicechatApplication] WARN  o.apache.maven.project.MavenProject - Plugin is modifying testCompileSourceRoots through clear(), which will not work in Maven 4.0.0. Use MavenProject.addTestCompileSourceRoot()/removeTestCompileSourceRoot() methods instead. If using a plugin, please upgrade to the latest version or report the issue to the plugin maintainer. To disable these warnings, set -Dmaven.project.sourceRoots.warningsDisabled=true on the command line, in the .mvn/maven.config file, or in project POM properties.
2026-07-27 10:17:01,484 [Worker-210: Launching Servicechat - ServicechatApplication] WARN  o.apache.maven.project.MavenProject - Plugin is modifying testCompileSourceRoots through add(), which will not work in Maven 4.0.0. Use MavenProject.addTestCompileSourceRoot()/removeTestCompileSourceRoot() methods instead. If using a plugin, please upgrade to the latest version or report the issue to the plugin maintainer. To disable these warnings, set -Dmaven.project.sourceRoots.warningsDisabled=true on the command line, in the .mvn/maven.config file, or in project POM properties.
2026-07-27 10:17:02,026 [Worker-210: Launching Servicechat - ServicechatApplication] INFO  o.e.m.c.i.p.WorkspaceClassifierResolverManager - Resolving P/Locato-constants: com.locato:locato-constants:1.0.0 with classifier null to /Locato-constants/target/classes
2026-07-27 10:17:02,502 [Worker-210: Launching Servicechat - ServicechatApplication] INFO  o.e.m.c.i.p.WorkspaceClassifierResolverManager - Resolving P/Locato-constants: com.locato:locato-constants:1.0.0 with classifier null to /Locato-constants/target/classes
2026-07-27 10:17:02,955 [Worker-210: Launching Servicechat - ServicechatApplication] INFO  o.e.m.c.i.p.WorkspaceClassifierResolverManager - Resolving P/Locato-constants: com.locato:locato-constants:1.0.0 with classifier null to /Locato-constants/target/classes
2026-07-27 10:18:19,345 [Worker-227: Launching Servicechat - ServicechatApplication] INFO  o.a.m.s.f.DefaultMavenResourcesFiltering - Copying 1 resource from src\main\resources to target\classes
2026-07-27 10:18:19,353 [Worker-227: Launching Servicechat - ServicechatApplication] INFO  o.a.m.s.f.DefaultMavenResourcesFiltering - skip non existing resourceDirectory C:\Users\user\Desktop\locato\Servicechat\src\test\resources
2026-07-27 10:18:19,353 [Worker-227: Launching Servicechat - ServicechatApplication] WARN  o.apache.maven.project.MavenProject - Plugin is modifying compileSourceRoots through clear(), which will not work in Maven 4.0.0. Use MavenProject.addCompileSourceRoot()/removeCompileSourceRoot() methods instead. If using a plugin, please upgrade to the latest version or report the issue to the plugin maintainer. To disable these warnings, set -Dmaven.project.sourceRoots.warningsDisabled=true on the command line, in the .mvn/maven.config file, or in project POM properties.
2026-07-27 10:18:19,354 [Worker-227: Launching Servicechat - ServicechatApplication] WARN  o.apache.maven.project.MavenProject - Plugin is modifying compileSourceRoots through add(), which will not work in Maven 4.0.0. Use MavenProject.addCompileSourceRoot()/removeCompileSourceRoot() methods instead. If using a plugin, please upgrade to the latest version or report the issue to the plugin maintainer. To disable these warnings, set -Dmaven.project.sourceRoots.warningsDisabled=true on the command line, in the .mvn/maven.config file, or in project POM properties.
2026-07-27 10:18:19,355 [Worker-227: Launching Servicechat - ServicechatApplication] WARN  o.apache.maven.project.MavenProject - Plugin is modifying testCompileSourceRoots through clear(), which will not work in Maven 4.0.0. Use MavenProject.addTestCompileSourceRoot()/removeTestCompileSourceRoot() methods instead. If using a plugin, please upgrade to the latest version or report the issue to the plugin maintainer. To disable these warnings, set -Dmaven.project.sourceRoots.warningsDisabled=true on the command line, in the .mvn/maven.config file, or in project POM properties.
2026-07-27 10:18:19,355 [Worker-227: Launching Servicechat - ServicechatApplication] WARN  o.apache.maven.project.MavenProject - Plugin is modifying testCompileSourceRoots through add(), which will not work in Maven 4.0.0. Use MavenProject.addTestCompileSourceRoot()/removeTestCompileSourceRoot() methods instead. If using a plugin, please upgrade to the latest version or report the issue to the plugin maintainer. To disable these warnings, set -Dmaven.project.sourceRoots.warningsDisabled=true on the command line, in the .mvn/maven.config file, or in project POM properties.
2026-07-27 10:18:19,898 [Worker-227: Launching Servicechat - ServicechatApplication] INFO  o.e.m.c.i.p.WorkspaceClassifierResolverManager - Resolving P/Locato-constants: com.locato:locato-constants:1.0.0 with classifier null to /Locato-constants/target/classes
2026-07-27 10:18:20,333 [Worker-227: Launching Servicechat - ServicechatApplication] INFO  o.e.m.c.i.p.WorkspaceClassifierResolverManager - Resolving P/Locato-constants: com.locato:locato-constants:1.0.0 with classifier null to /Locato-constants/target/classes
2026-07-27 10:18:20,778 [Worker-227: Launching Servicechat - ServicechatApplication] INFO  o.e.m.c.i.p.WorkspaceClassifierResolverManager - Resolving P/Locato-constants: com.locato:locato-constants:1.0.0 with classifier null to /Locato-constants/target/classes
2026-07-27 10:23:19,165 [Worker-1: Loading available Gradle versions] INFO  o.e.b.c.i.u.g.PublishedGradleVersions - Gradle version information cache is up-to-date. Trying to read.
2026-07-27 10:51:48,087 [Worker-52: Check for devtools] INFO  o.e.m.c.i.p.WorkspaceClassifierResolverManager - Resolving P/Locato-constants: com.locato:locato-constants:1.0.0 with classifier  to /Locato-constants/target/classes
2026-07-27 10:58:44,224 [Worker-54: Enabling Maven Dependency Management] INFO  o.e.m.c.i.l.LifecycleMappingFactory - Using org.eclipse.m2e.jdt.JarLifecycleMapping lifecycle mapping for MavenProject: com.whoami:service-registry:0.0.1-SNAPSHOT @ C:\Users\user\Downloads\Locato-Service-Regestiry-main\pom.xml.
2026-07-27 10:58:46,259 [Worker-54: Enabling Maven Dependency Management] INFO  o.e.m.j.i.AbstractJavaProjectConfigurator - Adding source folder /Downloads_Locato-Service-Regestiry-main/src/main/java
2026-07-27 10:58:46,263 [Worker-54: Enabling Maven Dependency Management] INFO  o.e.m.j.i.AbstractJavaProjectConfigurator - Adding resource folder /Downloads_Locato-Service-Regestiry-main/src/main/resources
2026-07-27 10:58:46,298 [Worker-54: Enabling Maven Dependency Management] INFO  o.e.m.j.i.AbstractJavaProjectConfigurator - Adding resource folder /Downloads_Locato-Service-Regestiry-main/src/main/resources
2026-07-27 10:58:46,339 [Worker-54: Enabling Maven Dependency Management] INFO  o.e.m.j.i.AbstractJavaProjectConfigurator - Adding source folder /Downloads_Locato-Service-Regestiry-main/src/test/java
2026-07-27 10:58:46,341 [Worker-54: Enabling Maven Dependency Management] INFO  o.e.m.j.i.AbstractJavaProjectConfigurator - Adding resource folder /Downloads_Locato-Service-Regestiry-main/src/test/resources
2026-07-27 10:58:48,297 [Worker-54: Enabling Maven Dependency Management] WARN  o.apache.maven.project.MavenProject - Plugin is modifying compileSourceRoots through clear(), which will not work in Maven 4.0.0. Use MavenProject.addCompileSourceRoot()/removeCompileSourceRoot() methods instead. If using a plugin, please upgrade to the latest version or report the issue to the plugin maintainer. To disable these warnings, set -Dmaven.project.sourceRoots.warningsDisabled=true on the command line, in the .mvn/maven.config file, or in project POM properties.
2026-07-27 10:58:48,299 [Worker-54: Enabling Maven Dependency Management] WARN  o.apache.maven.project.MavenProject - Plugin is modifying compileSourceRoots through add(), which will not work in Maven 4.0.0. Use MavenProject.addCompileSourceRoot()/removeCompileSourceRoot() methods instead. If using a plugin, please upgrade to the latest version or report the issue to the plugin maintainer. To disable these warnings, set -Dmaven.project.sourceRoots.warningsDisabled=true on the command line, in the .mvn/maven.config file, or in project POM properties.
2026-07-27 10:58:48,300 [Worker-54: Enabling Maven Dependency Management] WARN  o.apache.maven.project.MavenProject - Plugin is modifying testCompileSourceRoots through clear(), which will not work in Maven 4.0.0. Use MavenProject.addTestCompileSourceRoot()/removeTestCompileSourceRoot() methods instead. If using a plugin, please upgrade to the latest version or report the issue to the plugin maintainer. To disable these warnings, set -Dmaven.project.sourceRoots.warningsDisabled=true on the command line, in the .mvn/maven.config file, or in project POM properties.
2026-07-27 10:58:48,301 [Worker-54: Enabling Maven Dependency Management] WARN  o.apache.maven.project.MavenProject - Plugin is modifying testCompileSourceRoots through add(), which will not work in Maven 4.0.0. Use MavenProject.addTestCompileSourceRoot()/removeTestCompileSourceRoot() methods instead. If using a plugin, please upgrade to the latest version or report the issue to the plugin maintainer. To disable these warnings, set -Dmaven.project.sourceRoots.warningsDisabled=true on the command line, in the .mvn/maven.config file, or in project POM properties.
2026-07-27 10:58:48,328 [Worker-54: Enabling Maven Dependency Management] INFO  o.e.m.c.i.p.ProjectConfigurationManager - Update started
2026-07-27 10:58:48,908 [Worker-54: Enabling Maven Dependency Management] INFO  o.e.m.c.i.l.LifecycleMappingFactory - Using org.eclipse.m2e.jdt.JarLifecycleMapping lifecycle mapping for MavenProject: com.whoami:service-registry:0.0.1-SNAPSHOT @ C:\Users\user\Downloads\Locato-Service-Regestiry-main\pom.xml.
2026-07-27 10:58:50,612 [Worker-54: Enabling Maven Dependency Management] INFO  o.e.m.j.i.AbstractJavaProjectConfigurator - Adding source folder /Downloads_Locato-Service-Regestiry-main/src/main/java
2026-07-27 10:58:50,614 [Worker-54: Enabling Maven Dependency Management] INFO  o.e.m.j.i.AbstractJavaProjectConfigurator - Adding resource folder /Downloads_Locato-Service-Regestiry-main/src/main/resources
2026-07-27 10:58:50,615 [Worker-54: Enabling Maven Dependency Management] INFO  o.e.m.j.i.AbstractJavaProjectConfigurator - Adding resource folder /Downloads_Locato-Service-Regestiry-main/src/main/resources
2026-07-27 10:58:50,616 [Worker-54: Enabling Maven Dependency Management] INFO  o.e.m.j.i.AbstractJavaProjectConfigurator - Adding source folder /Downloads_Locato-Service-Regestiry-main/src/test/java
2026-07-27 10:58:50,617 [Worker-54: Enabling Maven Dependency Management] INFO  o.e.m.j.i.AbstractJavaProjectConfigurator - Adding resource folder /Downloads_Locato-Service-Regestiry-main/src/test/resources
2026-07-27 10:58:51,654 [Worker-54: Enabling Maven Dependency Management] WARN  o.apache.maven.project.MavenProject - Plugin is modifying compileSourceRoots through clear(), which will not work in Maven 4.0.0. Use MavenProject.addCompileSourceRoot()/removeCompileSourceRoot() methods instead. If using a plugin, please upgrade to the latest version or report the issue to the plugin maintainer. To disable these warnings, set -Dmaven.project.sourceRoots.warningsDisabled=true on the command line, in the .mvn/maven.config file, or in project POM properties.
2026-07-27 10:58:51,656 [Worker-54: Enabling Maven Dependency Management] WARN  o.apache.maven.project.MavenProject - Plugin is modifying compileSourceRoots through add(), which will not work in Maven 4.0.0. Use MavenProject.addCompileSourceRoot()/removeCompileSourceRoot() methods instead. If using a plugin, please upgrade to the latest version or report the issue to the plugin maintainer. To disable these warnings, set -Dmaven.project.sourceRoots.warningsDisabled=true on the command line, in the .mvn/maven.config file, or in project POM properties.
2026-07-27 10:58:51,656 [Worker-54: Enabling Maven Dependency Management] WARN  o.apache.maven.project.MavenProject - Plugin is modifying testCompileSourceRoots through clear(), which will not work in Maven 4.0.0. Use MavenProject.addTestCompileSourceRoot()/removeTestCompileSourceRoot() methods instead. If using a plugin, please upgrade to the latest version or report the issue to the plugin maintainer. To disable these warnings, set -Dmaven.project.sourceRoots.warningsDisabled=true on the command line, in the .mvn/maven.config file, or in project POM properties.
2026-07-27 10:58:51,657 [Worker-54: Enabling Maven Dependency Management] WARN  o.apache.maven.project.MavenProject - Plugin is modifying testCompileSourceRoots through add(), which will not work in Maven 4.0.0. Use MavenProject.addTestCompileSourceRoot()/removeTestCompileSourceRoot() methods instead. If using a plugin, please upgrade to the latest version or report the issue to the plugin maintainer. To disable these warnings, set -Dmaven.project.sourceRoots.warningsDisabled=true on the command line, in the .mvn/maven.config file, or in project POM properties.
2026-07-27 10:58:51,928 [Worker-54: Enabling Maven Dependency Management] INFO  o.e.m.c.i.p.ProjectConfigurationManager - Update completed for 1 poms: local refresh takes 0.00 sec, refresh facades takes 2.00 sec, update config takes 1.00 sec 
2026-07-27 10:59:43,230 [Worker-59: Launching Downloads_Locato-Service-Regestiry-main - ServiceRegisteryApplication] INFO  o.a.m.s.f.DefaultMavenResourcesFiltering - Copying 1 resource from src\main\resources to target\classes
2026-07-27 10:59:43,260 [Worker-59: Launching Downloads_Locato-Service-Regestiry-main - ServiceRegisteryApplication] INFO  o.a.m.s.f.DefaultMavenResourcesFiltering - Copying 0 resource from src\main\resources to target\classes
2026-07-27 10:59:43,267 [Worker-59: Launching Downloads_Locato-Service-Regestiry-main - ServiceRegisteryApplication] INFO  o.a.m.s.f.DefaultMavenResourcesFiltering - skip non existing resourceDirectory C:\Users\user\Downloads\Locato-Service-Regestiry-main\src\test\resources
2026-07-27 10:59:43,655 [Worker-59: Launching Downloads_Locato-Service-Regestiry-main - ServiceRegisteryApplication] WARN  o.apache.maven.project.MavenProject - Plugin is modifying compileSourceRoots through clear(), which will not work in Maven 4.0.0. Use MavenProject.addCompileSourceRoot()/removeCompileSourceRoot() methods instead. If using a plugin, please upgrade to the latest version or report the issue to the plugin maintainer. To disable these warnings, set -Dmaven.project.sourceRoots.warningsDisabled=true on the command line, in the .mvn/maven.config file, or in project POM properties.
2026-07-27 10:59:43,656 [Worker-59: Launching Downloads_Locato-Service-Regestiry-main - ServiceRegisteryApplication] WARN  o.apache.maven.project.MavenProject - Plugin is modifying compileSourceRoots through add(), which will not work in Maven 4.0.0. Use MavenProject.addCompileSourceRoot()/removeCompileSourceRoot() methods instead. If using a plugin, please upgrade to the latest version or report the issue to the plugin maintainer. To disable these warnings, set -Dmaven.project.sourceRoots.warningsDisabled=true on the command line, in the .mvn/maven.config file, or in project POM properties.
2026-07-27 10:59:43,657 [Worker-59: Launching Downloads_Locato-Service-Regestiry-main - ServiceRegisteryApplication] WARN  o.apache.maven.project.MavenProject - Plugin is modifying testCompileSourceRoots through clear(), which will not work in Maven 4.0.0. Use MavenProject.addTestCompileSourceRoot()/removeTestCompileSourceRoot() methods instead. If using a plugin, please upgrade to the latest version or report the issue to the plugin maintainer. To disable these warnings, set -Dmaven.project.sourceRoots.warningsDisabled=true on the command line, in the .mvn/maven.config file, or in project POM properties.
2026-07-27 10:59:43,658 [Worker-59: Launching Downloads_Locato-Service-Regestiry-main - ServiceRegisteryApplication] WARN  o.apache.maven.project.MavenProject - Plugin is modifying testCompileSourceRoots through add(), which will not work in Maven 4.0.0. Use MavenProject.addTestCompileSourceRoot()/removeTestCompileSourceRoot() methods instead. If using a plugin, please upgrade to the latest version or report the issue to the plugin maintainer. To disable these warnings, set -Dmaven.project.sourceRoots.warningsDisabled=true on the command line, in the .mvn/maven.config file, or in project POM properties.
2026-07-27 11:05:04,259 [Worker-51: Check for devtools] INFO  o.e.m.c.i.p.WorkspaceClassifierResolverManager - Resolving P/Locato-constants: com.locato:locato-constants:1.0.0 with classifier  to /Locato-constants/target/classes
2026-07-27 11:05:06,841 [Worker-60: Launching Servicechat - ServicechatApplication] INFO  o.a.m.s.f.DefaultMavenResourcesFiltering - Copying 1 resource from src\main\resources to target\classes
2026-07-27 11:05:06,853 [Worker-60: Launching Servicechat - ServicechatApplication] INFO  o.a.m.s.f.DefaultMavenResourcesFiltering - skip non existing resourceDirectory C:\Users\user\Desktop\locato\Servicechat\src\test\resources
2026-07-27 11:05:07,277 [Worker-60: Launching Servicechat - ServicechatApplication] WARN  o.apache.maven.project.MavenProject - Plugin is modifying compileSourceRoots through clear(), which will not work in Maven 4.0.0. Use MavenProject.addCompileSourceRoot()/removeCompileSourceRoot() methods instead. If using a plugin, please upgrade to the latest version or report the issue to the plugin maintainer. To disable these warnings, set -Dmaven.project.sourceRoots.warningsDisabled=true on the command line, in the .mvn/maven.config file, or in project POM properties.
2026-07-27 11:05:07,278 [Worker-60: Launching Servicechat - ServicechatApplication] WARN  o.apache.maven.project.MavenProject - Plugin is modifying compileSourceRoots through add(), which will not work in Maven 4.0.0. Use MavenProject.addCompileSourceRoot()/removeCompileSourceRoot() methods instead. If using a plugin, please upgrade to the latest version or report the issue to the plugin maintainer. To disable these warnings, set -Dmaven.project.sourceRoots.warningsDisabled=true on the command line, in the .mvn/maven.config file, or in project POM properties.
2026-07-27 11:05:07,279 [Worker-60: Launching Servicechat - ServicechatApplication] WARN  o.apache.maven.project.MavenProject - Plugin is modifying testCompileSourceRoots through clear(), which will not work in Maven 4.0.0. Use MavenProject.addTestCompileSourceRoot()/removeTestCompileSourceRoot() methods instead. If using a plugin, please upgrade to the latest version or report the issue to the plugin maintainer. To disable these warnings, set -Dmaven.project.sourceRoots.warningsDisabled=true on the command line, in the .mvn/maven.config file, or in project POM properties.
2026-07-27 11:05:07,280 [Worker-60: Launching Servicechat - ServicechatApplication] WARN  o.apache.maven.project.MavenProject - Plugin is modifying testCompileSourceRoots through add(), which will not work in Maven 4.0.0. Use MavenProject.addTestCompileSourceRoot()/removeTestCompileSourceRoot() methods instead. If using a plugin, please upgrade to the latest version or report the issue to the plugin maintainer. To disable these warnings, set -Dmaven.project.sourceRoots.warningsDisabled=true on the command line, in the .mvn/maven.config file, or in project POM properties.
2026-07-27 11:05:08,430 [Worker-60: Launching Servicechat - ServicechatApplication] INFO  o.e.m.c.i.p.WorkspaceClassifierResolverManager - Resolving P/Locato-constants: com.locato:locato-constants:1.0.0 with classifier null to /Locato-constants/target/classes
2026-07-27 11:05:08,893 [Worker-60: Launching Servicechat - ServicechatApplication] INFO  o.e.m.c.i.p.WorkspaceClassifierResolverManager - Resolving P/Locato-constants: com.locato:locato-constants:1.0.0 with classifier null to /Locato-constants/target/classes
2026-07-27 11:05:09,428 [Worker-60: Launching Servicechat - ServicechatApplication] INFO  o.e.m.c.i.p.WorkspaceClassifierResolverManager - Resolving P/Locato-constants: com.locato:locato-constants:1.0.0 with classifier null to /Locato-constants/target/classes
2026-07-27 11:07:16,060 [Worker-61: Launching Servicechat - ServicechatApplication] INFO  o.a.m.s.f.DefaultMavenResourcesFiltering - Copying 1 resource from src\main\resources to target\classes
2026-07-27 11:07:16,069 [Worker-61: Launching Servicechat - ServicechatApplication] INFO  o.a.m.s.f.DefaultMavenResourcesFiltering - skip non existing resourceDirectory C:\Users\user\Desktop\locato\Servicechat\src\test\resources
2026-07-27 11:07:16,070 [Worker-61: Launching Servicechat - ServicechatApplication] WARN  o.apache.maven.project.MavenProject - Plugin is modifying compileSourceRoots through clear(), which will not work in Maven 4.0.0. Use MavenProject.addCompileSourceRoot()/removeCompileSourceRoot() methods instead. If using a plugin, please upgrade to the latest version or report the issue to the plugin maintainer. To disable these warnings, set -Dmaven.project.sourceRoots.warningsDisabled=true on the command line, in the .mvn/maven.config file, or in project POM properties.
2026-07-27 11:07:16,071 [Worker-61: Launching Servicechat - ServicechatApplication] WARN  o.apache.maven.project.MavenProject - Plugin is modifying compileSourceRoots through add(), which will not work in Maven 4.0.0. Use MavenProject.addCompileSourceRoot()/removeCompileSourceRoot() methods instead. If using a plugin, please upgrade to the latest version or report the issue to the plugin maintainer. To disable these warnings, set -Dmaven.project.sourceRoots.warningsDisabled=true on the command line, in the .mvn/maven.config file, or in project POM properties.
2026-07-27 11:07:16,071 [Worker-61: Launching Servicechat - ServicechatApplication] WARN  o.apache.maven.project.MavenProject - Plugin is modifying testCompileSourceRoots through clear(), which will not work in Maven 4.0.0. Use MavenProject.addTestCompileSourceRoot()/removeTestCompileSourceRoot() methods instead. If using a plugin, please upgrade to the latest version or report the issue to the plugin maintainer. To disable these warnings, set -Dmaven.project.sourceRoots.warningsDisabled=true on the command line, in the .mvn/maven.config file, or in project POM properties.
2026-07-27 11:07:16,072 [Worker-61: Launching Servicechat - ServicechatApplication] WARN  o.apache.maven.project.MavenProject - Plugin is modifying testCompileSourceRoots through add(), which will not work in Maven 4.0.0. Use MavenProject.addTestCompileSourceRoot()/removeTestCompileSourceRoot() methods instead. If using a plugin, please upgrade to the latest version or report the issue to the plugin maintainer. To disable these warnings, set -Dmaven.project.sourceRoots.warningsDisabled=true on the command line, in the .mvn/maven.config file, or in project POM properties.
2026-07-27 11:07:16,654 [Worker-61: Launching Servicechat - ServicechatApplication] INFO  o.e.m.c.i.p.WorkspaceClassifierResolverManager - Resolving P/Locato-constants: com.locato:locato-constants:1.0.0 with classifier null to /Locato-constants/target/classes
2026-07-27 11:07:17,160 [Worker-61: Launching Servicechat - ServicechatApplication] INFO  o.e.m.c.i.p.WorkspaceClassifierResolverManager - Resolving P/Locato-constants: com.locato:locato-constants:1.0.0 with classifier null to /Locato-constants/target/classes
2026-07-27 11:07:17,659 [Worker-61: Launching Servicechat - ServicechatApplication] INFO  o.e.m.c.i.p.WorkspaceClassifierResolverManager - Resolving P/Locato-constants: com.locato:locato-constants:1.0.0 with classifier null to /Locato-constants/target/classes
2026-07-27 11:10:52,882 [Worker-60: Launching Servicechat - ServicechatApplication] INFO  o.a.m.s.f.DefaultMavenResourcesFiltering - Copying 1 resource from src\main\resources to target\classes
2026-07-27 11:10:52,887 [Worker-60: Launching Servicechat - ServicechatApplication] INFO  o.a.m.s.f.DefaultMavenResourcesFiltering - skip non existing resourceDirectory C:\Users\user\Desktop\locato\Servicechat\src\test\resources
2026-07-27 11:10:52,888 [Worker-60: Launching Servicechat - ServicechatApplication] WARN  o.apache.maven.project.MavenProject - Plugin is modifying compileSourceRoots through clear(), which will not work in Maven 4.0.0. Use MavenProject.addCompileSourceRoot()/removeCompileSourceRoot() methods instead. If using a plugin, please upgrade to the latest version or report the issue to the plugin maintainer. To disable these warnings, set -Dmaven.project.sourceRoots.warningsDisabled=true on the command line, in the .mvn/maven.config file, or in project POM properties.
2026-07-27 11:10:52,889 [Worker-60: Launching Servicechat - ServicechatApplication] WARN  o.apache.maven.project.MavenProject - Plugin is modifying compileSourceRoots through add(), which will not work in Maven 4.0.0. Use MavenProject.addCompileSourceRoot()/removeCompileSourceRoot() methods instead. If using a plugin, please upgrade to the latest version or report the issue to the plugin maintainer. To disable these warnings, set -Dmaven.project.sourceRoots.warningsDisabled=true on the command line, in the .mvn/maven.config file, or in project POM properties.
2026-07-27 11:10:52,889 [Worker-60: Launching Servicechat - ServicechatApplication] WARN  o.apache.maven.project.MavenProject - Plugin is modifying testCompileSourceRoots through clear(), which will not work in Maven 4.0.0. Use MavenProject.addTestCompileSourceRoot()/removeTestCompileSourceRoot() methods instead. If using a plugin, please upgrade to the latest version or report the issue to the plugin maintainer. To disable these warnings, set -Dmaven.project.sourceRoots.warningsDisabled=true on the command line, in the .mvn/maven.config file, or in project POM properties.
2026-07-27 11:10:52,890 [Worker-60: Launching Servicechat - ServicechatApplication] WARN  o.apache.maven.project.MavenProject - Plugin is modifying testCompileSourceRoots through add(), which will not work in Maven 4.0.0. Use MavenProject.addTestCompileSourceRoot()/removeTestCompileSourceRoot() methods instead. If using a plugin, please upgrade to the latest version or report the issue to the plugin maintainer. To disable these warnings, set -Dmaven.project.sourceRoots.warningsDisabled=true on the command line, in the .mvn/maven.config file, or in project POM properties.
2026-07-27 11:10:53,504 [Worker-60: Launching Servicechat - ServicechatApplication] INFO  o.e.m.c.i.p.WorkspaceClassifierResolverManager - Resolving P/Locato-constants: com.locato:locato-constants:1.0.0 with classifier null to /Locato-constants/target/classes
2026-07-27 11:10:53,945 [Worker-60: Launching Servicechat - ServicechatApplication] INFO  o.e.m.c.i.p.WorkspaceClassifierResolverManager - Resolving P/Locato-constants: com.locato:locato-constants:1.0.0 with classifier null to /Locato-constants/target/classes
2026-07-27 11:10:54,361 [Worker-60: Launching Servicechat - ServicechatApplication] INFO  o.e.m.c.i.p.WorkspaceClassifierResolverManager - Resolving P/Locato-constants: com.locato:locato-constants:1.0.0 with classifier null to /Locato-constants/target/classes
2026-07-28 07:27:20,031 [Worker-2: Loading available Gradle versions] INFO  o.e.b.c.i.u.g.PublishedGradleVersions - Gradle version information cache is out-of-date. Trying to update.
2026-07-28 07:27:37,991 [Worker-5: Updating Maven Dependencies] INFO  o.e.m.c.i.l.LifecycleMappingFactory - Using org.eclipse.m2e.jdt.JarLifecycleMapping lifecycle mapping for MavenProject: com.whoami:gateway:0.0.1-SNAPSHOT @ C:\Users\user\Desktop\locato\Gateway\pom.xml.
2026-07-28 07:27:39,684 [Worker-5: Updating Maven Dependencies] INFO  o.e.m.c.i.p.WorkspaceClassifierResolverManager - Resolving P/Locato-constants: com.locato:locato-constants:1.0.0 with classifier  to /Locato-constants/target/classes
2026-07-28 07:27:39,868 [Worker-5: Updating Maven Dependencies] INFO  o.e.m.c.i.l.LifecycleMappingFactory - Using org.eclipse.m2e.jdt.JarLifecycleMapping lifecycle mapping for MavenProject: com.whoami:notification-service:1.0.0 @ C:\Users\user\Desktop\locato\Notification-Service\pom.xml.
2026-07-28 07:27:44,885 [Worker-5: Updating Maven Dependencies] INFO  o.e.m.c.i.p.WorkspaceClassifierResolverManager - Resolving P/Locato-constants: com.locato:locato-constants:1.0.0 with classifier  to /Locato-constants/target/classes
2026-07-28 07:27:45,254 [Worker-5: Updating Maven Dependencies] INFO  o.e.m.c.i.l.LifecycleMappingFactory - Using org.eclipse.m2e.jdt.JarLifecycleMapping lifecycle mapping for MavenProject: com.whoami:shop-service:1.0.0 @ C:\Users\user\Desktop\locato\shop-service\pom.xml.
2026-07-28 07:27:45,407 [Worker-5: Updating Maven Dependencies] INFO  o.e.m.c.i.p.WorkspaceClassifierResolverManager - Resolving P/Locato-constants: com.locato:locato-constants:1.0.0 with classifier  to /Locato-constants/target/classes
2026-07-28 07:27:45,525 [Worker-5: Updating Maven Dependencies] INFO  o.e.m.c.i.l.LifecycleMappingFactory - Using org.eclipse.m2e.jdt.JarLifecycleMapping lifecycle mapping for MavenProject: com.whoami:userRegistry:1.0.0 @ C:\Users\user\Desktop\locato\userRegistry\pom.xml.
2026-07-28 07:27:45,756 [Worker-5: Updating Maven Dependencies] INFO  o.e.m.c.i.p.WorkspaceClassifierResolverManager - Resolving P/Locato-constants: com.locato:locato-constants:1.0.0 with classifier  to /Locato-constants/target/classes
2026-07-28 07:27:45,934 [Worker-5: Updating Maven Dependencies] INFO  o.e.m.c.i.l.LifecycleMappingFactory - Using org.eclipse.m2e.jdt.JarLifecycleMapping lifecycle mapping for MavenProject: com.whoami:SuperUser:1.0.0 @ C:\Users\user\Desktop\locato\SuperUSer\pom.xml.
2026-07-28 07:27:46,152 [Worker-5: Updating Maven Dependencies] INFO  o.e.m.c.i.p.WorkspaceClassifierResolverManager - Resolving P/Locato-constants: com.locato:locato-constants:1.0.0 with classifier  to /Locato-constants/target/classes
2026-07-28 07:27:46,316 [Worker-5: Updating Maven Dependencies] INFO  o.e.m.c.i.l.LifecycleMappingFactory - Using org.eclipse.m2e.jdt.JarLifecycleMapping lifecycle mapping for MavenProject: com.whoami:OrderService:1.0.0 @ C:\Users\user\Desktop\locato\OrderService\pom.xml.
2026-07-28 07:27:46,513 [Worker-5: Updating Maven Dependencies] INFO  o.e.m.c.i.p.WorkspaceClassifierResolverManager - Resolving P/Locato-constants: com.locato:locato-constants:1.0.0 with classifier  to /Locato-constants/target/classes
2026-07-28 07:27:47,068 [Worker-5: Updating Maven Dependencies] INFO  o.e.m.c.i.l.LifecycleMappingFactory - Using org.eclipse.m2e.jdt.JarLifecycleMapping lifecycle mapping for MavenProject: com.whoami:service-registry:0.0.1-SNAPSHOT @ C:\Users\user\Downloads\Locato-Service-Regestiry-main\pom.xml.
2026-07-28 07:27:48,217 [Worker-5: Updating Maven Dependencies] INFO  o.e.m.c.i.l.LifecycleMappingFactory - Using org.eclipse.m2e.jdt.JarLifecycleMapping lifecycle mapping for MavenProject: com.whoami:Servicechat:1.0.0 @ C:\Users\user\Desktop\locato\Servicechat\pom.xml.
2026-07-28 07:27:48,266 [Worker-5: Updating Maven Dependencies] INFO  o.e.m.c.i.p.WorkspaceClassifierResolverManager - Resolving P/Locato-constants: com.locato:locato-constants:1.0.0 with classifier  to /Locato-constants/target/classes
2026-07-28 07:27:48,491 [Worker-5: Updating Maven Dependencies] INFO  o.e.m.c.i.l.LifecycleMappingFactory - Using org.eclipse.m2e.jdt.JarLifecycleMapping lifecycle mapping for MavenProject: com.locato:locato-constants:1.0.0 @ C:\Users\user\Desktop\locato\Locato-constants\pom.xml.
2026-07-28 07:27:48,643 [Worker-5: Updating Maven Dependencies] INFO  o.e.m.c.i.l.LifecycleMappingFactory - Using org.eclipse.m2e.jdt.JarLifecycleMapping lifecycle mapping for MavenProject: com.whoami:gateway:0.0.1-SNAPSHOT @ C:\Users\user\Desktop\locato\Gateway\pom.xml.
2026-07-28 07:27:48,996 [Worker-5: Updating Maven Dependencies] INFO  o.e.m.c.i.p.WorkspaceClassifierResolverManager - Resolving P/Locato-constants: com.locato:locato-constants:1.0.0 with classifier  to /Locato-constants/target/classes
2026-07-28 07:27:49,211 [Worker-5: Updating Maven Dependencies] INFO  o.e.m.c.i.l.LifecycleMappingFactory - Using org.eclipse.m2e.jdt.JarLifecycleMapping lifecycle mapping for MavenProject: com.whoami:notification-service:1.0.0 @ C:\Users\user\Desktop\locato\Notification-Service\pom.xml.
2026-07-28 07:27:49,385 [Worker-5: Updating Maven Dependencies] INFO  o.e.m.c.i.p.WorkspaceClassifierResolverManager - Resolving P/Locato-constants: com.locato:locato-constants:1.0.0 with classifier  to /Locato-constants/target/classes
2026-07-28 07:27:49,650 [Worker-5: Updating Maven Dependencies] INFO  o.e.m.c.i.l.LifecycleMappingFactory - Using org.eclipse.m2e.jdt.JarLifecycleMapping lifecycle mapping for MavenProject: com.whoami:shop-service:1.0.0 @ C:\Users\user\Desktop\locato\shop-service\pom.xml.
2026-07-28 07:27:49,766 [Worker-5: Updating Maven Dependencies] INFO  o.e.m.c.i.p.WorkspaceClassifierResolverManager - Resolving P/Locato-constants: com.locato:locato-constants:1.0.0 with classifier  to /Locato-constants/target/classes
2026-07-28 07:27:49,880 [Worker-5: Updating Maven Dependencies] INFO  o.e.m.c.i.l.LifecycleMappingFactory - Using org.eclipse.m2e.jdt.JarLifecycleMapping lifecycle mapping for MavenProject: com.whoami:userRegistry:1.0.0 @ C:\Users\user\Desktop\locato\userRegistry\pom.xml.
2026-07-28 07:27:50,026 [Worker-5: Updating Maven Dependencies] INFO  o.e.m.c.i.p.WorkspaceClassifierResolverManager - Resolving P/Locato-constants: com.locato:locato-constants:1.0.0 with classifier  to /Locato-constants/target/classes
2026-07-28 07:27:50,115 [Worker-5: Updating Maven Dependencies] INFO  o.e.m.c.i.l.LifecycleMappingFactory - Using org.eclipse.m2e.jdt.JarLifecycleMapping lifecycle mapping for MavenProject: com.whoami:SuperUser:1.0.0 @ C:\Users\user\Desktop\locato\SuperUSer\pom.xml.
2026-07-28 07:27:50,251 [Worker-5: Updating Maven Dependencies] INFO  o.e.m.c.i.p.WorkspaceClassifierResolverManager - Resolving P/Locato-constants: com.locato:locato-constants:1.0.0 with classifier  to /Locato-constants/target/classes
2026-07-28 07:27:50,348 [Worker-5: Updating Maven Dependencies] INFO  o.e.m.c.i.l.LifecycleMappingFactory - Using org.eclipse.m2e.jdt.JarLifecycleMapping lifecycle mapping for MavenProject: com.whoami:OrderService:1.0.0 @ C:\Users\user\Desktop\locato\OrderService\pom.xml.
2026-07-28 07:27:50,470 [Worker-5: Updating Maven Dependencies] INFO  o.e.m.c.i.p.WorkspaceClassifierResolverManager - Resolving P/Locato-constants: com.locato:locato-constants:1.0.0 with classifier  to /Locato-constants/target/classes
2026-07-28 07:27:50,612 [Worker-5: Updating Maven Dependencies] INFO  o.e.m.c.i.l.LifecycleMappingFactory - Using org.eclipse.m2e.jdt.JarLifecycleMapping lifecycle mapping for MavenProject: com.whoami:Servicechat:1.0.0 @ C:\Users\user\Desktop\locato\Servicechat\pom.xml.
2026-07-28 07:27:50,718 [Worker-5: Updating Maven Dependencies] INFO  o.e.m.c.i.p.WorkspaceClassifierResolverManager - Resolving P/Locato-constants: com.locato:locato-constants:1.0.0 with classifier  to /Locato-constants/target/classes
2026-07-28 07:30:58,425 [Worker-13: Launching Servicechat - ServicechatApplication] INFO  o.e.m.c.i.p.WorkspaceClassifierResolverManager - Resolving P/Locato-constants: com.locato:locato-constants:1.0.0 with classifier null to /Locato-constants/target/classes
2026-07-28 07:30:58,930 [Worker-13: Launching Servicechat - ServicechatApplication] INFO  o.e.m.c.i.p.WorkspaceClassifierResolverManager - Resolving P/Locato-constants: com.locato:locato-constants:1.0.0 with classifier null to /Locato-constants/target/classes
2026-07-28 07:30:59,372 [Worker-13: Launching Servicechat - ServicechatApplication] INFO  o.e.m.c.i.p.WorkspaceClassifierResolverManager - Resolving P/Locato-constants: com.locato:locato-constants:1.0.0 with classifier null to /Locato-constants/target/classes
2026-07-28 07:32:10,226 [Worker-6: Launching Servicechat - ServicechatApplication] INFO  o.e.m.c.i.p.WorkspaceClassifierResolverManager - Resolving P/Locato-constants: com.locato:locato-constants:1.0.0 with classifier null to /Locato-constants/target/classes
2026-07-28 07:32:10,676 [Worker-6: Launching Servicechat - ServicechatApplication] INFO  o.e.m.c.i.p.WorkspaceClassifierResolverManager - Resolving P/Locato-constants: com.locato:locato-constants:1.0.0 with classifier null to /Locato-constants/target/classes
2026-07-28 07:32:11,102 [Worker-6: Launching Servicechat - ServicechatApplication] INFO  o.e.m.c.i.p.WorkspaceClassifierResolverManager - Resolving P/Locato-constants: com.locato:locato-constants:1.0.0 with classifier null to /Locato-constants/target/classes
2026-07-28 07:32:50,321 [Worker-14: Launching SuperUSer - SuperUSerApplication] INFO  o.a.m.s.f.DefaultMavenResourcesFiltering - Copying 2 resources from src\main\resources to target\classes
2026-07-28 07:32:50,335 [Worker-14: Launching SuperUSer - SuperUSerApplication] INFO  o.a.m.s.f.DefaultMavenResourcesFiltering - skip non existing resourceDirectory C:\Users\user\Desktop\locato\SuperUSer\src\test\resources
2026-07-28 07:32:50,700 [Worker-14: Launching SuperUSer - SuperUSerApplication] WARN  o.apache.maven.project.MavenProject - Plugin is modifying compileSourceRoots through clear(), which will not work in Maven 4.0.0. Use MavenProject.addCompileSourceRoot()/removeCompileSourceRoot() methods instead. If using a plugin, please upgrade to the latest version or report the issue to the plugin maintainer. To disable these warnings, set -Dmaven.project.sourceRoots.warningsDisabled=true on the command line, in the .mvn/maven.config file, or in project POM properties.
2026-07-28 07:32:50,701 [Worker-14: Launching SuperUSer - SuperUSerApplication] WARN  o.apache.maven.project.MavenProject - Plugin is modifying compileSourceRoots through add(), which will not work in Maven 4.0.0. Use MavenProject.addCompileSourceRoot()/removeCompileSourceRoot() methods instead. If using a plugin, please upgrade to the latest version or report the issue to the plugin maintainer. To disable these warnings, set -Dmaven.project.sourceRoots.warningsDisabled=true on the command line, in the .mvn/maven.config file, or in project POM properties.
2026-07-28 07:32:50,702 [Worker-14: Launching SuperUSer - SuperUSerApplication] WARN  o.apache.maven.project.MavenProject - Plugin is modifying testCompileSourceRoots through clear(), which will not work in Maven 4.0.0. Use MavenProject.addTestCompileSourceRoot()/removeTestCompileSourceRoot() methods instead. If using a plugin, please upgrade to the latest version or report the issue to the plugin maintainer. To disable these warnings, set -Dmaven.project.sourceRoots.warningsDisabled=true on the command line, in the .mvn/maven.config file, or in project POM properties.
2026-07-28 07:32:50,705 [Worker-14: Launching SuperUSer - SuperUSerApplication] WARN  o.apache.maven.project.MavenProject - Plugin is modifying testCompileSourceRoots through add(), which will not work in Maven 4.0.0. Use MavenProject.addTestCompileSourceRoot()/removeTestCompileSourceRoot() methods instead. If using a plugin, please upgrade to the latest version or report the issue to the plugin maintainer. To disable these warnings, set -Dmaven.project.sourceRoots.warningsDisabled=true on the command line, in the .mvn/maven.config file, or in project POM properties.
2026-07-28 07:32:51,488 [Worker-14: Launching SuperUSer - SuperUSerApplication] INFO  o.e.m.c.i.p.WorkspaceClassifierResolverManager - Resolving P/Locato-constants: com.locato:locato-constants:1.0.0 with classifier null to /Locato-constants/target/classes
2026-07-28 07:32:52,142 [Worker-14: Launching SuperUSer - SuperUSerApplication] INFO  o.e.m.c.i.p.WorkspaceClassifierResolverManager - Resolving P/Locato-constants: com.locato:locato-constants:1.0.0 with classifier null to /Locato-constants/target/classes
2026-07-28 07:32:52,715 [Worker-14: Launching SuperUSer - SuperUSerApplication] INFO  o.e.m.c.i.p.WorkspaceClassifierResolverManager - Resolving P/Locato-constants: com.locato:locato-constants:1.0.0 with classifier null to /Locato-constants/target/classes
2026-07-28 07:34:28,361 [Worker-15: Launching SuperUSer - SuperUSerApplication] INFO  o.a.m.s.f.DefaultMavenResourcesFiltering - Copying 1 resource from src\main\resources to target\classes
2026-07-28 07:34:28,375 [Worker-15: Launching SuperUSer - SuperUSerApplication] INFO  o.a.m.s.f.DefaultMavenResourcesFiltering - skip non existing resourceDirectory C:\Users\user\Desktop\locato\SuperUSer\src\test\resources
2026-07-28 07:34:28,378 [Worker-15: Launching SuperUSer - SuperUSerApplication] WARN  o.apache.maven.project.MavenProject - Plugin is modifying compileSourceRoots through clear(), which will not work in Maven 4.0.0. Use MavenProject.addCompileSourceRoot()/removeCompileSourceRoot() methods instead. If using a plugin, please upgrade to the latest version or report the issue to the plugin maintainer. To disable these warnings, set -Dmaven.project.sourceRoots.warningsDisabled=true on the command line, in the .mvn/maven.config file, or in project POM properties.
2026-07-28 07:34:28,399 [Worker-15: Launching SuperUSer - SuperUSerApplication] WARN  o.apache.maven.project.MavenProject - Plugin is modifying compileSourceRoots through add(), which will not work in Maven 4.0.0. Use MavenProject.addCompileSourceRoot()/removeCompileSourceRoot() methods instead. If using a plugin, please upgrade to the latest version or report the issue to the plugin maintainer. To disable these warnings, set -Dmaven.project.sourceRoots.warningsDisabled=true on the command line, in the .mvn/maven.config file, or in project POM properties.
2026-07-28 07:34:28,400 [Worker-15: Launching SuperUSer - SuperUSerApplication] WARN  o.apache.maven.project.MavenProject - Plugin is modifying testCompileSourceRoots through clear(), which will not work in Maven 4.0.0. Use MavenProject.addTestCompileSourceRoot()/removeTestCompileSourceRoot() methods instead. If using a plugin, please upgrade to the latest version or report the issue to the plugin maintainer. To disable these warnings, set -Dmaven.project.sourceRoots.warningsDisabled=true on the command line, in the .mvn/maven.config file, or in project POM properties.
2026-07-28 07:34:28,401 [Worker-15: Launching SuperUSer - SuperUSerApplication] WARN  o.apache.maven.project.MavenProject - Plugin is modifying testCompileSourceRoots through add(), which will not work in Maven 4.0.0. Use MavenProject.addTestCompileSourceRoot()/removeTestCompileSourceRoot() methods instead. If using a plugin, please upgrade to the latest version or report the issue to the plugin maintainer. To disable these warnings, set -Dmaven.project.sourceRoots.warningsDisabled=true on the command line, in the .mvn/maven.config file, or in project POM properties.
2026-07-28 07:34:29,232 [Worker-15: Launching SuperUSer - SuperUSerApplication] INFO  o.e.m.c.i.p.WorkspaceClassifierResolverManager - Resolving P/Locato-constants: com.locato:locato-constants:1.0.0 with classifier null to /Locato-constants/target/classes
2026-07-28 07:34:29,715 [Worker-15: Launching SuperUSer - SuperUSerApplication] INFO  o.e.m.c.i.p.WorkspaceClassifierResolverManager - Resolving P/Locato-constants: com.locato:locato-constants:1.0.0 with classifier null to /Locato-constants/target/classes
2026-07-28 07:34:30,142 [Worker-15: Launching SuperUSer - SuperUSerApplication] INFO  o.e.m.c.i.p.WorkspaceClassifierResolverManager - Resolving P/Locato-constants: com.locato:locato-constants:1.0.0 with classifier null to /Locato-constants/target/classes
2026-07-28 07:34:58,461 [Worker-18: Launching Notification-Service - NotificationServiceApplication] INFO  o.a.m.s.f.DefaultMavenResourcesFiltering - Copying 3 resources from src\main\resources to target\classes
2026-07-28 07:34:58,478 [Worker-18: Launching Notification-Service - NotificationServiceApplication] INFO  o.a.m.s.f.DefaultMavenResourcesFiltering - skip non existing resourceDirectory C:\Users\user\Desktop\locato\Notification-Service\src\test\resources
2026-07-28 07:34:58,545 [Worker-18: Launching Notification-Service - NotificationServiceApplication] WARN  o.apache.maven.project.MavenProject - Plugin is modifying compileSourceRoots through clear(), which will not work in Maven 4.0.0. Use MavenProject.addCompileSourceRoot()/removeCompileSourceRoot() methods instead. If using a plugin, please upgrade to the latest version or report the issue to the plugin maintainer. To disable these warnings, set -Dmaven.project.sourceRoots.warningsDisabled=true on the command line, in the .mvn/maven.config file, or in project POM properties.
2026-07-28 07:34:58,546 [Worker-18: Launching Notification-Service - NotificationServiceApplication] WARN  o.apache.maven.project.MavenProject - Plugin is modifying compileSourceRoots through add(), which will not work in Maven 4.0.0. Use MavenProject.addCompileSourceRoot()/removeCompileSourceRoot() methods instead. If using a plugin, please upgrade to the latest version or report the issue to the plugin maintainer. To disable these warnings, set -Dmaven.project.sourceRoots.warningsDisabled=true on the command line, in the .mvn/maven.config file, or in project POM properties.
2026-07-28 07:34:58,547 [Worker-18: Launching Notification-Service - NotificationServiceApplication] WARN  o.apache.maven.project.MavenProject - Plugin is modifying testCompileSourceRoots through clear(), which will not work in Maven 4.0.0. Use MavenProject.addTestCompileSourceRoot()/removeTestCompileSourceRoot() methods instead. If using a plugin, please upgrade to the latest version or report the issue to the plugin maintainer. To disable these warnings, set -Dmaven.project.sourceRoots.warningsDisabled=true on the command line, in the .mvn/maven.config file, or in project POM properties.
2026-07-28 07:34:58,547 [Worker-18: Launching Notification-Service - NotificationServiceApplication] WARN  o.apache.maven.project.MavenProject - Plugin is modifying testCompileSourceRoots through add(), which will not work in Maven 4.0.0. Use MavenProject.addTestCompileSourceRoot()/removeTestCompileSourceRoot() methods instead. If using a plugin, please upgrade to the latest version or report the issue to the plugin maintainer. To disable these warnings, set -Dmaven.project.sourceRoots.warningsDisabled=true on the command line, in the .mvn/maven.config file, or in project POM properties.
2026-07-28 07:34:59,591 [Worker-18: Launching Notification-Service - NotificationServiceApplication] INFO  o.e.m.c.i.p.WorkspaceClassifierResolverManager - Resolving P/Locato-constants: com.locato:locato-constants:1.0.0 with classifier null to /Locato-constants/target/classes
2026-07-28 07:35:00,365 [Worker-18: Launching Notification-Service - NotificationServiceApplication] INFO  o.e.m.c.i.p.WorkspaceClassifierResolverManager - Resolving P/Locato-constants: com.locato:locato-constants:1.0.0 with classifier null to /Locato-constants/target/classes
2026-07-28 07:35:01,189 [Worker-18: Launching Notification-Service - NotificationServiceApplication] INFO  o.e.m.c.i.p.WorkspaceClassifierResolverManager - Resolving P/Locato-constants: com.locato:locato-constants:1.0.0 with classifier null to /Locato-constants/target/classes
2026-07-28 07:36:16,540 [Worker-19: Launching Notification-Service - NotificationServiceApplication] INFO  o.a.m.s.f.DefaultMavenResourcesFiltering - Copying 1 resource from src\main\resources to target\classes
2026-07-28 07:36:16,547 [Worker-19: Launching Notification-Service - NotificationServiceApplication] INFO  o.a.m.s.f.DefaultMavenResourcesFiltering - skip non existing resourceDirectory C:\Users\user\Desktop\locato\Notification-Service\src\test\resources
2026-07-28 07:36:16,550 [Worker-19: Launching Notification-Service - NotificationServiceApplication] WARN  o.apache.maven.project.MavenProject - Plugin is modifying compileSourceRoots through clear(), which will not work in Maven 4.0.0. Use MavenProject.addCompileSourceRoot()/removeCompileSourceRoot() methods instead. If using a plugin, please upgrade to the latest version or report the issue to the plugin maintainer. To disable these warnings, set -Dmaven.project.sourceRoots.warningsDisabled=true on the command line, in the .mvn/maven.config file, or in project POM properties.
2026-07-28 07:36:16,552 [Worker-19: Launching Notification-Service - NotificationServiceApplication] WARN  o.apache.maven.project.MavenProject - Plugin is modifying compileSourceRoots through add(), which will not work in Maven 4.0.0. Use MavenProject.addCompileSourceRoot()/removeCompileSourceRoot() methods instead. If using a plugin, please upgrade to the latest version or report the issue to the plugin maintainer. To disable these warnings, set -Dmaven.project.sourceRoots.warningsDisabled=true on the command line, in the .mvn/maven.config file, or in project POM properties.
2026-07-28 07:36:16,552 [Worker-19: Launching Notification-Service - NotificationServiceApplication] WARN  o.apache.maven.project.MavenProject - Plugin is modifying testCompileSourceRoots through clear(), which will not work in Maven 4.0.0. Use MavenProject.addTestCompileSourceRoot()/removeTestCompileSourceRoot() methods instead. If using a plugin, please upgrade to the latest version or report the issue to the plugin maintainer. To disable these warnings, set -Dmaven.project.sourceRoots.warningsDisabled=true on the command line, in the .mvn/maven.config file, or in project POM properties.
2026-07-28 07:36:16,553 [Worker-19: Launching Notification-Service - NotificationServiceApplication] WARN  o.apache.maven.project.MavenProject - Plugin is modifying testCompileSourceRoots through add(), which will not work in Maven 4.0.0. Use MavenProject.addTestCompileSourceRoot()/removeTestCompileSourceRoot() methods instead. If using a plugin, please upgrade to the latest version or report the issue to the plugin maintainer. To disable these warnings, set -Dmaven.project.sourceRoots.warningsDisabled=true on the command line, in the .mvn/maven.config file, or in project POM properties.
2026-07-28 07:36:17,526 [Worker-19: Launching Notification-Service - NotificationServiceApplication] INFO  o.e.m.c.i.p.WorkspaceClassifierResolverManager - Resolving P/Locato-constants: com.locato:locato-constants:1.0.0 with classifier null to /Locato-constants/target/classes
2026-07-28 07:36:18,264 [Worker-19: Launching Notification-Service - NotificationServiceApplication] INFO  o.e.m.c.i.p.WorkspaceClassifierResolverManager - Resolving P/Locato-constants: com.locato:locato-constants:1.0.0 with classifier null to /Locato-constants/target/classes
2026-07-28 07:36:19,001 [Worker-19: Launching Notification-Service - NotificationServiceApplication] INFO  o.e.m.c.i.p.WorkspaceClassifierResolverManager - Resolving P/Locato-constants: com.locato:locato-constants:1.0.0 with classifier null to /Locato-constants/target/classes
2026-07-28 07:58:14,535 [Worker-0: Loading available Gradle versions] INFO  o.e.b.c.i.u.g.PublishedGradleVersions - Gradle version information cache is up-to-date. Trying to read.
2026-07-28 08:00:56,764 [Worker-9: Launching Downloads_Locato-Service-Regestiry-main - ServiceRegisteryApplication] INFO  o.a.m.s.f.DefaultMavenResourcesFiltering - Copying 1 resource from src\main\resources to target\classes
2026-07-28 08:00:56,796 [Worker-9: Launching Downloads_Locato-Service-Regestiry-main - ServiceRegisteryApplication] INFO  o.a.m.s.f.DefaultMavenResourcesFiltering - Copying 0 resource from src\main\resources to target\classes
2026-07-28 08:00:56,802 [Worker-9: Launching Downloads_Locato-Service-Regestiry-main - ServiceRegisteryApplication] INFO  o.a.m.s.f.DefaultMavenResourcesFiltering - skip non existing resourceDirectory C:\Users\user\Downloads\Locato-Service-Regestiry-main\src\test\resources
2026-07-28 08:00:57,139 [Worker-9: Launching Downloads_Locato-Service-Regestiry-main - ServiceRegisteryApplication] WARN  o.apache.maven.project.MavenProject - Plugin is modifying compileSourceRoots through clear(), which will not work in Maven 4.0.0. Use MavenProject.addCompileSourceRoot()/removeCompileSourceRoot() methods instead. If using a plugin, please upgrade to the latest version or report the issue to the plugin maintainer. To disable these warnings, set -Dmaven.project.sourceRoots.warningsDisabled=true on the command line, in the .mvn/maven.config file, or in project POM properties.
2026-07-28 08:00:57,141 [Worker-9: Launching Downloads_Locato-Service-Regestiry-main - ServiceRegisteryApplication] WARN  o.apache.maven.project.MavenProject - Plugin is modifying compileSourceRoots through add(), which will not work in Maven 4.0.0. Use MavenProject.addCompileSourceRoot()/removeCompileSourceRoot() methods instead. If using a plugin, please upgrade to the latest version or report the issue to the plugin maintainer. To disable these warnings, set -Dmaven.project.sourceRoots.warningsDisabled=true on the command line, in the .mvn/maven.config file, or in project POM properties.
2026-07-28 08:00:57,141 [Worker-9: Launching Downloads_Locato-Service-Regestiry-main - ServiceRegisteryApplication] WARN  o.apache.maven.project.MavenProject - Plugin is modifying testCompileSourceRoots through clear(), which will not work in Maven 4.0.0. Use MavenProject.addTestCompileSourceRoot()/removeTestCompileSourceRoot() methods instead. If using a plugin, please upgrade to the latest version or report the issue to the plugin maintainer. To disable these warnings, set -Dmaven.project.sourceRoots.warningsDisabled=true on the command line, in the .mvn/maven.config file, or in project POM properties.
2026-07-28 08:00:57,142 [Worker-9: Launching Downloads_Locato-Service-Regestiry-main - ServiceRegisteryApplication] WARN  o.apache.maven.project.MavenProject - Plugin is modifying testCompileSourceRoots through add(), which will not work in Maven 4.0.0. Use MavenProject.addTestCompileSourceRoot()/removeTestCompileSourceRoot() methods instead. If using a plugin, please upgrade to the latest version or report the issue to the plugin maintainer. To disable these warnings, set -Dmaven.project.sourceRoots.warningsDisabled=true on the command line, in the .mvn/maven.config file, or in project POM properties.
2026-07-28 08:24:13,875 [Worker-1: Loading available Gradle versions] INFO  o.e.b.c.i.u.g.PublishedGradleVersions - Gradle version information cache is up-to-date. Trying to read.
2026-07-28 08:25:36,206 [Worker-0: Check for devtools] INFO  o.e.m.c.i.p.WorkspaceClassifierResolverManager - Resolving P/Locato-constants: com.locato:locato-constants:1.0.0 with classifier  to /Locato-constants/target/classes
2026-07-28 09:19:55,127 [Worker-20: Check for devtools] INFO  o.e.m.c.i.p.WorkspaceClassifierResolverManager - Resolving P/Locato-constants: com.locato:locato-constants:1.0.0 with classifier  to /Locato-constants/target/classes
2026-07-28 09:19:59,504 [Worker-17: Launching shop-service - ShopServiceApplication] INFO  o.a.m.s.f.DefaultMavenResourcesFiltering - Copying 1 resource from src\main\resources to target\classes
2026-07-28 09:19:59,516 [Worker-17: Launching shop-service - ShopServiceApplication] INFO  o.a.m.s.f.DefaultMavenResourcesFiltering - skip non existing resourceDirectory C:\Users\user\Desktop\locato\Locato-constants\src\test\resources
2026-07-28 09:19:59,993 [Worker-17: Launching shop-service - ShopServiceApplication] WARN  o.apache.maven.project.MavenProject - Plugin is modifying compileSourceRoots through clear(), which will not work in Maven 4.0.0. Use MavenProject.addCompileSourceRoot()/removeCompileSourceRoot() methods instead. If using a plugin, please upgrade to the latest version or report the issue to the plugin maintainer. To disable these warnings, set -Dmaven.project.sourceRoots.warningsDisabled=true on the command line, in the .mvn/maven.config file, or in project POM properties.
2026-07-28 09:19:59,994 [Worker-17: Launching shop-service - ShopServiceApplication] WARN  o.apache.maven.project.MavenProject - Plugin is modifying compileSourceRoots through add(), which will not work in Maven 4.0.0. Use MavenProject.addCompileSourceRoot()/removeCompileSourceRoot() methods instead. If using a plugin, please upgrade to the latest version or report the issue to the plugin maintainer. To disable these warnings, set -Dmaven.project.sourceRoots.warningsDisabled=true on the command line, in the .mvn/maven.config file, or in project POM properties.
2026-07-28 09:19:59,994 [Worker-17: Launching shop-service - ShopServiceApplication] WARN  o.apache.maven.project.MavenProject - Plugin is modifying testCompileSourceRoots through clear(), which will not work in Maven 4.0.0. Use MavenProject.addTestCompileSourceRoot()/removeTestCompileSourceRoot() methods instead. If using a plugin, please upgrade to the latest version or report the issue to the plugin maintainer. To disable these warnings, set -Dmaven.project.sourceRoots.warningsDisabled=true on the command line, in the .mvn/maven.config file, or in project POM properties.
2026-07-28 09:19:59,995 [Worker-17: Launching shop-service - ShopServiceApplication] WARN  o.apache.maven.project.MavenProject - Plugin is modifying testCompileSourceRoots through add(), which will not work in Maven 4.0.0. Use MavenProject.addTestCompileSourceRoot()/removeTestCompileSourceRoot() methods instead. If using a plugin, please upgrade to the latest version or report the issue to the plugin maintainer. To disable these warnings, set -Dmaven.project.sourceRoots.warningsDisabled=true on the command line, in the .mvn/maven.config file, or in project POM properties.
2026-07-28 09:20:03,183 [Worker-17: Launching shop-service - ShopServiceApplication] INFO  o.a.m.s.f.DefaultMavenResourcesFiltering - Copying 2 resources from src\main\resources to target\classes
2026-07-28 09:20:03,217 [Worker-17: Launching shop-service - ShopServiceApplication] INFO  o.a.m.s.f.DefaultMavenResourcesFiltering - Copying 0 resource from src\test\resources to target\test-classes
2026-07-28 09:20:03,329 [Worker-17: Launching shop-service - ShopServiceApplication] WARN  o.apache.maven.project.MavenProject - Plugin is modifying compileSourceRoots through clear(), which will not work in Maven 4.0.0. Use MavenProject.addCompileSourceRoot()/removeCompileSourceRoot() methods instead. If using a plugin, please upgrade to the latest version or report the issue to the plugin maintainer. To disable these warnings, set -Dmaven.project.sourceRoots.warningsDisabled=true on the command line, in the .mvn/maven.config file, or in project POM properties.
2026-07-28 09:20:03,330 [Worker-17: Launching shop-service - ShopServiceApplication] WARN  o.apache.maven.project.MavenProject - Plugin is modifying compileSourceRoots through add(), which will not work in Maven 4.0.0. Use MavenProject.addCompileSourceRoot()/removeCompileSourceRoot() methods instead. If using a plugin, please upgrade to the latest version or report the issue to the plugin maintainer. To disable these warnings, set -Dmaven.project.sourceRoots.warningsDisabled=true on the command line, in the .mvn/maven.config file, or in project POM properties.
2026-07-28 09:20:03,331 [Worker-17: Launching shop-service - ShopServiceApplication] WARN  o.apache.maven.project.MavenProject - Plugin is modifying testCompileSourceRoots through clear(), which will not work in Maven 4.0.0. Use MavenProject.addTestCompileSourceRoot()/removeTestCompileSourceRoot() methods instead. If using a plugin, please upgrade to the latest version or report the issue to the plugin maintainer. To disable these warnings, set -Dmaven.project.sourceRoots.warningsDisabled=true on the command line, in the .mvn/maven.config file, or in project POM properties.
2026-07-28 09:20:03,332 [Worker-17: Launching shop-service - ShopServiceApplication] WARN  o.apache.maven.project.MavenProject - Plugin is modifying testCompileSourceRoots through add(), which will not work in Maven 4.0.0. Use MavenProject.addTestCompileSourceRoot()/removeTestCompileSourceRoot() methods instead. If using a plugin, please upgrade to the latest version or report the issue to the plugin maintainer. To disable these warnings, set -Dmaven.project.sourceRoots.warningsDisabled=true on the command line, in the .mvn/maven.config file, or in project POM properties.
2026-07-28 09:20:04,055 [Worker-17: Launching shop-service - ShopServiceApplication] INFO  o.e.m.c.i.p.WorkspaceClassifierResolverManager - Resolving P/Locato-constants: com.locato:locato-constants:1.0.0 with classifier null to /Locato-constants/target/classes
2026-07-28 09:20:04,540 [Worker-17: Launching shop-service - ShopServiceApplication] INFO  o.e.m.c.i.p.WorkspaceClassifierResolverManager - Resolving P/Locato-constants: com.locato:locato-constants:1.0.0 with classifier null to /Locato-constants/target/classes
2026-07-28 09:20:05,025 [Worker-17: Launching shop-service - ShopServiceApplication] INFO  o.e.m.c.i.p.WorkspaceClassifierResolverManager - Resolving P/Locato-constants: com.locato:locato-constants:1.0.0 with classifier null to /Locato-constants/target/classes
2026-07-28 09:26:40,575 [Worker-26: Launching shop-service - ShopServiceApplication] INFO  o.a.m.s.f.DefaultMavenResourcesFiltering - Copying 1 resource from src\main\resources to target\classes
2026-07-28 09:26:40,582 [Worker-26: Launching shop-service - ShopServiceApplication] INFO  o.a.m.s.f.DefaultMavenResourcesFiltering - Copying 0 resource from src\test\resources to target\test-classes
2026-07-28 09:26:40,583 [Worker-26: Launching shop-service - ShopServiceApplication] WARN  o.apache.maven.project.MavenProject - Plugin is modifying compileSourceRoots through clear(), which will not work in Maven 4.0.0. Use MavenProject.addCompileSourceRoot()/removeCompileSourceRoot() methods instead. If using a plugin, please upgrade to the latest version or report the issue to the plugin maintainer. To disable these warnings, set -Dmaven.project.sourceRoots.warningsDisabled=true on the command line, in the .mvn/maven.config file, or in project POM properties.
2026-07-28 09:26:40,584 [Worker-26: Launching shop-service - ShopServiceApplication] WARN  o.apache.maven.project.MavenProject - Plugin is modifying compileSourceRoots through add(), which will not work in Maven 4.0.0. Use MavenProject.addCompileSourceRoot()/removeCompileSourceRoot() methods instead. If using a plugin, please upgrade to the latest version or report the issue to the plugin maintainer. To disable these warnings, set -Dmaven.project.sourceRoots.warningsDisabled=true on the command line, in the .mvn/maven.config file, or in project POM properties.
2026-07-28 09:26:40,585 [Worker-26: Launching shop-service - ShopServiceApplication] WARN  o.apache.maven.project.MavenProject - Plugin is modifying testCompileSourceRoots through clear(), which will not work in Maven 4.0.0. Use MavenProject.addTestCompileSourceRoot()/removeTestCompileSourceRoot() methods instead. If using a plugin, please upgrade to the latest version or report the issue to the plugin maintainer. To disable these warnings, set -Dmaven.project.sourceRoots.warningsDisabled=true on the command line, in the .mvn/maven.config file, or in project POM properties.
2026-07-28 09:26:40,586 [Worker-26: Launching shop-service - ShopServiceApplication] WARN  o.apache.maven.project.MavenProject - Plugin is modifying testCompileSourceRoots through add(), which will not work in Maven 4.0.0. Use MavenProject.addTestCompileSourceRoot()/removeTestCompileSourceRoot() methods instead. If using a plugin, please upgrade to the latest version or report the issue to the plugin maintainer. To disable these warnings, set -Dmaven.project.sourceRoots.warningsDisabled=true on the command line, in the .mvn/maven.config file, or in project POM properties.
2026-07-28 09:26:41,158 [Worker-26: Launching shop-service - ShopServiceApplication] INFO  o.e.m.c.i.p.WorkspaceClassifierResolverManager - Resolving P/Locato-constants: com.locato:locato-constants:1.0.0 with classifier null to /Locato-constants/target/classes
2026-07-28 09:26:41,667 [Worker-26: Launching shop-service - ShopServiceApplication] INFO  o.e.m.c.i.p.WorkspaceClassifierResolverManager - Resolving P/Locato-constants: com.locato:locato-constants:1.0.0 with classifier null to /Locato-constants/target/classes
2026-07-28 09:26:42,081 [Worker-26: Launching shop-service - ShopServiceApplication] INFO  o.e.m.c.i.p.WorkspaceClassifierResolverManager - Resolving P/Locato-constants: com.locato:locato-constants:1.0.0 with classifier null to /Locato-constants/target/classes
2026-07-28 09:28:43,125 [Worker-28: Launching shop-service - ShopServiceApplication] INFO  o.e.m.c.i.p.WorkspaceClassifierResolverManager - Resolving P/Locato-constants: com.locato:locato-constants:1.0.0 with classifier null to /Locato-constants/target/classes
2026-07-28 09:28:43,510 [Worker-28: Launching shop-service - ShopServiceApplication] INFO  o.e.m.c.i.p.WorkspaceClassifierResolverManager - Resolving P/Locato-constants: com.locato:locato-constants:1.0.0 with classifier null to /Locato-constants/target/classes
2026-07-28 09:28:43,893 [Worker-28: Launching shop-service - ShopServiceApplication] INFO  o.e.m.c.i.p.WorkspaceClassifierResolverManager - Resolving P/Locato-constants: com.locato:locato-constants:1.0.0 with classifier null to /Locato-constants/target/classes
2026-07-28 09:29:51,418 [Worker-30: Updating Maven Project] INFO  o.e.m.c.i.p.ProjectConfigurationManager - Update started
2026-07-28 09:29:52,300 [Worker-30: Updating Maven Project] INFO  o.e.m.c.i.l.LifecycleMappingFactory - Using org.eclipse.m2e.jdt.JarLifecycleMapping lifecycle mapping for MavenProject: com.whoami:shop-service:1.0.0 @ C:\Users\user\Desktop\locato\shop-service\pom.xml.
2026-07-28 09:29:53,231 [Worker-30: Updating Maven Project] INFO  o.e.m.c.i.p.WorkspaceClassifierResolverManager - Resolving P/Locato-constants: com.locato:locato-constants:1.0.0 with classifier  to /Locato-constants/target/classes
2026-07-28 09:29:54,062 [Worker-30: Updating Maven Project] INFO  o.e.m.j.i.AbstractJavaProjectConfigurator - Adding source folder /shop-service/src/main/java
2026-07-28 09:29:54,065 [Worker-30: Updating Maven Project] INFO  o.e.m.j.i.AbstractJavaProjectConfigurator - Adding resource folder /shop-service/src/main/resources
2026-07-28 09:29:54,067 [Worker-30: Updating Maven Project] INFO  o.e.m.j.i.AbstractJavaProjectConfigurator - Adding source folder /shop-service/src/test/java
2026-07-28 09:29:54,068 [Worker-30: Updating Maven Project] INFO  o.e.m.j.i.AbstractJavaProjectConfigurator - Adding resource folder /shop-service/src/test/resources
2026-07-28 09:29:54,667 [Worker-30: Updating Maven Project] WARN  o.apache.maven.project.MavenProject - Plugin is modifying compileSourceRoots through clear(), which will not work in Maven 4.0.0. Use MavenProject.addCompileSourceRoot()/removeCompileSourceRoot() methods instead. If using a plugin, please upgrade to the latest version or report the issue to the plugin maintainer. To disable these warnings, set -Dmaven.project.sourceRoots.warningsDisabled=true on the command line, in the .mvn/maven.config file, or in project POM properties.
2026-07-28 09:29:54,668 [Worker-30: Updating Maven Project] WARN  o.apache.maven.project.MavenProject - Plugin is modifying compileSourceRoots through add(), which will not work in Maven 4.0.0. Use MavenProject.addCompileSourceRoot()/removeCompileSourceRoot() methods instead. If using a plugin, please upgrade to the latest version or report the issue to the plugin maintainer. To disable these warnings, set -Dmaven.project.sourceRoots.warningsDisabled=true on the command line, in the .mvn/maven.config file, or in project POM properties.
2026-07-28 09:29:54,669 [Worker-30: Updating Maven Project] WARN  o.apache.maven.project.MavenProject - Plugin is modifying testCompileSourceRoots through clear(), which will not work in Maven 4.0.0. Use MavenProject.addTestCompileSourceRoot()/removeTestCompileSourceRoot() methods instead. If using a plugin, please upgrade to the latest version or report the issue to the plugin maintainer. To disable these warnings, set -Dmaven.project.sourceRoots.warningsDisabled=true on the command line, in the .mvn/maven.config file, or in project POM properties.
2026-07-28 09:29:54,669 [Worker-30: Updating Maven Project] WARN  o.apache.maven.project.MavenProject - Plugin is modifying testCompileSourceRoots through add(), which will not work in Maven 4.0.0. Use MavenProject.addTestCompileSourceRoot()/removeTestCompileSourceRoot() methods instead. If using a plugin, please upgrade to the latest version or report the issue to the plugin maintainer. To disable these warnings, set -Dmaven.project.sourceRoots.warningsDisabled=true on the command line, in the .mvn/maven.config file, or in project POM properties.
2026-07-28 09:29:54,919 [Worker-30: Updating Maven Project] INFO  o.e.m.c.i.p.ProjectConfigurationManager - Update completed for 1 poms: local refresh takes 0.00 sec, refresh facades takes 2.00 sec, update config takes 0.00 sec 
2026-07-28 09:30:18,573 [Worker-22: Launching Executing clean in C__Users_user_Desktop_locato_shop-service] INFO  o.eclipse.m2e.core.internal.Bundles - getClasspathEntries(Bundle=org.eclipse.m2e.maven.runtime_3.9.1600.20260522-0510 [365])
2026-07-28 09:30:18,576 [Worker-22: Launching Executing clean in C__Users_user_Desktop_locato_shop-service] INFO  o.eclipse.m2e.core.internal.Bundles - 	Entry: C:\Users\user\Downloads\spring-tools-for-eclipse-5.2.0.RELEASE-e4.40.0-win32.win32.x86_64\sts-5.2.0.RELEASE\plugins\org.eclipse.m2e.maven.runtime_3.9.1600.20260522-0510
2026-07-28 09:30:18,576 [Worker-22: Launching Executing clean in C__Users_user_Desktop_locato_shop-service] INFO  o.eclipse.m2e.core.internal.Bundles - 	Entry: C:\Users\user\Downloads\spring-tools-for-eclipse-5.2.0.RELEASE-e4.40.0-win32.win32.x86_64\sts-5.2.0.RELEASE\plugins\org.eclipse.m2e.maven.runtime_3.9.1600.20260522-0510\jars\aopalliance-1.0.jar
2026-07-28 09:30:18,576 [Worker-22: Launching Executing clean in C__Users_user_Desktop_locato_shop-service] INFO  o.eclipse.m2e.core.internal.Bundles - 	Entry: C:\Users\user\Downloads\spring-tools-for-eclipse-5.2.0.RELEASE-e4.40.0-win32.win32.x86_64\sts-5.2.0.RELEASE\plugins\org.eclipse.m2e.maven.runtime_3.9.1600.20260522-0510\jars\asm-9.9.1.jar
2026-07-28 09:30:18,577 [Worker-22: Launching Executing clean in C__Users_user_Desktop_locato_shop-service] INFO  o.eclipse.m2e.core.internal.Bundles - 	Entry: C:\Users\user\Downloads\spring-tools-for-eclipse-5.2.0.RELEASE-e4.40.0-win32.win32.x86_64\sts-5.2.0.RELEASE\plugins\org.eclipse.m2e.maven.runtime_3.9.1600.20260522-0510\jars\error_prone_annotations-2.41.0.jar
2026-07-28 09:30:18,577 [Worker-22: Launching Executing clean in C__Users_user_Desktop_locato_shop-service] INFO  o.eclipse.m2e.core.internal.Bundles - 	Entry: C:\Users\user\Downloads\spring-tools-for-eclipse-5.2.0.RELEASE-e4.40.0-win32.win32.x86_64\sts-5.2.0.RELEASE\plugins\org.eclipse.m2e.maven.runtime_3.9.1600.20260522-0510\jars\gson-2.13.2.jar
2026-07-28 09:30:18,577 [Worker-22: Launching Executing clean in C__Users_user_Desktop_locato_shop-service] INFO  o.eclipse.m2e.core.internal.Bundles - 	Entry: C:\Users\user\Downloads\spring-tools-for-eclipse-5.2.0.RELEASE-e4.40.0-win32.win32.x86_64\sts-5.2.0.RELEASE\plugins\org.eclipse.m2e.maven.runtime_3.9.1600.20260522-0510\jars\guice-5.1.0-classes.jar
2026-07-28 09:30:18,577 [Worker-22: Launching Executing clean in C__Users_user_Desktop_locato_shop-service] INFO  o.eclipse.m2e.core.internal.Bundles - 	Entry: C:\Users\user\Downloads\spring-tools-for-eclipse-5.2.0.RELEASE-e4.40.0-win32.win32.x86_64\sts-5.2.0.RELEASE\plugins\org.eclipse.m2e.maven.runtime_3.9.1600.20260522-0510\jars\httpclient-4.5.14.jar
2026-07-28 09:30:18,577 [Worker-22: Launching Executing clean in C__Users_user_Desktop_locato_shop-service] INFO  o.eclipse.m2e.core.internal.Bundles - 	Entry: C:\Users\user\Downloads\spring-tools-for-eclipse-5.2.0.RELEASE-e4.40.0-win32.win32.x86_64\sts-5.2.0.RELEASE\plugins\org.eclipse.m2e.maven.runtime_3.9.1600.20260522-0510\jars\httpcore-4.4.16.jar
2026-07-28 09:30:18,578 [Worker-22: Launching Executing clean in C__Users_user_Desktop_locato_shop-service] INFO  o.eclipse.m2e.core.internal.Bundles - 	Entry: C:\Users\user\Downloads\spring-tools-for-eclipse-5.2.0.RELEASE-e4.40.0-win32.win32.x86_64\sts-5.2.0.RELEASE\plugins\org.eclipse.m2e.maven.runtime_3.9.1600.20260522-0510\jars\jansi-2.4.3.jar
2026-07-28 09:30:18,578 [Worker-22: Launching Executing clean in C__Users_user_Desktop_locato_shop-service] INFO  o.eclipse.m2e.core.internal.Bundles - 	Entry: C:\Users\user\Downloads\spring-tools-for-eclipse-5.2.0.RELEASE-e4.40.0-win32.win32.x86_64\sts-5.2.0.RELEASE\plugins\org.eclipse.m2e.maven.runtime_3.9.1600.20260522-0510\jars\jcl-over-slf4j-1.7.36.jar
2026-07-28 09:30:18,578 [Worker-22: Launching Executing clean in C__Users_user_Desktop_locato_shop-service] INFO  o.eclipse.m2e.core.internal.Bundles - 	Entry: C:\Users\user\Downloads\spring-tools-for-eclipse-5.2.0.RELEASE-e4.40.0-win32.win32.x86_64\sts-5.2.0.RELEASE\plugins\org.eclipse.m2e.maven.runtime_3.9.1600.20260522-0510\jars\maven-artifact-3.9.16.jar
2026-07-28 09:30:18,578 [Worker-22: Launching Executing clean in C__Users_user_Desktop_locato_shop-service] INFO  o.eclipse.m2e.core.internal.Bundles - 	Entry: C:\Users\user\Downloads\spring-tools-for-eclipse-5.2.0.RELEASE-e4.40.0-win32.win32.x86_64\sts-5.2.0.RELEASE\plugins\org.eclipse.m2e.maven.runtime_3.9.1600.20260522-0510\jars\maven-builder-support-3.9.16.jar
2026-07-28 09:30:18,578 [Worker-22: Launching Executing clean in C__Users_user_Desktop_locato_shop-service] INFO  o.eclipse.m2e.core.internal.Bundles - 	Entry: C:\Users\user\Downloads\spring-tools-for-eclipse-5.2.0.RELEASE-e4.40.0-win32.win32.x86_64\sts-5.2.0.RELEASE\plugins\org.eclipse.m2e.maven.runtime_3.9.1600.20260522-0510\jars\maven-compat-3.9.16.jar
2026-07-28 09:30:18,578 [Worker-22: Launching Executing clean in C__Users_user_Desktop_locato_shop-service] INFO  o.eclipse.m2e.core.internal.Bundles - 	Entry: C:\Users\user\Downloads\spring-tools-for-eclipse-5.2.0.RELEASE-e4.40.0-win32.win32.x86_64\sts-5.2.0.RELEASE\plugins\org.eclipse.m2e.maven.runtime_3.9.1600.20260522-0510\jars\maven-core-3.9.16.jar
2026-07-28 09:30:18,579 [Worker-22: Launching Executing clean in C__Users_user_Desktop_locato_shop-service] INFO  o.eclipse.m2e.core.internal.Bundles - 	Entry: C:\Users\user\Downloads\spring-tools-for-eclipse-5.2.0.RELEASE-e4.40.0-win32.win32.x86_64\sts-5.2.0.RELEASE\plugins\org.eclipse.m2e.maven.runtime_3.9.1600.20260522-0510\jars\maven-embedder-3.9.16.jar
2026-07-28 09:30:18,579 [Worker-22: Launching Executing clean in C__Users_user_Desktop_locato_shop-service] INFO  o.eclipse.m2e.core.internal.Bundles - 	Entry: C:\Users\user\Downloads\spring-tools-for-eclipse-5.2.0.RELEASE-e4.40.0-win32.win32.x86_64\sts-5.2.0.RELEASE\plugins\org.eclipse.m2e.maven.runtime_3.9.1600.20260522-0510\jars\maven-model-3.9.16.jar
2026-07-28 09:30:18,579 [Worker-22: Launching Executing clean in C__Users_user_Desktop_locato_shop-service] INFO  o.eclipse.m2e.core.internal.Bundles - 	Entry: C:\Users\user\Downloads\spring-tools-for-eclipse-5.2.0.RELEASE-e4.40.0-win32.win32.x86_64\sts-5.2.0.RELEASE\plugins\org.eclipse.m2e.maven.runtime_3.9.1600.20260522-0510\jars\maven-model-builder-3.9.16.jar
2026-07-28 09:30:18,579 [Worker-22: Launching Executing clean in C__Users_user_Desktop_locato_shop-service] INFO  o.eclipse.m2e.core.internal.Bundles - 	Entry: C:\Users\user\Downloads\spring-tools-for-eclipse-5.2.0.RELEASE-e4.40.0-win32.win32.x86_64\sts-5.2.0.RELEASE\plugins\org.eclipse.m2e.maven.runtime_3.9.1600.20260522-0510\jars\maven-plugin-api-3.9.16.jar
2026-07-28 09:30:18,580 [Worker-22: Launching Executing clean in C__Users_user_Desktop_locato_shop-service] INFO  o.eclipse.m2e.core.internal.Bundles - 	Entry: C:\Users\user\Downloads\spring-tools-for-eclipse-5.2.0.RELEASE-e4.40.0-win32.win32.x86_64\sts-5.2.0.RELEASE\plugins\org.eclipse.m2e.maven.runtime_3.9.1600.20260522-0510\jars\maven-repository-metadata-3.9.16.jar
2026-07-28 09:30:18,580 [Worker-22: Launching Executing clean in C__Users_user_Desktop_locato_shop-service] INFO  o.eclipse.m2e.core.internal.Bundles - 	Entry: C:\Users\user\Downloads\spring-tools-for-eclipse-5.2.0.RELEASE-e4.40.0-win32.win32.x86_64\sts-5.2.0.RELEASE\plugins\org.eclipse.m2e.maven.runtime_3.9.1600.20260522-0510\jars\maven-resolver-api-1.9.27.jar
2026-07-28 09:30:18,580 [Worker-22: Launching Executing clean in C__Users_user_Desktop_locato_shop-service] INFO  o.eclipse.m2e.core.internal.Bundles - 	Entry: C:\Users\user\Downloads\spring-tools-for-eclipse-5.2.0.RELEASE-e4.40.0-win32.win32.x86_64\sts-5.2.0.RELEASE\plugins\org.eclipse.m2e.maven.runtime_3.9.1600.20260522-0510\jars\maven-resolver-connector-basic-1.9.27.jar
2026-07-28 09:30:18,580 [Worker-22: Launching Executing clean in C__Users_user_Desktop_locato_shop-service] INFO  o.eclipse.m2e.core.internal.Bundles - 	Entry: C:\Users\user\Downloads\spring-tools-for-eclipse-5.2.0.RELEASE-e4.40.0-win32.win32.x86_64\sts-5.2.0.RELEASE\plugins\org.eclipse.m2e.maven.runtime_3.9.1600.20260522-0510\jars\maven-resolver-impl-1.9.27.jar
2026-07-28 09:30:18,581 [Worker-22: Launching Executing clean in C__Users_user_Desktop_locato_shop-service] INFO  o.eclipse.m2e.core.internal.Bundles - 	Entry: C:\Users\user\Downloads\spring-tools-for-eclipse-5.2.0.RELEASE-e4.40.0-win32.win32.x86_64\sts-5.2.0.RELEASE\plugins\org.eclipse.m2e.maven.runtime_3.9.1600.20260522-0510\jars\maven-resolver-named-locks-1.9.27.jar
2026-07-28 09:30:18,581 [Worker-22: Launching Executing clean in C__Users_user_Desktop_locato_shop-service] INFO  o.eclipse.m2e.core.internal.Bundles - 	Entry: C:\Users\user\Downloads\spring-tools-for-eclipse-5.2.0.RELEASE-e4.40.0-win32.win32.x86_64\sts-5.2.0.RELEASE\plugins\org.eclipse.m2e.maven.runtime_3.9.1600.20260522-0510\jars\maven-resolver-provider-3.9.16.jar
2026-07-28 09:30:18,581 [Worker-22: Launching Executing clean in C__Users_user_Desktop_locato_shop-service] INFO  o.eclipse.m2e.core.internal.Bundles - 	Entry: C:\Users\user\Downloads\spring-tools-for-eclipse-5.2.0.RELEASE-e4.40.0-win32.win32.x86_64\sts-5.2.0.RELEASE\plugins\org.eclipse.m2e.maven.runtime_3.9.1600.20260522-0510\jars\maven-resolver-spi-1.9.27.jar
2026-07-28 09:30:18,581 [Worker-22: Launching Executing clean in C__Users_user_Desktop_locato_shop-service] INFO  o.eclipse.m2e.core.internal.Bundles - 	Entry: C:\Users\user\Downloads\spring-tools-for-eclipse-5.2.0.RELEASE-e4.40.0-win32.win32.x86_64\sts-5.2.0.RELEASE\plugins\org.eclipse.m2e.maven.runtime_3.9.1600.20260522-0510\jars\maven-resolver-transport-file-1.9.27.jar
2026-07-28 09:30:18,581 [Worker-22: Launching Executing clean in C__Users_user_Desktop_locato_shop-service] INFO  o.eclipse.m2e.core.internal.Bundles - 	Entry: C:\Users\user\Downloads\spring-tools-for-eclipse-5.2.0.RELEASE-e4.40.0-win32.win32.x86_64\sts-5.2.0.RELEASE\plugins\org.eclipse.m2e.maven.runtime_3.9.1600.20260522-0510\jars\maven-resolver-transport-http-1.9.27.jar
2026-07-28 09:30:18,581 [Worker-22: Launching Executing clean in C__Users_user_Desktop_locato_shop-service] INFO  o.eclipse.m2e.core.internal.Bundles - 	Entry: C:\Users\user\Downloads\spring-tools-for-eclipse-5.2.0.RELEASE-e4.40.0-win32.win32.x86_64\sts-5.2.0.RELEASE\plugins\org.eclipse.m2e.maven.runtime_3.9.1600.20260522-0510\jars\maven-resolver-transport-wagon-1.9.27.jar
2026-07-28 09:30:18,582 [Worker-22: Launching Executing clean in C__Users_user_Desktop_locato_shop-service] INFO  o.eclipse.m2e.core.internal.Bundles - 	Entry: C:\Users\user\Downloads\spring-tools-for-eclipse-5.2.0.RELEASE-e4.40.0-win32.win32.x86_64\sts-5.2.0.RELEASE\plugins\org.eclipse.m2e.maven.runtime_3.9.1600.20260522-0510\jars\maven-resolver-util-1.9.27.jar
2026-07-28 09:30:18,582 [Worker-22: Launching Executing clean in C__Users_user_Desktop_locato_shop-service] INFO  o.eclipse.m2e.core.internal.Bundles - 	Entry: C:\Users\user\Downloads\spring-tools-for-eclipse-5.2.0.RELEASE-e4.40.0-win32.win32.x86_64\sts-5.2.0.RELEASE\plugins\org.eclipse.m2e.maven.runtime_3.9.1600.20260522-0510\jars\maven-settings-3.9.16.jar
2026-07-28 09:30:18,582 [Worker-22: Launching Executing clean in C__Users_user_Desktop_locato_shop-service] INFO  o.eclipse.m2e.core.internal.Bundles - 	Entry: C:\Users\user\Downloads\spring-tools-for-eclipse-5.2.0.RELEASE-e4.40.0-win32.win32.x86_64\sts-5.2.0.RELEASE\plugins\org.eclipse.m2e.maven.runtime_3.9.1600.20260522-0510\jars\maven-settings-builder-3.9.16.jar
2026-07-28 09:30:18,582 [Worker-22: Launching Executing clean in C__Users_user_Desktop_locato_shop-service] INFO  o.eclipse.m2e.core.internal.Bundles - 	Entry: C:\Users\user\Downloads\spring-tools-for-eclipse-5.2.0.RELEASE-e4.40.0-win32.win32.x86_64\sts-5.2.0.RELEASE\plugins\org.eclipse.m2e.maven.runtime_3.9.1600.20260522-0510\jars\maven-shared-utils-3.4.2.jar
2026-07-28 09:30:18,582 [Worker-22: Launching Executing clean in C__Users_user_Desktop_locato_shop-service] INFO  o.eclipse.m2e.core.internal.Bundles - 	Entry: C:\Users\user\Downloads\spring-tools-for-eclipse-5.2.0.RELEASE-e4.40.0-win32.win32.x86_64\sts-5.2.0.RELEASE\plugins\org.eclipse.m2e.maven.runtime_3.9.1600.20260522-0510\jars\org.eclipse.sisu.inject-1.0.0.jar
2026-07-28 09:30:18,583 [Worker-22: Launching Executing clean in C__Users_user_Desktop_locato_shop-service] INFO  o.eclipse.m2e.core.internal.Bundles - 	Entry: C:\Users\user\Downloads\spring-tools-for-eclipse-5.2.0.RELEASE-e4.40.0-win32.win32.x86_64\sts-5.2.0.RELEASE\plugins\org.eclipse.m2e.maven.runtime_3.9.1600.20260522-0510\jars\org.eclipse.sisu.plexus-1.0.0.jar
2026-07-28 09:30:18,583 [Worker-22: Launching Executing clean in C__Users_user_Desktop_locato_shop-service] INFO  o.eclipse.m2e.core.internal.Bundles - 	Entry: C:\Users\user\Downloads\spring-tools-for-eclipse-5.2.0.RELEASE-e4.40.0-win32.win32.x86_64\sts-5.2.0.RELEASE\plugins\org.eclipse.m2e.maven.runtime_3.9.1600.20260522-0510\jars\plexus-build-api-0.0.7.jar
2026-07-28 09:30:18,584 [Worker-22: Launching Executing clean in C__Users_user_Desktop_locato_shop-service] INFO  o.eclipse.m2e.core.internal.Bundles - 	Entry: C:\Users\user\Downloads\spring-tools-for-eclipse-5.2.0.RELEASE-e4.40.0-win32.win32.x86_64\sts-5.2.0.RELEASE\plugins\org.eclipse.m2e.maven.runtime_3.9.1600.20260522-0510\jars\plexus-build-api-1.2.0.jar
2026-07-28 09:30:18,584 [Worker-22: Launching Executing clean in C__Users_user_Desktop_locato_shop-service] INFO  o.eclipse.m2e.core.internal.Bundles - 	Entry: C:\Users\user\Downloads\spring-tools-for-eclipse-5.2.0.RELEASE-e4.40.0-win32.win32.x86_64\sts-5.2.0.RELEASE\plugins\org.eclipse.m2e.maven.runtime_3.9.1600.20260522-0510\jars\plexus-cipher-2.0.jar
2026-07-28 09:30:18,584 [Worker-22: Launching Executing clean in C__Users_user_Desktop_locato_shop-service] INFO  o.eclipse.m2e.core.internal.Bundles - 	Entry: C:\Users\user\Downloads\spring-tools-for-eclipse-5.2.0.RELEASE-e4.40.0-win32.win32.x86_64\sts-5.2.0.RELEASE\plugins\org.eclipse.m2e.maven.runtime_3.9.1600.20260522-0510\jars\plexus-classworlds-2.11.0.jar
2026-07-28 09:30:18,584 [Worker-22: Launching Executing clean in C__Users_user_Desktop_locato_shop-service] INFO  o.eclipse.m2e.core.internal.Bundles - 	Entry: C:\Users\user\Downloads\spring-tools-for-eclipse-5.2.0.RELEASE-e4.40.0-win32.win32.x86_64\sts-5.2.0.RELEASE\plugins\org.eclipse.m2e.maven.runtime_3.9.1600.20260522-0510\jars\plexus-component-annotations-2.2.0.jar
2026-07-28 09:30:18,585 [Worker-22: Launching Executing clean in C__Users_user_Desktop_locato_shop-service] INFO  o.eclipse.m2e.core.internal.Bundles - 	Entry: C:\Users\user\Downloads\spring-tools-for-eclipse-5.2.0.RELEASE-e4.40.0-win32.win32.x86_64\sts-5.2.0.RELEASE\plugins\org.eclipse.m2e.maven.runtime_3.9.1600.20260522-0510\jars\plexus-interpolation-1.29.jar
2026-07-28 09:30:18,585 [Worker-22: Launching Executing clean in C__Users_user_Desktop_locato_shop-service] INFO  o.eclipse.m2e.core.internal.Bundles - 	Entry: C:\Users\user\Downloads\spring-tools-for-eclipse-5.2.0.RELEASE-e4.40.0-win32.win32.x86_64\sts-5.2.0.RELEASE\plugins\org.eclipse.m2e.maven.runtime_3.9.1600.20260522-0510\jars\plexus-sec-dispatcher-2.0.jar
2026-07-28 09:30:18,585 [Worker-22: Launching Executing clean in C__Users_user_Desktop_locato_shop-service] INFO  o.eclipse.m2e.core.internal.Bundles - 	Entry: C:\Users\user\Downloads\spring-tools-for-eclipse-5.2.0.RELEASE-e4.40.0-win32.win32.x86_64\sts-5.2.0.RELEASE\plugins\org.eclipse.m2e.maven.runtime_3.9.1600.20260522-0510\jars\plexus-utils-3.6.1.jar
2026-07-28 09:30:18,585 [Worker-22: Launching Executing clean in C__Users_user_Desktop_locato_shop-service] INFO  o.eclipse.m2e.core.internal.Bundles - 	Entry: C:\Users\user\Downloads\spring-tools-for-eclipse-5.2.0.RELEASE-e4.40.0-win32.win32.x86_64\sts-5.2.0.RELEASE\plugins\org.eclipse.m2e.maven.runtime_3.9.1600.20260522-0510\jars\wagon-file-3.5.3.jar
2026-07-28 09:30:18,585 [Worker-22: Launching Executing clean in C__Users_user_Desktop_locato_shop-service] INFO  o.eclipse.m2e.core.internal.Bundles - 	Entry: C:\Users\user\Downloads\spring-tools-for-eclipse-5.2.0.RELEASE-e4.40.0-win32.win32.x86_64\sts-5.2.0.RELEASE\plugins\org.eclipse.m2e.maven.runtime_3.9.1600.20260522-0510\jars\wagon-http-3.5.3.jar
2026-07-28 09:30:18,586 [Worker-22: Launching Executing clean in C__Users_user_Desktop_locato_shop-service] INFO  o.eclipse.m2e.core.internal.Bundles - 	Entry: C:\Users\user\Downloads\spring-tools-for-eclipse-5.2.0.RELEASE-e4.40.0-win32.win32.x86_64\sts-5.2.0.RELEASE\plugins\org.eclipse.m2e.maven.runtime_3.9.1600.20260522-0510\jars\wagon-http-shared-3.5.3.jar
2026-07-28 09:30:18,586 [Worker-22: Launching Executing clean in C__Users_user_Desktop_locato_shop-service] INFO  o.eclipse.m2e.core.internal.Bundles - 	Entry: C:\Users\user\Downloads\spring-tools-for-eclipse-5.2.0.RELEASE-e4.40.0-win32.win32.x86_64\sts-5.2.0.RELEASE\plugins\org.eclipse.m2e.maven.runtime_3.9.1600.20260522-0510\jars\wagon-provider-api-3.5.3.jar
2026-07-28 09:30:18,588 [Worker-22: Launching Executing clean in C__Users_user_Desktop_locato_shop-service] INFO  o.eclipse.m2e.core.internal.Bundles - getClasspathEntries(Bundle=com.google.guava_33.6.0.jre [24])
2026-07-28 09:30:18,588 [Worker-22: Launching Executing clean in C__Users_user_Desktop_locato_shop-service] INFO  o.eclipse.m2e.core.internal.Bundles - 	Entry: C:\Users\user\Downloads\spring-tools-for-eclipse-5.2.0.RELEASE-e4.40.0-win32.win32.x86_64\sts-5.2.0.RELEASE\plugins\com.google.guava_33.6.0.jre.jar
2026-07-28 09:30:18,588 [Worker-22: Launching Executing clean in C__Users_user_Desktop_locato_shop-service] INFO  o.eclipse.m2e.core.internal.Bundles - getClasspathEntries(Bundle=slf4j.api_2.0.18 [613])
2026-07-28 09:30:18,589 [Worker-22: Launching Executing clean in C__Users_user_Desktop_locato_shop-service] INFO  o.eclipse.m2e.core.internal.Bundles - 	Entry: C:\Users\user\Downloads\spring-tools-for-eclipse-5.2.0.RELEASE-e4.40.0-win32.win32.x86_64\sts-5.2.0.RELEASE\plugins\slf4j.api_2.0.18.jar
2026-07-28 09:30:18,589 [Worker-22: Launching Executing clean in C__Users_user_Desktop_locato_shop-service] INFO  o.eclipse.m2e.core.internal.Bundles - getClasspathEntries(Bundle=jakarta.inject.jakarta.inject-api_1.0.5 [39])
2026-07-28 09:30:18,590 [Worker-22: Launching Executing clean in C__Users_user_Desktop_locato_shop-service] INFO  o.eclipse.m2e.core.internal.Bundles - 	Entry: C:\Users\user\Downloads\spring-tools-for-eclipse-5.2.0.RELEASE-e4.40.0-win32.win32.x86_64\sts-5.2.0.RELEASE\plugins\jakarta.inject.jakarta.inject-api_1.0.5.jar
2026-07-28 09:30:18,590 [Worker-22: Launching Executing clean in C__Users_user_Desktop_locato_shop-service] INFO  o.eclipse.m2e.core.internal.Bundles - getClasspathEntries(Bundle=jakarta.annotation-api_1.3.5 [36])
2026-07-28 09:30:18,590 [Worker-22: Launching Executing clean in C__Users_user_Desktop_locato_shop-service] INFO  o.eclipse.m2e.core.internal.Bundles - 	Entry: C:\Users\user\Downloads\spring-tools-for-eclipse-5.2.0.RELEASE-e4.40.0-win32.win32.x86_64\sts-5.2.0.RELEASE\plugins\jakarta.annotation-api_1.3.5.jar
2026-07-28 09:30:18,590 [Worker-22: Launching Executing clean in C__Users_user_Desktop_locato_shop-service] INFO  o.eclipse.m2e.core.internal.Bundles - getClasspathEntries(Bundle=org.apache.commons.cli_1.11.0 [78])
2026-07-28 09:30:18,591 [Worker-22: Launching Executing clean in C__Users_user_Desktop_locato_shop-service] INFO  o.eclipse.m2e.core.internal.Bundles - 	Entry: C:\Users\user\Downloads\spring-tools-for-eclipse-5.2.0.RELEASE-e4.40.0-win32.win32.x86_64\sts-5.2.0.RELEASE\plugins\org.apache.commons.cli_1.11.0.jar
2026-07-28 09:30:18,592 [Worker-22: Launching Executing clean in C__Users_user_Desktop_locato_shop-service] INFO  o.eclipse.m2e.core.internal.Bundles - getClasspathEntries(Bundle=org.apache.commons.commons-codec_1.22.0 [80])
2026-07-28 09:30:18,592 [Worker-22: Launching Executing clean in C__Users_user_Desktop_locato_shop-service] INFO  o.eclipse.m2e.core.internal.Bundles - 	Entry: C:\Users\user\Downloads\spring-tools-for-eclipse-5.2.0.RELEASE-e4.40.0-win32.win32.x86_64\sts-5.2.0.RELEASE\plugins\org.apache.commons.commons-codec_1.22.0.jar
2026-07-28 09:30:18,592 [Worker-22: Launching Executing clean in C__Users_user_Desktop_locato_shop-service] INFO  o.eclipse.m2e.core.internal.Bundles - getClasspathEntries(Bundle=com.google.guava.failureaccess_1.0.3 [25])
2026-07-28 09:30:18,593 [Worker-22: Launching Executing clean in C__Users_user_Desktop_locato_shop-service] INFO  o.eclipse.m2e.core.internal.Bundles - 	Entry: C:\Users\user\Downloads\spring-tools-for-eclipse-5.2.0.RELEASE-e4.40.0-win32.win32.x86_64\sts-5.2.0.RELEASE\plugins\com.google.guava.failureaccess_1.0.3.jar
2026-07-28 09:30:18,597 [Worker-22: Launching Executing clean in C__Users_user_Desktop_locato_shop-service] INFO  o.e.m.i.launch.MavenLaunchDelegate - Run build in "C:\Users\user\Desktop\locato\shop-service":
2026-07-28 09:30:18,599 [Worker-22: Launching Executing clean in C__Users_user_Desktop_locato_shop-service] INFO  o.e.m.i.launch.MavenLaunchDelegate -  mvn  -B -Dstyle.color=always clean
2026-07-28 09:30:52,760 [main] INFO  o.e.m2e.actions.ExecutePomAction - Creating new launch configuration
2026-07-28 09:31:01,072 [Worker-29: Launching Executing install in C__Users_user_Desktop_locato_shop-service] INFO  o.eclipse.m2e.core.internal.Bundles - getClasspathEntries(Bundle=org.eclipse.m2e.maven.runtime_3.9.1600.20260522-0510 [365])
2026-07-28 09:31:01,073 [Worker-29: Launching Executing install in C__Users_user_Desktop_locato_shop-service] INFO  o.eclipse.m2e.core.internal.Bundles - 	Entry: C:\Users\user\Downloads\spring-tools-for-eclipse-5.2.0.RELEASE-e4.40.0-win32.win32.x86_64\sts-5.2.0.RELEASE\plugins\org.eclipse.m2e.maven.runtime_3.9.1600.20260522-0510
2026-07-28 09:31:01,074 [Worker-29: Launching Executing install in C__Users_user_Desktop_locato_shop-service] INFO  o.eclipse.m2e.core.internal.Bundles - 	Entry: C:\Users\user\Downloads\spring-tools-for-eclipse-5.2.0.RELEASE-e4.40.0-win32.win32.x86_64\sts-5.2.0.RELEASE\plugins\org.eclipse.m2e.maven.runtime_3.9.1600.20260522-0510\jars\aopalliance-1.0.jar
2026-07-28 09:31:01,074 [Worker-29: Launching Executing install in C__Users_user_Desktop_locato_shop-service] INFO  o.eclipse.m2e.core.internal.Bundles - 	Entry: C:\Users\user\Downloads\spring-tools-for-eclipse-5.2.0.RELEASE-e4.40.0-win32.win32.x86_64\sts-5.2.0.RELEASE\plugins\org.eclipse.m2e.maven.runtime_3.9.1600.20260522-0510\jars\asm-9.9.1.jar
2026-07-28 09:31:01,074 [Worker-29: Launching Executing install in C__Users_user_Desktop_locato_shop-service] INFO  o.eclipse.m2e.core.internal.Bundles - 	Entry: C:\Users\user\Downloads\spring-tools-for-eclipse-5.2.0.RELEASE-e4.40.0-win32.win32.x86_64\sts-5.2.0.RELEASE\plugins\org.eclipse.m2e.maven.runtime_3.9.1600.20260522-0510\jars\error_prone_annotations-2.41.0.jar
2026-07-28 09:31:01,074 [Worker-29: Launching Executing install in C__Users_user_Desktop_locato_shop-service] INFO  o.eclipse.m2e.core.internal.Bundles - 	Entry: C:\Users\user\Downloads\spring-tools-for-eclipse-5.2.0.RELEASE-e4.40.0-win32.win32.x86_64\sts-5.2.0.RELEASE\plugins\org.eclipse.m2e.maven.runtime_3.9.1600.20260522-0510\jars\gson-2.13.2.jar
2026-07-28 09:31:01,074 [Worker-29: Launching Executing install in C__Users_user_Desktop_locato_shop-service] INFO  o.eclipse.m2e.core.internal.Bundles - 	Entry: C:\Users\user\Downloads\spring-tools-for-eclipse-5.2.0.RELEASE-e4.40.0-win32.win32.x86_64\sts-5.2.0.RELEASE\plugins\org.eclipse.m2e.maven.runtime_3.9.1600.20260522-0510\jars\guice-5.1.0-classes.jar
2026-07-28 09:31:01,075 [Worker-29: Launching Executing install in C__Users_user_Desktop_locato_shop-service] INFO  o.eclipse.m2e.core.internal.Bundles - 	Entry: C:\Users\user\Downloads\spring-tools-for-eclipse-5.2.0.RELEASE-e4.40.0-win32.win32.x86_64\sts-5.2.0.RELEASE\plugins\org.eclipse.m2e.maven.runtime_3.9.1600.20260522-0510\jars\httpclient-4.5.14.jar
2026-07-28 09:31:01,075 [Worker-29: Launching Executing install in C__Users_user_Desktop_locato_shop-service] INFO  o.eclipse.m2e.core.internal.Bundles - 	Entry: C:\Users\user\Downloads\spring-tools-for-eclipse-5.2.0.RELEASE-e4.40.0-win32.win32.x86_64\sts-5.2.0.RELEASE\plugins\org.eclipse.m2e.maven.runtime_3.9.1600.20260522-0510\jars\httpcore-4.4.16.jar
2026-07-28 09:31:01,075 [Worker-29: Launching Executing install in C__Users_user_Desktop_locato_shop-service] INFO  o.eclipse.m2e.core.internal.Bundles - 	Entry: C:\Users\user\Downloads\spring-tools-for-eclipse-5.2.0.RELEASE-e4.40.0-win32.win32.x86_64\sts-5.2.0.RELEASE\plugins\org.eclipse.m2e.maven.runtime_3.9.1600.20260522-0510\jars\jansi-2.4.3.jar
2026-07-28 09:31:01,075 [Worker-29: Launching Executing install in C__Users_user_Desktop_locato_shop-service] INFO  o.eclipse.m2e.core.internal.Bundles - 	Entry: C:\Users\user\Downloads\spring-tools-for-eclipse-5.2.0.RELEASE-e4.40.0-win32.win32.x86_64\sts-5.2.0.RELEASE\plugins\org.eclipse.m2e.maven.runtime_3.9.1600.20260522-0510\jars\jcl-over-slf4j-1.7.36.jar
2026-07-28 09:31:01,075 [Worker-29: Launching Executing install in C__Users_user_Desktop_locato_shop-service] INFO  o.eclipse.m2e.core.internal.Bundles - 	Entry: C:\Users\user\Downloads\spring-tools-for-eclipse-5.2.0.RELEASE-e4.40.0-win32.win32.x86_64\sts-5.2.0.RELEASE\plugins\org.eclipse.m2e.maven.runtime_3.9.1600.20260522-0510\jars\maven-artifact-3.9.16.jar
2026-07-28 09:31:01,076 [Worker-29: Launching Executing install in C__Users_user_Desktop_locato_shop-service] INFO  o.eclipse.m2e.core.internal.Bundles - 	Entry: C:\Users\user\Downloads\spring-tools-for-eclipse-5.2.0.RELEASE-e4.40.0-win32.win32.x86_64\sts-5.2.0.RELEASE\plugins\org.eclipse.m2e.maven.runtime_3.9.1600.20260522-0510\jars\maven-builder-support-3.9.16.jar
2026-07-28 09:31:01,076 [Worker-29: Launching Executing install in C__Users_user_Desktop_locato_shop-service] INFO  o.eclipse.m2e.core.internal.Bundles - 	Entry: C:\Users\user\Downloads\spring-tools-for-eclipse-5.2.0.RELEASE-e4.40.0-win32.win32.x86_64\sts-5.2.0.RELEASE\plugins\org.eclipse.m2e.maven.runtime_3.9.1600.20260522-0510\jars\maven-compat-3.9.16.jar
2026-07-28 09:31:01,076 [Worker-29: Launching Executing install in C__Users_user_Desktop_locato_shop-service] INFO  o.eclipse.m2e.core.internal.Bundles - 	Entry: C:\Users\user\Downloads\spring-tools-for-eclipse-5.2.0.RELEASE-e4.40.0-win32.win32.x86_64\sts-5.2.0.RELEASE\plugins\org.eclipse.m2e.maven.runtime_3.9.1600.20260522-0510\jars\maven-core-3.9.16.jar
2026-07-28 09:31:01,076 [Worker-29: Launching Executing install in C__Users_user_Desktop_locato_shop-service] INFO  o.eclipse.m2e.core.internal.Bundles - 	Entry: C:\Users\user\Downloads\spring-tools-for-eclipse-5.2.0.RELEASE-e4.40.0-win32.win32.x86_64\sts-5.2.0.RELEASE\plugins\org.eclipse.m2e.maven.runtime_3.9.1600.20260522-0510\jars\maven-embedder-3.9.16.jar
2026-07-28 09:31:01,076 [Worker-29: Launching Executing install in C__Users_user_Desktop_locato_shop-service] INFO  o.eclipse.m2e.core.internal.Bundles - 	Entry: C:\Users\user\Downloads\spring-tools-for-eclipse-5.2.0.RELEASE-e4.40.0-win32.win32.x86_64\sts-5.2.0.RELEASE\plugins\org.eclipse.m2e.maven.runtime_3.9.1600.20260522-0510\jars\maven-model-3.9.16.jar
2026-07-28 09:31:01,077 [Worker-29: Launching Executing install in C__Users_user_Desktop_locato_shop-service] INFO  o.eclipse.m2e.core.internal.Bundles - 	Entry: C:\Users\user\Downloads\spring-tools-for-eclipse-5.2.0.RELEASE-e4.40.0-win32.win32.x86_64\sts-5.2.0.RELEASE\plugins\org.eclipse.m2e.maven.runtime_3.9.1600.20260522-0510\jars\maven-model-builder-3.9.16.jar
2026-07-28 09:31:01,077 [Worker-29: Launching Executing install in C__Users_user_Desktop_locato_shop-service] INFO  o.eclipse.m2e.core.internal.Bundles - 	Entry: C:\Users\user\Downloads\spring-tools-for-eclipse-5.2.0.RELEASE-e4.40.0-win32.win32.x86_64\sts-5.2.0.RELEASE\plugins\org.eclipse.m2e.maven.runtime_3.9.1600.20260522-0510\jars\maven-plugin-api-3.9.16.jar
2026-07-28 09:31:01,077 [Worker-29: Launching Executing install in C__Users_user_Desktop_locato_shop-service] INFO  o.eclipse.m2e.core.internal.Bundles - 	Entry: C:\Users\user\Downloads\spring-tools-for-eclipse-5.2.0.RELEASE-e4.40.0-win32.win32.x86_64\sts-5.2.0.RELEASE\plugins\org.eclipse.m2e.maven.runtime_3.9.1600.20260522-0510\jars\maven-repository-metadata-3.9.16.jar
2026-07-28 09:31:01,077 [Worker-29: Launching Executing install in C__Users_user_Desktop_locato_shop-service] INFO  o.eclipse.m2e.core.internal.Bundles - 	Entry: C:\Users\user\Downloads\spring-tools-for-eclipse-5.2.0.RELEASE-e4.40.0-win32.win32.x86_64\sts-5.2.0.RELEASE\plugins\org.eclipse.m2e.maven.runtime_3.9.1600.20260522-0510\jars\maven-resolver-api-1.9.27.jar
2026-07-28 09:31:01,077 [Worker-29: Launching Executing install in C__Users_user_Desktop_locato_shop-service] INFO  o.eclipse.m2e.core.internal.Bundles - 	Entry: C:\Users\user\Downloads\spring-tools-for-eclipse-5.2.0.RELEASE-e4.40.0-win32.win32.x86_64\sts-5.2.0.RELEASE\plugins\org.eclipse.m2e.maven.runtime_3.9.1600.20260522-0510\jars\maven-resolver-connector-basic-1.9.27.jar
2026-07-28 09:31:01,078 [Worker-29: Launching Executing install in C__Users_user_Desktop_locato_shop-service] INFO  o.eclipse.m2e.core.internal.Bundles - 	Entry: C:\Users\user\Downloads\spring-tools-for-eclipse-5.2.0.RELEASE-e4.40.0-win32.win32.x86_64\sts-5.2.0.RELEASE\plugins\org.eclipse.m2e.maven.runtime_3.9.1600.20260522-0510\jars\maven-resolver-impl-1.9.27.jar
2026-07-28 09:31:01,078 [Worker-29: Launching Executing install in C__Users_user_Desktop_locato_shop-service] INFO  o.eclipse.m2e.core.internal.Bundles - 	Entry: C:\Users\user\Downloads\spring-tools-for-eclipse-5.2.0.RELEASE-e4.40.0-win32.win32.x86_64\sts-5.2.0.RELEASE\plugins\org.eclipse.m2e.maven.runtime_3.9.1600.20260522-0510\jars\maven-resolver-named-locks-1.9.27.jar
2026-07-28 09:31:01,078 [Worker-29: Launching Executing install in C__Users_user_Desktop_locato_shop-service] INFO  o.eclipse.m2e.core.internal.Bundles - 	Entry: C:\Users\user\Downloads\spring-tools-for-eclipse-5.2.0.RELEASE-e4.40.0-win32.win32.x86_64\sts-5.2.0.RELEASE\plugins\org.eclipse.m2e.maven.runtime_3.9.1600.20260522-0510\jars\maven-resolver-provider-3.9.16.jar
2026-07-28 09:31:01,078 [Worker-29: Launching Executing install in C__Users_user_Desktop_locato_shop-service] INFO  o.eclipse.m2e.core.internal.Bundles - 	Entry: C:\Users\user\Downloads\spring-tools-for-eclipse-5.2.0.RELEASE-e4.40.0-win32.win32.x86_64\sts-5.2.0.RELEASE\plugins\org.eclipse.m2e.maven.runtime_3.9.1600.20260522-0510\jars\maven-resolver-spi-1.9.27.jar
2026-07-28 09:31:01,079 [Worker-29: Launching Executing install in C__Users_user_Desktop_locato_shop-service] INFO  o.eclipse.m2e.core.internal.Bundles - 	Entry: C:\Users\user\Downloads\spring-tools-for-eclipse-5.2.0.RELEASE-e4.40.0-win32.win32.x86_64\sts-5.2.0.RELEASE\plugins\org.eclipse.m2e.maven.runtime_3.9.1600.20260522-0510\jars\maven-resolver-transport-file-1.9.27.jar
2026-07-28 09:31:01,079 [Worker-29: Launching Executing install in C__Users_user_Desktop_locato_shop-service] INFO  o.eclipse.m2e.core.internal.Bundles - 	Entry: C:\Users\user\Downloads\spring-tools-for-eclipse-5.2.0.RELEASE-e4.40.0-win32.win32.x86_64\sts-5.2.0.RELEASE\plugins\org.eclipse.m2e.maven.runtime_3.9.1600.20260522-0510\jars\maven-resolver-transport-http-1.9.27.jar
2026-07-28 09:31:01,079 [Worker-29: Launching Executing install in C__Users_user_Desktop_locato_shop-service] INFO  o.eclipse.m2e.core.internal.Bundles - 	Entry: C:\Users\user\Downloads\spring-tools-for-eclipse-5.2.0.RELEASE-e4.40.0-win32.win32.x86_64\sts-5.2.0.RELEASE\plugins\org.eclipse.m2e.maven.runtime_3.9.1600.20260522-0510\jars\maven-resolver-transport-wagon-1.9.27.jar
2026-07-28 09:31:01,079 [Worker-29: Launching Executing install in C__Users_user_Desktop_locato_shop-service] INFO  o.eclipse.m2e.core.internal.Bundles - 	Entry: C:\Users\user\Downloads\spring-tools-for-eclipse-5.2.0.RELEASE-e4.40.0-win32.win32.x86_64\sts-5.2.0.RELEASE\plugins\org.eclipse.m2e.maven.runtime_3.9.1600.20260522-0510\jars\maven-resolver-util-1.9.27.jar
2026-07-28 09:31:01,080 [Worker-29: Launching Executing install in C__Users_user_Desktop_locato_shop-service] INFO  o.eclipse.m2e.core.internal.Bundles - 	Entry: C:\Users\user\Downloads\spring-tools-for-eclipse-5.2.0.RELEASE-e4.40.0-win32.win32.x86_64\sts-5.2.0.RELEASE\plugins\org.eclipse.m2e.maven.runtime_3.9.1600.20260522-0510\jars\maven-settings-3.9.16.jar
2026-07-28 09:31:01,080 [Worker-29: Launching Executing install in C__Users_user_Desktop_locato_shop-service] INFO  o.eclipse.m2e.core.internal.Bundles - 	Entry: C:\Users\user\Downloads\spring-tools-for-eclipse-5.2.0.RELEASE-e4.40.0-win32.win32.x86_64\sts-5.2.0.RELEASE\plugins\org.eclipse.m2e.maven.runtime_3.9.1600.20260522-0510\jars\maven-settings-builder-3.9.16.jar
2026-07-28 09:31:01,080 [Worker-29: Launching Executing install in C__Users_user_Desktop_locato_shop-service] INFO  o.eclipse.m2e.core.internal.Bundles - 	Entry: C:\Users\user\Downloads\spring-tools-for-eclipse-5.2.0.RELEASE-e4.40.0-win32.win32.x86_64\sts-5.2.0.RELEASE\plugins\org.eclipse.m2e.maven.runtime_3.9.1600.20260522-0510\jars\maven-shared-utils-3.4.2.jar
2026-07-28 09:31:01,080 [Worker-29: Launching Executing install in C__Users_user_Desktop_locato_shop-service] INFO  o.eclipse.m2e.core.internal.Bundles - 	Entry: C:\Users\user\Downloads\spring-tools-for-eclipse-5.2.0.RELEASE-e4.40.0-win32.win32.x86_64\sts-5.2.0.RELEASE\plugins\org.eclipse.m2e.maven.runtime_3.9.1600.20260522-0510\jars\org.eclipse.sisu.inject-1.0.0.jar
2026-07-28 09:31:01,080 [Worker-29: Launching Executing install in C__Users_user_Desktop_locato_shop-service] INFO  o.eclipse.m2e.core.internal.Bundles - 	Entry: C:\Users\user\Downloads\spring-tools-for-eclipse-5.2.0.RELEASE-e4.40.0-win32.win32.x86_64\sts-5.2.0.RELEASE\plugins\org.eclipse.m2e.maven.runtime_3.9.1600.20260522-0510\jars\org.eclipse.sisu.plexus-1.0.0.jar
2026-07-28 09:31:01,081 [Worker-29: Launching Executing install in C__Users_user_Desktop_locato_shop-service] INFO  o.eclipse.m2e.core.internal.Bundles - 	Entry: C:\Users\user\Downloads\spring-tools-for-eclipse-5.2.0.RELEASE-e4.40.0-win32.win32.x86_64\sts-5.2.0.RELEASE\plugins\org.eclipse.m2e.maven.runtime_3.9.1600.20260522-0510\jars\plexus-build-api-0.0.7.jar
2026-07-28 09:31:01,081 [Worker-29: Launching Executing install in C__Users_user_Desktop_locato_shop-service] INFO  o.eclipse.m2e.core.internal.Bundles - 	Entry: C:\Users\user\Downloads\spring-tools-for-eclipse-5.2.0.RELEASE-e4.40.0-win32.win32.x86_64\sts-5.2.0.RELEASE\plugins\org.eclipse.m2e.maven.runtime_3.9.1600.20260522-0510\jars\plexus-build-api-1.2.0.jar
2026-07-28 09:31:01,081 [Worker-29: Launching Executing install in C__Users_user_Desktop_locato_shop-service] INFO  o.eclipse.m2e.core.internal.Bundles - 	Entry: C:\Users\user\Downloads\spring-tools-for-eclipse-5.2.0.RELEASE-e4.40.0-win32.win32.x86_64\sts-5.2.0.RELEASE\plugins\org.eclipse.m2e.maven.runtime_3.9.1600.20260522-0510\jars\plexus-cipher-2.0.jar
2026-07-28 09:31:01,081 [Worker-29: Launching Executing install in C__Users_user_Desktop_locato_shop-service] INFO  o.eclipse.m2e.core.internal.Bundles - 	Entry: C:\Users\user\Downloads\spring-tools-for-eclipse-5.2.0.RELEASE-e4.40.0-win32.win32.x86_64\sts-5.2.0.RELEASE\plugins\org.eclipse.m2e.maven.runtime_3.9.1600.20260522-0510\jars\plexus-classworlds-2.11.0.jar
2026-07-28 09:31:01,081 [Worker-29: Launching Executing install in C__Users_user_Desktop_locato_shop-service] INFO  o.eclipse.m2e.core.internal.Bundles - 	Entry: C:\Users\user\Downloads\spring-tools-for-eclipse-5.2.0.RELEASE-e4.40.0-win32.win32.x86_64\sts-5.2.0.RELEASE\plugins\org.eclipse.m2e.maven.runtime_3.9.1600.20260522-0510\jars\plexus-component-annotations-2.2.0.jar
2026-07-28 09:31:01,082 [Worker-29: Launching Executing install in C__Users_user_Desktop_locato_shop-service] INFO  o.eclipse.m2e.core.internal.Bundles - 	Entry: C:\Users\user\Downloads\spring-tools-for-eclipse-5.2.0.RELEASE-e4.40.0-win32.win32.x86_64\sts-5.2.0.RELEASE\plugins\org.eclipse.m2e.maven.runtime_3.9.1600.20260522-0510\jars\plexus-interpolation-1.29.jar
2026-07-28 09:31:01,082 [Worker-29: Launching Executing install in C__Users_user_Desktop_locato_shop-service] INFO  o.eclipse.m2e.core.internal.Bundles - 	Entry: C:\Users\user\Downloads\spring-tools-for-eclipse-5.2.0.RELEASE-e4.40.0-win32.win32.x86_64\sts-5.2.0.RELEASE\plugins\org.eclipse.m2e.maven.runtime_3.9.1600.20260522-0510\jars\plexus-sec-dispatcher-2.0.jar
2026-07-28 09:31:01,082 [Worker-29: Launching Executing install in C__Users_user_Desktop_locato_shop-service] INFO  o.eclipse.m2e.core.internal.Bundles - 	Entry: C:\Users\user\Downloads\spring-tools-for-eclipse-5.2.0.RELEASE-e4.40.0-win32.win32.x86_64\sts-5.2.0.RELEASE\plugins\org.eclipse.m2e.maven.runtime_3.9.1600.20260522-0510\jars\plexus-utils-3.6.1.jar
2026-07-28 09:31:01,082 [Worker-29: Launching Executing install in C__Users_user_Desktop_locato_shop-service] INFO  o.eclipse.m2e.core.internal.Bundles - 	Entry: C:\Users\user\Downloads\spring-tools-for-eclipse-5.2.0.RELEASE-e4.40.0-win32.win32.x86_64\sts-5.2.0.RELEASE\plugins\org.eclipse.m2e.maven.runtime_3.9.1600.20260522-0510\jars\wagon-file-3.5.3.jar
2026-07-28 09:31:01,083 [Worker-29: Launching Executing install in C__Users_user_Desktop_locato_shop-service] INFO  o.eclipse.m2e.core.internal.Bundles - 	Entry: C:\Users\user\Downloads\spring-tools-for-eclipse-5.2.0.RELEASE-e4.40.0-win32.win32.x86_64\sts-5.2.0.RELEASE\plugins\org.eclipse.m2e.maven.runtime_3.9.1600.20260522-0510\jars\wagon-http-3.5.3.jar
2026-07-28 09:31:01,083 [Worker-29: Launching Executing install in C__Users_user_Desktop_locato_shop-service] INFO  o.eclipse.m2e.core.internal.Bundles - 	Entry: C:\Users\user\Downloads\spring-tools-for-eclipse-5.2.0.RELEASE-e4.40.0-win32.win32.x86_64\sts-5.2.0.RELEASE\plugins\org.eclipse.m2e.maven.runtime_3.9.1600.20260522-0510\jars\wagon-http-shared-3.5.3.jar
2026-07-28 09:31:01,083 [Worker-29: Launching Executing install in C__Users_user_Desktop_locato_shop-service] INFO  o.eclipse.m2e.core.internal.Bundles - 	Entry: C:\Users\user\Downloads\spring-tools-for-eclipse-5.2.0.RELEASE-e4.40.0-win32.win32.x86_64\sts-5.2.0.RELEASE\plugins\org.eclipse.m2e.maven.runtime_3.9.1600.20260522-0510\jars\wagon-provider-api-3.5.3.jar
2026-07-28 09:31:01,084 [Worker-29: Launching Executing install in C__Users_user_Desktop_locato_shop-service] INFO  o.eclipse.m2e.core.internal.Bundles - getClasspathEntries(Bundle=com.google.guava_33.6.0.jre [24])
2026-07-28 09:31:01,085 [Worker-29: Launching Executing install in C__Users_user_Desktop_locato_shop-service] INFO  o.eclipse.m2e.core.internal.Bundles - 	Entry: C:\Users\user\Downloads\spring-tools-for-eclipse-5.2.0.RELEASE-e4.40.0-win32.win32.x86_64\sts-5.2.0.RELEASE\plugins\com.google.guava_33.6.0.jre.jar
2026-07-28 09:31:01,085 [Worker-29: Launching Executing install in C__Users_user_Desktop_locato_shop-service] INFO  o.eclipse.m2e.core.internal.Bundles - getClasspathEntries(Bundle=slf4j.api_2.0.18 [613])
2026-07-28 09:31:01,086 [Worker-29: Launching Executing install in C__Users_user_Desktop_locato_shop-service] INFO  o.eclipse.m2e.core.internal.Bundles - 	Entry: C:\Users\user\Downloads\spring-tools-for-eclipse-5.2.0.RELEASE-e4.40.0-win32.win32.x86_64\sts-5.2.0.RELEASE\plugins\slf4j.api_2.0.18.jar
2026-07-28 09:31:01,086 [Worker-29: Launching Executing install in C__Users_user_Desktop_locato_shop-service] INFO  o.eclipse.m2e.core.internal.Bundles - getClasspathEntries(Bundle=jakarta.inject.jakarta.inject-api_1.0.5 [39])
2026-07-28 09:31:01,087 [Worker-29: Launching Executing install in C__Users_user_Desktop_locato_shop-service] INFO  o.eclipse.m2e.core.internal.Bundles - 	Entry: C:\Users\user\Downloads\spring-tools-for-eclipse-5.2.0.RELEASE-e4.40.0-win32.win32.x86_64\sts-5.2.0.RELEASE\plugins\jakarta.inject.jakarta.inject-api_1.0.5.jar
2026-07-28 09:31:01,087 [Worker-29: Launching Executing install in C__Users_user_Desktop_locato_shop-service] INFO  o.eclipse.m2e.core.internal.Bundles - getClasspathEntries(Bundle=jakarta.annotation-api_1.3.5 [36])
2026-07-28 09:31:01,087 [Worker-29: Launching Executing install in C__Users_user_Desktop_locato_shop-service] INFO  o.eclipse.m2e.core.internal.Bundles - 	Entry: C:\Users\user\Downloads\spring-tools-for-eclipse-5.2.0.RELEASE-e4.40.0-win32.win32.x86_64\sts-5.2.0.RELEASE\plugins\jakarta.annotation-api_1.3.5.jar
2026-07-28 09:31:01,088 [Worker-29: Launching Executing install in C__Users_user_Desktop_locato_shop-service] INFO  o.eclipse.m2e.core.internal.Bundles - getClasspathEntries(Bundle=org.apache.commons.cli_1.11.0 [78])
2026-07-28 09:31:01,088 [Worker-29: Launching Executing install in C__Users_user_Desktop_locato_shop-service] INFO  o.eclipse.m2e.core.internal.Bundles - 	Entry: C:\Users\user\Downloads\spring-tools-for-eclipse-5.2.0.RELEASE-e4.40.0-win32.win32.x86_64\sts-5.2.0.RELEASE\plugins\org.apache.commons.cli_1.11.0.jar
2026-07-28 09:31:01,088 [Worker-29: Launching Executing install in C__Users_user_Desktop_locato_shop-service] INFO  o.eclipse.m2e.core.internal.Bundles - getClasspathEntries(Bundle=org.apache.commons.commons-codec_1.22.0 [80])
2026-07-28 09:31:01,089 [Worker-29: Launching Executing install in C__Users_user_Desktop_locato_shop-service] INFO  o.eclipse.m2e.core.internal.Bundles - 	Entry: C:\Users\user\Downloads\spring-tools-for-eclipse-5.2.0.RELEASE-e4.40.0-win32.win32.x86_64\sts-5.2.0.RELEASE\plugins\org.apache.commons.commons-codec_1.22.0.jar
2026-07-28 09:31:01,089 [Worker-29: Launching Executing install in C__Users_user_Desktop_locato_shop-service] INFO  o.eclipse.m2e.core.internal.Bundles - getClasspathEntries(Bundle=com.google.guava.failureaccess_1.0.3 [25])
2026-07-28 09:31:01,090 [Worker-29: Launching Executing install in C__Users_user_Desktop_locato_shop-service] INFO  o.eclipse.m2e.core.internal.Bundles - 	Entry: C:\Users\user\Downloads\spring-tools-for-eclipse-5.2.0.RELEASE-e4.40.0-win32.win32.x86_64\sts-5.2.0.RELEASE\plugins\com.google.guava.failureaccess_1.0.3.jar
2026-07-28 09:31:01,092 [Worker-29: Launching Executing install in C__Users_user_Desktop_locato_shop-service] INFO  o.e.m.i.launch.MavenLaunchDelegate - Run build in "C:\Users\user\Desktop\locato\shop-service":
2026-07-28 09:31:01,093 [Worker-29: Launching Executing install in C__Users_user_Desktop_locato_shop-service] INFO  o.e.m.i.launch.MavenLaunchDelegate -  mvn  -B -Dstyle.color=always install
2026-07-28 09:32:59,006 [Worker-31: Launching Executing clean in C__Users_user_Desktop_locato_shop-service] INFO  o.eclipse.m2e.core.internal.Bundles - getClasspathEntries(Bundle=org.eclipse.m2e.maven.runtime_3.9.1600.20260522-0510 [365])
2026-07-28 09:32:59,008 [Worker-31: Launching Executing clean in C__Users_user_Desktop_locato_shop-service] INFO  o.eclipse.m2e.core.internal.Bundles - 	Entry: C:\Users\user\Downloads\spring-tools-for-eclipse-5.2.0.RELEASE-e4.40.0-win32.win32.x86_64\sts-5.2.0.RELEASE\plugins\org.eclipse.m2e.maven.runtime_3.9.1600.20260522-0510
2026-07-28 09:32:59,008 [Worker-31: Launching Executing clean in C__Users_user_Desktop_locato_shop-service] INFO  o.eclipse.m2e.core.internal.Bundles - 	Entry: C:\Users\user\Downloads\spring-tools-for-eclipse-5.2.0.RELEASE-e4.40.0-win32.win32.x86_64\sts-5.2.0.RELEASE\plugins\org.eclipse.m2e.maven.runtime_3.9.1600.20260522-0510\jars\aopalliance-1.0.jar
2026-07-28 09:32:59,008 [Worker-31: Launching Executing clean in C__Users_user_Desktop_locato_shop-service] INFO  o.eclipse.m2e.core.internal.Bundles - 	Entry: C:\Users\user\Downloads\spring-tools-for-eclipse-5.2.0.RELEASE-e4.40.0-win32.win32.x86_64\sts-5.2.0.RELEASE\plugins\org.eclipse.m2e.maven.runtime_3.9.1600.20260522-0510\jars\asm-9.9.1.jar
2026-07-28 09:32:59,009 [Worker-31: Launching Executing clean in C__Users_user_Desktop_locato_shop-service] INFO  o.eclipse.m2e.core.internal.Bundles - 	Entry: C:\Users\user\Downloads\spring-tools-for-eclipse-5.2.0.RELEASE-e4.40.0-win32.win32.x86_64\sts-5.2.0.RELEASE\plugins\org.eclipse.m2e.maven.runtime_3.9.1600.20260522-0510\jars\error_prone_annotations-2.41.0.jar
2026-07-28 09:32:59,009 [Worker-31: Launching Executing clean in C__Users_user_Desktop_locato_shop-service] INFO  o.eclipse.m2e.core.internal.Bundles - 	Entry: C:\Users\user\Downloads\spring-tools-for-eclipse-5.2.0.RELEASE-e4.40.0-win32.win32.x86_64\sts-5.2.0.RELEASE\plugins\org.eclipse.m2e.maven.runtime_3.9.1600.20260522-0510\jars\gson-2.13.2.jar
2026-07-28 09:32:59,009 [Worker-31: Launching Executing clean in C__Users_user_Desktop_locato_shop-service] INFO  o.eclipse.m2e.core.internal.Bundles - 	Entry: C:\Users\user\Downloads\spring-tools-for-eclipse-5.2.0.RELEASE-e4.40.0-win32.win32.x86_64\sts-5.2.0.RELEASE\plugins\org.eclipse.m2e.maven.runtime_3.9.1600.20260522-0510\jars\guice-5.1.0-classes.jar
2026-07-28 09:32:59,010 [Worker-31: Launching Executing clean in C__Users_user_Desktop_locato_shop-service] INFO  o.eclipse.m2e.core.internal.Bundles - 	Entry: C:\Users\user\Downloads\spring-tools-for-eclipse-5.2.0.RELEASE-e4.40.0-win32.win32.x86_64\sts-5.2.0.RELEASE\plugins\org.eclipse.m2e.maven.runtime_3.9.1600.20260522-0510\jars\httpclient-4.5.14.jar
2026-07-28 09:32:59,010 [Worker-31: Launching Executing clean in C__Users_user_Desktop_locato_shop-service] INFO  o.eclipse.m2e.core.internal.Bundles - 	Entry: C:\Users\user\Downloads\spring-tools-for-eclipse-5.2.0.RELEASE-e4.40.0-win32.win32.x86_64\sts-5.2.0.RELEASE\plugins\org.eclipse.m2e.maven.runtime_3.9.1600.20260522-0510\jars\httpcore-4.4.16.jar
2026-07-28 09:32:59,010 [Worker-31: Launching Executing clean in C__Users_user_Desktop_locato_shop-service] INFO  o.eclipse.m2e.core.internal.Bundles - 	Entry: C:\Users\user\Downloads\spring-tools-for-eclipse-5.2.0.RELEASE-e4.40.0-win32.win32.x86_64\sts-5.2.0.RELEASE\plugins\org.eclipse.m2e.maven.runtime_3.9.1600.20260522-0510\jars\jansi-2.4.3.jar
2026-07-28 09:32:59,010 [Worker-31: Launching Executing clean in C__Users_user_Desktop_locato_shop-service] INFO  o.eclipse.m2e.core.internal.Bundles - 	Entry: C:\Users\user\Downloads\spring-tools-for-eclipse-5.2.0.RELEASE-e4.40.0-win32.win32.x86_64\sts-5.2.0.RELEASE\plugins\org.eclipse.m2e.maven.runtime_3.9.1600.20260522-0510\jars\jcl-over-slf4j-1.7.36.jar
2026-07-28 09:32:59,010 [Worker-31: Launching Executing clean in C__Users_user_Desktop_locato_shop-service] INFO  o.eclipse.m2e.core.internal.Bundles - 	Entry: C:\Users\user\Downloads\spring-tools-for-eclipse-5.2.0.RELEASE-e4.40.0-win32.win32.x86_64\sts-5.2.0.RELEASE\plugins\org.eclipse.m2e.maven.runtime_3.9.1600.20260522-0510\jars\maven-artifact-3.9.16.jar
2026-07-28 09:32:59,010 [Worker-31: Launching Executing clean in C__Users_user_Desktop_locato_shop-service] INFO  o.eclipse.m2e.core.internal.Bundles - 	Entry: C:\Users\user\Downloads\spring-tools-for-eclipse-5.2.0.RELEASE-e4.40.0-win32.win32.x86_64\sts-5.2.0.RELEASE\plugins\org.eclipse.m2e.maven.runtime_3.9.1600.20260522-0510\jars\maven-builder-support-3.9.16.jar
2026-07-28 09:32:59,011 [Worker-31: Launching Executing clean in C__Users_user_Desktop_locato_shop-service] INFO  o.eclipse.m2e.core.internal.Bundles - 	Entry: C:\Users\user\Downloads\spring-tools-for-eclipse-5.2.0.RELEASE-e4.40.0-win32.win32.x86_64\sts-5.2.0.RELEASE\plugins\org.eclipse.m2e.maven.runtime_3.9.1600.20260522-0510\jars\maven-compat-3.9.16.jar
2026-07-28 09:32:59,011 [Worker-31: Launching Executing clean in C__Users_user_Desktop_locato_shop-service] INFO  o.eclipse.m2e.core.internal.Bundles - 	Entry: C:\Users\user\Downloads\spring-tools-for-eclipse-5.2.0.RELEASE-e4.40.0-win32.win32.x86_64\sts-5.2.0.RELEASE\plugins\org.eclipse.m2e.maven.runtime_3.9.1600.20260522-0510\jars\maven-core-3.9.16.jar
2026-07-28 09:32:59,011 [Worker-31: Launching Executing clean in C__Users_user_Desktop_locato_shop-service] INFO  o.eclipse.m2e.core.internal.Bundles - 	Entry: C:\Users\user\Downloads\spring-tools-for-eclipse-5.2.0.RELEASE-e4.40.0-win32.win32.x86_64\sts-5.2.0.RELEASE\plugins\org.eclipse.m2e.maven.runtime_3.9.1600.20260522-0510\jars\maven-embedder-3.9.16.jar
2026-07-28 09:32:59,011 [Worker-31: Launching Executing clean in C__Users_user_Desktop_locato_shop-service] INFO  o.eclipse.m2e.core.internal.Bundles - 	Entry: C:\Users\user\Downloads\spring-tools-for-eclipse-5.2.0.RELEASE-e4.40.0-win32.win32.x86_64\sts-5.2.0.RELEASE\plugins\org.eclipse.m2e.maven.runtime_3.9.1600.20260522-0510\jars\maven-model-3.9.16.jar
2026-07-28 09:32:59,011 [Worker-31: Launching Executing clean in C__Users_user_Desktop_locato_shop-service] INFO  o.eclipse.m2e.core.internal.Bundles - 	Entry: C:\Users\user\Downloads\spring-tools-for-eclipse-5.2.0.RELEASE-e4.40.0-win32.win32.x86_64\sts-5.2.0.RELEASE\plugins\org.eclipse.m2e.maven.runtime_3.9.1600.20260522-0510\jars\maven-model-builder-3.9.16.jar
2026-07-28 09:32:59,012 [Worker-31: Launching Executing clean in C__Users_user_Desktop_locato_shop-service] INFO  o.eclipse.m2e.core.internal.Bundles - 	Entry: C:\Users\user\Downloads\spring-tools-for-eclipse-5.2.0.RELEASE-e4.40.0-win32.win32.x86_64\sts-5.2.0.RELEASE\plugins\org.eclipse.m2e.maven.runtime_3.9.1600.20260522-0510\jars\maven-plugin-api-3.9.16.jar
2026-07-28 09:32:59,012 [Worker-31: Launching Executing clean in C__Users_user_Desktop_locato_shop-service] INFO  o.eclipse.m2e.core.internal.Bundles - 	Entry: C:\Users\user\Downloads\spring-tools-for-eclipse-5.2.0.RELEASE-e4.40.0-win32.win32.x86_64\sts-5.2.0.RELEASE\plugins\org.eclipse.m2e.maven.runtime_3.9.1600.20260522-0510\jars\maven-repository-metadata-3.9.16.jar
2026-07-28 09:32:59,012 [Worker-31: Launching Executing clean in C__Users_user_Desktop_locato_shop-service] INFO  o.eclipse.m2e.core.internal.Bundles - 	Entry: C:\Users\user\Downloads\spring-tools-for-eclipse-5.2.0.RELEASE-e4.40.0-win32.win32.x86_64\sts-5.2.0.RELEASE\plugins\org.eclipse.m2e.maven.runtime_3.9.1600.20260522-0510\jars\maven-resolver-api-1.9.27.jar
2026-07-28 09:32:59,012 [Worker-31: Launching Executing clean in C__Users_user_Desktop_locato_shop-service] INFO  o.eclipse.m2e.core.internal.Bundles - 	Entry: C:\Users\user\Downloads\spring-tools-for-eclipse-5.2.0.RELEASE-e4.40.0-win32.win32.x86_64\sts-5.2.0.RELEASE\plugins\org.eclipse.m2e.maven.runtime_3.9.1600.20260522-0510\jars\maven-resolver-connector-basic-1.9.27.jar
2026-07-28 09:32:59,013 [Worker-31: Launching Executing clean in C__Users_user_Desktop_locato_shop-service] INFO  o.eclipse.m2e.core.internal.Bundles - 	Entry: C:\Users\user\Downloads\spring-tools-for-eclipse-5.2.0.RELEASE-e4.40.0-win32.win32.x86_64\sts-5.2.0.RELEASE\plugins\org.eclipse.m2e.maven.runtime_3.9.1600.20260522-0510\jars\maven-resolver-impl-1.9.27.jar
2026-07-28 09:32:59,013 [Worker-31: Launching Executing clean in C__Users_user_Desktop_locato_shop-service] INFO  o.eclipse.m2e.core.internal.Bundles - 	Entry: C:\Users\user\Downloads\spring-tools-for-eclipse-5.2.0.RELEASE-e4.40.0-win32.win32.x86_64\sts-5.2.0.RELEASE\plugins\org.eclipse.m2e.maven.runtime_3.9.1600.20260522-0510\jars\maven-resolver-named-locks-1.9.27.jar
2026-07-28 09:32:59,014 [Worker-31: Launching Executing clean in C__Users_user_Desktop_locato_shop-service] INFO  o.eclipse.m2e.core.internal.Bundles - 	Entry: C:\Users\user\Downloads\spring-tools-for-eclipse-5.2.0.RELEASE-e4.40.0-win32.win32.x86_64\sts-5.2.0.RELEASE\plugins\org.eclipse.m2e.maven.runtime_3.9.1600.20260522-0510\jars\maven-resolver-provider-3.9.16.jar
2026-07-28 09:32:59,014 [Worker-31: Launching Executing clean in C__Users_user_Desktop_locato_shop-service] INFO  o.eclipse.m2e.core.internal.Bundles - 	Entry: C:\Users\user\Downloads\spring-tools-for-eclipse-5.2.0.RELEASE-e4.40.0-win32.win32.x86_64\sts-5.2.0.RELEASE\plugins\org.eclipse.m2e.maven.runtime_3.9.1600.20260522-0510\jars\maven-resolver-spi-1.9.27.jar
2026-07-28 09:32:59,014 [Worker-31: Launching Executing clean in C__Users_user_Desktop_locato_shop-service] INFO  o.eclipse.m2e.core.internal.Bundles - 	Entry: C:\Users\user\Downloads\spring-tools-for-eclipse-5.2.0.RELEASE-e4.40.0-win32.win32.x86_64\sts-5.2.0.RELEASE\plugins\org.eclipse.m2e.maven.runtime_3.9.1600.20260522-0510\jars\maven-resolver-transport-file-1.9.27.jar
2026-07-28 09:32:59,014 [Worker-31: Launching Executing clean in C__Users_user_Desktop_locato_shop-service] INFO  o.eclipse.m2e.core.internal.Bundles - 	Entry: C:\Users\user\Downloads\spring-tools-for-eclipse-5.2.0.RELEASE-e4.40.0-win32.win32.x86_64\sts-5.2.0.RELEASE\plugins\org.eclipse.m2e.maven.runtime_3.9.1600.20260522-0510\jars\maven-resolver-transport-http-1.9.27.jar
2026-07-28 09:32:59,015 [Worker-31: Launching Executing clean in C__Users_user_Desktop_locato_shop-service] INFO  o.eclipse.m2e.core.internal.Bundles - 	Entry: C:\Users\user\Downloads\spring-tools-for-eclipse-5.2.0.RELEASE-e4.40.0-win32.win32.x86_64\sts-5.2.0.RELEASE\plugins\org.eclipse.m2e.maven.runtime_3.9.1600.20260522-0510\jars\maven-resolver-transport-wagon-1.9.27.jar
2026-07-28 09:32:59,015 [Worker-31: Launching Executing clean in C__Users_user_Desktop_locato_shop-service] INFO  o.eclipse.m2e.core.internal.Bundles - 	Entry: C:\Users\user\Downloads\spring-tools-for-eclipse-5.2.0.RELEASE-e4.40.0-win32.win32.x86_64\sts-5.2.0.RELEASE\plugins\org.eclipse.m2e.maven.runtime_3.9.1600.20260522-0510\jars\maven-resolver-util-1.9.27.jar
2026-07-28 09:32:59,015 [Worker-31: Launching Executing clean in C__Users_user_Desktop_locato_shop-service] INFO  o.eclipse.m2e.core.internal.Bundles - 	Entry: C:\Users\user\Downloads\spring-tools-for-eclipse-5.2.0.RELEASE-e4.40.0-win32.win32.x86_64\sts-5.2.0.RELEASE\plugins\org.eclipse.m2e.maven.runtime_3.9.1600.20260522-0510\jars\maven-settings-3.9.16.jar
2026-07-28 09:32:59,015 [Worker-31: Launching Executing clean in C__Users_user_Desktop_locato_shop-service] INFO  o.eclipse.m2e.core.internal.Bundles - 	Entry: C:\Users\user\Downloads\spring-tools-for-eclipse-5.2.0.RELEASE-e4.40.0-win32.win32.x86_64\sts-5.2.0.RELEASE\plugins\org.eclipse.m2e.maven.runtime_3.9.1600.20260522-0510\jars\maven-settings-builder-3.9.16.jar
2026-07-28 09:32:59,015 [Worker-31: Launching Executing clean in C__Users_user_Desktop_locato_shop-service] INFO  o.eclipse.m2e.core.internal.Bundles - 	Entry: C:\Users\user\Downloads\spring-tools-for-eclipse-5.2.0.RELEASE-e4.40.0-win32.win32.x86_64\sts-5.2.0.RELEASE\plugins\org.eclipse.m2e.maven.runtime_3.9.1600.20260522-0510\jars\maven-shared-utils-3.4.2.jar
2026-07-28 09:32:59,016 [Worker-31: Launching Executing clean in C__Users_user_Desktop_locato_shop-service] INFO  o.eclipse.m2e.core.internal.Bundles - 	Entry: C:\Users\user\Downloads\spring-tools-for-eclipse-5.2.0.RELEASE-e4.40.0-win32.win32.x86_64\sts-5.2.0.RELEASE\plugins\org.eclipse.m2e.maven.runtime_3.9.1600.20260522-0510\jars\org.eclipse.sisu.inject-1.0.0.jar
2026-07-28 09:32:59,016 [Worker-31: Launching Executing clean in C__Users_user_Desktop_locato_shop-service] INFO  o.eclipse.m2e.core.internal.Bundles - 	Entry: C:\Users\user\Downloads\spring-tools-for-eclipse-5.2.0.RELEASE-e4.40.0-win32.win32.x86_64\sts-5.2.0.RELEASE\plugins\org.eclipse.m2e.maven.runtime_3.9.1600.20260522-0510\jars\org.eclipse.sisu.plexus-1.0.0.jar
2026-07-28 09:32:59,016 [Worker-31: Launching Executing clean in C__Users_user_Desktop_locato_shop-service] INFO  o.eclipse.m2e.core.internal.Bundles - 	Entry: C:\Users\user\Downloads\spring-tools-for-eclipse-5.2.0.RELEASE-e4.40.0-win32.win32.x86_64\sts-5.2.0.RELEASE\plugins\org.eclipse.m2e.maven.runtime_3.9.1600.20260522-0510\jars\plexus-build-api-0.0.7.jar
2026-07-28 09:32:59,016 [Worker-31: Launching Executing clean in C__Users_user_Desktop_locato_shop-service] INFO  o.eclipse.m2e.core.internal.Bundles - 	Entry: C:\Users\user\Downloads\spring-tools-for-eclipse-5.2.0.RELEASE-e4.40.0-win32.win32.x86_64\sts-5.2.0.RELEASE\plugins\org.eclipse.m2e.maven.runtime_3.9.1600.20260522-0510\jars\plexus-build-api-1.2.0.jar
2026-07-28 09:32:59,016 [Worker-31: Launching Executing clean in C__Users_user_Desktop_locato_shop-service] INFO  o.eclipse.m2e.core.internal.Bundles - 	Entry: C:\Users\user\Downloads\spring-tools-for-eclipse-5.2.0.RELEASE-e4.40.0-win32.win32.x86_64\sts-5.2.0.RELEASE\plugins\org.eclipse.m2e.maven.runtime_3.9.1600.20260522-0510\jars\plexus-cipher-2.0.jar
2026-07-28 09:32:59,017 [Worker-31: Launching Executing clean in C__Users_user_Desktop_locato_shop-service] INFO  o.eclipse.m2e.core.internal.Bundles - 	Entry: C:\Users\user\Downloads\spring-tools-for-eclipse-5.2.0.RELEASE-e4.40.0-win32.win32.x86_64\sts-5.2.0.RELEASE\plugins\org.eclipse.m2e.maven.runtime_3.9.1600.20260522-0510\jars\plexus-classworlds-2.11.0.jar
2026-07-28 09:32:59,017 [Worker-31: Launching Executing clean in C__Users_user_Desktop_locato_shop-service] INFO  o.eclipse.m2e.core.internal.Bundles - 	Entry: C:\Users\user\Downloads\spring-tools-for-eclipse-5.2.0.RELEASE-e4.40.0-win32.win32.x86_64\sts-5.2.0.RELEASE\plugins\org.eclipse.m2e.maven.runtime_3.9.1600.20260522-0510\jars\plexus-component-annotations-2.2.0.jar
2026-07-28 09:32:59,017 [Worker-31: Launching Executing clean in C__Users_user_Desktop_locato_shop-service] INFO  o.eclipse.m2e.core.internal.Bundles - 	Entry: C:\Users\user\Downloads\spring-tools-for-eclipse-5.2.0.RELEASE-e4.40.0-win32.win32.x86_64\sts-5.2.0.RELEASE\plugins\org.eclipse.m2e.maven.runtime_3.9.1600.20260522-0510\jars\plexus-interpolation-1.29.jar
2026-07-28 09:32:59,017 [Worker-31: Launching Executing clean in C__Users_user_Desktop_locato_shop-service] INFO  o.eclipse.m2e.core.internal.Bundles - 	Entry: C:\Users\user\Downloads\spring-tools-for-eclipse-5.2.0.RELEASE-e4.40.0-win32.win32.x86_64\sts-5.2.0.RELEASE\plugins\org.eclipse.m2e.maven.runtime_3.9.1600.20260522-0510\jars\plexus-sec-dispatcher-2.0.jar
2026-07-28 09:32:59,017 [Worker-31: Launching Executing clean in C__Users_user_Desktop_locato_shop-service] INFO  o.eclipse.m2e.core.internal.Bundles - 	Entry: C:\Users\user\Downloads\spring-tools-for-eclipse-5.2.0.RELEASE-e4.40.0-win32.win32.x86_64\sts-5.2.0.RELEASE\plugins\org.eclipse.m2e.maven.runtime_3.9.1600.20260522-0510\jars\plexus-utils-3.6.1.jar
2026-07-28 09:32:59,017 [Worker-31: Launching Executing clean in C__Users_user_Desktop_locato_shop-service] INFO  o.eclipse.m2e.core.internal.Bundles - 	Entry: C:\Users\user\Downloads\spring-tools-for-eclipse-5.2.0.RELEASE-e4.40.0-win32.win32.x86_64\sts-5.2.0.RELEASE\plugins\org.eclipse.m2e.maven.runtime_3.9.1600.20260522-0510\jars\wagon-file-3.5.3.jar
2026-07-28 09:32:59,018 [Worker-31: Launching Executing clean in C__Users_user_Desktop_locato_shop-service] INFO  o.eclipse.m2e.core.internal.Bundles - 	Entry: C:\Users\user\Downloads\spring-tools-for-eclipse-5.2.0.RELEASE-e4.40.0-win32.win32.x86_64\sts-5.2.0.RELEASE\plugins\org.eclipse.m2e.maven.runtime_3.9.1600.20260522-0510\jars\wagon-http-3.5.3.jar
2026-07-28 09:32:59,018 [Worker-31: Launching Executing clean in C__Users_user_Desktop_locato_shop-service] INFO  o.eclipse.m2e.core.internal.Bundles - 	Entry: C:\Users\user\Downloads\spring-tools-for-eclipse-5.2.0.RELEASE-e4.40.0-win32.win32.x86_64\sts-5.2.0.RELEASE\plugins\org.eclipse.m2e.maven.runtime_3.9.1600.20260522-0510\jars\wagon-http-shared-3.5.3.jar
2026-07-28 09:32:59,018 [Worker-31: Launching Executing clean in C__Users_user_Desktop_locato_shop-service] INFO  o.eclipse.m2e.core.internal.Bundles - 	Entry: C:\Users\user\Downloads\spring-tools-for-eclipse-5.2.0.RELEASE-e4.40.0-win32.win32.x86_64\sts-5.2.0.RELEASE\plugins\org.eclipse.m2e.maven.runtime_3.9.1600.20260522-0510\jars\wagon-provider-api-3.5.3.jar
2026-07-28 09:32:59,018 [Worker-31: Launching Executing clean in C__Users_user_Desktop_locato_shop-service] INFO  o.eclipse.m2e.core.internal.Bundles - getClasspathEntries(Bundle=com.google.guava_33.6.0.jre [24])
2026-07-28 09:32:59,019 [Worker-31: Launching Executing clean in C__Users_user_Desktop_locato_shop-service] INFO  o.eclipse.m2e.core.internal.Bundles - 	Entry: C:\Users\user\Downloads\spring-tools-for-eclipse-5.2.0.RELEASE-e4.40.0-win32.win32.x86_64\sts-5.2.0.RELEASE\plugins\com.google.guava_33.6.0.jre.jar
2026-07-28 09:32:59,020 [Worker-31: Launching Executing clean in C__Users_user_Desktop_locato_shop-service] INFO  o.eclipse.m2e.core.internal.Bundles - getClasspathEntries(Bundle=slf4j.api_2.0.18 [613])
2026-07-28 09:32:59,020 [Worker-31: Launching Executing clean in C__Users_user_Desktop_locato_shop-service] INFO  o.eclipse.m2e.core.internal.Bundles - 	Entry: C:\Users\user\Downloads\spring-tools-for-eclipse-5.2.0.RELEASE-e4.40.0-win32.win32.x86_64\sts-5.2.0.RELEASE\plugins\slf4j.api_2.0.18.jar
2026-07-28 09:32:59,020 [Worker-31: Launching Executing clean in C__Users_user_Desktop_locato_shop-service] INFO  o.eclipse.m2e.core.internal.Bundles - getClasspathEntries(Bundle=jakarta.inject.jakarta.inject-api_1.0.5 [39])
2026-07-28 09:32:59,021 [Worker-31: Launching Executing clean in C__Users_user_Desktop_locato_shop-service] INFO  o.eclipse.m2e.core.internal.Bundles - 	Entry: C:\Users\user\Downloads\spring-tools-for-eclipse-5.2.0.RELEASE-e4.40.0-win32.win32.x86_64\sts-5.2.0.RELEASE\plugins\jakarta.inject.jakarta.inject-api_1.0.5.jar
2026-07-28 09:32:59,021 [Worker-31: Launching Executing clean in C__Users_user_Desktop_locato_shop-service] INFO  o.eclipse.m2e.core.internal.Bundles - getClasspathEntries(Bundle=jakarta.annotation-api_1.3.5 [36])
2026-07-28 09:32:59,022 [Worker-31: Launching Executing clean in C__Users_user_Desktop_locato_shop-service] INFO  o.eclipse.m2e.core.internal.Bundles - 	Entry: C:\Users\user\Downloads\spring-tools-for-eclipse-5.2.0.RELEASE-e4.40.0-win32.win32.x86_64\sts-5.2.0.RELEASE\plugins\jakarta.annotation-api_1.3.5.jar
2026-07-28 09:32:59,022 [Worker-31: Launching Executing clean in C__Users_user_Desktop_locato_shop-service] INFO  o.eclipse.m2e.core.internal.Bundles - getClasspathEntries(Bundle=org.apache.commons.cli_1.11.0 [78])
2026-07-28 09:32:59,023 [Worker-31: Launching Executing clean in C__Users_user_Desktop_locato_shop-service] INFO  o.eclipse.m2e.core.internal.Bundles - 	Entry: C:\Users\user\Downloads\spring-tools-for-eclipse-5.2.0.RELEASE-e4.40.0-win32.win32.x86_64\sts-5.2.0.RELEASE\plugins\org.apache.commons.cli_1.11.0.jar
2026-07-28 09:32:59,023 [Worker-31: Launching Executing clean in C__Users_user_Desktop_locato_shop-service] INFO  o.eclipse.m2e.core.internal.Bundles - getClasspathEntries(Bundle=org.apache.commons.commons-codec_1.22.0 [80])
2026-07-28 09:32:59,023 [Worker-31: Launching Executing clean in C__Users_user_Desktop_locato_shop-service] INFO  o.eclipse.m2e.core.internal.Bundles - 	Entry: C:\Users\user\Downloads\spring-tools-for-eclipse-5.2.0.RELEASE-e4.40.0-win32.win32.x86_64\sts-5.2.0.RELEASE\plugins\org.apache.commons.commons-codec_1.22.0.jar
2026-07-28 09:32:59,023 [Worker-31: Launching Executing clean in C__Users_user_Desktop_locato_shop-service] INFO  o.eclipse.m2e.core.internal.Bundles - getClasspathEntries(Bundle=com.google.guava.failureaccess_1.0.3 [25])
2026-07-28 09:32:59,024 [Worker-31: Launching Executing clean in C__Users_user_Desktop_locato_shop-service] INFO  o.eclipse.m2e.core.internal.Bundles - 	Entry: C:\Users\user\Downloads\spring-tools-for-eclipse-5.2.0.RELEASE-e4.40.0-win32.win32.x86_64\sts-5.2.0.RELEASE\plugins\com.google.guava.failureaccess_1.0.3.jar
2026-07-28 09:32:59,026 [Worker-31: Launching Executing clean in C__Users_user_Desktop_locato_shop-service] INFO  o.e.m.i.launch.MavenLaunchDelegate - Run build in "C:\Users\user\Desktop\locato\shop-service":
2026-07-28 09:32:59,026 [Worker-31: Launching Executing clean in C__Users_user_Desktop_locato_shop-service] INFO  o.e.m.i.launch.MavenLaunchDelegate -  mvn  -B -Dstyle.color=always clean
2026-07-28 10:46:42,373 [Worker-56: Check for devtools] INFO  o.e.m.c.i.p.WorkspaceClassifierResolverManager - Resolving P/Locato-constants: com.locato:locato-constants:1.0.0 with classifier  to /Locato-constants/target/classes
2026-07-30 10:02:45,999 [Worker-0: Loading available Gradle versions] INFO  o.e.b.c.i.u.g.PublishedGradleVersions - Gradle version information cache is out-of-date. Trying to update.
2026-07-31 05:07:09,324 [Worker-0: Loading available Gradle versions] INFO  o.e.b.c.i.u.g.PublishedGradleVersions - Gradle version information cache is up-to-date. Trying to read.
2026-08-02 09:07:45,933 [Worker-1: Loading available Gradle versions] INFO  o.e.b.c.i.u.g.PublishedGradleVersions - Gradle version information cache is out-of-date. Trying to update.
